{"type":"FeatureCollection","features":[{"type":"Feature","id":"NG001","properties":{"admin1Pcod":"NG001","admin1Name":"Abia","admin1RefN":"Abia","admin0Pcod":"NG","admin0Name":"Nigeria"},"geometry":{"type":"MultiPolygon","coordinates":[[[[7.38681,6.03667],[7.38729,6.03605],[7.38886,6.0362],[7.39255,6.03548],[7.39697,6.03439],[7.40067,6.03108],[7.40142,6.02813],[7.40117,6.01709],[7.40442,6.0124],[7.41584,6.00622],[7.43059,6.00622],[7.43115,6.00642],[7.43135,6.00833],[7.43319,6.00981],[7.43716,6.00861],[7.45153,6.01383],[7.46153,6.01478],[7.4758,6.0124],[7.49389,6.01669],[7.51054,6.02145],[7.52006,6.02002],[7.5307,6.0128],[7.53656,6.00811],[7.5423,6.00085],[7.54719,5.99494],[7.55337,5.98147],[7.55293,5.96634],[7.54611,5.96414],[7.5406,5.95932],[7.54026,5.95415],[7.54251,5.94419],[7.54755,5.93335],[7.53957,5.90723],[7.51866,5.90804],[7.49758,5.90766],[7.49811,5.90082],[7.50036,5.8916],[7.52028,5.88393],[7.52619,5.8799],[7.52732,5.87326],[7.52697,5.86883],[7.52477,5.86512],[7.52258,5.86142],[7.52259,5.8581],[7.52705,5.84778],[7.5315,5.84079],[7.53299,5.83784],[7.5352,5.83674],[7.53961,5.83787],[7.54439,5.84047],[7.55194,5.84346],[7.55249,5.84348],[7.5667,5.84394],[7.57098,5.84108],[7.58478,5.83728],[7.59551,5.83439],[7.60592,5.83407],[7.61291,5.83483],[7.62249,5.8345],[7.62617,5.83414],[7.63097,5.83232],[7.65003,5.82448],[7.65712,5.82395],[7.68395,5.82235],[7.70423,5.81919],[7.71308,5.818],[7.72898,5.81586],[7.75658,5.81301],[7.76419,5.81396],[7.78037,5.80682],[7.78632,5.80492],[7.79298,5.79159],[7.79394,5.77731],[7.79679,5.76161],[7.80393,5.74495],[7.81535,5.73591],[7.82059,5.72782],[7.83058,5.72306],[7.84057,5.71069],[7.86199,5.69736],[7.87055,5.69356],[7.88626,5.68785],[7.8901,5.6848],[7.89329,5.68227],[7.89702,5.67711],[7.90162,5.67024],[7.90621,5.66566],[7.9108,5.66108],[7.91539,5.65536],[7.9177,5.64962],[7.91659,5.64272],[7.91434,5.63581],[7.91436,5.63006],[7.91437,5.62777],[7.91327,5.61857],[7.91329,5.61512],[7.91221,5.60953],[7.90637,5.60364],[7.9027,5.60105],[7.90197,5.59735],[7.90999,5.58813],[7.90999,5.58752],[7.90775,5.57831],[7.90609,5.57064],[7.90458,5.56868],[7.90598,5.56477],[7.90669,5.55992],[7.90673,5.55187],[7.90791,5.54268],[7.90794,5.53578],[7.91486,5.52087],[7.92062,5.5094],[7.92178,5.50481],[7.92409,5.49907],[7.92641,5.49219],[7.92872,5.48645],[7.93104,5.47727],[7.9345,5.46924],[7.93911,5.46121],[7.94369,5.45664],[7.94714,5.45205],[7.95058,5.44747],[7.95404,5.44174],[7.95634,5.43715],[7.95865,5.43142],[7.95982,5.42568],[7.96442,5.4165],[7.96903,5.40733],[7.97249,5.3993],[7.97366,5.39356],[7.97825,5.38898],[7.98056,5.38324],[7.98401,5.37636],[7.98632,5.37063],[7.98634,5.36718],[7.9875,5.36259],[7.98637,5.36028],[7.98524,5.35798],[7.98297,5.35567],[7.97726,5.35449],[7.9727,5.35447],[7.96813,5.3556],[7.96242,5.35557],[7.95785,5.3567],[7.94986,5.35667],[7.94186,5.35778],[7.93387,5.35774],[7.92016,5.36113],[7.91217,5.36109],[7.90188,5.36334],[7.89045,5.36559],[7.88037,5.3668],[7.87798,5.36705],[7.87611,5.3689],[7.8827,5.382],[7.87833,5.38539],[7.875,5.39055],[7.87216,5.40044],[7.87119,5.40234],[7.86827,5.40808],[7.86766,5.41154],[7.86649,5.41442],[7.8653,5.41845],[7.86356,5.42017],[7.86126,5.4213],[7.85838,5.42186],[7.85608,5.42241],[7.85322,5.42239],[7.85035,5.42237],[7.83832,5.42169],[7.8211,5.42328],[7.80901,5.4278],[7.79861,5.43638],[7.79284,5.43979],[7.78878,5.44438],[7.7876,5.44783],[7.78641,5.45186],[7.78466,5.45473],[7.78406,5.45761],[7.78286,5.4628],[7.7811,5.4674],[7.77992,5.47028],[7.77817,5.47315],[7.77586,5.47544],[7.77412,5.47716],[7.76893,5.48],[7.76546,5.48286],[7.76313,5.4863],[7.7614,5.48802],[7.76023,5.49032],[7.75963,5.49262],[7.76016,5.49724],[7.75955,5.5007],[7.76008,5.50532],[7.7589,5.5082],[7.75716,5.5105],[7.75485,5.51221],[7.75139,5.51449],[7.7485,5.5162],[7.74563,5.51675],[7.74276,5.5173],[7.73415,5.51781],[7.72957,5.5172],[7.72671,5.5166],[7.72329,5.51484],[7.71929,5.51307],[7.717,5.51248],[7.71357,5.51187],[7.71069,5.51243],[7.71123,5.51647],[7.71063,5.51935],[7.70777,5.51875],[7.70491,5.51757],[7.70194,5.51755],[7.69594,5.51828],[7.69403,5.51633],[7.6929,5.51402],[7.69178,5.5117],[7.69124,5.50881],[7.69012,5.50591],[7.6913,5.50188],[7.69305,5.49959],[7.69478,5.49787],[7.69767,5.49558],[7.69999,5.4933],[7.70232,5.48985],[7.70407,5.4864],[7.70468,5.48294],[7.70471,5.47948],[7.70361,5.47486],[7.70365,5.47082],[7.70312,5.46735],[7.70314,5.46446],[7.70317,5.46215],[7.70319,5.45927],[7.70268,5.45349],[7.70157,5.45002],[7.70102,5.44771],[7.6999,5.44482],[7.69994,5.44077],[7.70053,5.43847],[7.70056,5.43558],[7.70003,5.43154],[7.69773,5.4321],[7.69541,5.43439],[7.69311,5.43552],[7.69137,5.43724],[7.68907,5.4378],[7.68563,5.43835],[7.68218,5.43948],[7.67816,5.44002],[7.67585,5.44116],[7.67412,5.4423],[7.67181,5.44401],[7.6695,5.44572],[7.66776,5.44744],[7.66318,5.4474],[7.66031,5.44738],[7.65689,5.44562],[7.65525,5.44422],[7.65347,5.44271],[7.65124,5.44042],[7.64893,5.43805],[7.64666,5.4363],[7.64267,5.43396],[7.64096,5.43222],[7.63926,5.43047],[7.63814,5.42816],[7.63645,5.42526],[7.63477,5.4212],[7.63422,5.41889],[7.63426,5.41427],[7.63428,5.41196],[7.63375,5.4085],[7.6332,5.40561],[7.63209,5.40213],[7.63154,5.39924],[7.63099,5.39693],[7.62987,5.39461],[7.62875,5.39172],[7.62762,5.38998],[7.62649,5.38824],[7.62536,5.3865],[7.62423,5.38476],[7.62368,5.38244],[7.62428,5.38014],[7.62602,5.37842],[7.62832,5.37786],[7.63118,5.37789],[7.63347,5.37848],[7.63689,5.38024],[7.63974,5.382],[7.64164,5.38367],[7.6444,5.3846],[7.65065,5.38499],[7.65581,5.38427],[7.66243,5.3843],[7.66794,5.38469],[7.67162,5.38433],[7.67567,5.38287],[7.67759,5.38122],[7.67761,5.37999],[7.67706,5.37768],[7.67653,5.37306],[7.67599,5.36959],[7.67374,5.36496],[7.67262,5.36206],[7.67094,5.35859],[7.66982,5.35569],[7.66814,5.35164],[7.66759,5.34933],[7.66647,5.34643],[7.66535,5.34411],[7.66365,5.34237],[7.66252,5.34063],[7.66081,5.33946],[7.65855,5.33598],[7.65628,5.33307],[7.65458,5.33133],[7.65232,5.32842],[7.65061,5.32668],[7.64891,5.32493],[7.64548,5.32375],[7.64147,5.32314],[7.63805,5.32196],[7.63461,5.32193],[7.6306,5.32132],[7.62889,5.32016],[7.62547,5.3184],[7.62203,5.31779],[7.61801,5.31834],[7.61571,5.31947],[7.61284,5.32003],[7.60996,5.32058],[7.60764,5.32345],[7.60647,5.32632],[7.60302,5.32687],[7.60132,5.32513],[7.59904,5.32395],[7.59676,5.32163],[7.59506,5.32046],[7.59163,5.3187],[7.58762,5.31867],[7.58302,5.32036],[7.58185,5.32208],[7.57897,5.32321],[7.57552,5.32434],[7.57208,5.32431],[7.56809,5.32197],[7.56638,5.3208],[7.56469,5.3179],[7.56245,5.31269],[7.56076,5.30922],[7.55906,5.30805],[7.55621,5.30629],[7.55162,5.30626],[7.54932,5.30682],[7.54644,5.30852],[7.54356,5.30965],[7.5407,5.30905],[7.53785,5.3073],[7.53502,5.30381],[7.53447,5.30092],[7.53564,5.2992],[7.53853,5.29634],[7.54028,5.29347],[7.54317,5.29118],[7.54549,5.28831],[7.54723,5.2866],[7.54956,5.28315],[7.5513,5.28086],[7.55189,5.27855],[7.55307,5.27568],[7.5531,5.27279],[7.55199,5.26932],[7.54972,5.26642],[7.54803,5.26352],[7.54577,5.26061],[7.5435,5.25829],[7.54237,5.25597],[7.54184,5.25192],[7.54187,5.24846],[7.5419,5.24558],[7.54193,5.24269],[7.54139,5.23922],[7.54141,5.23692],[7.54203,5.23288],[7.54149,5.22941],[7.54152,5.22653],[7.54155,5.22307],[7.54103,5.21787],[7.54051,5.21267],[7.54054,5.20921],[7.54057,5.20632],[7.54003,5.20285],[7.54007,5.19881],[7.53952,5.1965],[7.54012,5.19362],[7.53957,5.19131],[7.53904,5.18726],[7.53342,5.17567],[7.52898,5.16121],[7.52788,5.15601],[7.52905,5.15428],[7.53081,5.15026],[7.53142,5.1468],[7.53259,5.14392],[7.53377,5.14047],[7.53323,5.137],[7.53328,5.13181],[7.53331,5.12892],[7.53393,5.12431],[7.53397,5.12085],[7.53344,5.11565],[7.53406,5.11104],[7.53466,5.10874],[7.53642,5.10529],[7.53817,5.10184],[7.53991,5.09954],[7.54108,5.09782],[7.54283,5.09495],[7.54457,5.09266],[7.54631,5.09036],[7.54691,5.08806],[7.5458,5.08459],[7.54467,5.08227],[7.543,5.07764],[7.54189,5.07416],[7.54133,5.07185],[7.54022,5.06896],[7.53795,5.06605],[7.53568,5.06373],[7.53227,5.06081],[7.52943,5.05848],[7.526,5.0573],[7.52429,5.05613],[7.52029,5.05495],[7.5189,5.05318],[7.5251,5.05047],[7.53102,5.04893],[7.53007,5.04758],[7.52832,5.04492],[7.52895,5.03858],[7.52791,5.03769],[7.52563,5.0371],[7.52272,5.03654],[7.5205,5.03662],[7.51797,5.0373],[7.51545,5.03822],[7.51227,5.0366],[7.50967,5.03451],[7.51193,5.03006],[7.51197,5.02602],[7.50973,5.02139],[7.50861,5.01849],[7.50749,5.01559],[7.50637,5.01328],[7.50466,5.01211],[7.49191,5.00778],[7.49052,5.00618],[7.48914,5.00366],[7.48775,5.0016],[7.48521,4.99817],[7.4836,4.99634],[7.48038,4.99657],[7.47786,4.99794],[7.47464,4.99725],[7.47114,4.99591],[7.46569,4.98677],[7.4678,4.98407],[7.46826,4.98097],[7.46783,4.97832],[7.46258,4.97333],[7.46319,4.97253],[7.46608,4.97024],[7.46955,4.96796],[7.47302,4.96551],[7.47757,4.96553],[7.48021,4.96554],[7.48109,4.96421],[7.48213,4.96093],[7.48395,4.96058],[7.48625,4.9606],[7.48911,4.96062],[7.49142,4.95948],[7.49204,4.95429],[7.49151,4.95083],[7.49155,4.94679],[7.4908,4.94557],[7.4899,4.94435],[7.4894,4.94288],[7.48898,4.94066],[7.48817,4.93983],[7.48704,4.93809],[7.4842,4.93576],[7.48249,4.93459],[7.48079,4.93285],[7.47872,4.91954],[7.47809,4.91551],[7.47713,4.90876],[7.48089,4.90626],[7.48575,4.90319],[7.48753,4.89788],[7.48712,4.8908],[7.48071,4.88269],[7.48189,4.87976],[7.48421,4.87689],[7.48538,4.87459],[7.48655,4.87287],[7.48772,4.87057],[7.48889,4.86827],[7.49006,4.86597],[7.49122,4.86425],[7.49353,4.86254],[7.49584,4.86083],[7.49872,4.85912],[7.49934,4.85508],[7.4988,4.85162],[7.49767,4.84987],[7.49714,4.84583],[7.49889,4.84238],[7.50064,4.83951],[7.50067,4.83663],[7.50069,4.83432],[7.49956,4.83258],[7.49786,4.83083],[7.49673,4.82909],[7.49445,4.82792],[7.49332,4.82618],[7.49161,4.82443],[7.48871,4.8218],[7.48728,4.82467],[7.48675,4.82764],[7.47856,4.83304],[7.47438,4.8367],[7.47159,4.84228],[7.46619,4.84541],[7.46036,4.84542],[7.45521,4.84507],[7.44667,4.84541],[7.4365,4.854],[7.42921,4.86245],[7.41636,4.86675],[7.40668,4.86589],[7.39283,4.8618],[7.37351,4.86289],[7.36202,4.86531],[7.36014,4.8666],[7.35241,4.87191],[7.34091,4.87294],[7.33422,4.87331],[7.33079,4.87349],[7.32606,4.87613],[7.31982,4.87962],[7.30779,4.87553],[7.29489,4.87517],[7.28153,4.87388],[7.27139,4.87302],[7.25705,4.86521],[7.24086,4.85695],[7.23074,4.85796],[7.21507,4.85715],[7.20542,4.85863],[7.1912,4.86387],[7.18529,4.87231],[7.17384,4.87939],[7.16465,4.88133],[7.15593,4.88373],[7.14724,4.89033],[7.14375,4.89561],[7.14043,4.90063],[7.14377,4.9132],[7.15032,4.92433],[7.15963,4.93545],[7.16852,4.94475],[7.18139,4.94926],[7.19487,4.95299],[7.19496,4.95539],[7.19358,4.96644],[7.19134,4.97395],[7.18912,4.97836],[7.18513,4.98233],[7.19229,4.98228],[7.207,4.98076],[7.21895,4.97833],[7.23509,4.981],[7.2412,4.99401],[7.24546,5.00749],[7.24832,5.01726],[7.25169,5.03309],[7.25138,5.04941],[7.25289,5.06431],[7.25578,5.07734],[7.25693,5.07969],[7.26422,5.09453],[7.2704,5.10231],[7.27135,5.10351],[7.2787,5.11679],[7.27898,5.11954],[7.2802,5.13155],[7.26863,5.1451],[7.26521,5.1491],[7.2648,5.15211],[7.26599,5.15372],[7.26819,5.15434],[7.27298,5.15657],[7.27796,5.16162],[7.28313,5.16807],[7.28432,5.17089],[7.28345,5.18536],[7.28082,5.19238],[7.27799,5.19678],[7.27498,5.19958],[7.27237,5.20178],[7.26392,5.21561],[7.26459,5.21921],[7.26526,5.22208],[7.26624,5.22611],[7.26631,5.22813],[7.26639,5.23073],[7.26677,5.23361],[7.26685,5.23621],[7.26695,5.23942],[7.26761,5.24211],[7.26977,5.24684],[7.27157,5.24941],[7.27368,5.25283],[7.27607,5.25567],[7.2768,5.26003],[7.27781,5.27291],[7.27871,5.27607],[7.27931,5.27807],[7.28079,5.2815],[7.28227,5.2858],[7.28374,5.28837],[7.28492,5.29124],[7.28669,5.29467],[7.28786,5.29667],[7.28861,5.2983],[7.28735,5.30327],[7.28732,5.3079],[7.28961,5.31255],[7.29204,5.31501],[7.29159,5.3196],[7.29163,5.32276],[7.29166,5.32534],[7.29226,5.32764],[7.29315,5.32993],[7.29433,5.33222],[7.29607,5.33421],[7.29753,5.33621],[7.2987,5.33821],[7.29988,5.3405],[7.30107,5.34365],[7.30167,5.34565],[7.30352,5.34824],[7.30346,5.35167],[7.30435,5.35396],[7.30571,5.35814],[7.30873,5.35996],[7.3119,5.36137],[7.31336,5.36337],[7.31453,5.36566],[7.31571,5.36795],[7.3166,5.37052],[7.31808,5.37396],[7.31927,5.37739],[7.32015,5.3794],[7.32191,5.38254],[7.32222,5.38455],[7.32254,5.38656],[7.32258,5.38971],[7.32262,5.39316],[7.32265,5.39545],[7.32212,5.39919],[7.32157,5.4012],[7.32191,5.40493],[7.3228,5.40751],[7.32398,5.41008],[7.32632,5.41408],[7.3275,5.41609],[7.32868,5.41866],[7.32956,5.42095],[7.33133,5.42438],[7.33337,5.42695],[7.33513,5.43038],[7.3363,5.4321],[7.33804,5.43381],[7.3395,5.43552],[7.34124,5.43723],[7.34356,5.43951],[7.34703,5.44207],[7.34905,5.44292],[7.35135,5.44319],[7.35395,5.44461],[7.35597,5.44631],[7.35744,5.4486],[7.35889,5.45031],[7.36036,5.45289],[7.36125,5.45518],[7.36156,5.45718],[7.36244,5.45919],[7.36363,5.46205],[7.36425,5.46577],[7.36657,5.46834],[7.3686,5.47005],[7.37064,5.47233],[7.37354,5.47518],[7.375,5.47689],[7.37617,5.47918],[7.37765,5.48262],[7.37854,5.48519],[7.37914,5.48749],[7.37976,5.49121],[7.38123,5.49379],[7.38241,5.49636],[7.3836,5.4998],[7.38477,5.50151],[7.38566,5.5038],[7.38713,5.50724],[7.38803,5.51039],[7.39091,5.51123],[7.39264,5.51236],[7.39382,5.51465],[7.39615,5.51779],[7.39819,5.52036],[7.40022,5.52207],[7.40168,5.52407],[7.40285,5.52607],[7.40432,5.52864],[7.40667,5.53322],[7.40727,5.5358],[7.40759,5.53781],[7.4088,5.54268],[7.40853,5.54469],[7.408,5.54756],[7.40831,5.54986],[7.4095,5.55301],[7.41153,5.555],[7.41414,5.55757],[7.41589,5.55956],[7.41736,5.56214],[7.41709,5.56415],[7.41627,5.56731],[7.41517,5.57105],[7.41492,5.57363],[7.41524,5.57593],[7.41727,5.57821],[7.41987,5.57934],[7.42247,5.58105],[7.42279,5.58363],[7.42597,5.58561],[7.42628,5.58791],[7.42662,5.59221],[7.42724,5.59536],[7.42785,5.5988],[7.42846,5.60138],[7.42906,5.60396],[7.43024,5.60625],[7.43229,5.60939],[7.42951,5.61687],[7.42898,5.62032],[7.42846,5.62434],[7.42763,5.62693],[7.42651,5.62866],[7.42568,5.63154],[7.42257,5.63501],[7.42147,5.63817],[7.42063,5.64019],[7.4198,5.6422],[7.41869,5.64536],[7.41758,5.64853],[7.4179,5.65111],[7.41793,5.65341],[7.41768,5.65599],[7.41658,5.65944],[7.41631,5.66145],[7.4152,5.66376],[7.4138,5.66635],[7.41239,5.66894],[7.41099,5.67154],[7.41016,5.67384],[7.4082,5.67701],[7.40508,5.67962],[7.4028,5.68107],[7.4008,5.68194],[7.39825,5.68425],[7.3957,5.68628],[7.39315,5.68859],[7.39144,5.68975],[7.38974,5.69149],[7.3872,5.69466],[7.38579,5.6964],[7.384,5.69883],[7.38298,5.70072],[7.38216,5.7036],[7.38161,5.70561],[7.38513,5.70266],[7.3889,5.70173],[7.39134,5.70193],[7.39284,5.70363],[7.39414,5.70571],[7.39487,5.70809],[7.39684,5.70866],[7.39973,5.71036],[7.4003,5.71271],[7.40039,5.71753],[7.40015,5.72069],[7.39905,5.72472],[7.39795,5.72875],[7.39715,5.73306],[7.39633,5.73651],[7.3961,5.74081],[7.39529,5.74512],[7.39504,5.74742],[7.39479,5.75029],[7.39453,5.75288],[7.39428,5.75575],[7.39463,5.76063],[7.39497,5.76493],[7.39445,5.76895],[7.39363,5.7724],[7.39425,5.77613],[7.394,5.77872],[7.39431,5.78072],[7.39435,5.78417],[7.39356,5.78934],[7.39332,5.79307],[7.39364,5.79594],[7.39339,5.7991],[7.39288,5.80341],[7.39263,5.80685],[7.39237,5.80915],[7.39299,5.8123],[7.39304,5.81661],[7.39279,5.81948],[7.39227,5.82322],[7.39174,5.82666],[7.39265,5.83096],[7.3924,5.83384],[7.39185,5.83613],[7.39131,5.83844],[7.39105,5.84045],[7.38996,5.84533],[7.38942,5.84792],[7.38831,5.8508],[7.38721,5.85425],[7.38669,5.85827],[7.38643,5.86086],[7.38646,5.86315],[7.38679,5.86631],[7.3871,5.86831],[7.38742,5.87061],[7.38831,5.87347],[7.38862,5.87548],[7.38945,5.8791],[7.38956,5.8815],[7.39103,5.88436],[7.39135,5.88666],[7.39254,5.89009],[7.39371,5.89209],[7.39488,5.89409],[7.39608,5.89868],[7.3964,5.90068],[7.39644,5.90442],[7.39591,5.90758],[7.39422,5.91017],[7.39195,5.91191],[7.38795,5.9128],[7.38506,5.91081],[7.38246,5.90939],[7.38044,5.90826],[7.37842,5.90712],[7.37668,5.90599],[7.3738,5.90515],[7.37122,5.90459],[7.3692,5.90403],[7.36719,5.90347],[7.36289,5.90379],[7.3589,5.90525],[7.35576,5.90642],[7.35347,5.90672],[7.35003,5.90703],[7.34573,5.90706],[7.34345,5.90794],[7.34089,5.90968],[7.3386,5.91027],[7.33518,5.91144],[7.33117,5.91175],[7.32802,5.91235],[7.32487,5.91266],[7.32287,5.91267],[7.32,5.91298],[7.318,5.91328],[7.31542,5.91358],[7.31228,5.91418],[7.3097,5.91449],[7.3077,5.91507],[7.30541,5.91538],[7.30284,5.91597],[7.30026,5.91627],[7.29596,5.9163],[7.29339,5.91661],[7.29024,5.9172],[7.28795,5.91779],[7.28452,5.91839],[7.2832,5.91899],[7.26945,5.91995],[7.26676,5.92228],[7.26607,5.92765],[7.26575,5.93081],[7.26463,5.9323],[7.26322,5.93432],[7.26267,5.93634],[7.26098,5.93893],[7.25642,5.95054],[7.25451,5.96529],[7.25927,5.97766],[7.26403,5.99147],[7.2726,5.99765],[7.28307,5.9986],[7.30163,5.99813],[7.31828,5.9986],[7.32256,6.00384],[7.33303,6.03144],[7.33827,6.0362],[7.33906,6.04215],[7.36159,6.04048],[7.37634,6.04001],[7.38479,6.03732],[7.38681,6.03667]]]]}},{"type":"Feature","id":"NG002","properties":{"admin1Pcod":"NG002","admin1Name":"Adamawa","admin1RefN":"Adamawa","admin0Pcod":"NG","admin0Name":"Nigeria"},"geometry":{"type":"MultiPolygon","coordinates":[[[[13.62129,10.94823],[13.62592,10.94822],[13.62592,10.94822],[13.62677,10.94801],[13.63054,10.94707],[13.64095,10.9459],[13.64808,10.94589],[13.65137,10.94588],[13.65831,10.94472],[13.65954,10.94471],[13.6641,10.9447],[13.66988,10.94469],[13.66988,10.94469],[13.67603,10.94468],[13.6884,10.94465],[13.69222,10.94558],[13.69096,10.93485],[13.6901,10.91979],[13.68967,10.9043],[13.68924,10.89311],[13.68322,10.87891],[13.67891,10.87246],[13.67547,10.86342],[13.6716,10.85439],[13.66514,10.84363],[13.66084,10.83675],[13.65396,10.83029],[13.65052,10.82943],[13.64406,10.8247],[13.63976,10.81868],[13.63632,10.81179],[13.63331,10.80577],[13.63029,10.80448],[13.62771,10.79759],[13.61997,10.78468],[13.6148,10.7778],[13.61093,10.77436],[13.60749,10.76231],[13.60577,10.75198],[13.60211,10.73348],[13.59738,10.71498],[13.59178,10.70164],[13.58834,10.69304],[13.57888,10.68271],[13.55994,10.66679],[13.54962,10.65862],[13.54532,10.65259],[13.54246,10.64592],[13.54247,10.64579],[13.54272,10.64188],[13.54417,10.63616],[13.54353,10.63346],[13.53953,10.6293],[13.53399,10.61511],[13.53241,10.60828],[13.52983,10.59838],[13.53069,10.58461],[13.53434,10.57127],[13.53477,10.55492],[13.53908,10.53986],[13.54166,10.53126],[13.54768,10.52566],[13.55069,10.52222],[13.55517,10.50879],[13.55492,10.50734],[13.55465,10.50355],[13.55431,10.50003],[13.55289,10.49374],[13.5498,10.4835],[13.54972,10.48349],[13.54671,10.47574],[13.54393,10.47217],[13.53966,10.47042],[13.532,10.4645],[13.52831,10.46034],[13.52462,10.45509],[13.52187,10.44133],[13.52058,10.43273],[13.52015,10.42326],[13.52126,10.41548],[13.52187,10.41121],[13.52316,10.39874],[13.52316,10.39078],[13.52101,10.38583],[13.51412,10.37679],[13.5124,10.37421],[13.50939,10.36819],[13.50767,10.36087],[13.50724,10.3527],[13.50724,10.34194],[13.51025,10.33377],[13.51111,10.32215],[13.50939,10.30967],[13.50509,10.29461],[13.50164,10.28299],[13.50124,10.28242],[13.49379,10.25588],[13.49196,10.24193],[13.48586,10.21817],[13.48335,10.21656],[13.47588,10.21665],[13.47085,10.2126],[13.4697,10.20933],[13.46741,10.20278],[13.46564,10.19458],[13.46188,10.19033],[13.46163,10.1892],[13.46144,10.18902],[13.46142,10.18888],[13.45381,10.17746],[13.44786,10.16603],[13.44449,10.16196],[13.44029,10.15708],[13.43352,10.14647],[13.42923,10.13502],[13.42915,10.12844],[13.42826,10.12352],[13.41825,10.11953],[13.40656,10.11392],[13.39574,10.11076],[13.38083,10.1134],[13.36754,10.11191],[13.36004,10.10954],[13.35174,10.10964],[13.33682,10.11063],[13.32852,10.11073],[13.32265,10.10505],[13.32088,10.09602],[13.31256,10.09448],[13.28675,10.0703],[13.28284,10.06138],[13.28022,10.05539],[13.27877,10.05194],[13.27274,10.04592],[13.25897,10.03258],[13.25166,10.02742],[13.24736,10.01365],[13.2475,10.01259],[13.25094,10.00478],[13.25585,9.99897],[13.26162,9.99562],[13.26904,9.99224],[13.27316,9.98973],[13.27886,9.98062],[13.28456,9.97152],[13.28279,9.96249],[13.27764,9.94776],[13.27253,9.93631],[13.26995,9.92812],[13.26325,9.92327],[13.25238,9.91517],[13.2522,9.91522],[13.25209,9.91512],[13.23832,9.90952],[13.23058,9.90006],[13.22541,9.88758],[13.22799,9.87725],[13.2267,9.86994],[13.23058,9.86736],[13.23402,9.85875],[13.23488,9.85015],[13.23746,9.84498],[13.23918,9.84283],[13.24262,9.84197],[13.2508,9.83853],[13.25897,9.83336],[13.26629,9.83423],[13.27102,9.82906],[13.28049,9.82347],[13.28866,9.81787],[13.29426,9.8097],[13.29663,9.80416],[13.2972,9.79667],[13.29186,9.79],[13.28786,9.78299],[13.28352,9.77232],[13.27618,9.76431],[13.26972,9.76025],[13.26484,9.7513],[13.2615,9.73396],[13.26017,9.72561],[13.25911,9.71794],[13.2605,9.7116],[13.2579,9.7065],[13.2545,9.69892],[13.25183,9.68925],[13.2555,9.6749],[13.2545,9.6689],[13.24516,9.66189],[13.23949,9.64922],[13.24349,9.63954],[13.24316,9.6332],[13.23982,9.62653],[13.24182,9.61986],[13.24115,9.61385],[13.24716,9.60418],[13.24482,9.59517],[13.23682,9.58316],[13.23515,9.56882],[13.22948,9.56348],[13.22648,9.5538],[13.22014,9.54246],[13.2158,9.54146],[13.20412,9.54446],[13.20158,9.54187],[13.18945,9.52878],[13.18244,9.52712],[13.17744,9.52311],[13.16351,9.52358],[13.15709,9.52378],[13.15705,9.52377],[13.14824,9.52026],[13.1355,9.51685],[13.12206,9.51611],[13.11305,9.51644],[13.10504,9.51777],[13.10004,9.51611],[13.0897,9.51177],[13.07268,9.51344],[13.05934,9.50943],[13.04733,9.50977],[13.04266,9.50443],[13.03198,9.49809],[13.02131,9.49242],[13.01096,9.48275],[13.00162,9.47474],[12.99195,9.47407],[12.98494,9.47107],[12.97627,9.4704],[12.95725,9.45172],[12.94157,9.44338],[12.93257,9.43404],[12.92756,9.42403],[12.91655,9.41703],[12.89887,9.41002],[12.87252,9.39634],[12.86418,9.39334],[12.8555,9.38433],[12.85684,9.37933],[12.85517,9.37332],[12.85684,9.36331],[12.86184,9.35998],[12.87419,9.35864],[12.88153,9.35998],[12.88586,9.35864],[12.89487,9.35798],[12.90288,9.35231],[12.90354,9.3403],[12.90254,9.33162],[12.90021,9.32028],[12.9019,9.31144],[12.90221,9.30527],[12.90221,9.2996],[12.90121,9.29392],[12.90088,9.28625],[12.90088,9.28158],[12.90054,9.27257],[12.90454,9.26624],[12.90513,9.25765],[12.90508,9.24621],[12.90531,9.24246],[12.90454,9.23888],[12.90454,9.23354],[12.90154,9.22987],[12.89821,9.22654],[12.89387,9.22287],[12.8922,9.21953],[12.89087,9.21119],[12.8902,9.20318],[12.88686,9.19351],[12.88219,9.18717],[12.88219,9.18016],[12.88353,9.17616],[12.88353,9.17049],[12.88086,9.16448],[12.87952,9.15514],[12.87986,9.14814],[12.88319,9.14513],[12.88686,9.14113],[12.88887,9.13679],[12.88853,9.13212],[12.88953,9.12846],[12.89187,9.12345],[12.89187,9.11745],[12.8902,9.11278],[12.8887,9.11028],[12.88864,9.11015],[12.8886,9.11006],[12.88858,9.10999],[12.88857,9.10998],[12.88849,9.10989],[12.8884,9.10977],[12.8862,9.1061],[12.88686,9.09543],[12.88653,9.08642],[12.88319,9.07841],[12.87819,9.06941],[12.87585,9.06607],[12.87385,9.05406],[12.87452,9.05106],[12.87786,9.04305],[12.87819,9.03538],[12.87801,9.03011],[12.87278,9.02089],[12.86812,9.01289],[12.86229,9.00489],[12.85529,8.99347],[12.84945,8.98089],[12.84082,8.96669],[12.83311,8.95434],[12.82835,8.95101],[12.82638,8.94968],[12.82164,8.94735],[12.82047,8.94546],[12.81423,8.93962],[12.8036,8.92919],[12.79901,8.92748],[12.79031,8.91719],[12.79023,8.90118],[12.79571,8.89599],[12.80094,8.89105],[12.80159,8.88549],[12.79686,8.87675],[12.78973,8.8606],[12.78841,8.85236],[12.78944,8.84552],[12.79638,8.83148],[12.79904,8.82929],[12.80067,8.8228],[12.80716,8.80794],[12.80801,8.79726],[12.80871,8.78968],[12.80148,8.77322],[12.79586,8.7664],[12.79029,8.75883],[12.78386,8.75348],[12.77231,8.75453],[12.75762,8.75755],[12.74605,8.75769],[12.73135,8.75348],[12.72241,8.74834],[12.71321,8.73108],[12.71349,8.71882],[12.71454,8.70202],[12.71244,8.68942],[12.69669,8.67576],[12.68934,8.66316],[12.68852,8.65828],[12.67706,8.64277],[12.66783,8.63956],[12.661,8.64197],[12.64575,8.64277],[12.63852,8.63756],[12.62675,8.62786],[12.61404,8.61668],[12.6016,8.60826],[12.58514,8.59621],[12.57511,8.59662],[12.56748,8.60023],[12.55183,8.60504],[12.5416,8.60909],[12.53389,8.61274],[12.52654,8.61274],[12.51708,8.61484],[12.50973,8.61694],[12.48978,8.6222],[12.48137,8.6222],[12.47192,8.61589],[12.46772,8.60644],[12.46914,8.5906],[12.46312,8.58136],[12.4555,8.57574],[12.44867,8.56772],[12.44506,8.56049],[12.44185,8.55327],[12.43904,8.54123],[12.43784,8.53039],[12.43342,8.51594],[12.42901,8.51032],[12.42182,8.50024],[12.41795,8.49524],[12.41359,8.48518],[12.40715,8.48046],[12.40577,8.47794],[12.39678,8.45675],[12.38666,8.45059],[12.37912,8.45066],[12.36407,8.45455],[12.34904,8.46094],[12.3479,8.46236],[12.34186,8.46172],[12.33214,8.46306],[12.32275,8.46675],[12.31236,8.46742],[12.30465,8.46407],[12.28923,8.45368],[12.27918,8.44697],[12.27423,8.44537],[12.26778,8.44329],[12.26141,8.44362],[12.2537,8.44228],[12.247,8.43993],[12.24063,8.43491],[12.2346,8.4215],[12.23091,8.40507],[12.22588,8.37826],[12.22689,8.36753],[12.22823,8.35379],[12.23325,8.34172],[12.23828,8.32664],[12.24298,8.31356],[12.24499,8.30384],[12.24561,8.30176],[12.24586,8.29861],[12.25047,8.27152],[12.25299,8.25389],[12.2559,8.23761],[12.25861,8.21659],[12.25861,8.19692],[12.25861,8.17861],[12.25725,8.17183],[12.25309,8.16802],[12.25186,8.16574],[12.24817,8.16373],[12.24583,8.16172],[12.24482,8.15837],[12.24247,8.15368],[12.24247,8.15066],[12.24046,8.14731],[12.23946,8.14429],[12.23577,8.13993],[12.23007,8.13457],[12.22705,8.12921],[12.22068,8.12284],[12.21901,8.11714],[12.21432,8.11077],[12.21063,8.1044],[12.20929,8.0987],[12.20728,8.09267],[12.20627,8.09032],[12.20694,8.08529],[12.21029,8.0739],[12.21365,8.06317],[12.21499,8.05546],[12.21566,8.04976],[12.21499,8.04541],[12.21432,8.03401],[12.21415,8.02731],[12.21482,8.02328],[12.21996,8.01518],[12.21996,8.00636],[12.22131,7.99754],[12.22063,7.98805],[12.21046,7.97042],[12.203,7.96432],[12.19825,7.95686],[12.1969,7.946],[12.18944,7.93855],[12.17927,7.93041],[12.17248,7.92091],[12.16774,7.90938],[12.16231,7.9026],[12.15485,7.88904],[12.144,7.87751],[12.1162,7.85378],[12.09721,7.83818],[12.08907,7.81851],[12.08297,7.80563],[12.07754,7.80224],[12.06737,7.788],[12.06737,7.77986],[12.06466,7.77375],[12.06059,7.76901],[12.06059,7.75883],[12.0572,7.75002],[12.04703,7.7412],[12.0416,7.72967],[12.03753,7.70729],[12.03753,7.68153],[12.03211,7.66796],[12.02193,7.66186],[12.01922,7.65169],[12.02058,7.64491],[12.02397,7.62931],[12.02465,7.611],[12.026,7.58251],[12.02804,7.55878],[12.03211,7.53504],[12.03685,7.52962],[12.03957,7.52284],[12.01244,7.5086],[12.00769,7.5086],[11.99752,7.50249],[11.98871,7.49775],[11.98522,7.49882],[11.97446,7.4991],[11.95615,7.493],[11.94123,7.47672],[11.92496,7.45367],[11.90326,7.43332],[11.89241,7.41908],[11.88902,7.41637],[11.86799,7.39467],[11.85399,7.37867],[11.85017,7.38707],[11.84444,7.39852],[11.83179,7.41686],[11.82258,7.42718],[11.81682,7.43406],[11.80992,7.44208],[11.80475,7.4468],[11.80174,7.44954],[11.79609,7.4547],[11.79149,7.46272],[11.78574,7.47074],[11.77653,7.48106],[11.77194,7.48794],[11.76742,7.51312],[11.7663,7.52113],[11.76518,7.528],[11.76292,7.54059],[11.76295,7.54745],[11.76417,7.56004],[11.76537,7.56919],[11.76655,7.5749],[11.76843,7.57962],[11.76782,7.58257],[11.76808,7.59118],[11.76823,7.59635],[11.76829,7.5984],[11.76652,7.60314],[11.76628,7.61272],[11.76611,7.61492],[11.76911,7.62753],[11.77269,7.65155],[11.7716,7.66528],[11.76936,7.68245],[11.76479,7.6939],[11.75798,7.72481],[11.75455,7.73168],[11.74766,7.74428],[11.73959,7.75231],[11.73499,7.75804],[11.71423,7.77411],[11.71193,7.77755],[11.70387,7.78557],[11.68771,7.79591],[11.68312,7.80278],[11.67968,7.8108],[11.67624,7.81882],[11.67166,7.82798],[11.6567,7.84747],[11.65097,7.85892],[11.64637,7.8658],[11.636,7.87612],[11.62446,7.88415],[11.61176,7.8899],[11.60137,7.89565],[11.59559,7.89795],[11.57827,7.906],[11.57017,7.90602],[11.56322,7.90603],[11.55559,7.90379],[11.55155,7.90333],[11.54997,7.90186],[11.54466,7.89692],[11.54117,7.89235],[11.53883,7.88664],[11.53765,7.88206],[11.53529,7.87292],[11.53294,7.86606],[11.52943,7.85691],[11.52825,7.85234],[11.5259,7.84548],[11.51655,7.8249],[11.51419,7.81576],[11.50721,7.80662],[11.50023,7.79977],[11.49444,7.79864],[11.48981,7.79979],[11.48219,7.81024],[11.48061,7.8124],[11.47253,7.81585],[11.46564,7.82845],[11.46218,7.83189],[11.45758,7.83762],[11.45413,7.84221],[11.44377,7.85368],[11.43802,7.86284],[11.43457,7.86628],[11.42651,7.8766],[11.42077,7.88691],[11.41157,7.89837],[11.40814,7.90753],[11.40354,7.91555],[11.40011,7.92357],[11.39323,7.93846],[11.38288,7.95107],[11.37252,7.96482],[11.36678,7.97399],[11.36563,7.97628],[11.36335,7.98429],[11.35875,7.99117],[11.35645,7.99346],[11.35415,7.9969],[11.35186,8.00263],[11.35075,8.01178],[11.34613,8.01523],[11.34152,8.01867],[11.34154,8.0221],[11.34272,8.02782],[11.34736,8.0301],[11.35082,8.0278],[11.35429,8.02665],[11.35432,8.03237],[11.35201,8.03466],[11.34738,8.03467],[11.34624,8.03696],[11.34626,8.04154],[11.34974,8.04382],[11.35207,8.04725],[11.3544,8.05068],[11.3579,8.05524],[11.36257,8.06439],[11.37186,8.07123],[11.37652,8.07808],[11.38001,8.08265],[11.3835,8.08608],[11.39048,8.09293],[11.40093,8.10091],[11.4079,8.10662],[11.41836,8.11689],[11.4265,8.12374],[11.43348,8.13173],[11.43929,8.13629],[11.44858,8.14428],[11.45672,8.15113],[11.46137,8.15569],[11.46951,8.16368],[11.47764,8.16939],[11.48578,8.17738],[11.49623,8.18651],[11.50437,8.1945],[11.51019,8.20135],[11.51484,8.20592],[11.52299,8.21505],[11.52882,8.22419],[11.53813,8.23561],[11.54628,8.24589],[11.54978,8.2516],[11.55444,8.2596],[11.56145,8.27331],[11.56613,8.28475],[11.57314,8.29731],[11.5778,8.30417],[11.58014,8.30989],[11.58482,8.32017],[11.5895,8.3316],[11.59533,8.34074],[11.59883,8.34646],[11.60117,8.35217],[11.61514,8.3693],[11.61862,8.37273],[11.62211,8.37615],[11.6288,8.38489],[11.63376,8.39329],[11.63729,8.40358],[11.64078,8.40929],[11.64545,8.41729],[11.65123,8.42635],[11.65128,8.42643],[11.65593,8.43099],[11.6629,8.43555],[11.66871,8.44126],[11.67453,8.44811],[11.68381,8.45381],[11.68962,8.45723],[11.69889,8.46064],[11.70932,8.46405],[11.71627,8.46518],[11.72439,8.46859],[11.73019,8.47087],[11.736,8.47658],[11.74879,8.48799],[11.75692,8.49483],[11.76622,8.50397],[11.78016,8.51423],[11.78598,8.52223],[11.79065,8.53137],[11.7964,8.54623],[11.79537,8.54967],[11.79196,8.56226],[11.78968,8.57028],[11.78624,8.57829],[11.77939,8.59776],[11.77942,8.60577],[11.77981,8.60937],[11.78064,8.61721],[11.78298,8.62407],[11.78417,8.62978],[11.78885,8.64121],[11.78946,8.64357],[11.79121,8.65036],[11.79706,8.66408],[11.80986,8.68007],[11.81337,8.68807],[11.81807,8.70293],[11.82625,8.72008],[11.8286,8.72694],[11.83098,8.74066],[11.86136,8.80352],[11.87414,8.81379],[11.87765,8.82179],[11.89164,8.84464],[11.8998,8.85721],[11.90333,8.86979],[11.90338,8.88123],[11.90343,8.89153],[11.90232,8.90182],[11.90008,8.9167],[11.89896,8.92586],[11.89668,8.93387],[11.89327,8.94532],[11.88522,8.95678],[11.88064,8.96824],[11.87605,8.97626],[11.86455,8.9923],[11.85649,9.00262],[11.84841,9.00607],[11.84378,9.00608],[11.83106,9.0084],[11.82528,9.0107],[11.81932,9.01202],[11.80447,9.01532],[11.79985,9.01762],[11.79176,9.01993],[11.78599,9.02337],[11.77675,9.02797],[11.76752,9.03371],[11.7583,9.04289],[11.75253,9.04972],[11.74901,9.05044],[11.74209,9.05186],[11.73518,9.05328],[11.72964,9.06168],[11.72264,9.06482],[11.71564,9.06797],[11.71035,9.07119],[11.70676,9.07449],[11.70481,9.07959],[11.70285,9.08469],[11.70089,9.0898],[11.69893,9.0949],[11.69689,9.10173],[11.69494,9.10683],[11.69631,9.11381],[11.69607,9.11899],[11.69574,9.1259],[11.6954,9.1328],[11.69687,9.13806],[11.69847,9.14384],[11.69979,9.14857],[11.70116,9.15555],[11.70262,9.16081],[11.70188,9.17635],[11.70166,9.18082],[11.69951,9.19008],[11.69909,9.19871],[11.69885,9.20389],[11.70007,9.21005],[11.69629,9.21572],[11.69457,9.21831],[11.69309,9.2201],[11.68741,9.22955],[11.68363,9.23406],[11.68165,9.23643],[11.67923,9.24066],[11.67706,9.24445],[11.67054,9.25311],[11.67016,9.25361],[11.66558,9.26507],[11.6633,9.27308],[11.66081,9.27821],[11.65638,9.2855],[11.65362,9.29009],[11.65074,9.29489],[11.64885,9.29803],[11.64775,9.3054],[11.6404,9.31492],[11.63906,9.31873],[11.63553,9.32243],[11.6295,9.3288],[11.62225,9.33712],[11.61671,9.34553],[11.61305,9.35055],[11.60368,9.36743],[11.60172,9.37253],[11.59626,9.37921],[11.59319,9.3785],[11.58624,9.37852],[11.57699,9.37969],[11.56426,9.38086],[11.55732,9.38088],[11.54924,9.38547],[11.54098,9.39259],[11.53656,9.39809],[11.53453,9.40321],[11.53001,9.40391],[11.52593,9.40782],[11.52097,9.41388],[11.51551,9.42056],[11.51176,9.42731],[11.50631,9.43398],[11.49743,9.44051],[11.49352,9.45071],[11.48985,9.45574],[11.48431,9.46414],[11.47911,9.46563],[11.46998,9.47733],[11.46623,9.48409],[11.4589,9.49414],[11.45515,9.50089],[11.45149,9.50591],[11.4457,9.51949],[11.44187,9.52797],[11.44162,9.53315],[11.43616,9.53983],[11.4296,9.54963],[11.43395,9.55213],[11.44189,9.56043],[11.44286,9.56973],[11.44447,9.57615],[11.44788,9.57913],[11.45294,9.58478],[11.46108,9.59277],[11.46805,9.59847],[11.47384,9.60075],[11.48428,9.60415],[11.49122,9.60414],[11.50166,9.60755],[11.50628,9.60754],[11.51554,9.60752],[11.52732,9.60824],[11.54563,9.60516],[11.56299,9.60512],[11.57109,9.60624],[11.57804,9.60737],[11.58384,9.6085],[11.58847,9.60964],[11.59889,9.60961],[11.60816,9.61302],[11.61512,9.6153],[11.6244,9.621],[11.63253,9.62555],[11.63601,9.62898],[11.64529,9.63239],[11.65457,9.63695],[11.66038,9.64265],[11.66388,9.64837],[11.67202,9.65521],[11.67782,9.65863],[11.68363,9.66319],[11.68826,9.66433],[11.69638,9.66889],[11.69904,9.67181],[11.70086,9.67381],[11.70687,9.67679],[11.71162,9.6801],[11.71652,9.68351],[11.71735,9.68404],[11.73292,9.69008],[11.7504,9.69572],[11.75955,9.6973],[11.7729,9.70625],[11.77401,9.7084],[11.7847,9.72922],[11.80137,9.7365],[11.81148,9.75536],[11.81714,9.76273],[11.82067,9.76471],[11.8234,9.76605],[11.82763,9.76813],[11.83343,9.77155],[11.83575,9.77269],[11.8404,9.77611],[11.84737,9.78296],[11.85086,9.78638],[11.85319,9.78981],[11.85668,9.79323],[11.85785,9.79552],[11.85786,9.79781],[11.85446,9.81383],[11.85333,9.81841],[11.84988,9.82414],[11.84874,9.82758],[11.8407,9.84132],[11.83729,9.85392],[11.83615,9.8585],[11.83617,9.86307],[11.8362,9.8688],[11.83974,9.88366],[11.84324,9.89052],[11.84441,9.8928],[11.84675,9.89738],[11.84792,9.90081],[11.85027,9.90767],[11.85144,9.91109],[11.85262,9.91681],[11.85381,9.92253],[11.85499,9.9271],[11.85395,9.95228],[11.85282,9.95915],[11.85169,9.96601],[11.85059,9.97631],[11.85061,9.98089],[11.85063,9.98547],[11.85299,9.99576],[11.85535,10.00491],[11.85421,10.00834],[11.85192,10.01521],[11.84964,10.02208],[11.84735,10.02666],[11.84506,10.03239],[11.84391,10.03468],[11.84392,10.03697],[11.84394,10.04155],[11.84339,10.04459],[11.84743,10.04497],[11.85322,10.04496],[11.85526,10.0442],[11.85741,10.04487],[11.86132,10.04608],[11.86595,10.04607],[11.87174,10.04492],[11.87293,10.04472],[11.87868,10.04376],[11.88677,10.04145],[11.89139,10.04029],[11.90526,10.03683],[11.9122,10.03453],[11.91573,10.03352],[11.91967,10.0324],[11.92527,10.03234],[11.929,10.0323],[11.93535,10.03223],[11.93881,10.03122],[11.94342,10.02988],[11.95267,10.02757],[11.9591,10.02698],[11.97296,10.03091],[11.97607,10.03054],[11.99924,10.02461],[12.00006,10.02553],[12.00097,10.02657],[12.00377,10.02998],[12.00727,10.03544],[12.00976,10.04296],[12.0112,10.04981],[12.01365,10.05288],[12.0465,10.04781],[12.06622,10.04627],[12.07801,10.04755],[12.09016,10.05156],[12.09678,10.05665],[12.10064,10.06245],[12.1007,10.06965],[12.10115,10.08165],[12.10018,10.08955],[12.10129,10.09777],[12.10481,10.1046],[12.10905,10.11451],[12.13125,10.13954],[12.16769,10.16707],[12.16783,10.16718],[12.16839,10.16791],[12.17093,10.17123],[12.17159,10.17209],[12.17443,10.1758],[12.17599,10.17712],[12.17903,10.17968],[12.17915,10.17982],[12.17922,10.17984],[12.17935,10.17986],[12.18802,10.18689],[12.18813,10.18703],[12.19319,10.19293],[12.19339,10.19313],[12.19452,10.19423],[12.19485,10.19454],[12.19603,10.19497],[12.20924,10.1997],[12.21768,10.2047],[12.22225,10.20727],[12.22407,10.20829],[12.22633,10.20929],[12.23143,10.21005],[12.23146,10.21005],[12.2366,10.21204],[12.23686,10.21218],[12.23804,10.21283],[12.24278,10.21543],[12.24445,10.21691],[12.24505,10.21744],[12.24591,10.21806],[12.24897,10.22025],[12.25137,10.22548],[12.25148,10.22571],[12.25166,10.22604],[12.25523,10.23257],[12.25523,10.23257],[12.25523,10.23258],[12.25835,10.23762],[12.25872,10.23969],[12.25878,10.24005],[12.25939,10.24197],[12.26089,10.24673],[12.26084,10.24712],[12.26083,10.24719],[12.26087,10.24725],[12.26087,10.24725],[12.26157,10.24997],[12.26191,10.25096],[12.26275,10.2534],[12.26394,10.26027],[12.26394,10.26042],[12.26395,10.26309],[12.26513,10.26827],[12.2698,10.27627],[12.27097,10.27856],[12.2758,10.28397],[12.27911,10.28769],[12.28225,10.29128],[12.28226,10.2913],[12.28609,10.29568],[12.28917,10.29971],[12.28918,10.29973],[12.28958,10.30025],[12.29237,10.30408],[12.29299,10.30493],[12.29541,10.30825],[12.30237,10.31166],[12.30825,10.31359],[12.3128,10.31507],[12.31976,10.31563],[12.32903,10.31961],[12.33597,10.3196],[12.34051,10.31959],[12.34407,10.31958],[12.35306,10.31837],[12.35309,10.31837],[12.36142,10.31725],[12.37184,10.31837],[12.37276,10.31826],[12.37527,10.31794],[12.37952,10.3174],[12.37952,10.3174],[12.3811,10.31721],[12.38134,10.3172],[12.38573,10.31719],[12.38906,10.31718],[12.38906,10.31718],[12.38926,10.31718],[12.39048,10.31748],[12.39337,10.31819],[12.39392,10.31822],[12.39607,10.31836],[12.40235,10.31874],[12.40235,10.31874],[12.40426,10.31864],[12.4112,10.31828],[12.42007,10.31729],[12.42008,10.31728],[12.42161,10.31711],[12.42161,10.31711],[12.42392,10.31596],[12.42877,10.31595],[12.43086,10.31595],[12.43549,10.31594],[12.43808,10.3163],[12.43808,10.3163],[12.4436,10.31706],[12.4494,10.31934],[12.45287,10.32047],[12.45879,10.32303],[12.45956,10.32336],[12.45956,10.32336],[12.46217,10.32515],[12.46557,10.32749],[12.46597,10.32763],[12.46794,10.32835],[12.46943,10.32902],[12.47186,10.33012],[12.47608,10.33301],[12.47834,10.33262],[12.47882,10.33254],[12.48335,10.33463],[12.48736,10.33694],[12.48736,10.33694],[12.49346,10.33754],[12.49925,10.33867],[12.50211,10.33988],[12.50737,10.34209],[12.51317,10.34551],[12.51993,10.35049],[12.52115,10.35065],[12.52223,10.35079],[12.52656,10.35464],[12.52656,10.35464],[12.52715,10.35492],[12.53163,10.35699],[12.537,10.35898],[12.53754,10.35918],[12.53944,10.36073],[12.54451,10.36489],[12.54916,10.36831],[12.55496,10.37173],[12.55799,10.37484],[12.55962,10.37651],[12.55963,10.37658],[12.56056,10.38358],[12.56056,10.38359],[12.56081,10.38544],[12.56199,10.38887],[12.56085,10.39345],[12.56207,10.40718],[12.56385,10.41662],[12.5633,10.41986],[12.56242,10.42797],[12.56219,10.4326],[12.56202,10.43607],[12.56206,10.44049],[12.56208,10.44226],[12.56263,10.44892],[12.56459,10.45271],[12.56678,10.45398],[12.56682,10.45419],[12.57768,10.46066],[12.59933,10.46621],[12.59994,10.46633],[12.60602,10.46763],[12.60682,10.46658],[12.61,10.45814],[12.61286,10.45226],[12.61278,10.44862],[12.61618,10.44967],[12.61686,10.44988],[12.61898,10.45053],[12.62594,10.4528],[12.62825,10.45165],[12.63631,10.44248],[12.63976,10.43789],[12.64436,10.4383],[12.65249,10.43901],[12.6525,10.43901],[12.65491,10.44257],[12.65716,10.44586],[12.65871,10.45147],[12.66046,10.45278],[12.66127,10.45476],[12.66225,10.45712],[12.66424,10.45871],[12.66532,10.45958],[12.66614,10.46158],[12.66766,10.46529],[12.67001,10.47215],[12.67133,10.47723],[12.67249,10.48167],[12.67316,10.48349],[12.67368,10.48493],[12.67663,10.48862],[12.67712,10.48923],[12.67936,10.49204],[12.68285,10.49615],[12.68634,10.49957],[12.68986,10.50872],[12.69219,10.51215],[12.69351,10.51473],[12.69452,10.51672],[12.6957,10.52015],[12.69803,10.52472],[12.70002,10.52813],[12.7027,10.53272],[12.70405,10.53471],[12.70503,10.53614],[12.70889,10.53993],[12.70968,10.54071],[12.71317,10.54528],[12.71468,10.54774],[12.71667,10.55099],[12.72133,10.5567],[12.7225,10.56013],[12.72503,10.56344],[12.72599,10.5647],[12.7269,10.56604],[12.72832,10.56813],[12.72985,10.57012],[12.73182,10.5727],[12.73254,10.5734],[12.73531,10.57612],[12.74058,10.57819],[12.7411,10.5784],[12.74458,10.57953],[12.74989,10.58064],[12.7608,10.58293],[12.76375,10.58219],[12.76543,10.58177],[12.7692,10.57989],[12.77004,10.57947],[12.77071,10.57931],[12.77467,10.57832],[12.77698,10.57717],[12.78045,10.57716],[12.78855,10.57714],[12.79896,10.57597],[12.80472,10.57608],[12.8105,10.57619],[12.8105,10.57619],[12.81632,10.57594],[12.81989,10.57542],[12.82442,10.57477],[12.82576,10.57477],[12.83252,10.57475],[12.84246,10.5721],[12.84496,10.57421],[12.84496,10.57421],[12.84618,10.57445],[12.84757,10.57472],[12.85352,10.57471],[12.85561,10.5747],[12.85897,10.57469],[12.86377,10.57468],[12.86833,10.57422],[12.87534,10.57351],[12.88806,10.57005],[12.8904,10.56927],[12.89846,10.56659],[12.90214,10.56578],[12.90886,10.56428],[12.91712,10.56222],[12.91811,10.56197],[12.92068,10.56101],[12.92736,10.55852],[12.93429,10.55621],[12.94007,10.55506],[12.94007,10.55506],[12.94027,10.55498],[12.95856,10.54815],[12.96473,10.54508],[12.96549,10.5447],[12.9685,10.54299],[12.97357,10.54011],[12.97477,10.53951],[12.98154,10.53614],[12.9828,10.53551],[12.9828,10.53551],[12.98307,10.53533],[12.98626,10.53321],[12.99203,10.52862],[12.99739,10.52507],[13.00217,10.51869],[13.00273,10.51795],[13.01134,10.50738],[13.01455,10.50343],[13.02462,10.48469],[13.02464,10.48466],[13.03221,10.47444],[13.05259,10.45982],[13.06026,10.45719],[13.07818,10.45276],[13.09352,10.44667],[13.10461,10.44315],[13.11398,10.43966],[13.12169,10.44042],[13.13903,10.43222],[13.14553,10.42915],[13.15745,10.42393],[13.16657,10.42277],[13.17198,10.42208],[13.18483,10.42362],[13.19077,10.41932],[13.19671,10.41417],[13.20527,10.41492],[13.20874,10.41912],[13.21312,10.42754],[13.21316,10.4276],[13.2133,10.42823],[13.21711,10.43969],[13.2176,10.44443],[13.21943,10.45457],[13.22467,10.46382],[13.22646,10.46521],[13.22899,10.46716],[13.23,10.46921],[13.23077,10.47131],[13.23121,10.47283],[13.23336,10.48029],[13.2351,10.48716],[13.23662,10.49009],[13.23812,10.4924],[13.23817,10.49253],[13.23937,10.49462],[13.24021,10.49737],[13.24167,10.50216],[13.24256,10.50509],[13.24189,10.50836],[13.24011,10.51725],[13.23864,10.52252],[13.23549,10.5361],[13.23558,10.54357],[13.23526,10.5448],[13.23496,10.55028],[13.23509,10.56195],[13.23554,10.56887],[13.23562,10.57507],[13.23643,10.58199],[13.2372,10.58454],[13.2432,10.59322],[13.24769,10.599],[13.25938,10.61416],[13.25938,10.61416],[13.25986,10.6151],[13.26096,10.61725],[13.26266,10.62017],[13.26467,10.6236],[13.26559,10.62519],[13.26559,10.62519],[13.26563,10.62525],[13.26826,10.63105],[13.2703,10.63554],[13.27382,10.64468],[13.27577,10.64913],[13.27577,10.64914],[13.27696,10.65185],[13.27806,10.65436],[13.27935,10.65729],[13.27959,10.65784],[13.28084,10.66068],[13.28318,10.66754],[13.28785,10.67554],[13.29099,10.68067],[13.29135,10.68126],[13.29601,10.68811],[13.29741,10.68983],[13.30067,10.69382],[13.30263,10.69702],[13.30417,10.69953],[13.30532,10.70192],[13.30691,10.70518],[13.30691,10.70518],[13.30831,10.70972],[13.30875,10.71117],[13.30875,10.71117],[13.31125,10.71346],[13.3118,10.71508],[13.3118,10.71508],[13.31235,10.71668],[13.31474,10.72325],[13.3157,10.72588],[13.31705,10.72967],[13.31707,10.72973],[13.31803,10.73286],[13.31939,10.73726],[13.32095,10.7443],[13.32293,10.75327],[13.32295,10.7561],[13.32296,10.75899],[13.32296,10.75899],[13.32531,10.76585],[13.32654,10.77011],[13.328,10.77519],[13.32854,10.77729],[13.32883,10.77842],[13.33059,10.7841],[13.33236,10.78986],[13.33381,10.79409],[13.33438,10.79576],[13.33438,10.79576],[13.3344,10.796],[13.33491,10.80088],[13.33496,10.80562],[13.3346,10.81317],[13.33479,10.81416],[13.33479,10.81416],[13.33479,10.81534],[13.3348,10.81682],[13.33481,10.81846],[13.33483,10.82262],[13.33486,10.82875],[13.33497,10.8308],[13.33511,10.83354],[13.33512,10.83361],[13.33528,10.83674],[13.3356,10.84169],[13.3363,10.84655],[13.33638,10.84708],[13.33638,10.84708],[13.33616,10.85027],[13.33616,10.85027],[13.33616,10.85028],[13.33616,10.85028],[13.33621,10.85278],[13.33622,10.85441],[13.33622,10.85456],[13.33625,10.85755],[13.3363,10.85965],[13.33618,10.86483],[13.33618,10.86483],[13.33618,10.86483],[13.3362,10.8688],[13.33614,10.87103],[13.33605,10.87466],[13.33593,10.87906],[13.33593,10.87906],[13.33571,10.88142],[13.3347,10.88586],[13.33444,10.89],[13.33521,10.89517],[13.33531,10.89581],[13.33539,10.89945],[13.33563,10.90317],[13.33594,10.90778],[13.33594,10.90781],[13.33594,10.90785],[13.33617,10.91114],[13.33641,10.91456],[13.33697,10.9209],[13.33775,10.92199],[13.33945,10.92437],[13.34091,10.92643],[13.34342,10.92828],[13.34574,10.93056],[13.35038,10.93169],[13.35252,10.93116],[13.355,10.93054],[13.35847,10.92938],[13.36309,10.92709],[13.36519,10.92604],[13.36679,10.92405],[13.37037,10.91781],[13.3729,10.91054],[13.37698,10.90222],[13.38061,10.89908],[13.39256,10.89274],[13.40974,10.88685],[13.4264,10.88045],[13.43732,10.87618],[13.44409,10.87404],[13.45035,10.87241],[13.45454,10.87288],[13.45767,10.87284],[13.45884,10.873],[13.46448,10.87379],[13.48757,10.88023],[13.50231,10.88832],[13.52445,10.90252],[13.54937,10.93118],[13.54937,10.93118],[13.54945,10.93124],[13.55067,10.93303],[13.55178,10.93466],[13.55606,10.93677],[13.55642,10.93694],[13.56339,10.9415],[13.56445,10.94202],[13.56571,10.94264],[13.57267,10.94606],[13.57377,10.9466],[13.57731,10.94834],[13.58541,10.94946],[13.58668,10.94946],[13.59004,10.94945],[13.59699,10.94943],[13.60393,10.94942],[13.61319,10.9494],[13.61319,10.9494],[13.61319,10.9494],[13.61444,10.94922],[13.62129,10.94823]]]]}},{"type":"Feature","id":"NG003","properties":{"admin1Pcod":"NG003","admin1Name":"Akwa Ibom","admin1RefN":"Akwa Ibom","admin0Pcod":"NG","admin0Name":"Nigeria"},"geometry":{"type":"MultiPolygon","coordinates":[[[[8.34482,4.6114],[8.34496,4.60961],[8.34468,4.6092],[8.34496,4.60865],[8.34496,4.60686],[8.34483,4.60521],[8.34455,4.60438],[8.34456,4.6026],[8.34428,4.60163],[8.34346,4.60081],[8.34181,4.60066],[8.34057,4.59956],[8.33906,4.59667],[8.33796,4.59529],[8.33741,4.59474],[8.33577,4.59281],[8.33659,4.59199],[8.33962,4.59131],[8.3399,4.59076],[8.33977,4.58979],[8.33894,4.58924],[8.33756,4.5891],[8.33619,4.58855],[8.33398,4.58854],[8.33219,4.58923],[8.33109,4.58909],[8.33068,4.5895],[8.3293,4.58812],[8.32696,4.58757],[8.32545,4.58674],[8.32311,4.58605],[8.3216,4.58604],[8.31994,4.58659],[8.31801,4.58672],[8.3154,4.58754],[8.31471,4.58851],[8.31388,4.5907],[8.31373,4.59249],[8.31387,4.59387],[8.3129,4.59538],[8.3129,4.59662],[8.31359,4.59717],[8.31358,4.59772],[8.30957,4.6061],[8.30916,4.60762],[8.30915,4.60927],[8.30956,4.61009],[8.3119,4.6112],[8.31355,4.61134],[8.31631,4.61079],[8.31893,4.61094],[8.31975,4.61135],[8.32072,4.61149],[8.32195,4.61273],[8.32236,4.6137],[8.32249,4.61658],[8.32221,4.6203],[8.32138,4.6236],[8.32151,4.62566],[8.32247,4.62773],[8.32343,4.62828],[8.32467,4.62952],[8.32563,4.63172],[8.32659,4.6331],[8.32714,4.63461],[8.32851,4.63613],[8.33044,4.63669],[8.33223,4.63655],[8.33375,4.6349],[8.33596,4.63119],[8.33817,4.62803],[8.33996,4.62611],[8.34079,4.62501],[8.34176,4.62309],[8.34329,4.61429],[8.34482,4.6114]]],[[[7.71063,5.51935],[7.71123,5.51647],[7.71069,5.51243],[7.71357,5.51187],[7.717,5.51248],[7.71929,5.51307],[7.72329,5.51484],[7.72671,5.5166],[7.72957,5.5172],[7.73415,5.51781],[7.74276,5.5173],[7.74563,5.51675],[7.7485,5.5162],[7.75139,5.51449],[7.75485,5.51221],[7.75716,5.5105],[7.7589,5.5082],[7.76008,5.50532],[7.75955,5.5007],[7.76016,5.49724],[7.75963,5.49262],[7.76023,5.49032],[7.7614,5.48802],[7.76313,5.4863],[7.76546,5.48286],[7.76893,5.48],[7.77412,5.47716],[7.77586,5.47544],[7.77817,5.47315],[7.77992,5.47028],[7.7811,5.4674],[7.78286,5.4628],[7.78406,5.45761],[7.78466,5.45473],[7.78641,5.45186],[7.7876,5.44783],[7.78878,5.44438],[7.79284,5.43979],[7.79861,5.43638],[7.80901,5.4278],[7.8211,5.42328],[7.83832,5.42169],[7.85035,5.42237],[7.85322,5.42239],[7.85608,5.42241],[7.85838,5.42186],[7.86126,5.4213],[7.86356,5.42017],[7.8653,5.41845],[7.86649,5.41442],[7.86766,5.41154],[7.86827,5.40808],[7.87119,5.40234],[7.87216,5.40044],[7.875,5.39055],[7.87833,5.38539],[7.8827,5.382],[7.87611,5.3689],[7.87798,5.36705],[7.88037,5.3668],[7.88133,5.3626],[7.88482,5.35858],[7.88829,5.35515],[7.89176,5.35171],[7.89639,5.34829],[7.90042,5.34601],[7.90332,5.34315],[7.90448,5.34143],[7.90394,5.33854],[7.90167,5.33563],[7.89939,5.33446],[7.89653,5.33328],[7.89366,5.33384],[7.88964,5.33496],[7.88734,5.33552],[7.88217,5.33605],[7.87873,5.3366],[7.87585,5.33716],[7.87296,5.33944],[7.87065,5.34115],[7.86834,5.34287],[7.86548,5.34284],[7.86203,5.34339],[7.85916,5.34337],[7.85629,5.34392],[7.8517,5.34389],[7.84883,5.34444],[7.84598,5.34326],[7.84199,5.34092],[7.84087,5.33745],[7.84262,5.33516],[7.84435,5.33344],[7.84667,5.33173],[7.84925,5.32949],[7.85129,5.32772],[7.85418,5.32544],[7.85592,5.32314],[7.85709,5.32084],[7.85769,5.31854],[7.86,5.31683],[7.86289,5.31512],[7.86518,5.31456],[7.86747,5.31516],[7.86976,5.31575],[7.87204,5.31693],[7.8749,5.3181],[7.87949,5.31756],[7.88236,5.31758],[7.8858,5.31704],[7.88867,5.31706],[7.89211,5.31651],[7.89557,5.31481],[7.90018,5.31253],[7.90191,5.3114],[7.9048,5.30969],[7.90711,5.30797],[7.90941,5.30684],[7.91288,5.30398],[7.91636,5.29997],[7.91983,5.29711],[7.92273,5.29425],[7.92621,5.29024],[7.9297,5.28507],[7.93146,5.28104],[7.9338,5.27645],[7.93497,5.27357],[7.93557,5.27069],[7.9356,5.2678],[7.9362,5.2655],[7.93608,5.26259],[7.9366,5.26005],[7.93777,5.25431],[7.94007,5.24972],[7.94352,5.24514],[7.9481,5.24171],[7.95382,5.23829],[7.96182,5.23603],[7.96641,5.23145],[7.96872,5.22572],[7.96983,5.22027],[7.97335,5.21195],[7.97609,5.20829],[7.98437,5.20578],[7.99269,5.2067],[8.00334,5.21919],[8.00657,5.22567],[8.00981,5.23816],[8.01675,5.24695],[8.02647,5.24788],[8.03479,5.24325],[8.05515,5.21734],[8.06163,5.20624],[8.06471,5.20007],[8.06558,5.19913],[8.06683,5.19638],[8.06859,5.19362],[8.0711,5.18836],[8.07261,5.18535],[8.07336,5.18185],[8.07388,5.17683],[8.07288,5.17407],[8.07089,5.1708],[8.06816,5.16603],[8.06642,5.16201],[8.06568,5.15675],[8.06545,5.15148],[8.06482,5.14551],[8.06968,5.13597],[8.0748,5.13111],[8.08189,5.12741],[8.09521,5.11519],[8.09929,5.10705],[8.1004,5.08114],[8.10003,5.06264],[8.09818,5.04302],[8.10003,5.0334],[8.10262,5.02378],[8.11557,5.00268],[8.12223,4.99417],[8.12556,4.98195],[8.12815,4.969],[8.1363,4.9579],[8.14925,4.93939],[8.15312,4.93853],[8.17146,4.93347],[8.17627,4.92977],[8.19736,4.91348],[8.20736,4.9083],[8.2155,4.8972],[8.22031,4.88202],[8.2229,4.87277],[8.2303,4.86019],[8.24028,4.85409],[8.2458,4.85264],[8.25085,4.84834],[8.25365,4.84596],[8.26234,4.83861],[8.26618,4.83532],[8.26874,4.82908],[8.2657,4.82626],[8.26515,4.82474],[8.26336,4.82295],[8.26209,4.82295],[8.25244,4.81409],[8.25419,4.81382],[8.25619,4.81257],[8.25769,4.81107],[8.26019,4.80756],[8.26095,4.80481],[8.2632,4.79879],[8.26621,4.79378],[8.26871,4.79002],[8.27071,4.78802],[8.27371,4.78577],[8.27546,4.78427],[8.27656,4.78309],[8.28054,4.78103],[8.28391,4.77963],[8.28812,4.77788],[8.29102,4.7772],[8.29157,4.77665],[8.29212,4.77555],[8.29227,4.77321],[8.29268,4.7728],[8.29681,4.77212],[8.29833,4.77157],[8.29943,4.77089],[8.29999,4.77034],[8.30026,4.76952],[8.3004,4.76786],[8.3102,4.75839],[8.31103,4.75743],[8.312,4.75537],[8.31297,4.754],[8.31642,4.75029],[8.31753,4.74823],[8.31753,4.74644],[8.31671,4.74437],[8.31561,4.74313],[8.3141,4.74038],[8.31328,4.73763],[8.31315,4.73391],[8.31412,4.7313],[8.31426,4.72951],[8.31468,4.72855],[8.3151,4.7258],[8.31537,4.72525],[8.3151,4.72415],[8.31428,4.72332],[8.31359,4.72304],[8.31283,4.72304],[8.3118,4.72332],[8.31069,4.72386],[8.30987,4.72482],[8.30917,4.72771],[8.30765,4.73129],[8.3062,4.73368],[8.3053,4.73458],[8.30474,4.7361],[8.30378,4.73774],[8.3035,4.73926],[8.30267,4.74118],[8.30197,4.74434],[8.30142,4.74544],[8.301,4.74585],[8.30018,4.74613],[8.2988,4.74613],[8.29797,4.74585],[8.29742,4.7453],[8.29687,4.74475],[8.29756,4.74433],[8.29991,4.74393],[8.30046,4.74352],[8.30199,4.73678],[8.30323,4.73499],[8.30363,4.73364],[8.30434,4.73197],[8.30545,4.72963],[8.306,4.72908],[8.30655,4.72771],[8.30683,4.72606],[8.30794,4.72441],[8.30863,4.72276],[8.30987,4.72125],[8.31277,4.7196],[8.31332,4.71905],[8.3125,4.71781],[8.31099,4.71644],[8.31016,4.71588],[8.30906,4.71629],[8.30726,4.71835],[8.30643,4.71877],[8.30575,4.71876],[8.3052,4.71835],[8.30437,4.71849],[8.30354,4.7178],[8.30286,4.71752],[8.30135,4.71559],[8.29708,4.71572],[8.29625,4.71558],[8.29529,4.71393],[8.29529,4.712],[8.29585,4.71035],[8.29571,4.70966],[8.2953,4.70939],[8.29406,4.71007],[8.29337,4.71021],[8.29061,4.71199],[8.28813,4.71212],[8.28731,4.71185],[8.28634,4.71061],[8.28566,4.71074],[8.28524,4.71129],[8.28485,4.71359],[8.28452,4.71428],[8.2835,4.71499],[8.28316,4.71568],[8.27975,4.71745],[8.27802,4.71679],[8.27767,4.71645],[8.27769,4.71599],[8.27835,4.71575],[8.27904,4.71609],[8.28042,4.71607],[8.28145,4.71571],[8.28348,4.71361],[8.28415,4.71257],[8.2841,4.7107],[8.28373,4.70991],[8.28373,4.70826],[8.28442,4.70785],[8.28525,4.70785],[8.28649,4.70868],[8.28759,4.7091],[8.28855,4.71089],[8.28896,4.71116],[8.29061,4.71075],[8.29213,4.70952],[8.29268,4.70938],[8.29337,4.70883],[8.29475,4.70842],[8.2964,4.70843],[8.29695,4.70884],[8.29723,4.70953],[8.29667,4.71173],[8.29667,4.71311],[8.29694,4.71366],[8.29887,4.7138],[8.29984,4.71352],[8.30121,4.71353],[8.30286,4.71449],[8.30451,4.71656],[8.30616,4.71656],[8.30727,4.71602],[8.30934,4.71409],[8.31044,4.71368],[8.31443,4.71603],[8.31594,4.71603],[8.31691,4.71562],[8.31774,4.7148],[8.32064,4.7104],[8.32202,4.70903],[8.32257,4.70889],[8.3234,4.70807],[8.32381,4.70724],[8.32382,4.70656],[8.32423,4.70532],[8.32437,4.70367],[8.32425,4.69583],[8.3255,4.69322],[8.3255,4.69088],[8.32482,4.68909],[8.32482,4.68771],[8.32537,4.6862],[8.32538,4.68455],[8.32469,4.68193],[8.3247,4.68097],[8.32497,4.68001],[8.32498,4.67808],[8.32443,4.67533],[8.32458,4.67065],[8.32445,4.66694],[8.32446,4.66488],[8.32418,4.66419],[8.32336,4.66322],[8.32226,4.66253],[8.32047,4.66184],[8.31978,4.66184],[8.31854,4.66129],[8.31744,4.66128],[8.31647,4.66211],[8.31606,4.66321],[8.31606,4.66486],[8.3155,4.6672],[8.31563,4.66843],[8.31522,4.66885],[8.31466,4.67132],[8.313,4.67531],[8.31093,4.67833],[8.30803,4.68108],[8.30486,4.68272],[8.30128,4.68409],[8.29742,4.68587],[8.2937,4.6871],[8.28543,4.68915],[8.28267,4.68955],[8.28088,4.68955],[8.27675,4.68885],[8.26946,4.68636],[8.26395,4.68552],[8.25996,4.68414],[8.25707,4.68262],[8.25501,4.68138],[8.25185,4.67903],[8.24745,4.67504],[8.24621,4.67338],[8.24512,4.67118],[8.24485,4.66953],[8.24334,4.66622],[8.24183,4.66429],[8.23935,4.66388],[8.23715,4.66401],[8.22874,4.66633],[8.2264,4.66743],[8.22515,4.66852],[8.22487,4.671],[8.22515,4.67182],[8.22638,4.67348],[8.22679,4.67485],[8.22734,4.67554],[8.22734,4.67719],[8.22775,4.67802],[8.22788,4.6805],[8.22829,4.68132],[8.22829,4.68215],[8.2276,4.68242],[8.22664,4.68159],[8.22609,4.68173],[8.22526,4.68255],[8.22485,4.68338],[8.22484,4.6842],[8.22443,4.68462],[8.2236,4.68654],[8.22291,4.68723],[8.22236,4.68723],[8.22208,4.6864],[8.22209,4.6853],[8.22264,4.68406],[8.22264,4.6831],[8.22195,4.68255],[8.22113,4.68241],[8.22085,4.68158],[8.22168,4.68103],[8.22499,4.6798],[8.22568,4.67898],[8.22582,4.67705],[8.22445,4.67512],[8.22335,4.67278],[8.22322,4.67196],[8.22281,4.67154],[8.22212,4.67141],[8.22115,4.67168],[8.22046,4.67236],[8.21991,4.6725],[8.21936,4.67305],[8.21867,4.67497],[8.21839,4.67718],[8.21769,4.67924],[8.217,4.68034],[8.21659,4.68157],[8.21617,4.68199],[8.21576,4.6813],[8.21535,4.68088],[8.21369,4.68212],[8.21245,4.6828],[8.21052,4.6828],[8.20997,4.68238],[8.21122,4.68129],[8.21218,4.68115],[8.21425,4.67937],[8.2148,4.67799],[8.21494,4.67662],[8.21522,4.67607],[8.21509,4.67455],[8.21233,4.67372],[8.20862,4.67372],[8.20664,4.67318],[8.20504,4.67274],[8.20407,4.67274],[8.20311,4.67357],[8.20269,4.67453],[8.20296,4.6759],[8.20269,4.67673],[8.20214,4.67728],[8.20145,4.67728],[8.20117,4.67618],[8.20035,4.67631],[8.19966,4.67672],[8.19883,4.67658],[8.19883,4.67576],[8.19952,4.67507],[8.20049,4.67466],[8.20097,4.67404],[8.20201,4.67329],[8.20215,4.67191],[8.20146,4.67026],[8.20106,4.66778],[8.20037,4.66613],[8.20038,4.66434],[8.20086,4.66386],[8.20202,4.66454],[8.20237,4.66525],[8.20493,4.66673],[8.20531,4.66918],[8.206,4.67094],[8.21041,4.67083],[8.21234,4.67028],[8.214,4.67029],[8.21468,4.66974],[8.21537,4.66988],[8.21785,4.66947],[8.22213,4.66769],[8.22254,4.66645],[8.22117,4.66494],[8.22117,4.66439],[8.22172,4.66398],[8.22269,4.66384],[8.22365,4.66412],[8.22447,4.66467],[8.22599,4.66481],[8.22682,4.66454],[8.22792,4.66344],[8.22778,4.66289],[8.2271,4.66247],[8.22655,4.66179],[8.22476,4.66068],[8.22366,4.66027],[8.22242,4.65916],[8.22187,4.65902],[8.22146,4.6593],[8.22077,4.65916],[8.22063,4.65792],[8.22133,4.65613],[8.22175,4.65325],[8.22306,4.65112],[8.22437,4.64954],[8.22479,4.64858],[8.22493,4.64789],[8.22479,4.64527],[8.22535,4.64459],[8.22563,4.64307],[8.22549,4.64115],[8.22632,4.64115],[8.22728,4.64253],[8.22824,4.64514],[8.22865,4.64707],[8.22864,4.64831],[8.22781,4.65051],[8.22595,4.65346],[8.22505,4.65449],[8.22422,4.65628],[8.22421,4.6582],[8.22449,4.65875],[8.226,4.65986],[8.2282,4.66041],[8.22889,4.66083],[8.23247,4.66111],[8.23302,4.6607],[8.23343,4.66097],[8.23454,4.6607],[8.2366,4.66084],[8.23839,4.66057],[8.24128,4.66072],[8.24321,4.66155],[8.24459,4.66265],[8.24527,4.66293],[8.24816,4.66665],[8.24912,4.66885],[8.25145,4.67284],[8.25557,4.67725],[8.25619,4.67746],[8.25763,4.67905],[8.25997,4.68056],[8.26093,4.68084],[8.26341,4.68071],[8.26383,4.68043],[8.26397,4.67645],[8.26439,4.67548],[8.26556,4.67418],[8.26687,4.67287],[8.26674,4.67136],[8.26688,4.66985],[8.26743,4.66957],[8.26853,4.66958],[8.27143,4.66889],[8.27212,4.66835],[8.27253,4.66738],[8.27308,4.66683],[8.27377,4.66711],[8.27336,4.66807],[8.27335,4.66876],[8.27211,4.67013],[8.27115,4.67068],[8.26936,4.67054],[8.26867,4.67109],[8.26839,4.67302],[8.26811,4.67357],[8.26618,4.67604],[8.26562,4.67714],[8.26576,4.67961],[8.26617,4.68071],[8.26685,4.68168],[8.26795,4.68264],[8.26933,4.68278],[8.26988,4.68306],[8.27346,4.68293],[8.27497,4.68335],[8.27911,4.68322],[8.28462,4.68199],[8.28737,4.682],[8.29165,4.68049],[8.29233,4.68008],[8.29385,4.67843],[8.29468,4.67788],[8.29744,4.67748],[8.29826,4.67679],[8.29827,4.67624],[8.29785,4.67555],[8.29304,4.67114],[8.29139,4.67045],[8.28946,4.67058],[8.28823,4.67003],[8.28754,4.67003],[8.28589,4.6692],[8.28506,4.66837],[8.28438,4.66617],[8.28438,4.66424],[8.2848,4.66369],[8.28728,4.66232],[8.2888,4.66095],[8.28894,4.65985],[8.28811,4.65875],[8.28646,4.65778],[8.28591,4.65792],[8.28425,4.6597],[8.28356,4.66135],[8.28246,4.66231],[8.28163,4.66273],[8.27915,4.66272],[8.27722,4.66244],[8.27544,4.66134],[8.27406,4.65927],[8.27393,4.65666],[8.27421,4.65611],[8.27545,4.65501],[8.27917,4.65419],[8.27972,4.6535],[8.27973,4.65185],[8.2789,4.65075],[8.2778,4.65034],[8.27684,4.6502],[8.27532,4.65033],[8.2734,4.64991],[8.27271,4.65005],[8.27051,4.64936],[8.26968,4.64839],[8.26968,4.64688],[8.27024,4.64633],[8.2712,4.64757],[8.27244,4.64867],[8.27505,4.64882],[8.27698,4.64855],[8.27863,4.6491],[8.28001,4.6491],[8.28097,4.64965],[8.2818,4.65062],[8.28193,4.65172],[8.28151,4.65406],[8.2811,4.65516],[8.28013,4.65612],[8.2793,4.65625],[8.27848,4.65584],[8.27683,4.6557],[8.27545,4.65666],[8.27531,4.65817],[8.27558,4.65914],[8.27585,4.65969],[8.27654,4.66024],[8.27861,4.66079],[8.28053,4.6608],[8.28205,4.66052],[8.28274,4.65998],[8.28385,4.65723],[8.28481,4.65627],[8.2855,4.65599],[8.28647,4.65599],[8.28853,4.65682],[8.29018,4.65848],[8.29073,4.65944],[8.29059,4.66151],[8.28989,4.66219],[8.28659,4.66356],[8.28548,4.6648],[8.28548,4.66603],[8.28589,4.66727],[8.28658,4.66783],[8.28713,4.66796],[8.29181,4.66784],[8.29291,4.66825],[8.29442,4.66949],[8.29525,4.67046],[8.29649,4.67128],[8.29827,4.67349],[8.29896,4.67377],[8.29992,4.67473],[8.30019,4.67556],[8.30019,4.67666],[8.29964,4.67803],[8.29578,4.67995],[8.29536,4.68036],[8.2955,4.68105],[8.29729,4.6805],[8.29812,4.67982],[8.3017,4.67817],[8.30295,4.67721],[8.30432,4.67653],[8.30625,4.67598],[8.30805,4.67516],[8.30956,4.67351],[8.31012,4.67214],[8.31012,4.67117],[8.30985,4.67021],[8.30985,4.66773],[8.30958,4.66718],[8.30958,4.66512],[8.30918,4.66223],[8.30918,4.65962],[8.30974,4.65824],[8.31153,4.65618],[8.31194,4.65536],[8.3125,4.65522],[8.31512,4.65303],[8.31663,4.6522],[8.31912,4.64987],[8.32008,4.64946],[8.32167,4.64802],[8.32229,4.64795],[8.32436,4.64672],[8.32739,4.64397],[8.32794,4.6437],[8.3284,4.64297],[8.32852,4.64218],[8.32864,4.64136],[8.32653,4.63814],[8.32548,4.63654],[8.32466,4.63571],[8.32342,4.63337],[8.32219,4.63199],[8.32109,4.63006],[8.3204,4.62951],[8.3189,4.62524],[8.31841,4.62462],[8.31822,4.6207],[8.31863,4.61933],[8.31892,4.61383],[8.31837,4.61314],[8.31686,4.613],[8.31548,4.61354],[8.3141,4.61354],[8.31355,4.61327],[8.3108,4.61326],[8.31011,4.61285],[8.30791,4.6105],[8.30695,4.6105],[8.30639,4.61146],[8.30652,4.61531],[8.30597,4.6171],[8.30431,4.61861],[8.30252,4.61875],[8.3017,4.61847],[8.30073,4.6175],[8.29991,4.61626],[8.29881,4.61544],[8.29812,4.61516],[8.29633,4.61529],[8.29578,4.61516],[8.29441,4.61378],[8.294,4.61268],[8.294,4.61158],[8.29483,4.61089],[8.29854,4.61117],[8.29786,4.61007],[8.29552,4.60883],[8.29428,4.60882],[8.29304,4.60923],[8.29153,4.60909],[8.29084,4.60882],[8.28933,4.60758],[8.2885,4.60716],[8.28726,4.6073],[8.28574,4.60839],[8.28629,4.61252],[8.28573,4.61335],[8.28518,4.61335],[8.28478,4.61046],[8.28423,4.60922],[8.28423,4.6077],[8.28589,4.60619],[8.28726,4.60578],[8.28878,4.60579],[8.29194,4.60799],[8.29649,4.60773],[8.29855,4.60856],[8.3002,4.61021],[8.30034,4.61145],[8.29937,4.61227],[8.2973,4.61227],[8.29606,4.61199],[8.29551,4.61254],[8.29551,4.61337],[8.29813,4.61351],[8.29923,4.61379],[8.30088,4.61489],[8.30143,4.61599],[8.30239,4.61682],[8.30377,4.61682],[8.30432,4.61627],[8.30446,4.61545],[8.30433,4.6116],[8.3064,4.60926],[8.30709,4.60637],[8.30738,4.60362],[8.30849,4.59771],[8.30849,4.59578],[8.30767,4.59276],[8.30534,4.59014],[8.30465,4.5889],[8.30232,4.58628],[8.30122,4.58463],[8.29998,4.58366],[8.2982,4.58159],[8.29737,4.58118],[8.2938,4.57691],[8.29132,4.57855],[8.28994,4.57896],[8.28787,4.58034],[8.28663,4.58047],[8.28374,4.58198],[8.28291,4.58266],[8.27891,4.58665],[8.27739,4.58898],[8.27752,4.58981],[8.27711,4.59077],[8.27587,4.592],[8.27462,4.59283],[8.27339,4.59324],[8.27256,4.5931],[8.27049,4.59323],[8.26802,4.59254],[8.26664,4.59171],[8.2643,4.59116],[8.26347,4.59184],[8.26347,4.59335],[8.26402,4.59473],[8.26402,4.59542],[8.26443,4.59625],[8.26649,4.59818],[8.26704,4.59928],[8.26703,4.60052],[8.26634,4.60203],[8.26469,4.60367],[8.26096,4.60546],[8.25945,4.60573],[8.25587,4.60558],[8.25539,4.60593],[8.25463,4.60572],[8.2527,4.60613],[8.24953,4.60598],[8.24664,4.60639],[8.2454,4.60625],[8.24237,4.60679],[8.23948,4.60816],[8.23851,4.60816],[8.23755,4.60747],[8.23535,4.60664],[8.23218,4.60691],[8.23149,4.60636],[8.23136,4.60539],[8.23177,4.60498],[8.23274,4.60471],[8.23453,4.60471],[8.23645,4.60527],[8.23824,4.60541],[8.24072,4.60514],[8.24375,4.60391],[8.24541,4.6035],[8.25202,4.60365],[8.25367,4.60351],[8.25401,4.60317],[8.25436,4.60352],[8.25505,4.60352],[8.25615,4.60311],[8.25711,4.60352],[8.25932,4.60353],[8.26235,4.60298],[8.26359,4.60188],[8.26456,4.60051],[8.26484,4.59831],[8.26374,4.59666],[8.26182,4.59459],[8.26058,4.59239],[8.26031,4.59142],[8.26031,4.58936],[8.2599,4.58895],[8.25825,4.58812],[8.25618,4.5877],[8.25454,4.58618],[8.25371,4.58591],[8.25178,4.58728],[8.24998,4.58947],[8.24957,4.58865],[8.2504,4.58727],[8.25054,4.58659],[8.25109,4.58563],[8.25178,4.58494],[8.25261,4.58439],[8.25385,4.58398],[8.25509,4.58412],[8.25743,4.58564],[8.25935,4.58771],[8.26018,4.58798],[8.261,4.58798],[8.26376,4.58675],[8.26541,4.58565],[8.26748,4.58497],[8.26831,4.5858],[8.2683,4.58662],[8.26775,4.58786],[8.26775,4.5891],[8.2683,4.5902],[8.26912,4.59089],[8.27105,4.59186],[8.27215,4.59186],[8.2738,4.59131],[8.27518,4.5898],[8.27726,4.5854],[8.27781,4.58375],[8.27795,4.58169],[8.27603,4.58045],[8.27507,4.58031],[8.27204,4.5781],[8.27053,4.5759],[8.2704,4.57452],[8.26971,4.57315],[8.26861,4.57204],[8.26366,4.57038],[8.26228,4.57065],[8.26145,4.57148],[8.2602,4.5756],[8.25993,4.57615],[8.25938,4.57656],[8.25814,4.57642],[8.2558,4.57559],[8.25484,4.57477],[8.25415,4.57353],[8.25291,4.57229],[8.25168,4.57173],[8.2503,4.57187],[8.24947,4.57242],[8.24864,4.57255],[8.24547,4.57447],[8.24347,4.57494],[8.24235,4.57713],[8.24162,4.57821],[8.24243,4.57983],[8.24243,4.58038],[8.24181,4.58072],[8.24119,4.57941],[8.24009,4.57817],[8.23955,4.57721],[8.23927,4.57583],[8.23928,4.5746],[8.24148,4.57419],[8.24394,4.57323],[8.24465,4.57296],[8.24796,4.57104],[8.2492,4.56966],[8.25086,4.56898],[8.25168,4.56898],[8.25237,4.56926],[8.25388,4.57119],[8.25622,4.57339],[8.25731,4.57518],[8.25828,4.57519],[8.25869,4.57477],[8.25953,4.57147],[8.25953,4.56968],[8.25898,4.56845],[8.25788,4.56762],[8.2565,4.5672],[8.25541,4.5661],[8.25417,4.56541],[8.24877,4.56564],[8.24842,4.56599],[8.24632,4.56622],[8.24411,4.56635],[8.24301,4.56649],[8.24081,4.56662],[8.23916,4.56717],[8.2364,4.56867],[8.23447,4.56936],[8.23392,4.56936],[8.23227,4.56908],[8.23034,4.56839],[8.22897,4.56728],[8.22924,4.5666],[8.22993,4.5666],[8.23034,4.56687],[8.23213,4.56688],[8.23475,4.56688],[8.23723,4.56579],[8.2382,4.56496],[8.24137,4.56401],[8.24261,4.56387],[8.24302,4.56415],[8.24522,4.56402],[8.2466,4.56416],[8.24866,4.56402],[8.24977,4.56375],[8.25183,4.56307],[8.2542,4.5633],[8.25466,4.56314],[8.25555,4.56376],[8.2572,4.56542],[8.26036,4.56762],[8.26105,4.56763],[8.26174,4.56804],[8.26504,4.56887],[8.26669,4.56901],[8.26958,4.57012],[8.27137,4.57164],[8.27219,4.57288],[8.2726,4.57618],[8.27314,4.57783],[8.27424,4.57866],[8.27741,4.57853],[8.27893,4.5788],[8.28002,4.57963],[8.28085,4.57991],[8.28223,4.5795],[8.28361,4.57813],[8.28402,4.57716],[8.28485,4.5762],[8.2872,4.57483],[8.29147,4.57388],[8.2934,4.57306],[8.29463,4.57306],[8.2967,4.57237],[8.29753,4.57169],[8.29753,4.57017],[8.29451,4.56673],[8.29177,4.56246],[8.29149,4.5615],[8.29094,4.56094],[8.28971,4.56039],[8.28874,4.55929],[8.2871,4.55571],[8.28449,4.5513],[8.28422,4.55034],[8.28422,4.54896],[8.2845,4.54814],[8.28588,4.5469],[8.28602,4.54525],[8.28397,4.54057],[8.28328,4.53851],[8.28109,4.53451],[8.27985,4.53341],[8.27806,4.53258],[8.27324,4.53229],[8.27021,4.53243],[8.26884,4.53215],[8.26719,4.53215],[8.26498,4.53269],[8.26347,4.53283],[8.26126,4.53378],[8.25975,4.53392],[8.25658,4.53487],[8.25065,4.53569],[8.24666,4.53678],[8.24597,4.53678],[8.24404,4.53746],[8.24005,4.538],[8.23894,4.53841],[8.23702,4.53869],[8.23633,4.5391],[8.2355,4.5391],[8.2344,4.53951],[8.2333,4.5395],[8.23233,4.53991],[8.23096,4.53991],[8.23013,4.54032],[8.22779,4.54059],[8.2271,4.54087],[8.22586,4.54086],[8.2209,4.54209],[8.21787,4.54236],[8.21718,4.54263],[8.2158,4.54263],[8.2085,4.54399],[8.2074,4.54399],[8.2052,4.5444],[8.19983,4.54411],[8.19308,4.54465],[8.19225,4.54492],[8.18661,4.54546],[8.17972,4.54572],[8.17614,4.54612],[8.16664,4.5461],[8.1593,4.54576],[8.15897,4.54413],[8.15381,4.54352],[8.14291,4.54401],[8.13356,4.54266],[8.12501,4.54266],[8.11406,4.54198],[8.1045,4.5437],[8.09251,4.54335],[8.08386,4.54353],[8.07526,4.54346],[8.06719,4.54266],[8.05761,4.54198],[8.04769,4.54061],[8.03629,4.54084],[8.02997,4.54194],[8.02306,4.54027],[8.01519,4.54095],[8.00991,4.5412],[8.00019,4.53882],[7.98756,4.53987],[7.98338,4.53582],[7.97346,4.53514],[7.9567,4.53582],[7.94883,4.5348],[7.93656,4.53715],[7.92968,4.53651],[7.92899,4.53343],[7.91735,4.53069],[7.90914,4.53103],[7.89717,4.52898],[7.87801,4.52556],[7.86228,4.52659],[7.84952,4.52548],[7.82489,4.52297],[7.80714,4.51994],[7.79798,4.51871],[7.78537,4.51803],[7.76992,4.51444],[7.76363,4.51324],[7.75275,4.51142],[7.7436,4.50961],[7.73615,4.50898],[7.72929,4.50719],[7.72242,4.5054],[7.71441,4.50361],[7.70639,4.50297],[7.69664,4.50289],[7.69093,4.50111],[7.6835,4.49816],[7.6772,4.49754],[7.66463,4.49339],[7.66103,4.48996],[7.65425,4.48572],[7.64534,4.48148],[7.63432,4.47575],[7.62648,4.47385],[7.62308,4.47173],[7.61587,4.47215],[7.60824,4.47003],[7.60148,4.46788],[7.5974,4.46484],[7.59599,4.46742],[7.59393,4.47711],[7.59269,4.48432],[7.59063,4.4903],[7.58733,4.49484],[7.58032,4.50205],[7.57373,4.50597],[7.56848,4.50741],[7.55927,4.51095],[7.55238,4.51445],[7.54655,4.52081],[7.54165,4.52868],[7.53983,4.53048],[7.53752,4.53277],[7.53636,4.53449],[7.53462,4.53621],[7.53287,4.5385],[7.53113,4.5408],[7.52938,4.54367],[7.52764,4.54538],[7.52647,4.54768],[7.52396,4.55062],[7.52462,4.55625],[7.52727,4.56056],[7.52992,4.56122],[7.53257,4.56288],[7.53493,4.56218],[7.53663,4.56393],[7.53891,4.56568],[7.54173,4.57089],[7.54284,4.57379],[7.54396,4.57668],[7.54508,4.57958],[7.54447,4.58303],[7.5433,4.58533],[7.54214,4.58706],[7.53924,4.58992],[7.53751,4.59164],[7.53576,4.59451],[7.53403,4.59565],[7.53286,4.59795],[7.53169,4.60025],[7.53052,4.60255],[7.52935,4.60485],[7.52875,4.60773],[7.52815,4.61003],[7.52755,4.61233],[7.52638,4.61521],[7.5252,4.61808],[7.52432,4.62228],[7.52109,4.6265],[7.5197,4.63103],[7.51987,4.64045],[7.52318,4.64951],[7.52318,4.65718],[7.52074,4.66258],[7.51848,4.66973],[7.51795,4.67687],[7.52074,4.68472],[7.52562,4.69082],[7.5279,4.69314],[7.53073,4.69662],[7.53414,4.69953],[7.53698,4.70187],[7.538,4.70598],[7.54047,4.70814],[7.54201,4.71191],[7.54517,4.7191],[7.5471,4.72619],[7.54549,4.73231],[7.54375,4.73404],[7.54132,4.73616],[7.53647,4.7394],[7.53099,4.74391],[7.52648,4.74874],[7.52391,4.75325],[7.52391,4.75615],[7.52423,4.76323],[7.5252,4.76935],[7.5252,4.77966],[7.52146,4.78854],[7.517,4.79301],[7.51068,4.80035],[7.5066,4.80426],[7.50156,4.80782],[7.49861,4.81025],[7.49628,4.81272],[7.49401,4.81406],[7.49227,4.81578],[7.49007,4.8191],[7.48871,4.8218],[7.49161,4.82443],[7.49332,4.82618],[7.49445,4.82792],[7.49673,4.82909],[7.49786,4.83083],[7.49956,4.83258],[7.50069,4.83432],[7.50067,4.83663],[7.50064,4.83951],[7.49889,4.84238],[7.49714,4.84583],[7.49767,4.84987],[7.4988,4.85162],[7.49934,4.85508],[7.49872,4.85912],[7.49584,4.86083],[7.49353,4.86254],[7.49122,4.86425],[7.49006,4.86597],[7.48889,4.86827],[7.48772,4.87057],[7.48655,4.87287],[7.48538,4.87459],[7.48421,4.87689],[7.48189,4.87976],[7.48071,4.88269],[7.48712,4.8908],[7.48753,4.89788],[7.48575,4.90319],[7.48089,4.90626],[7.47713,4.90876],[7.47809,4.91551],[7.47872,4.91954],[7.48079,4.93285],[7.48249,4.93459],[7.4842,4.93576],[7.48704,4.93809],[7.48817,4.93983],[7.48898,4.94066],[7.4894,4.94288],[7.4899,4.94435],[7.4908,4.94557],[7.49155,4.94679],[7.49151,4.95083],[7.49204,4.95429],[7.49142,4.95948],[7.48911,4.96062],[7.48625,4.9606],[7.48395,4.96058],[7.48213,4.96093],[7.48109,4.96421],[7.48021,4.96554],[7.47757,4.96553],[7.47302,4.96551],[7.46955,4.96796],[7.46608,4.97024],[7.46319,4.97253],[7.46258,4.97333],[7.46783,4.97832],[7.46826,4.98097],[7.4678,4.98407],[7.46569,4.98677],[7.47114,4.99591],[7.47464,4.99725],[7.47786,4.99794],[7.48038,4.99657],[7.4836,4.99634],[7.48521,4.99817],[7.48775,5.0016],[7.48914,5.00366],[7.49052,5.00618],[7.49191,5.00778],[7.50466,5.01211],[7.50637,5.01328],[7.50749,5.01559],[7.50861,5.01849],[7.50973,5.02139],[7.51197,5.02602],[7.51193,5.03006],[7.50967,5.03451],[7.51227,5.0366],[7.51545,5.03822],[7.51797,5.0373],[7.5205,5.03662],[7.52272,5.03654],[7.52563,5.0371],[7.52791,5.03769],[7.52895,5.03858],[7.52832,5.04492],[7.53007,5.04758],[7.53102,5.04893],[7.5251,5.05047],[7.5189,5.05318],[7.52029,5.05495],[7.52429,5.05613],[7.526,5.0573],[7.52943,5.05848],[7.53227,5.06081],[7.53568,5.06373],[7.53795,5.06605],[7.54022,5.06896],[7.54133,5.07185],[7.54189,5.07416],[7.543,5.07764],[7.54467,5.08227],[7.5458,5.08459],[7.54691,5.08806],[7.54631,5.09036],[7.54457,5.09266],[7.54283,5.09495],[7.54108,5.09782],[7.53991,5.09954],[7.53817,5.10184],[7.53642,5.10529],[7.53466,5.10874],[7.53406,5.11104],[7.53344,5.11565],[7.53397,5.12085],[7.53393,5.12431],[7.53331,5.12892],[7.53328,5.13181],[7.53323,5.137],[7.53377,5.14047],[7.53259,5.14392],[7.53142,5.1468],[7.53081,5.15026],[7.52905,5.15428],[7.52788,5.15601],[7.52898,5.16121],[7.53342,5.17567],[7.53904,5.18726],[7.53957,5.19131],[7.54012,5.19362],[7.53952,5.1965],[7.54007,5.19881],[7.54003,5.20285],[7.54057,5.20632],[7.54054,5.20921],[7.54051,5.21267],[7.54103,5.21787],[7.54155,5.22307],[7.54152,5.22653],[7.54149,5.22941],[7.54203,5.23288],[7.54141,5.23692],[7.54139,5.23922],[7.54193,5.24269],[7.5419,5.24558],[7.54187,5.24846],[7.54184,5.25192],[7.54237,5.25597],[7.5435,5.25829],[7.54577,5.26061],[7.54803,5.26352],[7.54972,5.26642],[7.55199,5.26932],[7.5531,5.27279],[7.55307,5.27568],[7.55189,5.27855],[7.5513,5.28086],[7.54956,5.28315],[7.54723,5.2866],[7.54549,5.28831],[7.54317,5.29118],[7.54028,5.29347],[7.53853,5.29634],[7.53564,5.2992],[7.53447,5.30092],[7.53502,5.30381],[7.53785,5.3073],[7.5407,5.30905],[7.54356,5.30965],[7.54644,5.30852],[7.54932,5.30682],[7.55162,5.30626],[7.55621,5.30629],[7.55906,5.30805],[7.56076,5.30922],[7.56245,5.31269],[7.56469,5.3179],[7.56638,5.3208],[7.56809,5.32197],[7.57208,5.32431],[7.57552,5.32434],[7.57897,5.32321],[7.58185,5.32208],[7.58302,5.32036],[7.58762,5.31867],[7.59163,5.3187],[7.59506,5.32046],[7.59676,5.32163],[7.59904,5.32395],[7.60132,5.32513],[7.60302,5.32687],[7.60647,5.32632],[7.60764,5.32345],[7.60996,5.32058],[7.61284,5.32003],[7.61571,5.31947],[7.61801,5.31834],[7.62203,5.31779],[7.62547,5.3184],[7.62889,5.32016],[7.6306,5.32132],[7.63461,5.32193],[7.63805,5.32196],[7.64147,5.32314],[7.64548,5.32375],[7.64891,5.32493],[7.65061,5.32668],[7.65232,5.32842],[7.65458,5.33133],[7.65628,5.33307],[7.65855,5.33598],[7.66081,5.33946],[7.66252,5.34063],[7.66365,5.34237],[7.66535,5.34411],[7.66647,5.34643],[7.66759,5.34933],[7.66814,5.35164],[7.66982,5.35569],[7.67094,5.35859],[7.67262,5.36206],[7.67374,5.36496],[7.67599,5.36959],[7.67653,5.37306],[7.67706,5.37768],[7.67761,5.37999],[7.67759,5.38122],[7.67567,5.38287],[7.67162,5.38433],[7.66794,5.38469],[7.66243,5.3843],[7.65581,5.38427],[7.65065,5.38499],[7.6444,5.3846],[7.64164,5.38367],[7.63974,5.382],[7.63689,5.38024],[7.63347,5.37848],[7.63118,5.37789],[7.62832,5.37786],[7.62602,5.37842],[7.62428,5.38014],[7.62368,5.38244],[7.62423,5.38476],[7.62536,5.3865],[7.62649,5.38824],[7.62762,5.38998],[7.62875,5.39172],[7.62987,5.39461],[7.63099,5.39693],[7.63154,5.39924],[7.63209,5.40213],[7.6332,5.40561],[7.63375,5.4085],[7.63428,5.41196],[7.63426,5.41427],[7.63422,5.41889],[7.63477,5.4212],[7.63645,5.42526],[7.63814,5.42816],[7.63926,5.43047],[7.64096,5.43222],[7.64267,5.43396],[7.64666,5.4363],[7.64893,5.43805],[7.65124,5.44042],[7.65347,5.44271],[7.65525,5.44422],[7.65689,5.44562],[7.66031,5.44738],[7.66318,5.4474],[7.66776,5.44744],[7.6695,5.44572],[7.67181,5.44401],[7.67412,5.4423],[7.67585,5.44116],[7.67816,5.44002],[7.68218,5.43948],[7.68563,5.43835],[7.68907,5.4378],[7.69137,5.43724],[7.69311,5.43552],[7.69541,5.43439],[7.69773,5.4321],[7.70003,5.43154],[7.70056,5.43558],[7.70053,5.43847],[7.69994,5.44077],[7.6999,5.44482],[7.70102,5.44771],[7.70157,5.45002],[7.70268,5.45349],[7.70319,5.45927],[7.70317,5.46215],[7.70314,5.46446],[7.70312,5.46735],[7.70365,5.47082],[7.70361,5.47486],[7.70471,5.47948],[7.70468,5.48294],[7.70407,5.4864],[7.70232,5.48985],[7.69999,5.4933],[7.69767,5.49558],[7.69478,5.49787],[7.69305,5.49959],[7.6913,5.50188],[7.69012,5.50591],[7.69124,5.50881],[7.69178,5.5117],[7.6929,5.51402],[7.69403,5.51633],[7.69594,5.51828],[7.70194,5.51755],[7.70491,5.51757],[7.70777,5.51875],[7.71063,5.51935]]]]}},{"type":"Feature","id":"NG004","properties":{"admin1Pcod":"NG004","admin1Name":"Anambra","admin1RefN":"Anambra","admin0Pcod":"NG","admin0Name":"Nigeria"},"geometry":{"type":"MultiPolygon","coordinates":[[[[6.93254,6.7109],[6.93167,6.6987],[6.94387,6.7061],[6.95651,6.71003],[6.96871,6.71133],[6.98266,6.71308],[6.99093,6.71308],[7.00749,6.70872],[7.01665,6.7061],[7.0319,6.69652],[7.04628,6.68737],[7.05064,6.68257],[7.05117,6.68267],[7.05371,6.68941],[7.05568,6.69647],[7.05769,6.69715],[7.06039,6.69582],[7.0651,6.69282],[7.06849,6.68781],[7.06975,6.68556],[7.07025,6.68562],[7.09029,6.67734],[7.10162,6.6756],[7.11688,6.66645],[7.12908,6.65948],[7.13257,6.65207],[7.13169,6.64335],[7.12864,6.63551],[7.12472,6.62592],[7.11775,6.61546],[7.11557,6.60326],[7.10947,6.59324],[7.09204,6.5758],[7.08855,6.56883],[7.08419,6.5623],[7.07809,6.5575],[7.06328,6.55489],[7.05543,6.5453],[7.04846,6.52743],[7.04628,6.51218],[7.04628,6.50085],[7.04846,6.48516],[7.04966,6.47436],[7.04541,6.47122],[7.03626,6.47383],[7.03321,6.46686],[7.03277,6.45684],[7.03277,6.45161],[7.02972,6.44725],[7.02747,6.44356],[7.02994,6.44289],[7.03865,6.44028],[7.0648,6.43722],[7.08877,6.43025],[7.09661,6.42241],[7.11535,6.40149],[7.12799,6.38667],[7.13583,6.37273],[7.14193,6.35965],[7.14738,6.34309],[7.15087,6.33438],[7.15435,6.32131],[7.15915,6.31477],[7.1622,6.30475],[7.16028,6.30347],[7.15043,6.2969],[7.14259,6.28906],[7.1452,6.27468],[7.14913,6.26247],[7.14695,6.25245],[7.14695,6.24461],[7.14772,6.24246],[7.151,6.23261],[7.157,6.23004],[7.17275,6.23398],[7.1893,6.23949],[7.19954,6.23477],[7.20348,6.21822],[7.20426,6.20877],[7.20899,6.20247],[7.21844,6.19617],[7.22396,6.19144],[7.22475,6.17884],[7.22159,6.15757],[7.22234,6.15285],[7.21987,6.14563],[7.21721,6.14091],[7.21554,6.13956],[7.21488,6.13687],[7.21522,6.1362],[7.21725,6.13185],[7.22031,6.12313],[7.22369,6.11811],[7.22906,6.11679],[7.24035,6.11384],[7.24838,6.10873],[7.24972,6.10649],[7.2548,6.10472],[7.2596,6.08772],[7.26308,6.07073],[7.26875,6.06071],[7.27311,6.05722],[7.28923,6.04894],[7.30187,6.04502],[7.31015,6.04502],[7.32845,6.0424],[7.33906,6.04215],[7.33827,6.0362],[7.33303,6.03144],[7.32256,6.00384],[7.31828,5.9986],[7.30163,5.99813],[7.28307,5.9986],[7.2726,5.99765],[7.26403,5.99147],[7.25927,5.97766],[7.25451,5.96529],[7.25642,5.95054],[7.26098,5.93893],[7.25923,5.93636],[7.25875,5.93601],[7.25801,5.93063],[7.25701,5.92962],[7.25132,5.92993],[7.24512,5.93129],[7.24054,5.93161],[7.23796,5.93191],[7.23596,5.9325],[7.23224,5.9331],[7.2288,5.93284],[7.2265,5.93257],[7.22306,5.9323],[7.22047,5.93175],[7.21702,5.93091],[7.215,5.93035],[7.21212,5.92893],[7.20952,5.92723],[7.20778,5.92581],[7.20604,5.9241],[7.20284,5.92096],[7.20179,5.9189],[7.20079,5.91696],[7.19943,5.91453],[7.18807,5.91586],[7.18205,5.91314],[7.17343,5.90691],[7.17257,5.90739],[7.17057,5.90827],[7.1683,5.90943],[7.16488,5.91118],[7.1623,5.91177],[7.15916,5.91265],[7.15659,5.91353],[7.1546,5.91441],[7.15203,5.91557],[7.14918,5.91674],[7.14632,5.91762],[7.14289,5.9185],[7.13831,5.91911],[7.13574,5.9197],[7.13287,5.91972],[7.13058,5.91974],[7.12857,5.91975],[7.12657,5.92034],[7.12457,5.92064],[7.12114,5.92152],[7.11885,5.92183],[7.11657,5.9227],[7.1121,5.92471],[7.10894,5.92922],[7.10659,5.93122],[7.10323,5.93255],[7.10122,5.93254],[7.09755,5.92883],[7.09551,5.92745],[7.09399,5.92774],[7.0914,5.92776],[7.08883,5.92806],[7.08568,5.92837],[7.08311,5.92896],[7.08053,5.92955],[7.07796,5.93015],[7.07596,5.93045],[7.07309,5.93018],[7.0708,5.93048],[7.06822,5.93079],[7.06536,5.93109],[7.06278,5.9314],[7.0602,5.93142],[7.05644,5.93061],[7.05301,5.92946],[7.04782,5.9272],[7.0455,5.9252],[7.04347,5.92349],[7.04116,5.92179],[7.03941,5.91979],[7.03766,5.91751],[7.03563,5.9158],[7.0339,5.91438],[7.031,5.9121],[7.02553,5.90984],[7.02093,5.9093],[7.01777,5.90875],[7.01461,5.90848],[7.00916,5.90766],[7.00311,5.90519],[6.99991,5.90227],[6.99818,5.90084],[6.99672,5.89913],[6.99497,5.89685],[6.99333,5.89816],[6.98679,5.90077],[6.97767,5.90172],[6.97048,5.89339],[6.96831,5.88809],[6.9526,5.86552],[6.94646,5.86151],[6.94119,5.85928],[6.93283,5.85967],[6.93022,5.85569],[6.92193,5.8433],[6.91588,5.8243],[6.91558,5.8238],[6.91174,5.82193],[6.90886,5.82081],[6.90708,5.81956],[6.90302,5.82075],[6.8975,5.82369],[6.89325,5.82706],[6.89111,5.83087],[6.88856,5.83255],[6.88687,5.83042],[6.88562,5.82744],[6.88564,5.82447],[6.8865,5.82193],[6.8901,5.8068],[6.88976,5.8063],[6.88944,5.80372],[6.88882,5.79999],[6.8882,5.79626],[6.88643,5.79226],[6.8855,5.7871],[6.88544,5.78193],[6.88511,5.77878],[6.88449,5.77476],[6.88474,5.77218],[6.8844,5.76787],[6.88408,5.76501],[6.88374,5.76099],[6.8837,5.75783],[6.88365,5.7541],[6.8832,5.75218],[6.88415,5.75015],[6.88479,5.74733],[6.8848,5.74544],[6.88356,5.74418],[6.87672,5.74414],[6.87435,5.74412],[6.87235,5.74442],[6.87007,5.74559],[6.86807,5.74646],[6.86551,5.74791],[6.86324,5.74965],[6.86154,5.7511],[6.86012,5.75254],[6.85871,5.75427],[6.85588,5.75716],[6.85362,5.75948],[6.85107,5.76208],[6.8499,5.76312],[6.84652,5.75693],[6.84296,5.75422],[6.8367,5.75508],[6.83611,5.75488],[6.83627,5.75561],[6.82814,5.76623],[6.81915,5.77425],[6.81421,5.7778],[6.80964,5.78031],[6.80206,5.77889],[6.79381,5.77261],[6.74227,5.73492],[6.69584,5.70868],[6.66989,5.69628],[6.67116,5.70423],[6.66121,5.70182],[6.6524,5.69993],[6.64836,5.6999],[6.64358,5.70171],[6.63249,5.71122],[6.62767,5.71892],[6.62615,5.72364],[6.63362,5.73004],[6.64363,5.74733],[6.65487,5.77153],[6.65483,5.77937],[6.65196,5.7986],[6.65076,5.81711],[6.65793,5.8404],[6.66092,5.85653],[6.66148,5.85728],[6.67075,5.87686],[6.67366,5.88241],[6.67841,5.88649],[6.67899,5.88702],[6.67943,5.88818],[6.68832,5.89685],[6.69776,5.91357],[6.70382,5.9268],[6.70852,5.94071],[6.71321,5.9567],[6.71588,5.9699],[6.71651,5.981],[6.71986,5.99212],[6.72453,6.01227],[6.72649,6.02893],[6.72506,6.04626],[6.71683,6.06214],[6.70928,6.07802],[6.71332,6.08707],[6.72211,6.09755],[6.73771,6.106],[6.74924,6.11372],[6.75533,6.12071],[6.7558,6.12331],[6.75619,6.12543],[6.75799,6.13529],[6.76065,6.1478],[6.76478,6.1558],[6.76604,6.15825],[6.7694,6.16798],[6.7673,6.18184],[6.76289,6.18539],[6.75365,6.19282],[6.7427,6.20937],[6.73582,6.22596],[6.73101,6.23909],[6.72615,6.25986],[6.72502,6.26576],[6.72337,6.2744],[6.72127,6.28825],[6.71918,6.30002],[6.71844,6.3125],[6.71702,6.32497],[6.71492,6.33882],[6.71282,6.35337],[6.70731,6.36858],[6.69977,6.38169],[6.69768,6.39346],[6.6949,6.40661],[6.69213,6.41838],[6.68867,6.43222],[6.68522,6.44259],[6.68177,6.45574],[6.67386,6.46833],[6.67111,6.48484],[6.66892,6.50123],[6.6647,6.53236],[6.68392,6.54312],[6.71704,6.55009],[6.74319,6.5575],[6.76411,6.5636],[6.79331,6.57232],[6.80812,6.58016],[6.80899,6.59803],[6.80899,6.6159],[6.80507,6.63682],[6.80289,6.65643],[6.80071,6.66993],[6.79897,6.67952],[6.80028,6.69347],[6.80638,6.70305],[6.81945,6.71264],[6.83383,6.72223],[6.84211,6.73051],[6.85301,6.74445],[6.85998,6.75317],[6.86826,6.75535],[6.87828,6.76058],[6.88308,6.76842],[6.88482,6.77278],[6.8968,6.79239],[6.91206,6.80067],[6.92339,6.80198],[6.93123,6.78803],[6.93207,6.76769],[6.93341,6.7353],[6.93298,6.72266],[6.93254,6.7109]]]]}},{"type":"Feature","id":"NG005","properties":{"admin1Pcod":"NG005","admin1Name":"Bauchi","admin1RefN":"Bauchi","admin0Pcod":"NG","admin0Name":"Nigeria"},"geometry":{"type":"MultiPolygon","coordinates":[[[[10.75125,12.46148],[10.75615,12.39191],[10.75737,12.37516],[10.75983,12.36965],[10.77291,12.34032],[10.77148,12.31586],[10.76999,12.27981],[10.77501,12.236],[10.78922,12.20116],[10.80082,12.16504],[10.80194,12.12898],[10.80312,12.10322],[10.81068,12.04651],[10.81316,12.01946],[10.81181,12.01045],[10.80392,12.00147],[10.79988,11.97831],[10.79976,11.95255],[10.80991,11.9228],[10.8114,11.92093],[10.81475,11.91673],[10.81575,11.91547],[10.81857,11.90651],[10.82036,11.90295],[10.82044,11.90279],[10.82008,11.90091],[10.81998,11.8997],[10.82008,11.89913],[10.82045,11.89857],[10.82169,11.898],[10.8244,11.89712],[10.82616,11.89518],[10.82887,11.89329],[10.82793,11.89211],[10.82564,11.88577],[10.82225,11.87731],[10.81837,11.86603],[10.8193,11.86038],[10.82166,11.85566],[10.82545,11.84905],[10.83259,11.84383],[10.83879,11.84239],[10.84595,11.84094],[10.84976,11.84045],[10.85643,11.83666],[10.86787,11.83236],[10.88025,11.82524],[10.89084,11.82205],[10.89456,11.82093],[10.90075,11.81901],[10.90407,11.81476],[10.90594,11.80581],[10.90539,11.79169],[10.90247,11.78229],[10.90244,11.7757],[10.90527,11.76956],[10.91192,11.76247],[10.91666,11.75726],[10.91735,11.75161],[10.91628,11.72949],[10.91569,11.70878],[10.91494,11.7022],[10.91395,11.69561],[10.91248,11.68903],[10.91292,11.68102],[10.91336,11.67443],[10.91619,11.66829],[10.91858,11.66484],[10.91951,11.66404],[10.92048,11.66219],[10.92105,11.65862],[10.92299,11.656],[10.92454,11.65112],[10.92511,11.64755],[10.92452,11.64417],[10.92509,11.64061],[10.92547,11.63592],[10.92585,11.63123],[10.92642,11.62766],[10.92564,11.62316],[10.92621,11.61959],[10.92756,11.61359],[10.92697,11.61021],[10.92715,11.6044],[10.92733,11.59858],[10.9279,11.59501],[10.92828,11.59032],[10.92866,11.58563],[10.9302,11.58075],[10.93078,11.57719],[10.93213,11.57118],[10.9325,11.56649],[10.93172,11.56199],[10.93093,11.55749],[10.9313,11.5528],[10.93188,11.54923],[10.93109,11.54473],[10.93167,11.54116],[10.92991,11.53798],[10.92912,11.53347],[10.92833,11.52897],[10.92774,11.5256],[10.92832,11.52203],[10.92889,11.51847],[10.92966,11.51603],[10.92927,11.51377],[10.92965,11.50908],[10.93003,11.50439],[10.9306,11.50083],[10.93467,11.49561],[10.93417,11.49095],[10.93368,11.48636],[10.93561,11.4815],[10.93502,11.47812],[10.93559,11.47456],[10.9348,11.47005],[10.93421,11.46668],[10.93343,11.46218],[10.93116,11.4594],[10.93007,11.44638],[10.92982,11.44329],[10.92638,11.42957],[10.92056,11.41171],[10.91426,11.39432],[10.90994,11.38917],[10.90229,11.38497],[10.88986,11.3808],[10.87507,11.37899],[10.86918,11.37777],[10.86649,11.37505],[10.86355,11.37207],[10.86126,11.36975],[10.8572,11.3692],[10.85331,11.36752],[10.85038,11.36452],[10.85037,11.35758],[10.85561,11.35326],[10.85851,11.34931],[10.86181,11.34762],[10.86608,11.34462],[10.87043,11.34404],[10.87519,11.3396],[10.87948,11.33897],[10.88725,11.3354],[10.89036,11.33258],[10.89482,11.3307],[10.89909,11.32769],[10.90356,11.32581],[10.90803,11.32393],[10.91133,11.32224],[10.9144,11.31895],[10.92252,11.31776],[10.92667,11.31397],[10.93113,11.31208],[10.93443,11.31039],[10.93813,11.31095],[10.94163,11.31038],[10.94356,11.30776],[10.94667,11.30494],[10.94997,11.30325],[10.95347,11.30268],[10.95696,11.30211],[10.9657,11.29722],[10.97347,11.29365],[10.97813,11.29289],[10.98438,11.29659],[10.98697,11.2951],[10.99175,11.29504],[10.99544,11.29588],[10.99914,11.29644],[11.00283,11.29699],[11.00732,11.29587],[11.01163,11.29478],[11.02217,11.29235],[11.02328,11.28542],[11.01984,11.27766],[11.01365,11.26365],[11.00044,11.23617],[10.98499,11.21908],[10.97072,11.20198],[10.95175,11.18494],[10.94959,11.18271],[10.93631,11.16901],[10.92446,11.15879],[10.90437,11.14637],[10.89717,11.13264],[10.87458,11.10643],[10.87442,11.10587],[10.87093,11.0938],[10.87006,11.09215],[10.86663,11.08856],[10.86162,11.08638],[10.86068,11.08483],[10.85476,11.0823],[10.85163,11.08031],[10.84921,11.07877],[10.84348,11.07739],[10.83681,11.07789],[10.82928,11.08068],[10.82377,11.08543],[10.8227,11.08635],[10.80994,11.10149],[10.80786,11.10316],[10.80412,11.10617],[10.79363,11.11437],[10.77959,11.11915],[10.76901,11.11814],[10.76195,11.11707],[10.73238,11.09671],[10.72053,11.08649],[10.71221,11.07738],[10.70148,11.06254],[10.68834,11.04082],[10.67767,11.03174],[10.67049,11.01915],[10.65872,11.017],[10.64816,11.01713],[10.64107,11.01377],[10.63041,11.00468],[10.61856,10.99447],[10.61023,10.9842],[10.60295,10.96241],[10.61549,10.92653],[10.62827,10.9137],[10.63462,10.90378],[10.63867,10.89744],[10.64552,10.87892],[10.64298,10.86052],[10.63,10.85492],[10.61776,10.85826],[10.61017,10.86784],[10.60673,10.87595],[10.59977,10.8841],[10.59395,10.88879],[10.58928,10.89115],[10.58576,10.89119],[10.57986,10.88897],[10.5763,10.88555],[10.57145,10.87064],[10.56898,10.85915],[10.56411,10.84308],[10.55927,10.82932],[10.55198,10.80637],[10.55066,10.79256],[10.54403,10.78199],[10.54387,10.78123],[10.53955,10.77371],[10.53764,10.77137],[10.53287,10.76903],[10.53149,10.76849],[10.52663,10.76383],[10.52426,10.76143],[10.51017,10.74008],[10.50179,10.72521],[10.49582,10.71607],[10.48148,10.69205],[10.47868,10.68785],[10.48656,10.68274],[10.4932,10.67942],[10.50318,10.67609],[10.51479,10.66534],[10.54211,10.629],[10.55362,10.59519],[10.55356,10.5812],[10.55353,10.57363],[10.55878,10.56089],[10.56689,10.55042],[10.57732,10.53761],[10.58897,10.52825],[10.61694,10.50831],[10.63919,10.50227],[10.66031,10.50085],[10.69198,10.49699],[10.70488,10.49452],[10.72827,10.48616],[10.74937,10.48244],[10.76576,10.47762],[10.77978,10.47053],[10.78491,10.46794],[10.7935,10.45991],[10.79929,10.45165],[10.80919,10.43431],[10.82575,10.42023],[10.8351,10.40212],[10.8354,10.39955],[10.83507,10.3951],[10.83403,10.38114],[10.83386,10.36501],[10.83373,10.35234],[10.83361,10.34082],[10.83116,10.33163],[10.82984,10.31782],[10.82857,10.30862],[10.82606,10.29368],[10.83181,10.28209],[10.84575,10.26693],[10.85716,10.23568],[10.85117,10.22424],[10.83933,10.21517],[10.83563,10.20409],[10.83143,10.19845],[10.83029,10.19692],[10.8238,10.1882],[10.81988,10.18115],[10.81723,10.16948],[10.81864,10.15734],[10.81892,10.14406],[10.81775,10.14171],[10.81517,10.12883],[10.81182,10.12296],[10.80618,10.11528],[10.797,10.11043],[10.79063,10.1097],[10.78017,10.11062],[10.77028,10.11213],[10.76069,10.11301],[10.74993,10.11456],[10.74065,10.11434],[10.7302,10.11468],[10.7186,10.11499],[10.70067,10.11226],[10.69313,10.09746],[10.68451,10.08056],[10.68992,10.0714],[10.69525,10.06631],[10.71422,10.05112],[10.71748,10.04985],[10.72767,10.04154],[10.74,10.03428],[10.75116,10.02758],[10.76351,10.01975],[10.77526,10.01248],[10.78845,10.00613],[10.79478,10.0003],[10.8029,9.99098],[10.81217,9.97934],[10.82499,9.96996],[10.84136,9.96284],[10.85772,9.95572],[10.86588,9.94986],[10.87518,9.94052],[10.90668,9.92054],[10.92846,9.90983],[10.93304,9.90129],[10.9362,9.88349],[10.93654,9.88293],[10.94097,9.87552],[10.9456,9.86749],[10.94601,9.86327],[10.94469,9.85527],[10.94421,9.84557],[10.94352,9.83728],[10.94435,9.83195],[10.95012,9.8054],[10.95088,9.79672],[10.95049,9.7914],[10.95131,9.7889],[10.96037,9.77486],[10.96115,9.7658],[10.95946,9.76004],[10.95359,9.75019],[10.95016,9.73743],[10.94982,9.73621],[10.94985,9.73516],[10.95004,9.72593],[10.95028,9.71437],[10.95043,9.70738],[10.9501,9.69519],[10.9515,9.68362],[10.9578,9.65999],[10.96094,9.64846],[10.96655,9.62945],[10.96909,9.61907],[10.97162,9.60926],[10.97355,9.60003],[10.97489,9.59289],[10.97306,9.59166],[10.94556,9.59388],[10.93335,9.59852],[10.92464,9.60159],[10.91422,9.60458],[10.90551,9.60765],[10.90014,9.6126],[10.88801,9.61551],[10.87597,9.6167],[10.87093,9.61475],[10.86572,9.61624],[10.86051,9.61774],[10.85538,9.61751],[10.84855,9.6172],[10.83822,9.61847],[10.82975,9.61635],[10.8195,9.61589],[10.80925,9.61543],[10.80079,9.61332],[10.78891,9.61106],[10.78379,9.61083],[10.77874,9.60887],[10.77037,9.60503],[10.76215,9.59774],[10.75728,9.59233],[10.75402,9.58873],[10.75077,9.58512],[10.74419,9.57963],[10.73923,9.57595],[10.73435,9.57054],[10.73118,9.56521],[10.7228,9.56137],[10.71605,9.55934],[10.70938,9.55558],[10.70442,9.55189],[10.68433,9.54234],[10.67758,9.54031],[10.67245,9.54008],[10.66375,9.54314],[10.65683,9.54456],[10.65162,9.54606],[10.64641,9.54755],[10.63941,9.5507],[10.6342,9.55219],[10.62549,9.55526],[10.61858,9.55668],[10.61337,9.55818],[10.60807,9.5614],[10.60287,9.5629],[10.58911,9.56401],[10.58074,9.56017],[10.57578,9.55649],[10.56911,9.55273],[10.56252,9.54724],[10.55756,9.54356],[10.55252,9.5416],[10.54756,9.53792],[10.54097,9.53243],[10.53625,9.52719],[10.53447,9.52522],[10.52951,9.52153],[10.52113,9.5177],[10.51633,9.51056],[10.51201,9.51115],[10.50991,9.51492],[10.50763,9.52254],[10.5036,9.52622],[10.49967,9.52798],[10.49547,9.53551],[10.49127,9.54305],[10.4889,9.55259],[10.48295,9.55619],[10.47902,9.55795],[10.46538,9.5612],[10.45934,9.56673],[10.4534,9.57032],[10.44946,9.57208],[10.43967,9.57551],[10.42979,9.58086],[10.42585,9.58261],[10.42384,9.58445],[10.41615,9.58411],[10.4102,9.58771],[10.40426,9.59131],[10.3984,9.59298],[10.39254,9.59465],[10.38275,9.59807],[10.37287,9.60343],[10.36491,9.60887],[10.36097,9.61062],[10.35301,9.61606],[10.34698,9.62158],[10.34296,9.62527],[10.33893,9.62895],[10.32686,9.64],[10.31322,9.64325],[10.29739,9.6522],[10.29136,9.65772],[10.28881,9.6591],[10.28332,9.66557],[10.2644,9.68352],[10.25587,9.68826],[10.23024,9.68928],[10.19036,9.68753],[10.14983,9.68163],[10.14738,9.68801],[10.14519,9.6937],[10.14501,9.69756],[10.143,9.6994],[10.14081,9.70509],[10.13678,9.70878],[10.13039,9.722],[10.12838,9.72385],[10.12051,9.72736],[10.11255,9.7328],[10.09672,9.74175],[10.09471,9.74359],[10.08885,9.74526],[10.0829,9.74885],[10.07705,9.75053],[10.06524,9.75579],[10.06004,9.75861],[10.05778,9.75983],[10.05527,9.76004],[10.05147,9.76036],[10.04416,9.76096],[10.02199,9.76593],[10.01655,9.76714],[10.00877,9.76873],[10.00578,9.76758],[10.00309,9.76655],[9.99339,9.76805],[9.98368,9.76955],[9.96575,9.77383],[9.96596,9.77054],[9.96506,9.76705],[9.96177,9.76634],[9.95415,9.75788],[9.94653,9.74849],[9.93507,9.72216],[9.93694,9.71086],[9.93974,9.69296],[9.95481,9.64773],[9.96044,9.6223],[9.95386,9.61118],[9.9421,9.60904],[9.91595,9.61087],[9.90678,9.61179],[9.88154,9.60766],[9.85355,9.60674],[9.83887,9.60124],[9.81685,9.59344],[9.80905,9.5861],[9.79674,9.57118],[9.7962,9.57053],[9.79391,9.56775],[9.78427,9.55719],[9.78145,9.55594],[9.7777,9.5512],[9.75766,9.54454],[9.74694,9.54226],[9.74588,9.53698],[9.74176,9.53479],[9.7326,9.53253],[9.71355,9.52782],[9.70394,9.52739],[9.6945,9.52311],[9.6869,9.52085],[9.68113,9.52059],[9.66968,9.51815],[9.66007,9.51773],[9.65604,9.52141],[9.65028,9.52115],[9.64588,9.52407],[9.63105,9.5203],[9.62537,9.51811],[9.62152,9.51794],[9.612,9.51559],[9.60815,9.51542],[9.5967,9.51298],[9.58525,9.51054],[9.57381,9.5081],[9.56428,9.50575],[9.55659,9.50541],[9.55082,9.50515],[9.54295,9.50866],[9.53102,9.51598],[9.53012,9.51612],[9.52319,9.51774],[9.51926,9.51912],[9.51627,9.52554],[9.51443,9.53196],[9.51143,9.53746],[9.50875,9.53996],[9.50101,9.53441],[9.49189,9.52956],[9.49055,9.5281],[9.49139,9.51966],[9.49138,9.51307],[9.49137,9.50271],[9.48946,9.49142],[9.48755,9.48671],[9.4828,9.47636],[9.479,9.47448],[9.47571,9.47449],[9.46856,9.4745],[9.46382,9.47544],[9.45529,9.48204],[9.4458,9.48582],[9.43632,9.49054],[9.42684,9.49714],[9.42377,9.49932],[9.42279,9.50002],[9.41998,9.50127],[9.41605,9.50303],[9.40827,9.50461],[9.40424,9.5083],[9.40205,9.51399],[9.40178,9.51977],[9.39959,9.52546],[9.3974,9.53116],[9.39799,9.538],[9.39477,9.54649],[9.38873,9.55201],[9.36982,9.55973],[9.3654,9.56315],[9.36282,9.56611],[9.36089,9.56803],[9.35861,9.5703],[9.35634,9.57232],[9.35122,9.57158],[9.34527,9.57518],[9.33973,9.57603],[9.33548,9.5786],[9.32971,9.57835],[9.32264,9.57979],[9.32212,9.58018],[9.31969,9.58198],[9.31875,9.58763],[9.32269,9.60506],[9.32051,9.61076],[9.32015,9.61846],[9.3142,9.62206],[9.30459,9.62163],[9.29729,9.62485],[9.29542,9.62568],[9.29056,9.63055],[9.28767,9.63345],[9.28458,9.63611],[9.28447,9.64004],[9.28429,9.6439],[9.28778,9.65177],[9.29136,9.65772],[9.29118,9.66158],[9.29449,9.67331],[9.29056,9.67506],[9.2902,9.68277],[9.28783,9.69232],[9.28363,9.69985],[9.27934,9.70931],[9.2733,9.71484],[9.27129,9.71668],[9.26753,9.71458],[9.26186,9.7124],[9.25819,9.70838],[9.25076,9.70225],[9.24884,9.70014],[9.24383,9.68749],[9.24003,9.68184],[9.23339,9.68373],[9.22675,9.69032],[9.21726,9.69503],[9.21168,9.70057],[9.21076,9.70088],[9.20251,9.70397],[9.19814,9.70847],[9.19429,9.71519],[9.18642,9.7187],[9.18231,9.72431],[9.17828,9.72799],[9.1736,9.73053],[9.1684,9.73335],[9.16044,9.73878],[9.15218,9.74476],[9.15038,9.74799],[9.15213,9.75193],[9.1558,9.75595],[9.15955,9.75805],[9.16523,9.76023],[9.16899,9.76233],[9.17435,9.76468],[9.1841,9.76879],[9.18795,9.76896],[9.19537,9.77508],[9.20105,9.77727],[9.20673,9.77945],[9.21241,9.78163],[9.21992,9.78583],[9.22359,9.78985],[9.22927,9.79203],[9.23486,9.79614],[9.2367,9.79815],[9.24421,9.80235],[9.25355,9.80856],[9.2553,9.81249],[9.2608,9.81853],[9.26603,9.83035],[9.26769,9.83621],[9.27127,9.84216],[9.27283,9.84995],[9.27449,9.85582],[9.27431,9.85967],[9.27606,9.86361],[9.27771,9.86947],[9.27955,9.87149],[9.28688,9.87953],[9.28854,9.8854],[9.29019,9.89126],[9.29167,9.90098],[9.29156,9.90343],[9.2915,9.90462],[9.29131,9.90869],[9.28921,9.91246],[9.28702,9.91815],[9.28675,9.92393],[9.28658,9.92778],[9.28448,9.93155],[9.28211,9.9411],[9.27983,9.94872],[9.27965,9.95257],[9.27764,9.95441],[9.27554,9.95818],[9.27151,9.96186],[9.26731,9.9694],[9.26713,9.97325],[9.26503,9.97702],[9.26485,9.98087],[9.2645,9.98858],[9.26432,9.99243],[9.26222,9.9962],[9.26204,10.00005],[9.25976,10.00767],[9.25547,10.01713],[9.25337,10.0209],[9.25127,10.02467],[9.24707,10.03221],[9.23929,10.03379],[9.22145,10.04458],[9.21751,10.04634],[9.21174,10.04608],[9.20204,10.04758],[9.19627,10.04732],[9.1905,10.04707],[9.17704,10.04647],[9.17127,10.04621],[9.16358,10.04587],[9.15983,10.04378],[9.15406,10.04352],[9.14994,10.04166],[9.14461,10.04251],[9.14236,10.04288],[9.13667,10.04209],[9.12912,10.03918],[9.12546,10.03941],[9.11587,10.03603],[9.11019,10.03385],[9.10259,10.03158],[9.09123,10.02722],[9.08939,10.0252],[9.08555,10.02503],[9.0741,10.02259],[9.06833,10.02234],[9.06458,10.02024],[9.0589,10.01806],[9.05505,10.01789],[9.04745,10.01562],[9.04168,10.01536],[9.03399,10.01502],[9.03014,10.01485],[9.02428,10.01652],[9.02044,10.01635],[9.01476,10.01417],[9.00523,10.01182],[8.99763,10.00955],[8.99186,10.00929],[8.98631,10.01042],[8.98408,10.01088],[8.97823,10.01255],[8.96642,10.01781],[8.95654,10.02317],[8.95444,10.02693],[8.9564,10.03376],[8.95784,10.03674],[8.95941,10.04453],[8.96097,10.05232],[8.96062,10.06003],[8.96209,10.06975],[8.96357,10.07946],[8.96541,10.08148],[8.96312,10.0891],[8.9667,10.09505],[8.96827,10.10284],[8.96809,10.10669],[8.96984,10.11063],[8.97123,10.12227],[8.97288,10.12814],[8.9727,10.13199],[8.97436,10.13786],[8.97217,10.14355],[8.97199,10.1474],[8.97181,10.15126],[8.97356,10.1552],[8.97713,10.16115],[8.97669,10.17078],[8.97817,10.1805],[8.97607,10.18427],[8.97388,10.18996],[8.96793,10.19356],[8.96592,10.1954],[8.96006,10.19707],[8.95107,10.20312],[8.94615,10.2061],[8.94222,10.20786],[8.93828,10.20961],[8.93033,10.21505],[8.93015,10.21891],[8.92988,10.22469],[8.9297,10.22854],[8.93145,10.24214],[8.93125,10.24511],[8.93467,10.24613],[8.93641,10.25007],[8.93606,10.25778],[8.93579,10.26356],[8.93561,10.26741],[8.93919,10.27336],[8.94469,10.2794],[8.95386,10.28946],[8.95359,10.29524],[8.95489,10.30881],[8.95279,10.31258],[8.94868,10.31818],[8.94631,10.32773],[8.9422,10.33334],[8.93791,10.3428],[8.93572,10.3485],[8.92977,10.35209],[8.92583,10.35385],[8.91814,10.35351],[8.91229,10.35518],[8.90738,10.35612],[8.90392,10.35695],[8.89869,10.35821],[8.89288,10.35807],[8.88711,10.35792],[8.87019,10.35763],[8.85854,10.36585],[8.85036,10.37056],[8.82843,10.37938],[8.82634,10.3827],[8.82352,10.38328],[8.82023,10.3911],[8.81656,10.39599],[8.81165,10.40211],[8.80551,10.40945],[8.79681,10.41678],[8.78925,10.41921],[8.78423,10.42165],[8.77283,10.42407],[8.76395,10.42528],[8.75507,10.42648],[8.74743,10.42646],[8.73986,10.42889],[8.73372,10.43623],[8.73263,10.44236],[8.72907,10.45093],[8.72922,10.45583],[8.73188,10.45951],[8.73589,10.46565],[8.73868,10.46827],[8.75169,10.4714],[8.75601,10.47384],[8.76956,10.47629],[8.77141,10.48056],[8.7714,10.49214],[8.76893,10.50312],[8.76746,10.51228],[8.76796,10.51475],[8.77085,10.52578],[8.77381,10.53927],[8.77396,10.54417],[8.7768,10.55398],[8.7794,10.56267],[8.7821,10.56515],[8.79113,10.5736],[8.8002,10.58089],[8.80686,10.59043],[8.81689,10.60358],[8.82239,10.61308],[8.8278,10.62492],[8.83109,10.63085],[8.83542,10.64032],[8.83855,10.65091],[8.84067,10.65681],[8.84612,10.66747],[8.84933,10.67574],[8.85246,10.68633],[8.85442,10.69688],[8.85522,10.7074],[8.85128,10.72009],[8.84646,10.72459],[8.83798,10.73364],[8.83417,10.74284],[8.83151,10.75208],[8.82898,10.75782],[8.82159,10.76924],[8.8156,10.7737],[8.80721,10.78042],[8.79765,10.7871],[8.79217,10.79137],[8.79046,10.7927],[8.78564,10.7972],[8.77942,10.80865],[8.77684,10.81556],[8.77435,10.82014],[8.76937,10.8293],[8.76788,10.83858],[8.76631,10.85018],[8.76478,10.86062],[8.76462,10.86528],[8.76662,10.87467],[8.76975,10.88526],[8.77171,10.89581],[8.77263,10.90284],[8.77696,10.9123],[8.78141,10.91827],[8.78358,10.92301],[8.78574,10.92774],[8.78775,10.93713],[8.7887,10.94225],[8.78971,10.94768],[8.78826,10.95579],[8.78685,10.96274],[8.78411,10.97431],[8.78017,10.987],[8.77844,11.00326],[8.77816,11.01141],[8.78012,11.02196],[8.78424,11.03725],[8.78845,11.05021],[8.79274,11.06083],[8.79599,11.06793],[8.80149,11.07744],[8.8059,11.08457],[8.81035,11.09055],[8.81601,11.09539],[8.82055,11.09904],[8.82286,11.0995],[8.82749,11.10043],[8.83689,11.09841],[8.84279,11.09627],[8.84985,11.09417],[8.85692,11.09207],[8.86631,11.09004],[8.8745,11.08914],[8.88361,11.09527],[8.88931,11.09895],[8.89622,11.10151],[8.90071,11.10632],[8.90633,11.11233],[8.90849,11.11706],[8.91182,11.12183],[8.91511,11.12777],[8.91961,11.13257],[8.9241,11.13738],[8.92743,11.14215],[8.92843,11.14685],[8.93068,11.14925],[8.93405,11.15286],[8.93509,11.15639],[8.9373,11.15996],[8.93954,11.16236],[8.94404,11.16717],[8.94737,11.17194],[8.95078,11.17438],[8.95531,11.17803],[8.96214,11.18291],[8.97012,11.18784],[8.97698,11.19156],[8.98268,11.19524],[8.98489,11.19881],[8.99051,11.20482],[8.99504,11.20846],[8.99954,11.21327],[9.00295,11.21571],[9.00519,11.21812],[9.00744,11.22052],[9.01193,11.22533],[9.0153,11.22894],[9.01747,11.23367],[9.02084,11.23728],[9.02305,11.24084],[9.02405,11.24554],[9.02854,11.25035],[9.033,11.25632],[9.03869,11.26],[9.04552,11.26489],[9.05463,11.27101],[9.06261,11.27594],[9.06831,11.27962],[9.0763,11.28454],[9.09015,11.28849],[9.09705,11.29105],[9.10387,11.29593],[9.10612,11.29834],[9.10832,11.3019],[9.1117,11.30551],[9.11968,11.31043],[9.12654,11.31415],[9.13337,11.31904],[9.14235,11.32865],[9.1429,11.33198],[9.14541,11.32991],[9.14821,11.32761],[9.15678,11.33055],[9.16117,11.33206],[9.19355,11.35089],[9.20842,11.35796],[9.22495,11.36581],[9.23907,11.36909],[9.27488,11.37173],[9.27904,11.37204],[9.29899,11.37064],[9.31306,11.3693],[9.33175,11.35985],[9.33513,11.35804],[9.34927,11.35041],[9.36211,11.34512],[9.36493,11.34396],[9.36885,11.34234],[9.37189,11.33968],[9.38054,11.33563],[9.38407,11.33337],[9.38643,11.33225],[9.38996,11.32999],[9.39232,11.32887],[9.39467,11.32774],[9.39821,11.32548],[9.40175,11.32322],[9.4041,11.3221],[9.41116,11.31873],[9.41351,11.31761],[9.41587,11.31648],[9.4241,11.31313],[9.42644,11.31316],[9.4288,11.31203],[9.43114,11.31206],[9.43349,11.31094],[9.43817,11.311],[9.4417,11.30989],[9.44657,11.30792],[9.45108,11.30885],[9.4546,11.30774],[9.45692,11.308],[9.46039,11.30839],[9.46275,11.30865],[9.46631,11.30788],[9.46981,11.30908],[9.47565,11.3103],[9.47797,11.31263],[9.47927,11.31651],[9.48116,11.31771],[9.48308,11.31894],[9.48636,11.32103],[9.48929,11.32265],[9.48953,11.32659],[9.49186,11.32777],[9.49418,11.3301],[9.49767,11.33244],[9.49998,11.33477],[9.50584,11.33484],[9.51051,11.33605],[9.51518,11.33726],[9.52102,11.33848],[9.52335,11.33966],[9.52802,11.34087],[9.53154,11.34091],[9.53505,11.34095],[9.5374,11.33983],[9.54209,11.33989],[9.54678,11.33879],[9.54913,11.33767],[9.55501,11.33544],[9.55737,11.33431],[9.56091,11.3309],[9.56681,11.32752],[9.57035,11.32411],[9.57155,11.32182],[9.57276,11.31838],[9.57395,11.31609],[9.57398,11.31379],[9.5752,11.3092],[9.57643,11.30346],[9.57648,11.29885],[9.57651,11.2954],[9.57778,11.2862],[9.57665,11.28273],[9.5755,11.28042],[9.57553,11.27696],[9.57675,11.27237],[9.58034,11.26551],[9.58226,11.25965],[9.58573,11.25839],[9.58977,11.25986],[9.59562,11.25994],[9.60266,11.25887],[9.61322,11.25669],[9.61674,11.25558],[9.62498,11.25246],[9.62862,11.25191],[9.6355,11.25351],[9.64137,11.25243],[9.64605,11.25249],[9.64955,11.25368],[9.65541,11.25375],[9.66593,11.25503],[9.67061,11.25508],[9.67764,11.25517],[9.68581,11.25757],[9.68815,11.2576],[9.69283,11.25766],[9.69751,11.25886],[9.69943,11.25727],[9.70486,11.25907],[9.70731,11.25988],[9.71082,11.26105],[9.71747,11.26326],[9.71952,11.26349],[9.72205,11.26389],[9.72441,11.26386],[9.72909,11.26155],[9.73825,11.26369],[9.74664,11.26291],[9.74898,11.26294],[9.75131,11.26412],[9.7595,11.26537],[9.76299,11.26772],[9.76649,11.26891],[9.76999,11.2701],[9.77349,11.2713],[9.77697,11.27364],[9.78048,11.27484],[9.78398,11.27603],[9.78746,11.27837],[9.78981,11.2784],[9.7945,11.28124],[9.79736,11.28297],[9.80144,11.28545],[9.80495,11.28549],[9.80847,11.28554],[9.81316,11.28444],[9.81667,11.28448],[9.81901,11.28451],[9.82254,11.2834],[9.82489,11.28228],[9.82493,11.27883],[9.82612,11.27654],[9.82616,11.27309],[9.82855,11.26851],[9.82975,11.26622],[9.82977,11.26392],[9.83098,11.26048],[9.83217,11.25819],[9.83459,11.25131],[9.83698,11.24673],[9.83934,11.24446],[9.8429,11.2399],[9.8441,11.23761],[9.84647,11.23533],[9.84887,11.22961],[9.85006,11.22732],[9.8513,11.22158],[9.8525,11.21814],[9.85489,11.21356],[9.85609,11.21127],[9.85967,11.20441],[9.86088,11.20097],[9.86211,11.19522],[9.86332,11.19178],[9.86572,11.18606],[9.86929,11.18034],[9.87166,11.17807],[9.87639,11.17352],[9.87874,11.1724],[9.88228,11.17014],[9.88818,11.1656],[9.89173,11.16219],[9.89294,11.15875],[9.89181,11.15528],[9.8895,11.1518],[9.88486,11.14714],[9.88256,11.14366],[9.87907,11.14131],[9.87211,11.13547],[9.86863,11.13198],[9.86514,11.12963],[9.86283,11.1273],[9.86168,11.12498],[9.8582,11.12149],[9.85706,11.11917],[9.85708,11.11687],[9.85594,11.11455],[9.8548,11.11108],[9.85365,11.10877],[9.85373,11.10186],[9.85499,11.09266],[9.85502,11.09036],[9.85504,11.08806],[9.85627,11.08232],[9.85631,11.07886],[9.85516,11.07654],[9.85404,11.07193],[9.85293,11.06616],[9.85296,11.06385],[9.8542,11.05696],[9.85422,11.05466],[9.85425,11.05235],[9.85428,11.04959],[9.85432,11.04545],[9.85437,11.04084],[9.85441,11.03739],[9.85563,11.0328],[9.85687,11.0259],[9.85808,11.02246],[9.85811,11.01901],[9.85933,11.01442],[9.86293,11.0064],[9.86582,10.9994],[9.86886,10.99957],[9.87121,10.99844],[9.87403,10.99735],[9.88182,10.99166],[9.88717,10.99227],[9.89039,10.99102],[9.90064,10.98383],[9.90356,10.98517],[9.90652,10.9816],[9.9091,10.98272],[9.9116,10.98213],[9.91593,10.97711],[9.91827,10.97714],[9.92181,10.97488],[9.92886,10.97266],[9.93592,10.96929],[9.93944,10.96818],[9.94414,10.96709],[9.95003,10.9637],[9.95355,10.96259],[9.95825,10.9615],[9.96646,10.96045],[9.96879,10.96163],[9.97346,10.96283],[9.98047,10.96407],[9.98514,10.96528],[9.98866,10.96532],[9.991,10.96535],[9.99451,10.96539],[9.99801,10.96659],[10.00269,10.96664],[10.00619,10.96784],[10.00719,10.96818],[10.00819,10.96761],[10.0206,10.97464],[10.02442,10.97745],[10.0287,10.97462],[10.03251,10.97508],[10.04014,10.97694],[10.04585,10.97645],[10.05157,10.97597],[10.05729,10.9783],[10.06302,10.98064],[10.0697,10.98392],[10.07556,10.98919],[10.07622,10.98941],[10.07856,10.98944],[10.08678,10.98723],[10.09031,10.98612],[10.0962,10.98274],[10.10088,10.9828],[10.10324,10.98167],[10.10563,10.9771],[10.10565,10.9748],[10.10858,10.96752],[10.11046,10.96334],[10.114,10.95993],[10.11755,10.95652],[10.11992,10.95424],[10.12227,10.95312],[10.12463,10.952],[10.12698,10.95087],[10.13404,10.9475],[10.14342,10.94647],[10.14576,10.9465],[10.14812,10.94537],[10.15109,10.94725],[10.15416,10.9462],[10.15632,10.94432],[10.15984,10.94436],[10.16335,10.9444],[10.1657,10.94328],[10.16804,10.94331],[10.17274,10.94221],[10.17508,10.94224],[10.17858,10.94344],[10.18209,10.94348],[10.18676,10.94469],[10.18908,10.94702],[10.19141,10.9482],[10.19256,10.95051],[10.1937,10.95283],[10.19368,10.95513],[10.1948,10.95975],[10.19478,10.96206],[10.19475,10.96436],[10.19238,10.96778],[10.18883,10.9712],[10.18763,10.97348],[10.18411,10.97459],[10.18057,10.97685],[10.17823,10.97682],[10.17587,10.97795],[10.17136,10.97857],[10.17045,10.9804],[10.16647,10.98129],[10.16412,10.98241],[10.16175,10.98468],[10.15822,10.98695],[10.15467,10.99036],[10.15229,10.99378],[10.15117,10.99693],[10.14984,11.00065],[10.14885,11.00342],[10.14512,11.00751],[10.14273,11.01209],[10.14153,11.01438],[10.14267,11.01785],[10.14513,11.02148],[10.14444,11.02697],[10.14839,11.03058],[10.14952,11.03405],[10.15067,11.03636],[10.15296,11.041],[10.15411,11.04331],[10.15759,11.04681],[10.15987,11.0526],[10.16217,11.05608],[10.16564,11.06072],[10.16678,11.06304],[10.16909,11.06652],[10.17255,11.07117],[10.17486,11.07465],[10.17719,11.07583],[10.17833,11.07815],[10.18065,11.08048],[10.18297,11.08281],[10.18644,11.08631],[10.18876,11.08864],[10.19225,11.09098],[10.19455,11.09447],[10.19889,11.10068],[10.20135,11.10116],[10.20721,11.1023],[10.2108,11.10301],[10.21553,11.10393],[10.21787,11.10396],[10.22891,11.1037],[10.22861,11.10079],[10.23197,11.09952],[10.23434,11.09725],[10.23786,11.09614],[10.24022,11.09502],[10.24257,11.09389],[10.24491,11.09392],[10.24725,11.09395],[10.25311,11.09402],[10.25662,11.09406],[10.26013,11.09411],[10.26246,11.09529],[10.26478,11.09762],[10.26709,11.09995],[10.26823,11.10342],[10.2705,11.11035],[10.27282,11.11268],[10.27749,11.11389],[10.27983,11.11392],[10.28216,11.1151],[10.28409,11.11682],[10.28458,11.11725],[10.28745,11.11881],[10.29461,11.12349],[10.29747,11.12348],[10.30319,11.12346],[10.30512,11.1291],[10.30656,11.13145],[10.31085,11.13191],[10.31561,11.12954],[10.32133,11.12904],[10.32623,11.12992],[10.32767,11.12947],[10.33116,11.13181],[10.33347,11.13529],[10.33576,11.13993],[10.33572,11.14338],[10.33802,11.14801],[10.33916,11.15033],[10.34031,11.15265],[10.34379,11.15614],[10.34609,11.15963],[10.34644,11.16285],[10.3507,11.16659],[10.35418,11.17009],[10.35881,11.17475],[10.36114,11.17593],[10.36462,11.17942],[10.36336,11.18747],[10.3645,11.19094],[10.36447,11.19324],[10.36562,11.19555],[10.36558,11.19901],[10.36672,11.20248],[10.36551,11.20592],[10.36316,11.20704],[10.35846,11.20813],[10.35261,11.20806],[10.34675,11.20799],[10.34208,11.20678],[10.33857,11.20674],[10.33273,11.20552],[10.33039,11.20549],[10.3222,11.2042],[10.31896,11.20448],[10.31405,11.20479],[10.31268,11.20488],[10.30938,11.20509],[10.30705,11.20523],[10.30356,11.20545],[10.29881,11.20575],[10.29486,11.206],[10.29199,11.20768],[10.28838,11.20829],[10.28137,11.20947],[10.27859,11.20994],[10.27672,11.21109],[10.2731,11.21161],[10.27064,11.21196],[10.26494,11.21278],[10.26109,11.21352],[10.25531,11.2184],[10.25061,11.2195],[10.24709,11.2206],[10.24239,11.2217],[10.23812,11.22305],[10.23534,11.22392],[10.233,11.22389],[10.22948,11.225],[10.22597,11.22495],[10.22362,11.22493],[10.22127,11.22605],[10.21776,11.22601],[10.21542,11.22598],[10.21306,11.2271],[10.21072,11.22707],[10.20838,11.22705],[10.2023,11.22568],[10.20003,11.22609],[10.19552,11.22459],[10.18969,11.22221],[10.18734,11.22334],[10.18383,11.22329],[10.17562,11.22435],[10.17327,11.22547],[10.16974,11.22658],[10.16505,11.22767],[10.15916,11.23106],[10.15089,11.23786],[10.14853,11.23899],[10.14211,11.23996],[10.1415,11.24005],[10.13798,11.24001],[10.1333,11.23995],[10.12743,11.24103],[10.12273,11.24328],[10.11685,11.24551],[10.11331,11.24777],[10.11096,11.24889],[10.10743,11.25],[10.09919,11.25451],[10.09565,11.25677],[10.09214,11.25673],[10.08745,11.25782],[10.08393,11.25778],[10.08041,11.25889],[10.07573,11.25883],[10.0702,11.26021],[10.06725,11.26095],[10.06419,11.26019],[10.06041,11.26153],[10.05696,11.26206],[10.05461,11.26203],[10.05227,11.262],[10.04875,11.26311],[10.04641,11.26308],[10.03704,11.26297],[10.03471,11.26179],[10.03121,11.2606],[10.02772,11.25825],[10.02422,11.25706],[10.02185,11.25462],[10.01956,11.2547],[10.01487,11.2546],[10.00789,11.2511],[10.00556,11.24992],[10.00323,11.24874],[10.00092,11.24641],[9.99739,11.24752],[9.9962,11.24981],[9.99384,11.25093],[9.99149,11.25206],[9.99029,11.25434],[9.9891,11.25663],[9.98779,11.25976],[9.9867,11.26236],[9.9855,11.26465],[9.98313,11.26692],[9.98076,11.27035],[9.97955,11.27379],[9.97795,11.27609],[9.97737,11.27655],[9.9769,11.27692],[9.9664,11.28643],[9.95213,11.29918],[9.94881,11.30578],[9.94263,11.3138],[9.93167,11.31853],[9.92358,11.32326],[9.92119,11.32374],[9.91977,11.32656],[9.92025,11.32939],[9.91835,11.33316],[9.91598,11.33787],[9.91074,11.34118],[9.90503,11.34496],[9.90462,11.34562],[9.90032,11.34767],[9.89682,11.3488],[9.89505,11.35147],[9.885,11.3567],[9.88263,11.35897],[9.88144,11.36126],[9.87906,11.36469],[9.87786,11.36697],[9.87784,11.36928],[9.87782,11.37158],[9.87779,11.37388],[9.87927,11.37642],[9.87804,11.37827],[9.88004,11.38312],[9.88,11.38657],[9.87998,11.38888],[9.88111,11.39235],[9.88107,11.3958],[9.88221,11.39927],[9.88218,11.40157],[9.88216,11.40387],[9.88211,11.40848],[9.88209,11.41078],[9.88206,11.41308],[9.88087,11.41537],[9.88083,11.41882],[9.88081,11.42113],[9.88078,11.42343],[9.87956,11.42802],[9.87954,11.43032],[9.8795,11.43378],[9.88064,11.43724],[9.8806,11.4407],[9.88056,11.44415],[9.88054,11.44645],[9.8812,11.44846],[9.87763,11.45377],[9.87334,11.45566],[9.86571,11.45709],[9.86047,11.45805],[9.85475,11.46136],[9.85524,11.46512],[9.85334,11.46842],[9.84904,11.4689],[9.84571,11.47173],[9.84047,11.47551],[9.8376,11.47458],[9.82994,11.46235],[9.8242,11.45625],[9.82134,11.45484],[9.81466,11.45627],[9.81179,11.45392],[9.80845,11.45205],[9.80368,11.45064],[9.80082,11.45159],[9.79653,11.45537],[9.7951,11.45678],[9.79117,11.46003],[9.78939,11.4615],[9.78797,11.46715],[9.78679,11.47354],[9.78675,11.47439],[9.78652,11.47871],[9.78649,11.48216],[9.78528,11.4856],[9.78524,11.48906],[9.78405,11.49134],[9.78518,11.49481],[9.78515,11.49827],[9.78395,11.50055],[9.78392,11.50401],[9.78271,11.50745],[9.78268,11.50975],[9.78146,11.51434],[9.78027,11.51663],[9.77972,11.52007],[9.77783,11.52581],[9.77778,11.53042],[9.77893,11.53273],[9.78123,11.53621],[9.78354,11.5397],[9.78703,11.54204],[9.79166,11.5467],[9.79607,11.5486],[9.79743,11.5514],[9.8033,11.55375],[9.80561,11.55608],[9.81027,11.55844],[9.81375,11.56194],[9.81605,11.56542],[9.81837,11.56775],[9.81951,11.57122],[9.82063,11.57622],[9.82068,11.57908],[9.8206,11.58275],[9.82052,11.5862],[9.8215,11.58843],[9.8218,11.5888],[9.82467,11.59349],[9.82547,11.59778],[9.82469,11.60168],[9.82114,11.60636],[9.81986,11.60859],[9.81809,11.61167],[9.81837,11.61961],[9.81599,11.62338],[9.81505,11.62621],[9.82174,11.63231],[9.8251,11.63796],[9.82639,11.64474],[9.82572,11.64844],[9.82452,11.65073],[9.8233,11.65532],[9.82211,11.65761],[9.82207,11.66106],[9.82087,11.6645],[9.8208,11.67026],[9.82077,11.67371],[9.82072,11.67832],[9.82067,11.68292],[9.82061,11.68844],[9.81996,11.68928],[9.81043,11.69542],[9.8047,11.69779],[9.80328,11.70061],[9.81094,11.71001],[9.81144,11.72131],[9.80525,11.72885],[9.79763,11.73499],[9.77567,11.73833],[9.76421,11.73647],[9.7537,11.73367],[9.74175,11.72757],[9.72742,11.72336],[9.71404,11.72057],[9.69543,11.72296],[9.67443,11.72629],[9.6667,11.72921],[9.66616,11.72941],[9.66444,11.72939],[9.66093,11.72935],[9.65505,11.73158],[9.65271,11.73155],[9.6492,11.73151],[9.64567,11.73262],[9.64214,11.73488],[9.63978,11.736],[9.63742,11.73828],[9.63505,11.74055],[9.63267,11.74398],[9.63028,11.74855],[9.62908,11.75199],[9.62788,11.75428],[9.62667,11.75772],[9.62665,11.76002],[9.62778,11.76349],[9.62892,11.76696],[9.63119,11.77389],[9.63232,11.77736],[9.63346,11.78083],[9.63577,11.78316],[9.63809,11.78549],[9.6439,11.79017],[9.6474,11.79136],[9.64973,11.79254],[9.65207,11.79257],[9.65284,11.79296],[9.65783,11.78893],[9.6626,11.78751],[9.66833,11.78561],[9.67215,11.78561],[9.67358,11.78702],[9.67311,11.79031],[9.67265,11.79596],[9.67123,11.8035],[9.67173,11.81479],[9.67126,11.82233],[9.67366,11.82938],[9.67893,11.83738],[9.6799,11.84255],[9.67946,11.86185],[9.68425,11.86938],[9.68855,11.87266],[9.69811,11.87453],[9.70097,11.87123],[9.70717,11.86698],[9.71193,11.86085],[9.71765,11.8566],[9.72386,11.85659],[9.73152,11.86223],[9.75925,11.87629],[9.79365,11.88375],[9.82997,11.89026],[9.83762,11.89354],[9.8405,11.89824],[9.84867,11.91894],[9.85921,11.93209],[9.87212,11.93959],[9.87549,11.94665],[9.88201,11.95045],[9.88342,11.95081],[9.88926,11.95203],[9.89161,11.95206],[9.89395,11.95209],[9.89406,11.95209],[9.89863,11.95214],[9.90213,11.95334],[9.90678,11.95685],[9.91146,11.9569],[9.91379,11.95808],[9.92078,11.96162],[9.92429,11.96166],[9.92663,11.96169],[9.92896,11.96287],[9.93246,11.96407],[9.93713,11.96527],[9.94415,11.96651],[9.94765,11.9677],[9.95116,11.96775],[9.95821,11.96553],[9.96173,11.96442],[9.96526,11.96331],[9.96993,11.96452],[9.97222,11.96915],[9.97687,11.97266],[9.98038,11.9727],[9.98856,11.97396],[9.99206,11.97515],[9.99556,11.97634],[10.00374,11.97874],[10.00958,11.97997],[10.01541,11.98234],[10.02008,11.98355],[10.02474,11.98591],[10.02824,11.9871],[10.03525,11.98834],[10.03992,11.98954],[10.04692,11.99193],[10.05042,11.99312],[10.05392,11.99432],[10.05859,11.99553],[10.06325,11.99789],[10.06559,11.99791],[10.06792,11.99909],[10.07143,12.00029],[10.07841,12.00383],[10.08191,12.00502],[10.08541,12.00621],[10.08774,12.00739],[10.09124,12.00859],[10.09474,12.00978],[10.09706,12.01211],[10.09587,12.0144],[10.09583,12.01785],[10.09577,12.02361],[10.09923,12.02826],[10.10273,12.02945],[10.10625,12.02949],[10.10977,12.02839],[10.11211,12.02841],[10.11562,12.02846],[10.12148,12.02853],[10.12263,12.03084],[10.12608,12.03664],[10.12841,12.03782],[10.13074,12.039],[10.13425,12.03904],[10.13894,12.03795],[10.1413,12.03683],[10.14364,12.03685],[10.14714,12.03805],[10.15064,12.03924],[10.15414,12.04044],[10.15447,12.0411],[10.15459,12.04371],[10.15598,12.0491],[10.16384,12.0585],[10.16423,12.05896],[10.16427,12.07335],[10.16156,12.08235],[10.15161,12.11115],[10.1471,12.12644],[10.14534,12.14893],[10.15276,12.18307],[10.16849,12.24865],[10.1731,12.26122],[10.19236,12.28633],[10.19317,12.28765],[10.20062,12.29979],[10.19565,12.3272],[10.19524,12.32948],[10.19619,12.34026],[10.2081,12.35191],[10.22368,12.36714],[10.23377,12.377],[10.24204,12.39315],[10.24756,12.40303],[10.24868,12.40312],[10.25097,12.40775],[10.25326,12.41239],[10.25557,12.41587],[10.2567,12.41934],[10.259,12.4228],[10.26133,12.42515],[10.26479,12.4298],[10.26593,12.43327],[10.26825,12.43445],[10.27405,12.44027],[10.27752,12.44377],[10.28101,12.44611],[10.28334,12.44729],[10.28566,12.44963],[10.28799,12.4508],[10.29615,12.45436],[10.29849,12.45439],[10.30199,12.45558],[10.3055,12.45562],[10.31016,12.45798],[10.31366,12.45918],[10.31833,12.46038],[10.32417,12.46161],[10.32767,12.4628],[10.33117,12.46399],[10.33585,12.4652],[10.33758,12.46565],[10.34052,12.46641],[10.34402,12.4676],[10.3487,12.46766],[10.35221,12.4677],[10.35688,12.46891],[10.36038,12.4701],[10.37111,12.47226],[10.37555,12.47282],[10.37901,12.47326],[10.3873,12.47158],[10.38964,12.47161],[10.39433,12.47166],[10.39901,12.47172],[10.40135,12.47175],[10.40603,12.47181],[10.41072,12.47186],[10.41306,12.47189],[10.41657,12.47193],[10.42127,12.47084],[10.42478,12.47088],[10.42834,12.46632],[10.42838,12.46286],[10.42957,12.46058],[10.42962,12.45597],[10.43205,12.44794],[10.43207,12.44564],[10.43327,12.44335],[10.43329,12.44105],[10.43331,12.43874],[10.43453,12.43415],[10.43573,12.43187],[10.43929,12.4273],[10.444,12.42506],[10.44635,12.42393],[10.45103,12.42399],[10.45803,12.42638],[10.46154,12.42757],[10.46386,12.42875],[10.46619,12.42993],[10.46854,12.42996],[10.47204,12.43115],[10.47671,12.43236],[10.48487,12.43591],[10.49185,12.43945],[10.493,12.44177],[10.49647,12.44642],[10.50455,12.45688],[10.5057,12.45919],[10.50915,12.46499],[10.51147,12.46732],[10.51726,12.47315],[10.52191,12.47666],[10.52654,12.48132],[10.53586,12.48604],[10.54401,12.49074],[10.54635,12.49077],[10.55218,12.49315],[10.56152,12.49556],[10.56502,12.49676],[10.56968,12.49911],[10.57318,12.50031],[10.57784,12.50267],[10.58133,12.50501],[10.58482,12.50736],[10.58829,12.51085],[10.5906,12.51434],[10.5929,12.51782],[10.59405,12.52013],[10.59705,12.52015],[10.60075,12.52071],[10.60444,12.52127],[10.61047,12.52145],[10.61397,12.52088],[10.61843,12.519],[10.62193,12.51844],[10.62523,12.51674],[10.62873,12.51618],[10.6332,12.5143],[10.63494,12.51054],[10.63648,12.50566],[10.63959,12.50284],[10.64152,12.50022],[10.64299,12.49823],[10.66239,12.49279],[10.67808,12.48757],[10.7055,12.47328],[10.73164,12.46543],[10.74211,12.46538],[10.75125,12.46148]]]]}},{"type":"Feature","id":"NG006","properties":{"admin1Pcod":"NG006","admin1Name":"Bayelsa","admin1RefN":"Bayelsa","admin0Pcod":"NG","admin0Name":"Nigeria"},"geometry":{"type":"MultiPolygon","coordinates":[[[[6.55283,5.37988],[6.56198,5.37925],[6.56963,5.37214],[6.56946,5.36285],[6.5687,5.34707],[6.56708,5.33362],[6.56316,5.32021],[6.55565,5.31059],[6.54862,5.30235],[6.54117,5.29597],[6.53088,5.28454],[6.53251,5.27382],[6.53738,5.26491],[6.54779,5.25775],[6.56664,5.23697],[6.55276,5.22654],[6.54923,5.21265],[6.5558,5.20291],[6.55883,5.19842],[6.55338,5.18981],[6.54449,5.18629],[6.53493,5.18683],[6.5057,5.18691],[6.49481,5.18684],[6.48334,5.18129],[6.47913,5.17639],[6.47674,5.17273],[6.47618,5.16604],[6.47691,5.1478],[6.47792,5.13735],[6.47298,5.1285],[6.46434,5.10727],[6.4605,5.09805],[6.45105,5.08288],[6.4439,5.06814],[6.43904,5.05289],[6.42961,5.03865],[6.42577,5.02942],[6.41727,5.0161],[6.41156,5.00458],[6.41039,4.99113],[6.42167,4.98163],[6.43068,4.97358],[6.43742,4.96649],[6.4404,4.95482],[6.44064,4.94319],[6.43399,4.9303],[6.42556,4.92069],[6.42072,4.90684],[6.41457,4.89626],[6.40661,4.8871],[6.40088,4.87512],[6.39839,4.86448],[6.39861,4.85147],[6.39928,4.83844],[6.40228,4.82724],[6.40886,4.81225],[6.41281,4.80289],[6.42286,4.77715],[6.42998,4.76587],[6.44142,4.74533],[6.44594,4.73004],[6.45943,4.724],[6.46106,4.71328],[6.47848,4.7139],[6.48419,4.71856],[6.48964,4.723],[6.49899,4.73259],[6.50153,4.73448],[6.5106,4.74122],[6.51367,4.74382],[6.51758,4.74713],[6.52354,4.75073],[6.52731,4.753],[6.53744,4.75561],[6.55261,4.7586],[6.55835,4.7585],[6.56009,4.75663],[6.56009,4.75663],[6.56009,4.75663],[6.56087,4.75229],[6.56052,4.74775],[6.56111,4.74435],[6.56111,4.74435],[6.56471,4.74003],[6.56849,4.73703],[6.57772,4.7335],[6.58196,4.73394],[6.58354,4.73411],[6.58354,4.73411],[6.589,4.73339],[6.59803,4.72986],[6.59718,4.72448],[6.59659,4.72079],[6.59288,4.71398],[6.58316,4.70787],[6.57798,4.70221],[6.57273,4.69648],[6.57011,4.69152],[6.56754,4.68664],[6.56454,4.68153],[6.56309,4.67906],[6.56268,4.67402],[6.5617,4.66169],[6.56138,4.65712],[6.56101,4.65187],[6.5622,4.64018],[6.56262,4.63603],[6.56476,4.62727],[6.56648,4.62021],[6.58166,4.59389],[6.5968,4.57362],[6.60288,4.56158],[6.60292,4.5563],[6.59931,4.53438],[6.58829,4.49808],[6.57867,4.47839],[6.57568,4.47611],[6.56374,4.46697],[6.55409,4.45106],[6.55116,4.44065],[6.5475,4.42762],[6.54987,4.40952],[6.55126,4.40016],[6.55222,4.39368],[6.56059,4.37638],[6.57266,4.36589],[6.58243,4.36219],[6.58662,4.35969],[6.58996,4.35771],[6.59596,4.34615],[6.60183,4.33484],[6.59892,4.33426],[6.5972,4.332],[6.59487,4.33032],[6.59188,4.32902],[6.58851,4.32785],[6.58605,4.32734],[6.58008,4.32721],[6.56997,4.32772],[6.5659,4.32767],[6.56102,4.32759],[6.55299,4.32708],[6.55171,4.32712],[6.53816,4.32501],[6.5282,4.32351],[6.52338,4.32348],[6.51834,4.32399],[6.51671,4.32431],[6.5124,4.32409],[6.50657,4.32383],[6.49866,4.32293],[6.49373,4.32228],[6.48517,4.32046],[6.48128,4.31904],[6.46919,4.3154],[6.46313,4.31541],[6.45483,4.31761],[6.45159,4.31722],[6.44719,4.31765],[6.44342,4.32111],[6.44148,4.32396],[6.43875,4.32513],[6.43461,4.32695],[6.43148,4.32932],[6.42358,4.32732],[6.41256,4.31722],[6.41412,4.31515],[6.41684,4.31359],[6.42229,4.31139],[6.42294,4.3084],[6.42034,4.30607],[6.41256,4.30503],[6.40828,4.30451],[6.3996,4.30568],[6.39065,4.30439],[6.38443,4.30348],[6.37859,4.30335],[6.37341,4.30244],[6.36407,4.30218],[6.35162,4.30101],[6.34916,4.30114],[6.3301,4.29972],[6.32699,4.2992],[6.32024,4.29855],[6.3135,4.29699],[6.30469,4.29596],[6.29716,4.29466],[6.29418,4.29427],[6.29211,4.29375],[6.29208,4.29375],[6.29071,4.29333],[6.2895,4.29301],[6.28874,4.29301],[6.28686,4.2933],[6.27743,4.29352],[6.27668,4.29349],[6.27318,4.29285],[6.26864,4.29259],[6.25736,4.29246],[6.25386,4.29259],[6.24958,4.29336],[6.24699,4.29362],[6.24478,4.29466],[6.2405,4.29557],[6.23817,4.2957],[6.23558,4.2979],[6.23558,4.30063],[6.22118,4.2957],[6.22209,4.29207],[6.22274,4.29012],[6.2217,4.28507],[6.21859,4.28273],[6.21613,4.28131],[6.21418,4.28079],[6.20887,4.28157],[6.20381,4.28066],[6.19979,4.27949],[6.19396,4.27884],[6.19102,4.27823],[6.18868,4.27857],[6.18547,4.27924],[6.18199,4.27924],[6.17852,4.27797],[6.17491,4.27797],[6.1709,4.27723],[6.16836,4.27737],[6.16468,4.27737],[6.16167,4.27696],[6.15635,4.27677],[6.14984,4.27496],[6.14702,4.27469],[6.14157,4.27469],[6.13676,4.27557],[6.13353,4.27534],[6.13016,4.27469],[6.12653,4.27521],[6.12057,4.27547],[6.11642,4.27495],[6.11395,4.27495],[6.10734,4.27508],[6.10306,4.2734],[6.09956,4.27301],[6.09645,4.27404],[6.09178,4.27495],[6.08724,4.27379],[6.08387,4.27404],[6.08232,4.27573],[6.08232,4.27884],[6.08297,4.28247],[6.07402,4.29077],[6.07029,4.28968],[6.06503,4.28924],[6.05999,4.28946],[6.0556,4.29143],[6.04859,4.29318],[6.04135,4.29428],[6.02901,4.29763],[6.01943,4.30151],[6.01439,4.30064],[6.01022,4.30195],[6.00759,4.30436],[6.00387,4.30634],[6.0008,4.30897],[5.99334,4.30962],[5.9883,4.31182],[5.98238,4.31225],[5.97647,4.31445],[5.97559,4.31686],[5.97559,4.31993],[5.97822,4.32628],[5.96726,4.3379],[5.96441,4.33724],[5.95761,4.34075],[5.95235,4.34316],[5.94928,4.34382],[5.93876,4.34974],[5.92802,4.35588],[5.91399,4.36136],[5.90893,4.3643],[5.90566,4.3653],[5.8947,4.37035],[5.88126,4.37919],[5.87015,4.38657],[5.85877,4.39423],[5.84735,4.40191],[5.84406,4.40454],[5.83683,4.41353],[5.83178,4.41726],[5.82806,4.4212],[5.82236,4.42756],[5.81775,4.43129],[5.80855,4.43874],[5.79978,4.44532],[5.79496,4.44839],[5.77895,4.46088],[5.77479,4.46483],[5.76909,4.46833],[5.75572,4.47754],[5.74519,4.48565],[5.74169,4.48916],[5.73555,4.49223],[5.72853,4.49859],[5.7213,4.50451],[5.71363,4.51042],[5.71209,4.51218],[5.70793,4.51547],[5.70464,4.51985],[5.70201,4.53213],[5.69697,4.53278],[5.69236,4.53366],[5.68798,4.53739],[5.68206,4.55207],[5.6757,4.55492],[5.6711,4.55821],[5.66628,4.56216],[5.66343,4.5672],[5.66255,4.57027],[5.65431,4.57934],[5.64786,4.58868],[5.64,4.59549],[5.63756,4.60162],[5.63471,4.60666],[5.62569,4.61442],[5.61652,4.63121],[5.60994,4.64086],[5.60819,4.6447],[5.60577,4.64721],[5.60284,4.65223],[5.59436,4.66446],[5.59148,4.66867],[5.58802,4.67374],[5.58138,4.67904],[5.58087,4.68043],[5.57846,4.68138],[5.57297,4.68619],[5.57111,4.69104],[5.57052,4.69721],[5.568,4.70027],[5.56107,4.70858],[5.55692,4.71181],[5.55097,4.72438],[5.54634,4.73216],[5.5446,4.73738],[5.54599,4.74295],[5.54843,4.74399],[5.55121,4.74051],[5.55399,4.73356],[5.55365,4.73043],[5.55886,4.72451],[5.56268,4.72317],[5.56668,4.72721],[5.56477,4.73738],[5.55991,4.74121],[5.54565,4.74955],[5.53973,4.75268],[5.53104,4.76033],[5.53382,4.76242],[5.53313,4.76729],[5.53104,4.77425],[5.52617,4.78468],[5.52026,4.79303],[5.514,4.80555],[5.51052,4.8125],[5.50531,4.81876],[5.50009,4.82641],[5.49279,4.83754],[5.48096,4.85771],[5.4754,4.86641],[5.47088,4.87788],[5.46809,4.88206],[5.46392,4.89075],[5.46392,4.89492],[5.46496,4.91683],[5.45731,4.92657],[5.4514,4.93596],[5.44862,4.94431],[5.44862,4.95509],[5.44981,4.96813],[5.44723,4.97839],[5.44201,4.99021],[5.43958,4.9996],[5.43673,5.00587],[5.42644,5.0168],[5.40545,5.05855],[5.39004,5.08637],[5.38875,5.09426],[5.38698,5.10697],[5.38603,5.10816],[5.38123,5.11942],[5.38023,5.1267],[5.38255,5.12803],[5.38605,5.12785],[5.38847,5.12921],[5.39048,5.13039],[5.39039,5.1342],[5.39313,5.1346],[5.39671,5.13512],[5.40175,5.13585],[5.40475,5.13628],[5.41311,5.13852],[5.41621,5.13935],[5.41829,5.13973],[5.42446,5.14086],[5.42849,5.1416],[5.43205,5.14151],[5.43647,5.1414],[5.44158,5.13894],[5.44751,5.13485],[5.45324,5.13076],[5.45897,5.1283],[5.46531,5.12483],[5.46981,5.12319],[5.47268,5.11766],[5.47247,5.11235],[5.4693,5.10653],[5.46747,5.10171],[5.46912,5.09575],[5.47051,5.09321],[5.47282,5.09268],[5.47557,5.09229],[5.47922,5.09176],[5.48513,5.09037],[5.49383,5.09176],[5.50287,5.09246],[5.51157,5.08829],[5.51678,5.08064],[5.52409,5.06881],[5.53313,5.0629],[5.5446,5.05803],[5.55086,5.0556],[5.5693,5.05629],[5.5846,5.05525],[5.58564,5.04794],[5.59086,5.04342],[5.5992,5.04238],[5.61103,5.0389],[5.61972,5.03473],[5.62529,5.02604],[5.63294,5.01838],[5.64233,5.0156],[5.64789,5.01178],[5.65667,5.01178],[5.66181,5.01288],[5.66364,5.0151],[5.66346,5.01884],[5.66346,5.024],[5.66666,5.02828],[5.67557,5.02988],[5.68215,5.02792],[5.69123,5.02418],[5.7021,5.02294],[5.71029,5.02383],[5.71937,5.03095],[5.72453,5.0411],[5.72845,5.05071],[5.73059,5.05445],[5.73646,5.05659],[5.74305,5.0557],[5.74857,5.05321],[5.75195,5.05374],[5.75836,5.06104],[5.76424,5.06425],[5.76923,5.06336],[5.7735,5.06122],[5.77564,5.05748],[5.77902,5.05801],[5.78044,5.06496],[5.78418,5.06933],[5.78812,5.07254],[5.78988,5.07868],[5.78915,5.08438],[5.79134,5.08584],[5.79747,5.08306],[5.80361,5.08189],[5.80551,5.08365],[5.80902,5.08642],[5.81413,5.08452],[5.8153,5.08189],[5.81735,5.07736],[5.82027,5.07517],[5.82261,5.07576],[5.82553,5.07751],[5.83064,5.08029],[5.83532,5.08248],[5.84014,5.08306],[5.84058,5.08058],[5.83951,5.07454],[5.84,5.07079],[5.84087,5.06757],[5.84832,5.06655],[5.85198,5.0702],[5.85315,5.07546],[5.85738,5.07736],[5.86308,5.07444],[5.86498,5.06947],[5.86774,5.06811],[5.86947,5.07108],[5.87021,5.07603],[5.8717,5.08124],[5.87443,5.08619],[5.87765,5.09139],[5.87839,5.09709],[5.87789,5.10031],[5.87765,5.10526],[5.88077,5.10951],[5.88135,5.10951],[5.88273,5.10184],[5.8853,5.09997],[5.89652,5.10441],[5.90937,5.10488],[5.91451,5.10815],[5.91591,5.1175],[5.91638,5.13152],[5.91755,5.13409],[5.92175,5.13502],[5.92689,5.13993],[5.92759,5.15488],[5.92783,5.16072],[5.9332,5.1647],[5.94605,5.16423],[5.96054,5.15722],[5.96424,5.14911],[5.97246,5.14061],[5.97493,5.13752],[5.9783,5.13331],[5.98089,5.13056],[5.9856,5.12419],[5.99217,5.11761],[5.99582,5.11323],[6.0002,5.10739],[6.00452,5.10369],[6.01358,5.10039],[6.01946,5.09825],[6.02721,5.09567],[6.04444,5.09567],[6.05497,5.09717],[6.06227,5.10301],[6.06373,5.11177],[6.06335,5.12318],[6.06675,5.13335],[6.06957,5.14134],[6.08579,5.1508],[6.09785,5.14994],[6.10905,5.14219],[6.12068,5.13368],[6.12973,5.12927],[6.14374,5.13478],[6.15027,5.14117],[6.15471,5.15166],[6.16591,5.16114],[6.17883,5.16114],[6.19091,5.15857],[6.20073,5.16955],[6.20229,5.17928],[6.20067,5.19046],[6.19808,5.20378],[6.19589,5.21108],[6.19415,5.21671],[6.19578,5.22308],[6.20209,5.23178],[6.20442,5.23321],[6.21329,5.23867],[6.23353,5.23817],[6.23856,5.23521],[6.24446,5.23366],[6.25942,5.22787],[6.27256,5.22824],[6.279,5.22889],[6.28471,5.23166],[6.29045,5.23408],[6.29301,5.23882],[6.29228,5.2454],[6.29075,5.25105],[6.28716,5.25927],[6.28527,5.26274],[6.28383,5.2665],[6.28354,5.2706],[6.28354,5.27499],[6.28501,5.27909],[6.28676,5.28231],[6.2877,5.28372],[6.28852,5.28494],[6.28998,5.2867],[6.29291,5.28963],[6.29502,5.29295],[6.29719,5.29634],[6.30005,5.29903],[6.30289,5.30102],[6.30643,5.30298],[6.31064,5.30354],[6.31557,5.30477],[6.32188,5.30527],[6.3254,5.30654],[6.32745,5.31041],[6.33009,5.31363],[6.3336,5.31773],[6.33883,5.31991],[6.34755,5.32046],[6.36253,5.31404],[6.38035,5.30905],[6.39319,5.30691],[6.40888,5.30477],[6.42599,5.31119],[6.43455,5.32331],[6.45023,5.32759],[6.47305,5.32188],[6.49017,5.32402],[6.49353,5.32604],[6.49302,5.3283],[6.50259,5.33894],[6.50054,5.35199],[6.49587,5.36966],[6.48548,5.37921],[6.5006,5.3794],[6.51848,5.38002],[6.52855,5.37984],[6.54002,5.38057],[6.55283,5.37988]]]]}},{"type":"Feature","id":"NG007","properties":{"admin1Pcod":"NG007","admin1Name":"Benue","admin1RefN":"Benue","admin0Pcod":"NG","admin0Name":"Nigeria"},"geometry":{"type":"MultiPolygon","coordinates":[[[[8.52442,8.15727],[8.5424,8.14873],[8.55363,8.15169],[8.56561,8.15387],[8.58849,8.15607],[8.59502,8.15282],[8.62165,8.12021],[8.63715,8.11623],[8.69667,8.09639],[8.78054,8.0752],[8.81976,8.07024],[8.84186,8.06709],[8.91085,8.05626],[8.97127,8.05762],[9.02538,8.06258],[9.05018,8.0752],[9.05599,8.07728],[9.05697,8.07765],[9.06171,8.07083],[9.06339,8.06748],[9.06339,8.06346],[9.06339,8.05944],[9.06339,8.05207],[9.13094,7.93076],[9.13565,7.92473],[9.15683,7.91601],[9.16422,7.91131],[9.17296,7.90628],[9.17373,7.90521],[9.17913,7.90808],[9.18094,7.90386],[9.18319,7.89574],[9.18184,7.89168],[9.17823,7.88853],[9.17462,7.88718],[9.17217,7.88663],[9.17043,7.88228],[9.16252,7.86909],[9.14999,7.85986],[9.14011,7.84866],[9.12429,7.8269],[9.11572,7.80845],[9.12033,7.79329],[9.13022,7.78801],[9.15659,7.7979],[9.1902,7.81042],[9.22514,7.81834],[9.2726,7.82295],[9.31479,7.83482],[9.37807,7.84338],[9.38664,7.8447],[9.39645,7.84453],[9.39711,7.84474],[9.41107,7.84907],[9.41559,7.85099],[9.43393,7.8588],[9.44266,7.87073],[9.45899,7.88047],[9.4873,7.88911],[9.50364,7.89343],[9.54173,7.89446],[9.55154,7.8977],[9.57004,7.89876],[9.58309,7.89223],[9.62442,7.87155],[9.65811,7.84545],[9.72983,7.79108],[9.76351,7.76606],[9.78631,7.73889],[9.79825,7.72693],[9.84497,7.70079],[9.86355,7.68601],[9.86397,7.68556],[9.88025,7.67033],[9.90522,7.64749],[9.90576,7.64749],[9.91198,7.63813],[9.91226,7.63771],[9.90788,7.6247],[9.90521,7.60765],[9.90539,7.60634],[9.90665,7.59631],[9.90453,7.57242],[9.90555,7.56702],[9.91115,7.54233],[9.91268,7.53436],[9.92474,7.51453],[9.92537,7.51196],[9.92511,7.51042],[9.92124,7.50657],[9.91118,7.50172],[9.90886,7.49967],[9.90705,7.49684],[9.90132,7.47115],[9.89479,7.43698],[9.89284,7.43031],[9.89077,7.42543],[9.88722,7.42014],[9.88014,7.39912],[9.87357,7.37635],[9.86699,7.35358],[9.86805,7.34056],[9.8626,7.33407],[9.85615,7.32598],[9.85598,7.32527],[9.84082,7.27978],[9.82829,7.25737],[9.82496,7.2546],[9.82559,7.25142],[9.82862,7.23628],[9.83521,7.21716],[9.83456,7.19936],[9.82401,7.17234],[9.8228,7.17096],[9.8231,7.16817],[9.82305,7.14648],[9.82194,7.13346],[9.81973,7.12045],[9.81972,7.11285],[9.81971,7.10851],[9.81536,7.10635],[9.79795,7.0912],[9.77184,7.06956],[9.7664,7.06632],[9.75119,7.06635],[9.73491,7.06855],[9.73156,7.06689],[9.69975,7.0115],[9.68921,6.98645],[9.66416,6.93569],[9.6457,6.89482],[9.64141,6.86648],[9.64339,6.8434],[9.64867,6.79924],[9.64603,6.73859],[9.63614,6.71289],[9.6223,6.66411],[9.60648,6.57182],[9.60252,6.5382],[9.59913,6.53093],[9.58868,6.50854],[9.58786,6.49453],[9.58621,6.47476],[9.57467,6.46652],[9.54336,6.44344],[9.49145,6.44592],[9.46756,6.45086],[9.46563,6.45561],[9.46603,6.45833],[9.46723,6.46636],[9.46729,6.47325],[9.47082,6.48815],[9.47198,6.49043],[9.47315,6.49502],[9.47433,6.4996],[9.47436,6.5042],[9.47441,6.51108],[9.4733,6.51453],[9.47332,6.51798],[9.47221,6.52143],[9.47109,6.52488],[9.46883,6.52719],[9.46541,6.52837],[9.46201,6.53069],[9.4586,6.53301],[9.45406,6.53648],[9.44952,6.53881],[9.44612,6.54228],[9.44159,6.5469],[9.4382,6.55037],[9.43254,6.5573],[9.42803,6.56422],[9.42465,6.56998],[9.42239,6.57344],[9.42014,6.5769],[9.41676,6.58266],[9.41337,6.58728],[9.40997,6.59075],[9.40544,6.59537],[9.40206,6.60113],[9.39639,6.60576],[9.39185,6.60924],[9.38618,6.61272],[9.38166,6.6185],[9.37712,6.62197],[9.37258,6.62545],[9.36804,6.62892],[9.36125,6.63586],[9.35788,6.64277],[9.35221,6.64855],[9.3477,6.65547],[9.34321,6.66468],[9.33415,6.67393],[9.3251,6.68433],[9.31832,6.69356],[9.31381,6.70048],[9.3093,6.7074],[9.30706,6.71315],[9.30367,6.71777],[9.30026,6.72009],[9.2957,6.72012],[9.29115,6.7213],[9.28543,6.72019],[9.27972,6.71908],[9.27059,6.71914],[9.26603,6.71918],[9.25575,6.7181],[9.24774,6.71471],[9.2386,6.71248],[9.22831,6.7091],[9.21573,6.70575],[9.20886,6.70235],[9.1997,6.69782],[9.19283,6.69442],[9.18483,6.69333],[9.17567,6.6888],[9.1711,6.68768],[9.1682,6.68673],[9.16767,6.68656],[9.16539,6.68658],[9.15853,6.68433],[9.15396,6.68436],[9.1494,6.68439],[9.14669,6.68196],[9.14486,6.68109],[9.14391,6.68077],[9.14264,6.68061],[9.13923,6.68014],[9.13669,6.6799],[9.13602,6.68001],[9.12906,6.67552],[9.12308,6.67309],[9.11733,6.66739],[9.11582,6.66653],[9.11166,6.65989],[9.10069,6.65441],[9.08738,6.65128],[9.08553,6.65165],[9.08297,6.64925],[9.07724,6.64585],[9.07037,6.64245],[9.05896,6.64253],[9.04756,6.64376],[9.03504,6.64729],[9.02708,6.65079],[9.02255,6.65541],[9.01803,6.66233],[9.01124,6.66927],[9.00445,6.6762],[8.99765,6.68314],[8.99202,6.69236],[8.98973,6.69238],[8.98745,6.69239],[8.98518,6.69356],[8.98061,6.69244],[8.97833,6.69246],[8.97604,6.69132],[8.97261,6.69135],[8.97033,6.69136],[8.96921,6.69367],[8.96809,6.69712],[8.96926,6.70055],[8.97043,6.70399],[8.97273,6.70742],[8.97389,6.70971],[8.97505,6.712],[8.97735,6.71428],[8.97736,6.71657],[8.98083,6.72229],[8.98199,6.72458],[8.98431,6.7303],[8.98663,6.73488],[8.98779,6.73832],[8.99011,6.74289],[8.99142,6.74661],[9.00121,6.75313],[9.00748,6.75783],[9.00748,6.76175],[9.00277,6.76802],[8.99494,6.77664],[8.9773,6.78604],[8.97674,6.78661],[8.97448,6.78892],[8.97221,6.79009],[8.9688,6.79241],[8.96425,6.79473],[8.96085,6.79705],[8.95745,6.80052],[8.95177,6.80401],[8.94723,6.80748],[8.94383,6.8098],[8.94299,6.8105],[8.93971,6.81322],[8.93474,6.8156],[8.93248,6.81792],[8.92943,6.82041],[8.92681,6.82255],[8.9234,6.82487],[8.91886,6.82719],[8.91318,6.83068],[8.90863,6.833],[8.90295,6.83534],[8.89726,6.83768],[8.89158,6.84116],[8.88703,6.84349],[8.87909,6.84928],[8.87454,6.85046],[8.87,6.85394],[8.86772,6.85395],[8.86431,6.85627],[8.85977,6.85975],[8.85636,6.86092],[8.85181,6.86325],[8.84841,6.86557],[8.84385,6.86674],[8.83931,6.86907],[8.83361,6.87026],[8.8302,6.87143],[8.82223,6.87378],[8.81768,6.87611],[8.81198,6.8773],[8.80743,6.87848],[8.80288,6.87966],[8.79832,6.88084],[8.79035,6.88319],[8.78579,6.88322],[8.78124,6.88555],[8.7767,6.88787],[8.76986,6.88907],[8.7653,6.89025],[8.75961,6.89144],[8.7539,6.89148],[8.74821,6.89266],[8.74136,6.89271],[8.73339,6.89391],[8.72769,6.8951],[8.72085,6.8963],[8.71515,6.89633],[8.70716,6.89639],[8.70374,6.89641],[8.70144,6.89413],[8.69685,6.89072],[8.69342,6.8896],[8.68997,6.88618],[8.68653,6.8839],[8.6808,6.87935],[8.67736,6.87708],[8.67506,6.8748],[8.66932,6.87024],[8.66474,6.86798],[8.66131,6.86685],[8.65674,6.86574],[8.65445,6.8646],[8.65102,6.86463],[8.64531,6.86352],[8.63618,6.86243],[8.62933,6.86248],[8.62363,6.86252],[8.61906,6.8614],[8.60896,6.85963],[8.60649,6.8592],[8.60076,6.85579],[8.60074,6.85349],[8.60186,6.85004],[8.60412,6.84773],[8.60753,6.84541],[8.61092,6.84194],[8.61546,6.83847],[8.62,6.83499],[8.62227,6.83383],[8.62568,6.83151],[8.63023,6.83033],[8.63363,6.82686],[8.63705,6.82569],[8.6393,6.82223],[8.64156,6.81877],[8.64037,6.81304],[8.64035,6.80959],[8.64031,6.805],[8.63684,6.79814],[8.63224,6.79358],[8.63109,6.79129],[8.62879,6.78901],[8.62534,6.78559],[8.62304,6.78331],[8.62074,6.78103],[8.61616,6.77876],[8.61273,6.77764],[8.60701,6.77538],[8.6013,6.77427],[8.59443,6.77087],[8.58756,6.76862],[8.57841,6.76524],[8.57042,6.76415],[8.56356,6.76305],[8.55785,6.76194],[8.55099,6.75969],[8.54413,6.75859],[8.53502,6.7598],[8.53045,6.75983],[8.52361,6.75988],[8.51562,6.75994],[8.50877,6.75883],[8.50306,6.75773],[8.49619,6.75433],[8.48819,6.75324],[8.48019,6.751],[8.47675,6.74872],[8.47218,6.74761],[8.46875,6.74648],[8.46418,6.74651],[8.46076,6.74654],[8.45848,6.74655],[8.45392,6.74773],[8.4505,6.74776],[8.44824,6.75121],[8.44371,6.75469],[8.4403,6.75701],[8.43575,6.75819],[8.43232,6.75821],[8.42776,6.75824],[8.42433,6.75712],[8.41977,6.75715],[8.41519,6.75489],[8.41061,6.75377],[8.40832,6.75264],[8.40259,6.74923],[8.398,6.74582],[8.39342,6.74241],[8.3911,6.73783],[8.38764,6.73211],[8.38647,6.72868],[8.383,6.72296],[8.38183,6.71838],[8.37953,6.7161],[8.37721,6.71152],[8.3749,6.70694],[8.3726,6.70466],[8.37029,6.70123],[8.36684,6.69782],[8.36111,6.69326],[8.35768,6.69214],[8.35424,6.68987],[8.34851,6.68761],[8.34508,6.68648],[8.3405,6.68422],[8.33593,6.6831],[8.33021,6.68085],[8.32564,6.67973],[8.32107,6.67861],[8.31764,6.67864],[8.31307,6.67752],[8.30737,6.67756],[8.30395,6.67873],[8.2994,6.67991],[8.29451,6.67871],[8.28382,6.69251],[8.27882,6.69796],[8.28018,6.70477],[8.28563,6.71022],[8.28018,6.71521],[8.27383,6.71294],[8.27383,6.71657],[8.26883,6.72793],[8.26111,6.7311],[8.25158,6.73564],[8.25612,6.73746],[8.26247,6.73792],[8.26611,6.74155],[8.26111,6.75517],[8.25566,6.76607],[8.24945,6.76847],[8.24976,6.76919],[8.24976,6.77106],[8.24976,6.7756],[8.24431,6.7856],[8.24131,6.79123],[8.24068,6.79241],[8.23432,6.79922],[8.22933,6.80013],[8.22615,6.78968],[8.22024,6.77878],[8.21298,6.77606],[8.19936,6.77833],[8.19369,6.77833],[8.1853,6.76679],[8.18096,6.76353],[8.17011,6.7635],[8.16393,6.76503],[8.1603,6.76107],[8.15258,6.75472],[8.14906,6.74709],[8.14713,6.74291],[8.14532,6.73474],[8.14441,6.7252],[8.13624,6.71612],[8.12761,6.71158],[8.11217,6.70931],[8.104,6.71203],[8.09855,6.70704],[8.09537,6.70794],[8.08901,6.71158],[8.07957,6.71315],[8.07539,6.71385],[8.0654,6.71158],[8.05087,6.70931],[8.0382,6.71191],[8.02891,6.72144],[8.02181,6.72355],[8.01473,6.72069],[8.00622,6.71641],[8.00056,6.71285],[8.00056,6.71212],[7.99479,6.70386],[7.98843,6.68796],[7.98615,6.67241],[7.98294,6.6681],[7.98224,6.66384],[7.98749,6.64782],[7.98707,6.63347],[7.98843,6.61803],[7.98746,6.61318],[7.97956,6.60921],[7.97107,6.60209],[7.96542,6.59143],[7.9683,6.57654],[7.97155,6.57059],[7.97072,6.56854],[7.96663,6.55764],[7.96255,6.54402],[7.95664,6.54038],[7.94938,6.53221],[7.93236,6.53176],[7.9294,6.5374],[7.91093,6.55083],[7.90454,6.55152],[7.89674,6.5515],[7.89025,6.55148],[7.88717,6.55265],[7.87808,6.56173],[7.87189,6.56668],[7.869,6.56899],[7.85583,6.5808],[7.85265,6.58806],[7.84675,6.60441],[7.84403,6.6085],[7.83676,6.61486],[7.83358,6.6194],[7.83358,6.62621],[7.83177,6.63847],[7.82178,6.63892],[7.80829,6.63422],[7.80714,6.63382],[7.80493,6.64046],[7.81044,6.64991],[7.81517,6.65937],[7.82147,6.67433],[7.83013,6.6893],[7.84116,6.71451],[7.8451,6.7216],[7.85534,6.74287],[7.86716,6.75153],[7.87819,6.7602],[7.88843,6.7665],[7.89473,6.77438],[7.9034,6.78147],[7.90024,6.78619],[7.89,6.78541],[7.88764,6.78935],[7.88646,6.79407],[7.88646,6.8051],[7.88882,6.82164],[7.8904,6.8437],[7.88815,6.85346],[7.8908,6.85406],[7.89415,6.85575],[7.89583,6.85743],[7.89666,6.86393],[7.89517,6.86326],[7.8826,6.85829],[7.87622,6.86339],[7.87464,6.86891],[7.86412,6.87943],[7.8638,6.88003],[7.83223,6.89044],[7.82676,6.89168],[7.81709,6.88997],[7.8091,6.88953],[7.8007,6.88824],[7.79692,6.88612],[7.79273,6.88149],[7.78812,6.87559],[7.78523,6.87297],[7.776,6.8759],[7.76278,6.87994],[7.75018,6.87836],[7.73442,6.86339],[7.72024,6.86261],[7.69228,6.85182],[7.67455,6.85552],[7.67247,6.85711],[7.66261,6.87263],[7.65754,6.87975],[7.65035,6.8894],[7.64136,6.894],[7.63595,6.90357],[7.6202,6.91933],[7.59972,6.92484],[7.57766,6.93272],[7.57136,6.93981],[7.56427,6.95241],[7.55888,6.97157],[7.55718,6.97762],[7.55641,6.97878],[7.55245,6.98471],[7.5493,6.99101],[7.54536,7.00125],[7.54221,7.00834],[7.53827,7.02016],[7.53051,7.03228],[7.54358,7.04012],[7.54423,7.0399],[7.55917,7.04693],[7.56784,7.05131],[7.57868,7.05569],[7.58301,7.06004],[7.58406,7.06764],[7.58077,7.07739],[7.58074,7.08499],[7.585,7.1067],[7.58931,7.11431],[7.59146,7.12191],[7.60549,7.14475],[7.61847,7.1589],[7.6228,7.16326],[7.63365,7.16764],[7.64666,7.17203],[7.68642,7.19101],[7.68569,7.19387],[7.69219,7.19931],[7.7085,7.19612],[7.72371,7.19617],[7.73674,7.1973],[7.76715,7.20174],[7.78338,7.20603],[7.78997,7.21689],[7.79387,7.22583],[7.79447,7.22721],[7.79706,7.23315],[7.80665,7.25441],[7.81873,7.28693],[7.81081,7.29026],[7.79706,7.2936],[7.78997,7.29651],[7.77913,7.30068],[7.77471,7.30119],[7.78734,7.3385],[7.79814,7.35915],[7.7959,7.37867],[7.79541,7.38957],[7.79472,7.4047],[7.79399,7.41513],[7.79761,7.41586],[7.79686,7.41664],[7.83584,7.46532],[7.83578,7.48511],[7.82923,7.4916],[7.81834,7.49699],[7.81073,7.49588],[7.80748,7.4937],[7.80098,7.485],[7.79339,7.47847],[7.78578,7.48061],[7.77925,7.48276],[7.77158,7.49792],[7.76501,7.512],[7.75736,7.52391],[7.75592,7.52677],[7.73991,7.53796],[7.74096,7.54989],[7.74746,7.55859],[7.75198,7.57691],[7.75078,7.59418],[7.75245,7.62336],[7.75245,7.64778],[7.75467,7.64773],[7.75467,7.66132],[7.75399,7.67966],[7.75359,7.68806],[7.75264,7.70819],[7.75264,7.7442],[7.74469,7.76866],[7.72818,7.79243],[7.69285,7.83863],[7.66975,7.88483],[7.66364,7.90589],[7.66383,7.91435],[7.6798,7.92503],[7.69501,7.9316],[7.69717,7.93594],[7.6928,7.94135],[7.67756,7.94021],[7.66504,7.94017],[7.67111,7.98266],[7.67684,8.01447],[7.69747,8.01366],[7.7384,8.00622],[7.76073,8.00343],[7.7826,7.99878],[7.81097,7.99133],[7.83842,7.98529],[7.86726,7.98622],[7.87035,7.98533],[7.87991,7.98536],[7.91804,7.97571],[7.9649,7.95958],[8.06292,7.92699],[8.06336,7.9256],[8.0804,7.91866],[8.08586,7.91216],[8.09241,7.90459],[8.10004,7.90352],[8.12072,7.90357],[8.13922,7.9047],[8.14357,7.90362],[8.14468,7.8982],[8.13925,7.8906],[8.10198,7.86712],[8.11381,7.86387],[8.13939,7.86155],[8.15986,7.85969],[8.17568,7.85503],[8.18036,7.85258],[8.18312,7.85317],[8.18545,7.85224],[8.19103,7.84899],[8.21522,7.83457],[8.2515,7.82247],[8.27476,7.81456],[8.30174,7.80247],[8.32872,7.79177],[8.34547,7.78433],[8.36222,7.77456],[8.37216,7.77],[8.38548,7.76804],[8.40316,7.76618],[8.41199,7.76851],[8.41199,7.77642],[8.40688,7.78712],[8.40129,7.79595],[8.39385,7.80991],[8.39292,7.82014],[8.39664,7.82945],[8.40466,7.83676],[8.40539,7.86102],[8.39772,7.87996],[8.37878,7.91558],[8.3785,7.91616],[8.36887,7.9171],[8.36451,7.92035],[8.3645,7.92577],[8.36712,7.93892],[8.36345,7.94624],[8.3603,7.96067],[8.3603,7.98728],[8.36345,8.01658],[8.37112,8.04634],[8.39051,8.07791],[8.42658,8.11218],[8.46626,8.13923],[8.47274,8.14247],[8.4861,8.14915],[8.50368,8.15817],[8.51268,8.15778],[8.52442,8.15727]]]]}},{"type":"Feature","id":"NG008","properties":{"admin1Pcod":"NG008","admin1Name":"Borno","admin1RefN":"Borno","admin0Pcod":"NG","admin0Name":"Nigeria"},"geometry":{"type":"MultiPolygon","coordinates":[[[[13.35885,13.71261],[13.36207,13.71153],[13.36838,13.71279],[13.37406,13.71279],[13.37658,13.7109],[13.39424,13.7109],[13.4018,13.7109],[13.42135,13.70901],[13.44973,13.7109],[13.48505,13.70901],[13.55694,13.71153],[13.59982,13.7109],[13.61054,13.70838],[13.61811,13.70964],[13.63164,13.71172],[13.63593,13.70709],[13.64323,13.69966],[13.64689,13.69595],[13.65014,13.69115],[13.65269,13.68782],[13.6539,13.68582],[13.65737,13.68008],[13.66134,13.67381],[13.6646,13.66901],[13.66857,13.66274],[13.67286,13.65392],[13.67795,13.64726],[13.6812,13.64247],[13.68557,13.63728],[13.68994,13.6321],[13.69391,13.62583],[13.69939,13.62026],[13.70265,13.61546],[13.7063,13.61175],[13.71027,13.60548],[13.71568,13.59627],[13.71822,13.59294],[13.72148,13.58814],[13.72584,13.58296],[13.72982,13.57669],[13.73744,13.56671],[13.7407,13.56191],[13.7465,13.55378],[13.74904,13.55046],[13.75412,13.5438],[13.75666,13.54047],[13.75921,13.53715],[13.76357,13.53196],[13.76377,13.53164],[13.76755,13.52569],[13.77009,13.52236],[13.77263,13.51904],[13.77589,13.51424],[13.78089,13.50394],[13.78169,13.50231],[13.78518,13.49512],[13.79098,13.48699],[13.79463,13.48328],[13.79972,13.47663],[13.80348,13.47217],[13.80409,13.47144],[13.80663,13.46811],[13.80811,13.46577],[13.8106,13.46184],[13.81386,13.45705],[13.81604,13.45482],[13.81673,13.45412],[13.81766,13.45259],[13.82433,13.44162],[13.83477,13.42336],[13.83694,13.41955],[13.85019,13.39937],[13.85785,13.39515],[13.87041,13.37873],[13.87295,13.3754],[13.87764,13.36766],[13.88018,13.36434],[13.88344,13.35954],[13.88964,13.3525],[13.89218,13.34917],[13.89232,13.34903],[13.89583,13.34546],[13.89899,13.33976],[13.90338,13.33183],[13.90806,13.32409],[13.91243,13.31891],[13.91569,13.31411],[13.91823,13.31078],[13.9226,13.3056],[13.92768,13.29895],[13.93166,13.29268],[13.9338,13.28826],[13.93777,13.28199],[13.94075,13.27513],[13.94983,13.26353],[13.95538,13.25697],[13.95941,13.2489],[13.96496,13.24335],[13.969,13.2383],[13.97368,13.23285],[13.97876,13.2262],[13.9809,13.22179],[13.98345,13.21846],[13.99139,13.20592],[13.99465,13.20112],[13.9983,13.19741],[14.00156,13.19261],[14.0041,13.18929],[14.0055,13.18734],[14.01239,13.17776],[14.01642,13.17171],[14.023,13.16561],[14.02555,13.16228],[14.02809,13.15895],[14.03063,13.15562],[14.03156,13.15001],[14.03862,13.14043],[14.04266,13.13437],[14.04468,13.13034],[14.04945,13.12831],[14.052,13.12498],[14.05486,13.1191],[14.05954,13.11136],[14.06209,13.10803],[14.06574,13.10431],[14.06939,13.1006],[14.07193,13.09727],[14.07551,13.08992],[14.08246,13.08286],[14.08282,13.08249],[14.08395,13.08018],[14.08711,13.07367],[14.08703,13.07003],[14.0887,13.06089],[14.09156,13.05501],[14.0918,13.04881],[14.09243,13.0437],[14.09304,13.03881],[14.09312,13.03846],[14.09625,13.03015],[14.09688,13.02504],[14.09752,13.01993],[14.10173,13.00747],[14.10125,13.00274],[14.10164,12.99965],[14.10189,12.99763],[14.10253,12.99252],[14.10388,12.98594],[14.10523,12.97936],[14.10572,12.97495],[14.10522,12.96889],[14.10623,12.96132],[14.11077,12.94316],[14.11178,12.93711],[14.11228,12.93408],[14.11276,12.93314],[14.11604,12.92671],[14.11707,12.92268],[14.11731,12.91648],[14.11723,12.91284],[14.11898,12.90735],[14.11993,12.89968],[14.11906,12.89387],[14.1197,12.88876],[14.12073,12.88473],[14.12287,12.88032],[14.12462,12.87483],[14.12526,12.86971],[14.12629,12.86569],[14.12764,12.85911],[14.1305,12.85322],[14.13114,12.84811],[14.13058,12.83975],[14.13194,12.83317],[14.13257,12.82806],[14.13281,12.82186],[14.13527,12.81489],[14.1372,12.8083],[14.13805,12.80537],[14.13869,12.80026],[14.13964,12.79259],[14.13981,12.78276],[14.14147,12.77362],[14.14362,12.76921],[14.14457,12.76154],[14.14664,12.75349],[14.14759,12.74582],[14.14894,12.73924],[14.14887,12.7356],[14.15054,12.72646],[14.15077,12.72027],[14.15097,12.71958],[14.15185,12.71659],[14.15062,12.71109],[14.15277,12.70497],[14.15416,12.701],[14.15567,12.68738],[14.1592,12.67022],[14.16324,12.64853],[14.16626,12.62784],[14.16828,12.61372],[14.1708,12.6006],[14.17263,12.59074],[14.17333,12.58698],[14.17488,12.58078],[14.17736,12.57083],[14.17837,12.55116],[14.1819,12.53451],[14.18594,12.52492],[14.1925,12.51887],[14.19502,12.51685],[14.19704,12.50979],[14.19704,12.50424],[14.19668,12.50209],[14.19653,12.50121],[14.19222,12.49819],[14.19149,12.49768],[14.19039,12.49357],[14.19033,12.49333],[14.18947,12.49011],[14.18695,12.48355],[14.18337,12.4808],[14.18039,12.47851],[14.17718,12.4745],[14.17635,12.47346],[14.17535,12.46943],[14.17888,12.46337],[14.17989,12.4558],[14.17888,12.45126],[14.1789,12.45116],[14.17989,12.44723],[14.1814,12.44521],[14.18695,12.44672],[14.193,12.44723],[14.1949,12.44671],[14.19539,12.44658],[14.19822,12.44215],[14.19202,12.43828],[14.19222,12.43774],[14.19372,12.43358],[14.19538,12.42898],[14.18763,12.42949],[14.18582,12.42484],[14.17962,12.42381],[14.1772,12.42344],[14.17627,12.42329],[14.17446,12.42019],[14.17829,12.41591],[14.17885,12.41529],[14.17559,12.41069],[14.17316,12.40728],[14.17394,12.4047],[14.18634,12.40134],[14.19357,12.39281],[14.19707,12.38699],[14.199,12.38377],[14.19982,12.38325],[14.20242,12.38206],[14.20775,12.37934],[14.20942,12.37882],[14.21224,12.37697],[14.21357,12.37596],[14.21722,12.37294],[14.21746,12.37203],[14.21849,12.3683],[14.21846,12.36818],[14.2194,12.36466],[14.22147,12.36104],[14.2256,12.35949],[14.23643,12.36195],[14.24833,12.36466],[14.25376,12.36388],[14.27442,12.36879],[14.27985,12.3675],[14.2845,12.36492],[14.2925,12.34916],[14.2969,12.35355],[14.29455,12.35812],[14.29147,12.36414],[14.29463,12.36706],[14.29483,12.36724],[14.29741,12.36647],[14.30335,12.35562],[14.31136,12.35743],[14.31782,12.36337],[14.3211,12.36564],[14.32454,12.36802],[14.32954,12.36986],[14.33435,12.36697],[14.34132,12.36388],[14.34832,12.35921],[14.35279,12.35796],[14.35315,12.35806],[14.35577,12.36031],[14.35608,12.36117],[14.35639,12.36217],[14.35669,12.3626],[14.35815,12.36272],[14.36062,12.36197],[14.36396,12.36077],[14.36876,12.35926],[14.36904,12.35898],[14.37258,12.35743],[14.38633,12.35611],[14.39176,12.35766],[14.40487,12.36078],[14.41892,12.35689],[14.42823,12.35921],[14.43366,12.36077],[14.44,12.36001],[14.44371,12.35775],[14.44594,12.35639],[14.44723,12.35097],[14.44791,12.3503],[14.4515,12.3468],[14.45498,12.35071],[14.45963,12.35407],[14.46547,12.35534],[14.47148,12.35133],[14.47245,12.35068],[14.47571,12.34608],[14.4772,12.34399],[14.48159,12.34735],[14.48727,12.34824],[14.48797,12.34835],[14.48719,12.3406],[14.49065,12.33844],[14.4934,12.33672],[14.49442,12.3357],[14.49973,12.33039],[14.50193,12.32818],[14.51047,12.32508],[14.519,12.3243],[14.52214,12.31855],[14.52292,12.31713],[14.52472,12.31248],[14.52365,12.30956],[14.51434,12.31111],[14.51434,12.30759],[14.51434,12.30646],[14.51496,12.30399],[14.51589,12.30025],[14.51471,12.29671],[14.51434,12.2956],[14.51745,12.29327],[14.52475,12.29336],[14.52524,12.29336],[14.52736,12.29057],[14.53086,12.28596],[14.53086,12.28596],[14.53272,12.28735],[14.53391,12.28798],[14.53522,12.28796],[14.53678,12.28703],[14.5391,12.28481],[14.53911,12.28475],[14.53917,12.28474],[14.54672,12.27781],[14.54848,12.2762],[14.54848,12.26689],[14.55104,12.25727],[14.55158,12.25526],[14.55469,12.25049],[14.55601,12.25146],[14.56063,12.25488],[14.55934,12.24362],[14.55624,12.24207],[14.55059,12.23571],[14.55003,12.23508],[14.55546,12.23043],[14.56156,12.22932],[14.564,12.22888],[14.57253,12.22655],[14.57796,12.22267],[14.58284,12.22259],[14.59318,12.2213],[14.59464,12.22089],[14.59783,12.22],[14.59718,12.21484],[14.59705,12.21381],[14.60356,12.20638],[14.60744,12.1994],[14.6075,12.19932],[14.60997,12.19624],[14.60667,12.19474],[14.60514,12.19347],[14.60201,12.19086],[14.60403,12.18772],[14.61292,12.18732],[14.61565,12.1872],[14.61663,12.18624],[14.62141,12.18155],[14.62451,12.17845],[14.63149,12.17767],[14.63304,12.18466],[14.63847,12.18698],[14.64235,12.18698],[14.64623,12.19009],[14.65011,12.18854],[14.65388,12.19107],[14.65853,12.19495],[14.66408,12.18931],[14.66539,12.18618],[14.6655,12.18591],[14.66519,12.18443],[14.66411,12.17942],[14.66395,12.17868],[14.67377,12.1748],[14.67748,12.16651],[14.67804,12.16526],[14.67882,12.15673],[14.67868,12.15078],[14.67571,12.14897],[14.6664,12.14121],[14.65632,12.13423],[14.65594,12.13138],[14.65477,12.12259],[14.6538,12.11435],[14.65321,12.1094],[14.64778,12.10164],[14.64357,12.09585],[14.64158,12.09311],[14.64019,12.08878],[14.64158,12.08302],[14.64479,12.07768],[14.64623,12.07527],[14.65233,12.06709],[14.65188,12.06363],[14.65156,12.06114],[14.64468,12.05509],[14.6377,12.05277],[14.6249,12.04578],[14.62336,12.03862],[14.62319,12.03782],[14.6231,12.03684],[14.62302,12.03588],[14.62309,12.03425],[14.6232,12.0318],[14.62321,12.03144],[14.62343,12.03001],[14.62401,12.02622],[14.62409,12.02569],[14.62379,12.02301],[14.62388,12.01744],[14.62392,12.01723],[14.63012,12.00561],[14.6345,11.99597],[14.63578,11.99315],[14.63657,11.9914],[14.63802,11.98948],[14.64119,11.98527],[14.64507,11.97674],[14.64554,11.97527],[14.6466,11.97202],[14.64794,11.96789],[14.65635,11.96269],[14.65748,11.962],[14.65801,11.95601],[14.65515,11.95191],[14.64507,11.9426],[14.63916,11.93044],[14.63964,11.92398],[14.64203,11.91608],[14.64322,11.91214],[14.64355,11.91107],[14.64122,11.90513],[14.63809,11.90536],[14.63421,11.90071],[14.62857,11.89376],[14.62568,11.89373],[14.62567,11.89373],[14.6255,11.89329],[14.62211,11.88472],[14.61481,11.87821],[14.60738,11.86845],[14.607,11.86593],[14.60609,11.85992],[14.61436,11.8532],[14.60949,11.84553],[14.60677,11.84124],[14.60583,11.83977],[14.60589,11.83776],[14.60592,11.83663],[14.60599,11.83425],[14.60602,11.83321],[14.60609,11.83047],[14.61015,11.81911],[14.61093,11.81692],[14.60687,11.80774],[14.60628,11.80063],[14.60783,11.78666],[14.61023,11.77985],[14.60861,11.77658],[14.60248,11.7677],[14.59705,11.75841],[14.59292,11.75505],[14.58861,11.75334],[14.58718,11.75277],[14.58302,11.75113],[14.57757,11.74477],[14.5676,11.73412],[14.55546,11.72922],[14.55366,11.72637],[14.55352,11.71762],[14.55895,11.7052],[14.57292,11.69201],[14.583,11.68658],[14.6055,11.67262],[14.61792,11.65788],[14.6311,11.65322],[14.63964,11.63926],[14.64274,11.62607],[14.64429,11.60745],[14.64455,11.60699],[14.6474,11.60202],[14.64542,11.59689],[14.64352,11.59193],[14.64041,11.57409],[14.63897,11.57156],[14.63666,11.56869],[14.63507,11.56435],[14.63388,11.5611],[14.63142,11.55095],[14.62912,11.54808],[14.62714,11.54266],[14.62476,11.53615],[14.62015,11.53041],[14.61523,11.52723],[14.60911,11.5208],[14.6053,11.51723],[14.60189,11.51475],[14.59283,11.51056],[14.58418,11.50745],[14.58076,11.50497],[14.57473,11.50217],[14.56869,11.49938],[14.55845,11.49193],[14.55434,11.49003],[14.54727,11.48763],[14.51962,11.47534],[14.50118,11.46981],[14.47599,11.46674],[14.45792,11.46272],[14.45387,11.46182],[14.4465,11.44892],[14.44158,11.43048],[14.42991,11.41512],[14.41971,11.40889],[14.41335,11.40439],[14.40054,11.39533],[14.37032,11.37452],[14.36833,11.37315],[14.34508,11.35335],[14.31039,11.33497],[14.27963,11.32408],[14.25133,11.30686],[14.20239,11.27232],[14.18553,11.25242],[14.1824,11.2417],[14.18237,11.24158],[14.18151,11.23863],[14.17632,11.23241],[14.16868,11.23252],[14.165,11.23439],[14.15349,11.24028],[14.11409,11.24837],[14.11004,11.24955],[14.10987,11.24948],[14.10961,11.24937],[14.10617,11.25066],[14.10144,11.25152],[14.09713,11.25368],[14.09286,11.25601],[14.0924,11.25626],[14.08939,11.25841],[14.08552,11.26142],[14.0782,11.26701],[14.07612,11.27308],[14.07312,11.27412],[14.06307,11.2867],[14.05078,11.291],[14.04616,11.29242],[14.0348,11.29592],[14.02743,11.29776],[14.01453,11.2996],[14.00408,11.30698],[13.99056,11.31251],[13.97581,11.30513],[13.97499,11.30361],[13.97374,11.30129],[13.97151,11.29714],[13.96721,11.28485],[13.96353,11.26704],[13.958,11.25413],[13.9468,11.24254],[13.94303,11.23495],[13.93256,11.22153],[13.92814,11.21228],[13.92513,11.20583],[13.92481,11.20252],[13.92236,11.19146],[13.91683,11.18715],[13.9156,11.18101],[13.91161,11.17304],[13.91007,11.16995],[13.89778,11.15705],[13.89193,11.1552],[13.8861,11.15336],[13.88494,11.15126],[13.88162,11.14528],[13.87996,11.1423],[13.8818,11.13247],[13.88314,11.12927],[13.88587,11.12417],[13.88005,11.12081],[13.87258,11.11895],[13.86583,11.11035],[13.86384,11.10693],[13.85476,11.0913],[13.85145,11.08845],[13.84624,11.08784],[13.84432,11.08761],[13.83695,11.07962],[13.82527,11.06918],[13.82469,11.06812],[13.82368,11.06628],[13.81482,11.05013],[13.81031,11.03822],[13.80485,11.03517],[13.80169,11.0334],[13.80042,11.02277],[13.80025,11.02133],[13.79853,11.01359],[13.79685,11.012],[13.79035,11.00584],[13.78261,11.00455],[13.78209,11.00467],[13.77873,11.00541],[13.77572,11.00412],[13.77142,11.00369],[13.76707,11.00385],[13.76326,11.00029],[13.75794,10.99602],[13.75302,10.99284],[13.75083,10.98877],[13.75109,10.98846],[13.73039,10.97857],[13.72173,10.9719],[13.71303,10.96185],[13.70524,10.95602],[13.70005,10.9527],[13.69576,10.9519],[13.69226,10.94587],[13.69222,10.94558],[13.6884,10.94465],[13.67603,10.94468],[13.66988,10.94469],[13.66988,10.94469],[13.6641,10.9447],[13.65954,10.94471],[13.65831,10.94472],[13.65137,10.94588],[13.64808,10.94589],[13.64095,10.9459],[13.63054,10.94707],[13.62677,10.94801],[13.62592,10.94822],[13.62592,10.94822],[13.62129,10.94823],[13.61444,10.94922],[13.61319,10.9494],[13.61319,10.9494],[13.61319,10.9494],[13.60393,10.94942],[13.59699,10.94943],[13.59004,10.94945],[13.58668,10.94946],[13.58541,10.94946],[13.57731,10.94834],[13.57377,10.9466],[13.57267,10.94606],[13.56571,10.94264],[13.56445,10.94202],[13.56339,10.9415],[13.55642,10.93694],[13.55606,10.93677],[13.55178,10.93466],[13.55067,10.93303],[13.54945,10.93124],[13.54937,10.93118],[13.54937,10.93118],[13.52445,10.90252],[13.50231,10.88832],[13.48757,10.88023],[13.46448,10.87379],[13.45884,10.873],[13.45767,10.87284],[13.45454,10.87288],[13.45035,10.87241],[13.44409,10.87404],[13.43732,10.87618],[13.4264,10.88045],[13.40974,10.88685],[13.39256,10.89274],[13.38061,10.89908],[13.37698,10.90222],[13.3729,10.91054],[13.37037,10.91781],[13.36679,10.92405],[13.36519,10.92604],[13.36309,10.92709],[13.35847,10.92938],[13.355,10.93054],[13.35252,10.93116],[13.35038,10.93169],[13.34574,10.93056],[13.34342,10.92828],[13.34091,10.92643],[13.33945,10.92437],[13.33775,10.92199],[13.33697,10.9209],[13.33641,10.91456],[13.33617,10.91114],[13.33594,10.90785],[13.33594,10.90781],[13.33594,10.90778],[13.33563,10.90317],[13.33539,10.89945],[13.33531,10.89581],[13.33521,10.89517],[13.33444,10.89],[13.3347,10.88586],[13.33571,10.88142],[13.33593,10.87906],[13.33593,10.87906],[13.33605,10.87466],[13.33614,10.87103],[13.3362,10.8688],[13.33618,10.86483],[13.33618,10.86483],[13.33618,10.86483],[13.3363,10.85965],[13.33625,10.85755],[13.33622,10.85456],[13.33622,10.85441],[13.33621,10.85278],[13.33616,10.85028],[13.33616,10.85028],[13.33616,10.85027],[13.33616,10.85027],[13.33638,10.84708],[13.33638,10.84708],[13.3363,10.84655],[13.3356,10.84169],[13.33528,10.83674],[13.33512,10.83361],[13.33511,10.83354],[13.33497,10.8308],[13.33486,10.82875],[13.33483,10.82262],[13.33481,10.81846],[13.3348,10.81682],[13.33479,10.81534],[13.33479,10.81416],[13.33479,10.81416],[13.3346,10.81317],[13.33496,10.80562],[13.33491,10.80088],[13.3344,10.796],[13.33438,10.79576],[13.33438,10.79576],[13.33381,10.79409],[13.33236,10.78986],[13.33059,10.7841],[13.32883,10.77842],[13.32854,10.77729],[13.328,10.77519],[13.32654,10.77011],[13.32531,10.76585],[13.32296,10.75899],[13.32296,10.75899],[13.32295,10.7561],[13.32293,10.75327],[13.32095,10.7443],[13.31939,10.73726],[13.31803,10.73286],[13.31707,10.72973],[13.31705,10.72967],[13.3157,10.72588],[13.31474,10.72325],[13.31235,10.71668],[13.3118,10.71508],[13.3118,10.71508],[13.31125,10.71346],[13.30875,10.71117],[13.30875,10.71117],[13.30831,10.70972],[13.30691,10.70518],[13.30691,10.70518],[13.30532,10.70192],[13.30417,10.69953],[13.30263,10.69702],[13.30067,10.69382],[13.29741,10.68983],[13.29601,10.68811],[13.29135,10.68126],[13.29099,10.68067],[13.28785,10.67554],[13.28318,10.66754],[13.28084,10.66068],[13.27959,10.65784],[13.27935,10.65729],[13.27806,10.65436],[13.27696,10.65185],[13.27577,10.64914],[13.27577,10.64913],[13.27382,10.64468],[13.2703,10.63554],[13.26826,10.63105],[13.26563,10.62525],[13.26559,10.62519],[13.26559,10.62519],[13.26467,10.6236],[13.26266,10.62017],[13.26096,10.61725],[13.25986,10.6151],[13.25938,10.61416],[13.25938,10.61416],[13.24769,10.599],[13.2432,10.59322],[13.2372,10.58454],[13.23643,10.58199],[13.23562,10.57507],[13.23554,10.56887],[13.23509,10.56195],[13.23496,10.55028],[13.23526,10.5448],[13.23558,10.54357],[13.23549,10.5361],[13.23864,10.52252],[13.24011,10.51725],[13.24189,10.50836],[13.24256,10.50509],[13.24167,10.50216],[13.24021,10.49737],[13.23937,10.49462],[13.23817,10.49253],[13.23812,10.4924],[13.23662,10.49009],[13.2351,10.48716],[13.23336,10.48029],[13.23121,10.47283],[13.23077,10.47131],[13.23,10.46921],[13.22899,10.46716],[13.22646,10.46521],[13.22467,10.46382],[13.21943,10.45457],[13.2176,10.44443],[13.21711,10.43969],[13.2133,10.42823],[13.21316,10.4276],[13.21312,10.42754],[13.20874,10.41912],[13.20527,10.41492],[13.19671,10.41417],[13.19077,10.41932],[13.18483,10.42362],[13.17198,10.42208],[13.16657,10.42277],[13.15745,10.42393],[13.14553,10.42915],[13.13903,10.43222],[13.12169,10.44042],[13.11398,10.43966],[13.10461,10.44315],[13.09352,10.44667],[13.07818,10.45276],[13.06026,10.45719],[13.05259,10.45982],[13.03221,10.47444],[13.02464,10.48466],[13.02462,10.48469],[13.01455,10.50343],[13.01134,10.50738],[13.00273,10.51795],[13.00217,10.51869],[12.99739,10.52507],[12.99203,10.52862],[12.98626,10.53321],[12.98307,10.53533],[12.9828,10.53551],[12.9828,10.53551],[12.98154,10.53614],[12.97477,10.53951],[12.97357,10.54011],[12.9685,10.54299],[12.96549,10.5447],[12.96473,10.54508],[12.95856,10.54815],[12.94027,10.55498],[12.94007,10.55506],[12.94007,10.55506],[12.93429,10.55621],[12.92736,10.55852],[12.92068,10.56101],[12.91811,10.56197],[12.91712,10.56222],[12.90886,10.56428],[12.90214,10.56578],[12.89846,10.56659],[12.8904,10.56927],[12.88806,10.57005],[12.87534,10.57351],[12.86833,10.57422],[12.86377,10.57468],[12.85897,10.57469],[12.85561,10.5747],[12.85352,10.57471],[12.84757,10.57472],[12.84618,10.57445],[12.84496,10.57421],[12.84496,10.57421],[12.84246,10.5721],[12.83252,10.57475],[12.82576,10.57477],[12.82442,10.57477],[12.81989,10.57542],[12.81632,10.57594],[12.8105,10.57619],[12.8105,10.57619],[12.80472,10.57608],[12.79896,10.57597],[12.78855,10.57714],[12.78045,10.57716],[12.77698,10.57717],[12.77467,10.57832],[12.77071,10.57931],[12.77004,10.57947],[12.7692,10.57989],[12.76543,10.58177],[12.76375,10.58219],[12.7608,10.58293],[12.74989,10.58064],[12.74458,10.57953],[12.7411,10.5784],[12.74058,10.57819],[12.73531,10.57612],[12.73254,10.5734],[12.73182,10.5727],[12.72985,10.57012],[12.72832,10.56813],[12.7269,10.56604],[12.72599,10.5647],[12.72503,10.56344],[12.7225,10.56013],[12.72133,10.5567],[12.71667,10.55099],[12.71468,10.54774],[12.71317,10.54528],[12.70968,10.54071],[12.70889,10.53993],[12.70503,10.53614],[12.70405,10.53471],[12.7027,10.53272],[12.70002,10.52813],[12.69803,10.52472],[12.6957,10.52015],[12.69452,10.51672],[12.69351,10.51473],[12.69219,10.51215],[12.68986,10.50872],[12.68634,10.49957],[12.68285,10.49615],[12.67936,10.49204],[12.67712,10.48923],[12.67663,10.48862],[12.67368,10.48493],[12.67316,10.48349],[12.67249,10.48167],[12.67133,10.47723],[12.67001,10.47215],[12.66766,10.46529],[12.66614,10.46158],[12.66532,10.45958],[12.66424,10.45871],[12.66225,10.45712],[12.66127,10.45476],[12.66046,10.45278],[12.65871,10.45147],[12.65716,10.44586],[12.65491,10.44257],[12.6525,10.43901],[12.65249,10.43901],[12.64436,10.4383],[12.63976,10.43789],[12.63631,10.44248],[12.62825,10.45165],[12.62594,10.4528],[12.61898,10.45053],[12.61686,10.44988],[12.61618,10.44967],[12.61278,10.44862],[12.61286,10.45226],[12.61,10.45814],[12.60682,10.46658],[12.60602,10.46763],[12.59994,10.46633],[12.59933,10.46621],[12.57768,10.46066],[12.56682,10.45419],[12.56678,10.45398],[12.56459,10.45271],[12.56263,10.44892],[12.56208,10.44226],[12.56206,10.44049],[12.56202,10.43607],[12.56219,10.4326],[12.56242,10.42797],[12.5633,10.41986],[12.56385,10.41662],[12.56207,10.40718],[12.56085,10.39345],[12.56199,10.38887],[12.56081,10.38544],[12.56056,10.38359],[12.56056,10.38358],[12.55963,10.37658],[12.55962,10.37651],[12.55799,10.37484],[12.55496,10.37173],[12.54916,10.36831],[12.54451,10.36489],[12.53944,10.36073],[12.53754,10.35918],[12.537,10.35898],[12.53163,10.35699],[12.52715,10.35492],[12.52656,10.35464],[12.52656,10.35464],[12.52223,10.35079],[12.52115,10.35065],[12.51993,10.35049],[12.51317,10.34551],[12.50737,10.34209],[12.50211,10.33988],[12.49925,10.33867],[12.49346,10.33754],[12.48736,10.33694],[12.48736,10.33694],[12.48335,10.33463],[12.47882,10.33254],[12.47834,10.33262],[12.47608,10.33301],[12.47186,10.33012],[12.46943,10.32902],[12.46794,10.32835],[12.46597,10.32763],[12.46557,10.32749],[12.46217,10.32515],[12.45956,10.32336],[12.45956,10.32336],[12.45879,10.32303],[12.45287,10.32047],[12.4494,10.31934],[12.4436,10.31706],[12.43808,10.3163],[12.43808,10.3163],[12.43549,10.31594],[12.43086,10.31595],[12.42877,10.31595],[12.42392,10.31596],[12.42161,10.31711],[12.42161,10.31711],[12.42008,10.31728],[12.42007,10.31729],[12.4112,10.31828],[12.40426,10.31864],[12.40235,10.31874],[12.40235,10.31874],[12.39607,10.31836],[12.39392,10.31822],[12.39337,10.31819],[12.39048,10.31748],[12.38926,10.31718],[12.38906,10.31718],[12.38906,10.31718],[12.38573,10.31719],[12.38134,10.3172],[12.3811,10.31721],[12.37952,10.3174],[12.37952,10.3174],[12.37527,10.31794],[12.37276,10.31826],[12.37184,10.31837],[12.36142,10.31725],[12.35309,10.31837],[12.35306,10.31837],[12.34407,10.31958],[12.34051,10.31959],[12.33597,10.3196],[12.32903,10.31961],[12.31976,10.31563],[12.3128,10.31507],[12.30825,10.31359],[12.30237,10.31166],[12.29541,10.30825],[12.29299,10.30493],[12.29237,10.30408],[12.28958,10.30025],[12.28918,10.29973],[12.28917,10.29971],[12.28609,10.29568],[12.28226,10.2913],[12.28225,10.29128],[12.27911,10.28769],[12.2758,10.28397],[12.27097,10.27856],[12.2698,10.27627],[12.26513,10.26827],[12.26395,10.26309],[12.26394,10.26042],[12.26394,10.26027],[12.26275,10.2534],[12.26191,10.25096],[12.26157,10.24997],[12.26087,10.24725],[12.26087,10.24725],[12.26083,10.24719],[12.26084,10.24712],[12.26089,10.24673],[12.25939,10.24197],[12.25878,10.24005],[12.25872,10.23969],[12.25835,10.23762],[12.25523,10.23258],[12.25523,10.23257],[12.25523,10.23257],[12.25166,10.22604],[12.25148,10.22571],[12.25137,10.22548],[12.24897,10.22025],[12.24591,10.21806],[12.24505,10.21744],[12.24445,10.21691],[12.24278,10.21543],[12.23804,10.21283],[12.23686,10.21218],[12.2366,10.21204],[12.23146,10.21005],[12.23143,10.21005],[12.22633,10.20929],[12.22407,10.20829],[12.22225,10.20727],[12.21768,10.2047],[12.20924,10.1997],[12.19603,10.19497],[12.19485,10.19454],[12.19452,10.19423],[12.19339,10.19313],[12.19319,10.19293],[12.18813,10.18703],[12.18802,10.18689],[12.17935,10.17986],[12.17922,10.17984],[12.17915,10.17982],[12.17903,10.17968],[12.17599,10.17712],[12.17443,10.1758],[12.17159,10.17209],[12.17093,10.17123],[12.16839,10.16791],[12.16783,10.16718],[12.16769,10.16707],[12.13125,10.13954],[12.10905,10.11451],[12.10481,10.1046],[12.10129,10.09777],[12.10018,10.08955],[12.10115,10.08165],[12.1007,10.06965],[12.10064,10.06245],[12.09678,10.05665],[12.09016,10.05156],[12.07801,10.04755],[12.06622,10.04627],[12.0465,10.04781],[12.01365,10.05288],[12.0112,10.04981],[12.00976,10.04296],[12.00727,10.03544],[12.00377,10.02998],[12.00097,10.02657],[12.00006,10.02553],[11.99924,10.02461],[11.97607,10.03054],[11.97296,10.03091],[11.9591,10.02698],[11.95267,10.02757],[11.94342,10.02988],[11.93881,10.03122],[11.93535,10.03223],[11.929,10.0323],[11.92527,10.03234],[11.91967,10.0324],[11.91573,10.03352],[11.9122,10.03453],[11.90526,10.03683],[11.89139,10.04029],[11.88677,10.04145],[11.87868,10.04376],[11.87293,10.04472],[11.87174,10.04492],[11.86595,10.04607],[11.86132,10.04608],[11.85741,10.04487],[11.85526,10.0442],[11.85322,10.04496],[11.84743,10.04497],[11.84339,10.04459],[11.83854,10.04505],[11.83338,10.04807],[11.83123,10.05248],[11.8286,10.05388],[11.82237,10.0623],[11.81701,10.06855],[11.81108,10.07479],[11.80784,10.08487],[11.8068,10.087],[11.79927,10.09359],[11.78999,10.10317],[11.77441,10.11925],[11.75998,10.13368],[11.75757,10.1409],[11.74875,10.15533],[11.73993,10.16415],[11.7231,10.16656],[11.71617,10.16678],[11.71023,10.16697],[11.7005,10.17074],[11.69187,10.17622],[11.68531,10.18194],[11.67826,10.18807],[11.66692,10.19415],[11.66372,10.19586],[11.65688,10.19681],[11.60128,10.20806],[11.58907,10.22486],[11.58286,10.24931],[11.57025,10.27381],[11.56532,10.2874],[11.55419,10.29341],[11.55259,10.29427],[11.54973,10.29608],[11.54395,10.29975],[11.53759,10.30341],[11.53339,10.3051],[11.53386,10.31169],[11.53678,10.31606],[11.54349,10.32612],[11.54574,10.32739],[11.54629,10.32771],[11.56754,10.33975],[11.59562,10.35346],[11.60202,10.35659],[11.62447,10.38144],[11.63548,10.39455],[11.63494,10.39901],[11.63469,10.40223],[11.63414,10.40944],[11.63513,10.41758],[11.6361,10.42688],[11.63528,10.43846],[11.6351,10.44675],[11.63508,10.44774],[11.63604,10.45762],[11.63593,10.46284],[11.63587,10.46574],[11.6369,10.47156],[11.63852,10.4774],[11.64058,10.49021],[11.64037,10.50007],[11.64363,10.51058],[11.6445,10.51269],[11.6475,10.51995],[11.6502,10.5293],[11.64875,10.54318],[11.64277,10.55175],[11.63907,10.5621],[11.63831,10.57078],[11.63877,10.5766],[11.63922,10.58299],[11.63875,10.58713],[11.63851,10.58935],[11.64,10.60099],[11.64015,10.60904],[11.64579,10.61075],[11.64952,10.61068],[11.65254,10.61208],[11.65556,10.61347],[11.65859,10.61439],[11.66119,10.61518],[11.66644,10.61581],[11.66945,10.61721],[11.6747,10.61783],[11.67882,10.61884],[11.68557,10.62017],[11.68859,10.62156],[11.69765,10.62576],[11.70368,10.62855],[11.70639,10.63018],[11.71011,10.63243],[11.71353,10.63491],[11.71694,10.63739],[11.72075,10.64096],[11.72305,10.64383],[11.72726,10.64848],[11.73147,10.65313],[11.74063,10.6609],[11.74783,10.66701],[11.74793,10.66704],[11.74795,10.66707],[11.74881,10.66815],[11.75017,10.66915],[11.75392,10.67205],[11.75431,10.67229],[11.75639,10.67354],[11.75877,10.6747],[11.76141,10.6761],[11.76396,10.67751],[11.7672,10.67966],[11.76828,10.68022],[11.76828,10.68034],[11.76847,10.68919],[11.76601,10.69615],[11.7595,10.70575],[11.75735,10.71016],[11.75632,10.71419],[11.75378,10.71751],[11.75052,10.72231],[11.74647,10.72494],[11.74112,10.7268],[11.7398,10.72726],[11.73432,10.73283],[11.72852,10.73725],[11.72844,10.73731],[11.72607,10.74346],[11.72113,10.74474],[11.7224,10.75163],[11.72288,10.75636],[11.72541,10.75972],[11.73018,10.76605],[11.73256,10.77256],[11.73526,10.77651],[11.73725,10.78193],[11.73812,10.78774],[11.73971,10.79208],[11.73836,10.79866],[11.73621,10.80307],[11.73594,10.80325],[11.73421,10.81075],[11.73088,10.81649],[11.72515,10.82224],[11.72413,10.825],[11.72231,10.82988],[11.71994,10.83419],[11.71853,10.83991],[11.70948,10.85331],[11.70039,10.86195],[11.69127,10.86678],[11.68597,10.86682],[11.68118,10.87019],[11.68122,10.8759],[11.68319,10.88131],[11.68467,10.8854],[11.68577,10.88692],[11.68839,10.88814],[11.69403,10.88985],[11.69967,10.89156],[11.7057,10.89435],[11.70632,10.89452],[11.71547,10.89707],[11.71763,10.8979],[11.72714,10.90158],[11.7336,10.90457],[11.7362,10.90577],[11.74183,10.90748],[11.74485,10.90888],[11.74898,10.90989],[11.75613,10.9123],[11.75854,10.91289],[11.76105,10.91568],[11.762,10.91674],[11.76297,10.9174],[11.76684,10.92004],[11.7675,10.92021],[11.76807,10.92037],[11.77022,10.92096],[11.78049,10.92089],[11.78059,10.92092],[11.78924,10.92403],[11.79901,10.92675],[11.80354,10.92884],[11.80957,10.93164],[11.81632,10.93296],[11.82236,10.93576],[11.82911,10.93708],[11.83475,10.93879],[11.83495,10.93883],[11.8415,10.94012],[11.84825,10.94144],[11.8546,10.94168],[11.86024,10.94339],[11.86588,10.9451],[11.8708,10.94828],[11.87603,10.95016],[11.87945,10.95139],[11.88509,10.9531],[11.89033,10.95372],[11.89597,10.95543],[11.9001,10.95644],[11.9024,10.95672],[11.90534,10.95707],[11.91098,10.95878],[11.91511,10.95979],[11.92075,10.9615],[11.92639,10.96321],[11.93052,10.96422],[11.93353,10.96562],[11.93655,10.96702],[11.9487,10.97624],[11.95593,10.98229],[11.96466,10.98904],[11.96847,10.99261],[11.9753,10.99757],[11.97991,11.00331],[11.98642,11.01083],[11.99102,11.01656],[12.00166,11.02509],[12.00476,11.03013],[12.00783,11.03395],[12.00937,11.03587],[12.01286,11.04199],[12.01595,11.04703],[12.01945,11.05315],[12.02215,11.0571],[12.02898,11.06207],[12.03573,11.06339],[12.04097,11.06402],[12.04732,11.06425],[12.05439,11.06302],[12.05772,11.06187],[12.0644,11.05955],[12.06996,11.05762],[12.07623,11.05422],[12.0829,11.0519],[12.08886,11.05106],[12.0941,11.05168],[12.09894,11.05122],[12.10681,11.05216],[12.11244,11.05387],[12.11657,11.05488],[12.12408,11.0557],[12.12856,11.05683],[12.13913,11.06172],[12.14373,11.06746],[12.14603,11.07033],[12.14657,11.07577],[12.14859,11.07767],[12.14968,11.08107],[12.14532,11.08891],[12.14166,11.09263],[12.13912,11.09595],[12.13705,11.104],[12.13602,11.10803],[12.13507,11.1157],[12.13515,11.11934],[12.13411,11.12336],[12.13348,11.12847],[12.13083,11.13391],[12.1299,11.13583],[12.12736,11.13916],[12.1225,11.13898],[12.12101,11.13892],[12.12051,11.14018],[12.11711,11.14883],[12.11465,11.15579],[12.11516,11.1634],[12.11521,11.16416],[12.11501,11.16573],[12.11457,11.16927],[12.11441,11.17052],[12.11393,11.17438],[12.11441,11.1791],[12.11424,11.18336],[12.11417,11.1853],[12.11368,11.18768],[12.11282,11.19188],[12.1128,11.19196],[12.11179,11.19591],[12.11075,11.19993],[12.10972,11.20396],[12.10869,11.20799],[12.10742,11.21198],[12.10694,11.21348],[12.1067,11.21541],[12.10598,11.22115],[12.10393,11.2266],[12.10281,11.22959],[12.10245,11.23243],[12.10185,11.23725],[12.10212,11.24123],[12.10241,11.24562],[12.10479,11.25213],[12.10749,11.25608],[12.10939,11.25746],[12.1109,11.25856],[12.11271,11.25987],[12.11773,11.26353],[12.12186,11.26454],[12.12186,11.26454],[12.12186,11.26454],[12.12567,11.2681],[12.13041,11.26927],[12.13393,11.27013],[12.13629,11.27234],[12.13774,11.27369],[12.14378,11.27649],[12.1483,11.27858],[12.15094,11.28028],[12.15323,11.28176],[12.1595,11.2862],[12.16203,11.28856],[12.1672,11.28914],[12.1672,11.28914],[12.16722,11.28915],[12.17213,11.29232],[12.17493,11.29401],[12.17856,11.2962],[12.18211,11.29905],[12.18211,11.29905],[12.18315,11.30087],[12.1869,11.30186],[12.1869,11.30186],[12.1892,11.30473],[12.1915,11.3076],[12.1942,11.31155],[12.19439,11.31207],[12.1953,11.31245],[12.20531,11.349],[12.20879,11.35738],[12.2119,11.36487],[12.22497,11.38228],[12.24463,11.41397],[12.269,11.43128],[12.30467,11.44849],[12.31601,11.45317],[12.32097,11.46587],[12.32598,11.48335],[12.33026,11.49276],[12.33032,11.4929],[12.33323,11.48944],[12.33826,11.48285],[12.34652,11.499],[12.35069,11.50504],[12.37354,11.54976],[12.36256,11.56368],[12.36256,11.56368],[12.34856,11.58295],[12.34847,11.58308],[12.32991,11.59363],[12.32335,11.59819],[12.31355,11.60564],[12.29996,11.60862],[12.30075,11.61616],[12.30111,11.64491],[12.29137,11.66313],[12.28267,11.68042],[12.27484,11.69402],[12.24126,11.65231],[12.22372,11.63286],[12.19238,11.64503],[12.17825,11.65835],[12.17898,11.66035],[12.18096,11.66578],[12.18521,11.67491],[12.18684,11.67841],[12.18842,11.68275],[12.19128,11.69398],[12.19366,11.70049],[12.19604,11.707],[12.19898,11.72187],[12.20287,11.72908],[12.20758,11.73372],[12.20986,11.74132],[12.20992,11.74143],[12.22032,11.74926],[12.22235,11.75079],[12.23329,11.75223],[12.23648,11.7599],[12.23652,11.76],[12.24129,11.77372],[12.23967,11.78327],[12.24066,11.78441],[12.24336,11.78837],[12.24844,11.79883],[12.25217,11.81587],[12.25241,11.82679],[12.25146,11.83446],[12.2505,11.84212],[12.24915,11.84871],[12.2482,11.85637],[12.24764,11.86512],[12.24629,11.8717],[12.24645,11.87898],[12.24589,11.88774],[12.24565,11.89393],[12.2462,11.9023],[12.24596,11.90849],[12.24652,11.91686],[12.24659,11.92467],[12.24469,11.93583],[12.24556,11.94164],[12.24786,11.96162],[12.24881,11.97107],[12.24818,11.97618],[12.24841,11.9871],[12.24876,11.99059],[12.24936,11.99655],[12.24992,12.00492],[12.25064,12.00917],[12.25121,12.01255],[12.25206,12.01762],[12.25373,12.0256],[12.25537,12.03451],[12.25754,12.04628],[12.26278,12.06402],[12.26484,12.07309],[12.26841,12.08285],[12.26968,12.08974],[12.27174,12.09881],[12.2742,12.10896],[12.28389,12.14227],[12.28881,12.16257],[12.29159,12.17016],[12.29651,12.19045],[12.29936,12.20169],[12.30063,12.20858],[12.30309,12.21873],[12.30317,12.22237],[12.30405,12.22818],[12.3041,12.23055],[12.29978,12.2404],[12.29789,12.26196],[12.30593,12.28725],[12.30578,12.29115],[12.30427,12.30756],[12.30403,12.31376],[12.30157,12.32073],[12.29839,12.32916],[12.29084,12.34279],[12.28689,12.35093],[12.28584,12.35308],[12.28155,12.36191],[12.27758,12.36818],[12.27667,12.37751],[12.27454,12.37944],[12.27246,12.38626],[12.27036,12.38842],[12.26916,12.3931],[12.26781,12.39969],[12.26463,12.40812],[12.26288,12.41362],[12.26062,12.42027],[12.2611,12.42297],[12.26124,12.4231],[12.26538,12.42691],[12.2655,12.43105],[12.26937,12.43399],[12.27201,12.43599],[12.27595,12.43899],[12.27863,12.44096],[12.28062,12.44178],[12.28315,12.44283],[12.28701,12.44771],[12.2911,12.45052],[12.29772,12.45407],[12.30044,12.45595],[12.30414,12.4565],[12.30803,12.45819],[12.31192,12.45987],[12.31556,12.45907],[12.3184,12.46073],[12.32204,12.46286],[12.32561,12.46519],[12.33184,12.46808],[12.33466,12.46938],[12.33764,12.47102],[12.34053,12.4726],[12.3432,12.47661],[12.3454,12.47991],[12.35085,12.48063],[12.35292,12.48082],[12.35652,12.48299],[12.36012,12.48516],[12.3638,12.48738],[12.36801,12.49203],[12.37051,12.4932],[12.37675,12.49878],[12.38588,12.50661],[12.386,12.50666],[12.3889,12.50801],[12.39508,12.51571],[12.39811,12.51948],[12.39877,12.5245],[12.40053,12.52769],[12.40248,12.532],[12.40444,12.53632],[12.4062,12.53951],[12.40932,12.54363],[12.41224,12.54663],[12.41556,12.55188],[12.41935,12.55438],[12.42083,12.55697],[12.42263,12.56013],[12.42444,12.56328],[12.42717,12.56807],[12.42862,12.57144],[12.42973,12.57401],[12.43151,12.57816],[12.43387,12.58128],[12.4339,12.58131],[12.43387,12.58132],[12.43384,12.58136],[12.43381,12.58141],[12.43152,12.58636],[12.42989,12.59659],[12.42992,12.59999],[12.43027,12.60101],[12.43133,12.6027],[12.43446,12.60505],[12.43795,12.60774],[12.44316,12.60974],[12.44353,12.60937],[12.44361,12.60958],[12.45699,12.61175],[12.4623,12.61312],[12.46644,12.61419],[12.46904,12.61753],[12.47904,12.63303],[12.48191,12.64041],[12.49046,12.66241],[12.49413,12.68682],[12.48999,12.70202],[12.47754,12.71776],[12.47052,12.72664],[12.45192,12.75378],[12.44786,12.77741],[12.44624,12.78669],[12.40649,12.84352],[12.39382,12.86385],[12.39176,12.86559],[12.37815,12.87707],[12.37765,12.87748],[12.37526,12.89604],[12.37882,12.91034],[12.38844,12.93047],[12.40001,12.96862],[12.40526,12.98593],[12.40541,13.00149],[12.40558,13.01963],[12.40074,13.05254],[12.39578,13.07197],[12.39404,13.07618],[12.39413,13.0771],[12.40026,13.07764],[12.40164,13.07434],[12.40714,13.07874],[12.41236,13.07764],[12.41952,13.07572],[12.42832,13.07297],[12.42949,13.07266],[12.43244,13.07187],[12.43454,13.07187],[12.43849,13.07187],[12.44785,13.07159],[12.4539,13.07159],[12.4583,13.07077],[12.46137,13.06901],[12.466,13.06637],[12.47095,13.06307],[12.4737,13.06307],[12.47728,13.06307],[12.48003,13.06444],[12.48085,13.06664],[12.4825,13.06912],[12.48223,13.07297],[12.48085,13.07599],[12.47948,13.08039],[12.48003,13.08342],[12.4836,13.08425],[12.48883,13.08287],[12.49461,13.08287],[12.49763,13.08425],[12.49543,13.08672],[12.4924,13.0881],[12.49103,13.08975],[12.49323,13.09167],[12.49708,13.09332],[12.49571,13.09525],[12.4935,13.0969],[12.49213,13.10047],[12.49271,13.10171],[12.49461,13.1057],[12.49625,13.109],[12.49567,13.1115],[12.49529,13.11313],[12.49144,13.11753],[12.49089,13.12248],[12.49392,13.12633],[12.49667,13.13018],[12.50024,13.13458],[12.50437,13.13843],[12.5085,13.14118],[12.50974,13.14204],[12.5129,13.14421],[12.51702,13.14861],[12.51778,13.14886],[12.5195,13.14943],[12.52582,13.14641],[12.53187,13.14641],[12.53682,13.14668],[12.5382,13.14118],[12.54013,13.13953],[12.54233,13.14091],[12.54398,13.14393],[12.547,13.14916],[12.54948,13.15218],[12.5525,13.15411],[12.55608,13.15521],[12.55855,13.15741],[12.55608,13.15906],[12.55333,13.16456],[12.55333,13.16841],[12.55333,13.17501],[12.5558,13.18024],[12.55773,13.18409],[12.5602,13.18656],[12.56433,13.19179],[12.56185,13.19702],[12.55855,13.19647],[12.55443,13.19262],[12.55113,13.19069],[12.547,13.19206],[12.54233,13.19344],[12.54068,13.19702],[12.53875,13.19977],[12.53739,13.20249],[12.5371,13.20307],[12.53793,13.20609],[12.536,13.21077],[12.53655,13.21269],[12.54059,13.21222],[12.54123,13.21214],[12.54343,13.20829],[12.54755,13.20169],[12.55113,13.20142],[12.55333,13.20554],[12.55415,13.21352],[12.5536,13.21875],[12.55759,13.22177],[12.56172,13.22397],[12.56749,13.2259],[12.56997,13.22782],[12.57217,13.23085],[12.56887,13.23442],[12.56612,13.23745],[12.56612,13.23992],[12.56969,13.2435],[12.57272,13.24845],[12.57547,13.25065],[12.57657,13.2534],[12.57712,13.25643],[12.57794,13.26028],[12.57849,13.2633],[12.57877,13.2666],[12.57904,13.26908],[12.5829,13.2688],[12.58675,13.26633],[12.59032,13.26358],[12.59225,13.2644],[12.59225,13.26743],[12.5917,13.2699],[12.58977,13.27293],[12.5884,13.2754],[12.5895,13.2776],[12.5994,13.27568],[12.60352,13.27596],[12.60875,13.27651],[12.61205,13.27485],[12.6181,13.27155],[12.62663,13.2721],[12.62965,13.27596],[12.63378,13.27898],[12.63516,13.28283],[12.63653,13.28586],[12.63763,13.28916],[12.63873,13.29246],[12.64121,13.29768],[12.64313,13.29988],[12.64316,13.29988],[12.64643,13.29988],[12.64753,13.29576],[12.64753,13.29407],[12.64753,13.29246],[12.64836,13.29026],[12.64891,13.28531],[12.65056,13.28338],[12.65237,13.28351],[12.65441,13.28366],[12.65771,13.28503],[12.66349,13.28421],[12.66596,13.28091],[12.66706,13.27678],[12.66871,13.2732],[12.67394,13.27265],[12.67586,13.27403],[12.67806,13.27595],[12.67971,13.27871],[12.68329,13.28338],[12.69044,13.29246],[12.69099,13.29466],[12.69237,13.29741],[12.69374,13.29988],[12.69264,13.30264],[12.69154,13.30621],[12.69127,13.30869],[12.69209,13.31226],[12.69457,13.31254],[12.69814,13.31254],[12.70364,13.31281],[12.70557,13.31171],[12.70969,13.30731],[12.71299,13.30511],[12.71602,13.30401],[12.7207,13.30539],[12.71987,13.30951],[12.71519,13.31336],[12.71382,13.31611],[12.71685,13.31721],[12.72317,13.31804],[12.73032,13.31886],[12.73555,13.32024],[12.73885,13.32189],[12.74055,13.32302],[12.74077,13.3233],[12.74108,13.32394],[12.74128,13.32457],[12.74194,13.3253],[12.7427,13.32613],[12.7427,13.32959],[12.7383,13.33179],[12.73857,13.33454],[12.74105,13.33977],[12.74875,13.34829],[12.75315,13.35297],[12.76003,13.35159],[12.76883,13.35379],[12.77468,13.35575],[12.77791,13.35682],[12.78279,13.35811],[12.78708,13.3653],[12.78942,13.36619],[12.79176,13.36799],[12.7918,13.37119],[12.79182,13.37347],[12.79311,13.37753],[12.79327,13.37802],[12.79795,13.38072],[12.79819,13.38061],[12.79826,13.38075],[12.80129,13.38102],[12.80596,13.38405],[12.80816,13.38597],[12.80954,13.38763],[12.8162,13.39097],[12.81889,13.39285],[12.82081,13.3967],[12.81971,13.40055],[12.82081,13.40303],[12.82301,13.40578],[12.82576,13.40578],[12.82632,13.40358],[12.82659,13.39945],[12.82769,13.3967],[12.83072,13.39698],[12.83209,13.3989],[12.83347,13.40165],[12.83374,13.4044],[12.83347,13.4066],[12.83264,13.41183],[12.83264,13.41486],[12.83044,13.41843],[12.82769,13.41981],[12.82549,13.42036],[12.82081,13.42091],[12.81837,13.42123],[12.81669,13.42146],[12.8161,13.42514],[12.82197,13.42508],[12.82604,13.42503],[12.82879,13.42668],[12.83017,13.43026],[12.83319,13.43026],[12.83484,13.42861],[12.83814,13.42916],[12.83869,13.43163],[12.83732,13.43383],[12.83594,13.43713],[12.83704,13.43961],[12.83814,13.44236],[12.84144,13.44346],[12.84419,13.44153],[12.84722,13.43961],[12.84997,13.43906],[12.85685,13.43796],[12.86042,13.43713],[12.86262,13.43906],[12.86097,13.44153],[12.85822,13.44511],[12.85657,13.44786],[12.85822,13.45639],[12.86125,13.46244],[12.86207,13.46629],[12.85995,13.46673],[12.85547,13.46766],[12.85162,13.46849],[12.85024,13.47014],[12.85217,13.47344],[12.85547,13.47537],[12.85822,13.47784],[12.86207,13.47894],[12.86647,13.47647],[12.86786,13.47541],[12.87225,13.47207],[12.87527,13.46986],[12.8783,13.47069],[12.87967,13.47427],[12.8794,13.47729],[12.8761,13.48059],[12.87475,13.48295],[12.8739,13.48444],[12.8728,13.49022],[12.87445,13.4949],[12.87775,13.49682],[12.8849,13.4949],[12.89178,13.49324],[12.89191,13.49176],[12.89233,13.48719],[12.8937,13.48527],[12.9003,13.48527],[12.90415,13.48307],[12.90718,13.48142],[12.91928,13.48279],[12.92478,13.48334],[12.92836,13.48994],[12.93689,13.49902],[12.94651,13.50232],[12.95003,13.5057],[12.95339,13.50892],[12.9545,13.50759],[12.95889,13.50232],[12.96082,13.4982],[12.96494,13.50672],[12.96797,13.51167],[12.97002,13.51414],[12.97072,13.51497],[12.9713,13.51468],[12.97347,13.5136],[12.97512,13.51195],[12.97539,13.50975],[12.98612,13.50947],[12.99299,13.5125],[12.99822,13.5136],[13.0018,13.5136],[13.004,13.51222],[13.00592,13.51085],[13.0095,13.51195],[13.01582,13.51772],[13.026,13.52983],[13.02793,13.53148],[13.03315,13.53038],[13.03975,13.52625],[13.04252,13.52553],[13.04608,13.5246],[13.04663,13.5268],[13.04608,13.5312],[13.04663,13.53588],[13.04705,13.53841],[13.04745,13.54083],[13.04938,13.54165],[13.05283,13.54027],[13.05626,13.5389],[13.06011,13.54248],[13.06396,13.54743],[13.06753,13.54743],[13.06891,13.54743],[13.07496,13.54715],[13.08129,13.54578],[13.08018,13.54126],[13.07639,13.53685],[13.07254,13.53599],[13.07072,13.53558],[13.0692,13.53218],[13.0682,13.52991],[13.06989,13.52651],[13.07135,13.5236],[13.07513,13.52171],[13.07901,13.52116],[13.08157,13.52079],[13.08396,13.52045],[13.08838,13.5173],[13.08851,13.51716],[13.08957,13.5161],[13.09153,13.51414],[13.09468,13.51667],[13.10036,13.52928],[13.1054,13.53495],[13.11102,13.53083],[13.11486,13.52802],[13.11849,13.52318],[13.11865,13.52297],[13.11884,13.52285],[13.11997,13.52214],[13.12369,13.51982],[13.12685,13.51919],[13.12637,13.52297],[13.12622,13.52423],[13.12622,13.5255],[13.12622,13.52865],[13.12651,13.5304],[13.12677,13.532],[13.12685,13.53243],[13.12545,13.53359],[13.12306,13.53558],[13.12379,13.53704],[13.12495,13.53937],[13.13883,13.54],[13.14194,13.54249],[13.14513,13.54504],[13.14955,13.54504],[13.14829,13.54126],[13.14576,13.53874],[13.14513,13.53432],[13.14513,13.52991],[13.14387,13.52549],[13.14324,13.51982],[13.14484,13.51662],[13.14513,13.51604],[13.14611,13.51587],[13.1527,13.51477],[13.15775,13.51288],[13.15964,13.51856],[13.16216,13.52297],[13.16405,13.52613],[13.17099,13.52991],[13.17667,13.5318],[13.18549,13.53117],[13.1861,13.52954],[13.18991,13.51919],[13.19185,13.51499],[13.19369,13.51099],[13.19874,13.50973],[13.20063,13.51667],[13.19937,13.52108],[13.20631,13.52613],[13.21009,13.52991],[13.21057,13.53294],[13.21067,13.5336],[13.21198,13.54189],[13.21387,13.55009],[13.21892,13.54504],[13.22207,13.55009],[13.22775,13.55324],[13.23658,13.55703],[13.2391,13.56081],[13.24225,13.56586],[13.24162,13.57027],[13.23847,13.57216],[13.23561,13.57216],[13.23468,13.57216],[13.23374,13.57334],[13.23216,13.57531],[13.23469,13.58099],[13.23784,13.58541],[13.24162,13.58604],[13.2438,13.5844],[13.24609,13.58268],[13.24919,13.58036],[13.25423,13.57973],[13.25739,13.58604],[13.26182,13.58914],[13.26369,13.59045],[13.26496,13.59423],[13.26306,13.59802],[13.26054,13.59802],[13.25739,13.59802],[13.2555,13.59928],[13.2555,13.60029],[13.2555,13.60495],[13.25045,13.61126],[13.24919,13.61378],[13.25171,13.61631],[13.25613,13.61757],[13.25919,13.62025],[13.26117,13.62198],[13.26143,13.62277],[13.26369,13.62955],[13.27,13.63459],[13.27441,13.63838],[13.27437,13.63853],[13.27371,13.64049],[13.27315,13.64216],[13.27442,13.64847],[13.28451,13.65162],[13.29144,13.6573],[13.29195,13.65735],[13.293,13.65745],[13.29775,13.65793],[13.29964,13.6655],[13.29907,13.66776],[13.29832,13.67079],[13.29775,13.67306],[13.30219,13.67417],[13.30279,13.67432],[13.30311,13.67445],[13.3091,13.67685],[13.31036,13.68252],[13.31288,13.68757],[13.31478,13.69072],[13.31629,13.69081],[13.3198,13.69102],[13.3234,13.69123],[13.3255,13.69135],[13.3256,13.69137],[13.33369,13.69261],[13.33386,13.69304],[13.3351,13.69627],[13.33685,13.70081],[13.33937,13.70775],[13.34252,13.7109],[13.34946,13.71153],[13.35402,13.71381],[13.35451,13.71406],[13.3558,13.71362],[13.35707,13.7132],[13.3584,13.71276],[13.35885,13.71261]]]]}},{"type":"Feature","id":"NG009","properties":{"admin1Pcod":"NG009","admin1Name":"Cross River","admin1RefN":"Cross River","admin0Pcod":"NG","admin0Name":"Nigeria"},"geometry":{"type":"MultiPolygon","coordinates":[[[[8.56068,4.79847],[8.55944,4.79847],[8.55779,4.79957],[8.55627,4.80025],[8.55351,4.80355],[8.5535,4.80506],[8.55378,4.80603],[8.55515,4.80754],[8.5557,4.80782],[8.55667,4.80878],[8.55749,4.81016],[8.5579,4.81181],[8.55845,4.81223],[8.55845,4.81305],[8.55982,4.81443],[8.56258,4.81609],[8.56395,4.81636],[8.56561,4.81623],[8.5663,4.81595],[8.56809,4.81389],[8.56837,4.81334],[8.56837,4.81266],[8.56892,4.81197],[8.56906,4.80963],[8.56962,4.80771],[8.57017,4.80674],[8.57155,4.80551],[8.57196,4.80455],[8.57197,4.80372],[8.57128,4.80303],[8.57018,4.80248],[8.56907,4.80248],[8.56825,4.80206],[8.56728,4.80192],[8.56687,4.80151],[8.56536,4.80096],[8.56495,4.80054],[8.56426,4.80041],[8.56219,4.79903],[8.56137,4.79889],[8.56068,4.79847]]],[[[8.58684,4.80471],[8.5834,4.80443],[8.58078,4.8047],[8.57871,4.80456],[8.57651,4.80469],[8.57527,4.80496],[8.57403,4.80579],[8.57361,4.8062],[8.57237,4.80895],[8.5714,4.8128],[8.57057,4.81431],[8.57043,4.81527],[8.57084,4.81569],[8.57263,4.81583],[8.57346,4.81624],[8.57718,4.81639],[8.5809,4.81281],[8.58187,4.81227],[8.58311,4.81103],[8.5849,4.81007],[8.5878,4.80732],[8.58835,4.80719],[8.5889,4.80664],[8.58904,4.80581],[8.58808,4.80512],[8.58684,4.80471]]],[[[8.30049,4.79238],[8.29709,4.79237],[8.29483,4.79302],[8.2924,4.79496],[8.28819,4.79756],[8.28592,4.7995],[8.28349,4.80226],[8.28203,4.8047],[8.28056,4.80795],[8.27878,4.81022],[8.27667,4.81428],[8.27569,4.81916],[8.27553,4.82013],[8.276,4.82517],[8.27648,4.82745],[8.27777,4.82956],[8.2802,4.83038],[8.28246,4.83006],[8.28554,4.8286],[8.29299,4.82244],[8.2985,4.81627],[8.30126,4.8127],[8.30353,4.8088],[8.30629,4.80393],[8.30613,4.80117],[8.30565,4.79987],[8.30485,4.79694],[8.30307,4.79466],[8.30227,4.79303],[8.30113,4.79303],[8.30049,4.79238]]],[[[8.84841,6.86557],[8.85181,6.86325],[8.85636,6.86092],[8.85977,6.85975],[8.86431,6.85627],[8.86772,6.85395],[8.87,6.85394],[8.87454,6.85046],[8.87909,6.84928],[8.88703,6.84349],[8.89158,6.84116],[8.89726,6.83768],[8.90295,6.83534],[8.90863,6.833],[8.91318,6.83068],[8.91886,6.82719],[8.9234,6.82487],[8.92681,6.82255],[8.92943,6.82041],[8.93248,6.81792],[8.93474,6.8156],[8.93971,6.81322],[8.94299,6.8105],[8.94383,6.8098],[8.94723,6.80748],[8.95177,6.80401],[8.95745,6.80052],[8.96085,6.79705],[8.96425,6.79473],[8.9688,6.79241],[8.97221,6.79009],[8.97448,6.78892],[8.97674,6.78661],[8.9773,6.78604],[8.99494,6.77664],[9.00277,6.76802],[9.00748,6.76175],[9.00748,6.75783],[9.00121,6.75313],[8.99142,6.74661],[8.99011,6.74289],[8.98779,6.73832],[8.98663,6.73488],[8.98431,6.7303],[8.98199,6.72458],[8.98083,6.72229],[8.97736,6.71657],[8.97735,6.71428],[8.97505,6.712],[8.97389,6.70971],[8.97273,6.70742],[8.97043,6.70399],[8.96926,6.70055],[8.96809,6.69712],[8.96921,6.69367],[8.97033,6.69136],[8.97261,6.69135],[8.97604,6.69132],[8.97833,6.69246],[8.98061,6.69244],[8.98518,6.69356],[8.98745,6.69239],[8.98973,6.69238],[8.99202,6.69236],[8.99765,6.68314],[9.00445,6.6762],[9.01124,6.66927],[9.01803,6.66233],[9.02255,6.65541],[9.02708,6.65079],[9.03504,6.64729],[9.04756,6.64376],[9.05896,6.64253],[9.07037,6.64245],[9.07724,6.64585],[9.08297,6.64925],[9.08553,6.65165],[9.08738,6.65128],[9.10069,6.65441],[9.11166,6.65989],[9.11582,6.66653],[9.11733,6.66739],[9.12308,6.67309],[9.12906,6.67552],[9.13602,6.68001],[9.13669,6.6799],[9.13923,6.68014],[9.14264,6.68061],[9.14391,6.68077],[9.14486,6.68109],[9.14669,6.68196],[9.1494,6.68439],[9.15396,6.68436],[9.15853,6.68433],[9.16539,6.68658],[9.16767,6.68656],[9.1682,6.68673],[9.1711,6.68768],[9.17567,6.6888],[9.18483,6.69333],[9.19283,6.69442],[9.1997,6.69782],[9.20886,6.70235],[9.21573,6.70575],[9.22831,6.7091],[9.2386,6.71248],[9.24774,6.71471],[9.25575,6.7181],[9.26603,6.71918],[9.27059,6.71914],[9.27972,6.71908],[9.28543,6.72019],[9.29115,6.7213],[9.2957,6.72012],[9.30026,6.72009],[9.30367,6.71777],[9.30706,6.71315],[9.3093,6.7074],[9.31381,6.70048],[9.31832,6.69356],[9.3251,6.68433],[9.33415,6.67393],[9.34321,6.66468],[9.3477,6.65547],[9.35221,6.64855],[9.35788,6.64277],[9.36125,6.63586],[9.36804,6.62892],[9.37258,6.62545],[9.37712,6.62197],[9.38166,6.6185],[9.38618,6.61272],[9.39185,6.60924],[9.39639,6.60576],[9.40206,6.60113],[9.40544,6.59537],[9.40997,6.59075],[9.41337,6.58728],[9.41676,6.58266],[9.42014,6.5769],[9.42239,6.57344],[9.42465,6.56998],[9.42803,6.56422],[9.43254,6.5573],[9.4382,6.55037],[9.44159,6.5469],[9.44612,6.54228],[9.44952,6.53881],[9.45406,6.53648],[9.4586,6.53301],[9.46201,6.53069],[9.46541,6.52837],[9.46883,6.52719],[9.47109,6.52488],[9.47221,6.52143],[9.47332,6.51798],[9.4733,6.51453],[9.47441,6.51108],[9.47436,6.5042],[9.47433,6.4996],[9.47315,6.49502],[9.47198,6.49043],[9.47082,6.48815],[9.46729,6.47325],[9.46723,6.46636],[9.46603,6.45833],[9.46563,6.45561],[9.46483,6.4503],[9.46364,6.44342],[9.46245,6.43654],[9.46012,6.42967],[9.45778,6.42279],[9.4566,6.41706],[9.45314,6.41135],[9.4508,6.40447],[9.44963,6.39989],[9.44844,6.39301],[9.44606,6.38039],[9.44599,6.37121],[9.4448,6.36433],[9.44359,6.35515],[9.44241,6.34942],[9.43779,6.34142],[9.43546,6.33569],[9.43201,6.33227],[9.42856,6.32885],[9.42398,6.32544],[9.41939,6.32202],[9.41367,6.31977],[9.41023,6.31749],[9.4068,6.31637],[9.39995,6.31642],[9.39769,6.31873],[9.392,6.32107],[9.38973,6.32223],[9.38404,6.32456],[9.37836,6.32805],[9.37155,6.33269],[9.36585,6.33388],[9.36131,6.3362],[9.35788,6.33623],[9.3556,6.33624],[9.35104,6.33627],[9.34648,6.33631],[9.34419,6.33632],[9.34076,6.33405],[9.33959,6.33061],[9.33955,6.32487],[9.34067,6.32257],[9.34293,6.31911],[9.34518,6.31565],[9.34744,6.31219],[9.34855,6.30759],[9.34852,6.30414],[9.34849,6.29955],[9.34732,6.29611],[9.34615,6.29268],[9.34614,6.29038],[9.34383,6.28695],[9.34266,6.28352],[9.33919,6.27665],[9.33458,6.27094],[9.33456,6.26865],[9.33227,6.26637],[9.32763,6.25722],[9.32529,6.24919],[9.32181,6.24118],[9.31489,6.2309],[9.31142,6.22518],[9.30909,6.21831],[9.3056,6.20915],[9.30213,6.20228],[9.29981,6.1977],[9.29634,6.19084],[9.29172,6.18398],[9.28826,6.17827],[9.28708,6.17368],[9.28478,6.17025],[9.28132,6.16569],[9.27902,6.1634],[9.27671,6.15998],[9.27556,6.15769],[9.26982,6.15313],[9.26295,6.14974],[9.25493,6.1452],[9.24462,6.13953],[9.23774,6.13499],[9.22858,6.13046],[9.22515,6.12933],[9.21599,6.1248],[9.20912,6.12255],[9.20454,6.12029],[9.19652,6.11575],[9.18965,6.11236],[9.18279,6.11011],[9.17363,6.10558],[9.16677,6.10333],[9.15876,6.09994],[9.15189,6.09654],[9.14731,6.09543],[9.14387,6.09315],[9.14043,6.09088],[9.13585,6.08862],[9.13127,6.0852],[9.12783,6.08408],[9.1221,6.08067],[9.11866,6.0784],[9.11408,6.07499],[9.10719,6.0693],[9.10144,6.06359],[9.09456,6.05905],[9.08768,6.05336],[9.07849,6.04538],[9.07276,6.04198],[9.06815,6.03627],[9.06012,6.02944],[9.05666,6.02487],[9.05091,6.01917],[9.04402,6.01233],[9.03598,6.00549],[9.02908,5.99865],[9.02333,5.9918],[9.01873,5.98724],[9.01412,5.98153],[9.00953,5.97697],[9.00606,5.97125],[8.99916,5.96327],[8.99571,5.95985],[8.9934,5.95642],[8.99111,5.95529],[8.98995,5.95185],[8.97847,5.94274],[8.97157,5.9359],[8.967,5.93478],[8.96126,5.93023],[8.9521,5.9257],[8.94637,5.9223],[8.94179,5.92003],[8.94088,5.91713],[8.93958,5.91194],[8.93547,5.91065],[8.93007,5.90784],[8.92315,5.90265],[8.91559,5.90416],[8.91235,5.90308],[8.91084,5.89958],[8.91365,5.89228],[8.9117,5.88579],[8.90803,5.88125],[8.90392,5.87153],[8.90457,5.86504],[8.90197,5.8618],[8.89527,5.86029],[8.88922,5.85964],[8.88339,5.86051],[8.88144,5.85748],[8.87755,5.85467],[8.87107,5.85229],[8.86956,5.84992],[8.86523,5.8471],[8.86091,5.84559],[8.85767,5.84278],[8.85918,5.83889],[8.85896,5.83198],[8.85183,5.82765],[8.84413,5.82771],[8.84411,5.82541],[8.84408,5.82082],[8.84405,5.81738],[8.84403,5.81393],[8.84627,5.80818],[8.84852,5.80357],[8.85302,5.7955],[8.85526,5.78974],[8.8575,5.78399],[8.8586,5.77824],[8.85858,5.77595],[8.85624,5.76792],[8.85391,5.7622],[8.85275,5.75876],[8.85271,5.75417],[8.85267,5.74843],[8.85148,5.74155],[8.85031,5.73811],[8.84914,5.73353],[8.84568,5.72896],[8.84221,5.72325],[8.83649,5.71984],[8.8342,5.71871],[8.82849,5.71875],[8.82507,5.71877],[8.82164,5.71765],[8.81821,5.71652],[8.81592,5.71539],[8.81476,5.7131],[8.8136,5.71081],[8.81358,5.70737],[8.81469,5.70392],[8.81581,5.70161],[8.81804,5.69356],[8.81969,5.6923],[8.82632,5.69064],[8.84304,5.68059],[8.84639,5.67389],[8.85135,5.65401],[8.85948,5.6482],[8.86751,5.64135],[8.87209,5.63677],[8.87784,5.62875],[8.88586,5.62074],[8.89162,5.61042],[8.89508,5.60239],[8.89626,5.5932],[8.8963,5.58515],[8.89519,5.57825],[8.89294,5.5702],[8.89069,5.56329],[8.88731,5.55523],[8.8862,5.54833],[8.8828,5.54256],[8.87826,5.53565],[8.87373,5.52758],[8.87148,5.52067],[8.86808,5.51491],[8.86468,5.50915],[8.86243,5.50339],[8.86017,5.49878],[8.85907,5.48958],[8.85798,5.47808],[8.85801,5.47119],[8.85576,5.46313],[8.85352,5.45507],[8.85012,5.44816],[8.84674,5.43895],[8.84563,5.43205],[8.84451,5.42745],[8.8434,5.42054],[8.84345,5.4102],[8.84235,5.401],[8.84125,5.3918],[8.839,5.38374],[8.83789,5.37799],[8.83563,5.37108],[8.83224,5.36417],[8.82772,5.35496],[8.82546,5.3492],[8.82206,5.34343],[8.81868,5.33308],[8.81644,5.32502],[8.81306,5.31581],[8.80967,5.3066],[8.80743,5.29739],[8.80632,5.29049],[8.80639,5.2767],[8.80756,5.26866],[8.80874,5.26061],[8.81107,5.25028],[8.81225,5.24109],[8.81343,5.23305],[8.81233,5.22385],[8.81123,5.21465],[8.81017,5.1974],[8.80793,5.1882],[8.80571,5.17439],[8.80347,5.16404],[8.80124,5.15368],[8.79785,5.14562],[8.79446,5.13756],[8.79107,5.1318],[8.7797,5.12025],[8.77174,5.11332],[8.76378,5.10639],[8.75583,5.0983],[8.74484,5.09183],[8.73658,5.08229],[8.73053,5.07689],[8.72672,5.07434],[8.72513,5.06576],[8.72099,5.0594],[8.71999,5.05337],[8.72354,5.04572],[8.72481,5.04318],[8.72322,5.04127],[8.71845,5.03809],[8.71813,5.03269],[8.7159,5.02887],[8.71463,5.03173],[8.71209,5.03141],[8.70732,5.02092],[8.70446,5.01965],[8.70032,5.01679],[8.69619,5.01424],[8.69555,5.01234],[8.69396,5.00725],[8.68951,5.00502],[8.68506,5.00057],[8.68538,4.99834],[8.68951,4.99707],[8.69348,4.99533],[8.69714,4.99039],[8.6981,4.98721],[8.69619,4.98499],[8.69301,4.98626],[8.68983,4.98531],[8.68729,4.98149],[8.68538,4.98372],[8.68124,4.98022],[8.68029,4.9764],[8.67902,4.97163],[8.66693,4.96368],[8.6663,4.95859],[8.66852,4.95478],[8.66884,4.95223],[8.66026,4.9446],[8.65294,4.94587],[8.64944,4.94238],[8.64849,4.9357],[8.65008,4.93188],[8.65326,4.92584],[8.65421,4.92075],[8.65231,4.91567],[8.64722,4.91058],[8.63912,4.90696],[8.63164,4.90772],[8.62464,4.90772],[8.61892,4.90326],[8.61446,4.89627],[8.60938,4.88895],[8.60467,4.87986],[8.60471,4.87803],[8.60623,4.8722],[8.60946,4.86675],[8.61269,4.8639],[8.61941,4.86054],[8.62277,4.85743],[8.63065,4.84628],[8.63207,4.84381],[8.6322,4.84278],[8.6304,4.84278],[8.62964,4.84295],[8.62664,4.8427],[8.62741,4.84109],[8.62742,4.8404],[8.62411,4.84232],[8.62105,4.84261],[8.62521,4.83834],[8.62646,4.83641],[8.62743,4.83435],[8.62784,4.83256],[8.62784,4.83119],[8.62812,4.8305],[8.62813,4.82651],[8.6269,4.82293],[8.62552,4.82142],[8.62414,4.82059],[8.62167,4.82031],[8.61877,4.82072],[8.61739,4.82044],[8.61588,4.81975],[8.61395,4.81878],[8.61326,4.81878],[8.61175,4.81795],[8.6101,4.81713],[8.60872,4.81561],[8.60446,4.81299],[8.6035,4.81203],[8.59923,4.80899],[8.59785,4.80871],[8.59703,4.8083],[8.59331,4.80774],[8.59221,4.80733],[8.59124,4.8076],[8.58862,4.80898],[8.58435,4.81282],[8.58269,4.81364],[8.57979,4.81653],[8.57855,4.81749],[8.57662,4.81804],[8.57511,4.81886],[8.57387,4.81886],[8.57235,4.81927],[8.56904,4.81912],[8.56753,4.81953],[8.56436,4.81953],[8.56188,4.8187],[8.56078,4.81828],[8.5594,4.81787],[8.55892,4.81794],[8.55693,4.81608],[8.55528,4.81415],[8.55445,4.8136],[8.5539,4.81332],[8.55294,4.81332],[8.55197,4.81277],[8.55142,4.81277],[8.55074,4.81235],[8.5495,4.81207],[8.54771,4.81097],[8.54661,4.80973],[8.54565,4.80794],[8.544,4.80587],[8.54111,4.80353],[8.54042,4.80257],[8.5385,4.80064],[8.53644,4.79651],[8.53356,4.78742],[8.53267,4.78611],[8.53274,4.78536],[8.53192,4.78384],[8.53082,4.78054],[8.52972,4.77847],[8.52876,4.77737],[8.52711,4.7742],[8.52546,4.77214],[8.52451,4.7698],[8.5237,4.76113],[8.5237,4.75604],[8.52343,4.75397],[8.52289,4.75219],[8.52151,4.74998],[8.52069,4.74778],[8.52014,4.74585],[8.52001,4.74448],[8.5203,4.73719],[8.52099,4.73512],[8.52127,4.73347],[8.52168,4.73265],[8.52168,4.7321],[8.52279,4.73031],[8.5232,4.72907],[8.52611,4.72454],[8.52749,4.72165],[8.52984,4.7189],[8.53066,4.71726],[8.53164,4.71396],[8.53164,4.71217],[8.53137,4.71052],[8.53054,4.70859],[8.52972,4.7079],[8.5271,4.70748],[8.52407,4.70665],[8.52008,4.70417],[8.51719,4.70361],[8.51471,4.7043],[8.51072,4.7047],[8.50851,4.70566],[8.50768,4.70649],[8.50465,4.70827],[8.50148,4.7106],[8.50134,4.71253],[8.50161,4.71363],[8.5012,4.71404],[8.50051,4.7139],[8.49996,4.71335],[8.49955,4.71211],[8.49955,4.7095],[8.50093,4.70785],[8.50204,4.70716],[8.50355,4.70648],[8.50631,4.7058],[8.50727,4.7047],[8.50797,4.70277],[8.50839,4.69713],[8.50895,4.69424],[8.50812,4.69328],[8.50716,4.693],[8.5044,4.69314],[8.50151,4.69382],[8.49834,4.69354],[8.49284,4.69229],[8.48898,4.69077],[8.48637,4.69035],[8.48347,4.69021],[8.48306,4.68993],[8.48086,4.68938],[8.4799,4.68938],[8.4792,4.69006],[8.47796,4.69213],[8.47617,4.69391],[8.4752,4.69446],[8.47245,4.69528],[8.469,4.69555],[8.4679,4.6961],[8.46514,4.69692],[8.46377,4.69705],[8.4617,4.69788],[8.45798,4.69828],[8.4555,4.69965],[8.45563,4.70103],[8.45838,4.70557],[8.46002,4.71149],[8.46057,4.71259],[8.46139,4.71535],[8.4629,4.71934],[8.46303,4.72044],[8.46399,4.72347],[8.46577,4.72622],[8.46701,4.72746],[8.46894,4.72815],[8.47073,4.72816],[8.47156,4.72747],[8.47183,4.72692],[8.47184,4.72623],[8.47253,4.725],[8.47322,4.72445],[8.47459,4.7239],[8.47473,4.72472],[8.47335,4.72679],[8.47335,4.72775],[8.47624,4.72817],[8.47941,4.72762],[8.4812,4.72763],[8.48299,4.7279],[8.48492,4.72791],[8.48616,4.72832],[8.48836,4.72943],[8.48973,4.73067],[8.49165,4.73356],[8.49193,4.73452],[8.49303,4.73631],[8.49784,4.74169],[8.50045,4.74307],[8.50197,4.74362],[8.50417,4.74376],[8.50527,4.74404],[8.50637,4.74459],[8.50733,4.74556],[8.50802,4.74748],[8.50787,4.75161],[8.50815,4.75216],[8.50815,4.75312],[8.50842,4.75395],[8.50801,4.75477],[8.50772,4.75725],[8.50703,4.75945],[8.5062,4.76069],[8.50317,4.76384],[8.50027,4.76604],[8.4982,4.7681],[8.49737,4.76989],[8.49696,4.7703],[8.49641,4.76989],[8.49641,4.76934],[8.49724,4.76686],[8.49986,4.76411],[8.50124,4.76329],[8.5029,4.76178],[8.50386,4.76013],[8.50469,4.75917],[8.5058,4.75683],[8.50621,4.75491],[8.50566,4.75381],[8.50567,4.75106],[8.50512,4.74899],[8.50375,4.74692],[8.50279,4.7461],[8.49783,4.74526],[8.49673,4.74526],[8.4948,4.74457],[8.49246,4.74333],[8.49054,4.74099],[8.48999,4.73947],[8.48793,4.73534],[8.48738,4.73506],[8.48505,4.73272],[8.48394,4.73203],[8.48284,4.73162],[8.48174,4.73162],[8.48064,4.73216],[8.47981,4.73285],[8.47843,4.73354],[8.47554,4.73408],[8.47402,4.73532],[8.47236,4.73862],[8.47195,4.73903],[8.47153,4.74013],[8.47112,4.74054],[8.47084,4.74136],[8.46988,4.74246],[8.46932,4.74356],[8.46808,4.74521],[8.4667,4.74658],[8.46601,4.74796],[8.46504,4.74906],[8.4649,4.74961],[8.46421,4.75043],[8.46159,4.75277],[8.46118,4.75373],[8.46117,4.75634],[8.46199,4.75758],[8.46392,4.75937],[8.46447,4.7602],[8.46447,4.7613],[8.46474,4.76185],[8.46612,4.76323],[8.4668,4.76351],[8.46777,4.76447],[8.46845,4.76571],[8.46914,4.76791],[8.46955,4.76846],[8.46968,4.76929],[8.4701,4.76998],[8.47078,4.77328],[8.47078,4.77424],[8.47146,4.77658],[8.47173,4.77879],[8.47255,4.78113],[8.4731,4.78168],[8.47503,4.78154],[8.47738,4.78003],[8.47862,4.7799],[8.47986,4.78004],[8.48096,4.78087],[8.48178,4.78114],[8.48467,4.78362],[8.48481,4.78417],[8.48343,4.78445],[8.48123,4.78252],[8.4804,4.7821],[8.47723,4.78265],[8.4753,4.78361],[8.47393,4.7836],[8.47186,4.78277],[8.47117,4.78209],[8.47021,4.78002],[8.46926,4.77658],[8.46788,4.7741],[8.46789,4.77176],[8.46721,4.76928],[8.46597,4.76777],[8.46432,4.76639],[8.46198,4.76336],[8.46061,4.76088],[8.46061,4.76019],[8.45979,4.7584],[8.45828,4.75675],[8.45787,4.75592],[8.45704,4.75317],[8.45609,4.74698],[8.45513,4.74422],[8.45307,4.74243],[8.45128,4.74133],[8.45073,4.74064],[8.44977,4.73857],[8.44867,4.73747],[8.44689,4.73637],[8.44551,4.73623],[8.44454,4.73664],[8.44248,4.73664],[8.44138,4.73608],[8.43959,4.7358],[8.43793,4.7358],[8.43738,4.73553],[8.43573,4.73373],[8.43477,4.73222],[8.43312,4.73084],[8.43023,4.72946],[8.42831,4.72891],[8.42583,4.72766],[8.42363,4.72725],[8.42101,4.72752],[8.41839,4.72847],[8.41481,4.72874],[8.41288,4.7297],[8.41108,4.73162],[8.41094,4.73231],[8.41012,4.73314],[8.40942,4.73465],[8.40817,4.74015],[8.40666,4.7418],[8.4061,4.74207],[8.40445,4.74372],[8.40376,4.74399],[8.40279,4.74495],[8.4021,4.74468],[8.40211,4.74413],[8.40252,4.74316],[8.40418,4.74179],[8.40652,4.74042],[8.40707,4.73946],[8.40749,4.73685],[8.40749,4.73547],[8.40695,4.73478],[8.40419,4.73326],[8.40364,4.73271],[8.40268,4.7323],[8.40172,4.73243],[8.40006,4.73463],[8.39509,4.7371],[8.39399,4.73847],[8.39123,4.74094],[8.39095,4.74163],[8.38999,4.74259],[8.38874,4.74534],[8.38805,4.74616],[8.38764,4.74713],[8.38598,4.74891],[8.38598,4.74946],[8.38543,4.7507],[8.38542,4.75166],[8.38625,4.75304],[8.38858,4.75538],[8.38927,4.75648],[8.39106,4.75828],[8.39257,4.75897],[8.39477,4.76062],[8.39601,4.76186],[8.39656,4.7631],[8.39752,4.76393],[8.39862,4.76448],[8.40192,4.76517],[8.40592,4.76559],[8.40743,4.76601],[8.41101,4.76615],[8.41266,4.76671],[8.41404,4.76864],[8.41403,4.77015],[8.41348,4.77084],[8.41252,4.77139],[8.41169,4.77262],[8.41003,4.77441],[8.41003,4.77537],[8.4103,4.77592],[8.41127,4.77689],[8.41209,4.77716],[8.41402,4.77717],[8.41471,4.77689],[8.41623,4.77511],[8.41651,4.77428],[8.41747,4.77318],[8.41913,4.77222],[8.41995,4.77209],[8.42064,4.77168],[8.42175,4.77182],[8.42395,4.77361],[8.4256,4.77444],[8.42725,4.77403],[8.42836,4.77252],[8.4296,4.77073],[8.43098,4.76977],[8.43208,4.76936],[8.43373,4.76922],[8.4358,4.77019],[8.43662,4.77102],[8.43662,4.77198],[8.4362,4.77322],[8.4351,4.77445],[8.43524,4.77528],[8.43606,4.77528],[8.43717,4.77377],[8.43869,4.77281],[8.44006,4.77281],[8.44116,4.77336],[8.44089,4.77378],[8.43951,4.77432],[8.43772,4.7757],[8.43785,4.77707],[8.43744,4.7779],[8.43507,4.78008],[8.43454,4.78113],[8.43453,4.78202],[8.43674,4.78244],[8.43729,4.78271],[8.4377,4.78326],[8.4377,4.78505],[8.43742,4.78629],[8.43741,4.78987],[8.43713,4.79069],[8.43631,4.79124],[8.43438,4.79124],[8.43259,4.79068],[8.43011,4.79054],[8.42928,4.78999],[8.42928,4.7893],[8.43066,4.78917],[8.43259,4.78999],[8.43493,4.78986],[8.43562,4.78917],[8.43673,4.78629],[8.43673,4.7856],[8.43357,4.78463],[8.4326,4.78339],[8.43261,4.78215],[8.43443,4.78026],[8.43495,4.77886],[8.43496,4.77831],[8.43372,4.77665],[8.43345,4.77569],[8.43345,4.77486],[8.43428,4.77376],[8.43455,4.77266],[8.43442,4.77129],[8.43359,4.7706],[8.4329,4.7706],[8.43208,4.77101],[8.43028,4.77307],[8.42973,4.77458],[8.42918,4.77541],[8.42835,4.77609],[8.42724,4.7765],[8.42518,4.77622],[8.4238,4.77512],[8.4227,4.77388],[8.4216,4.77333],[8.42105,4.77333],[8.41954,4.77456],[8.41857,4.77484],[8.41788,4.77538],[8.41733,4.77607],[8.41705,4.77703],[8.41609,4.778],[8.41498,4.77854],[8.41278,4.7784],[8.41085,4.77785],[8.40961,4.77716],[8.40892,4.77647],[8.40865,4.77564],[8.40866,4.77399],[8.40893,4.77344],[8.4099,4.77276],[8.41238,4.77001],[8.41252,4.76918],[8.41211,4.76863],[8.41142,4.76822],[8.40977,4.76767],[8.40812,4.76752],[8.40743,4.76725],[8.40536,4.76738],[8.40398,4.76834],[8.40288,4.76875],[8.39902,4.7726],[8.39887,4.77494],[8.39942,4.77673],[8.40052,4.77852],[8.4012,4.78031],[8.40189,4.78113],[8.40216,4.7821],[8.40285,4.78292],[8.4034,4.78457],[8.40505,4.78788],[8.40518,4.78857],[8.40642,4.79077],[8.40683,4.79228],[8.40792,4.79435],[8.40875,4.79697],[8.40902,4.79944],[8.41093,4.80798],[8.41284,4.81348],[8.4138,4.81871],[8.4142,4.82298],[8.41419,4.82724],[8.41391,4.82848],[8.41377,4.83274],[8.41307,4.83508],[8.41153,4.83931],[8.40816,4.83926],[8.40411,4.83919],[8.40439,4.83809],[8.40605,4.83438],[8.40619,4.83355],[8.40771,4.83053],[8.4091,4.82517],[8.40939,4.81967],[8.40926,4.81678],[8.40898,4.81595],[8.40816,4.81485],[8.40664,4.81361],[8.40513,4.81182],[8.4017,4.80548],[8.40088,4.80287],[8.40047,4.8008],[8.40048,4.79626],[8.39994,4.79255],[8.39995,4.78663],[8.3983,4.78346],[8.39624,4.78112],[8.39556,4.78071],[8.395,4.78071],[8.39363,4.78015],[8.39308,4.77974],[8.39266,4.78001],[8.3917,4.77987],[8.39032,4.77932],[8.38881,4.77932],[8.38578,4.77821],[8.38385,4.77807],[8.38138,4.77669],[8.37862,4.77586],[8.37353,4.77585],[8.3687,4.77708],[8.36677,4.77818],[8.3636,4.78092],[8.36263,4.78202],[8.36222,4.78298],[8.36221,4.78505],[8.36414,4.78711],[8.36413,4.78794],[8.36289,4.78821],[8.36248,4.7878],[8.36193,4.78642],[8.36138,4.78587],[8.36015,4.78532],[8.35767,4.78531],[8.35629,4.78572],[8.35408,4.78682],[8.3516,4.78874],[8.3505,4.78929],[8.34884,4.79052],[8.3465,4.79162],[8.34636,4.79258],[8.34704,4.79327],[8.34773,4.79341],[8.34828,4.79382],[8.34801,4.79436],[8.34476,4.79504],[8.34426,4.79541],[8.34368,4.79575],[8.34321,4.79599],[8.3424,4.7966],[8.34133,4.79757],[8.33904,4.79999],[8.33669,4.80192],[8.33531,4.8026],[8.33449,4.80343],[8.33393,4.80439],[8.33407,4.80645],[8.33461,4.80865],[8.33447,4.8114],[8.33419,4.81209],[8.33432,4.81581],[8.33528,4.81883],[8.33541,4.82049],[8.33665,4.82406],[8.33747,4.82475],[8.33885,4.82545],[8.34064,4.82559],[8.34105,4.8249],[8.34093,4.81953],[8.34134,4.81788],[8.34203,4.8172],[8.34369,4.81638],[8.34603,4.81624],[8.34768,4.81693],[8.34837,4.81748],[8.35029,4.81983],[8.35125,4.82175],[8.35248,4.82575],[8.35303,4.82685],[8.35289,4.82919],[8.35453,4.8329],[8.35522,4.83346],[8.35632,4.83387],[8.36018,4.83415],[8.36087,4.83443],[8.36321,4.83471],[8.36486,4.83554],[8.36582,4.8365],[8.3661,4.83705],[8.36637,4.83774],[8.36637,4.83859],[8.36444,4.83856],[8.36348,4.83664],[8.3621,4.83595],[8.36086,4.83567],[8.35728,4.8358],[8.35563,4.83552],[8.35425,4.83483],[8.35329,4.83387],[8.35274,4.8329],[8.35206,4.83221],[8.35123,4.83042],[8.35069,4.8285],[8.35001,4.82423],[8.34877,4.82106],[8.3474,4.81941],[8.34547,4.8183],[8.34451,4.81844],[8.34354,4.8194],[8.34354,4.82133],[8.34395,4.82367],[8.34394,4.82601],[8.34353,4.82697],[8.34284,4.82765],[8.34173,4.82806],[8.33967,4.82806],[8.33857,4.82751],[8.33802,4.82751],[8.3365,4.82654],[8.33127,4.82405],[8.32728,4.82336],[8.32618,4.82349],[8.32411,4.82459],[8.323,4.82583],[8.32287,4.82638],[8.31624,4.8331],[8.31541,4.83338],[8.31376,4.83461],[8.31293,4.83475],[8.31251,4.83516],[8.31155,4.83543],[8.31058,4.83612],[8.30988,4.8377],[8.27748,4.83719],[8.26874,4.82908],[8.26618,4.83532],[8.26234,4.83861],[8.25365,4.84596],[8.25085,4.84834],[8.2458,4.85264],[8.24028,4.85409],[8.2303,4.86019],[8.2229,4.87277],[8.22031,4.88202],[8.2155,4.8972],[8.20736,4.9083],[8.19736,4.91348],[8.17627,4.92977],[8.17146,4.93347],[8.15312,4.93853],[8.14925,4.93939],[8.1363,4.9579],[8.12815,4.969],[8.12556,4.98195],[8.12223,4.99417],[8.11557,5.00268],[8.10262,5.02378],[8.10003,5.0334],[8.09818,5.04302],[8.10003,5.06264],[8.1004,5.08114],[8.09929,5.10705],[8.09521,5.11519],[8.08189,5.12741],[8.0748,5.13111],[8.06968,5.13597],[8.06482,5.14551],[8.06545,5.15148],[8.06568,5.15675],[8.06642,5.16201],[8.06816,5.16603],[8.07089,5.1708],[8.07288,5.17407],[8.07388,5.17683],[8.07336,5.18185],[8.07261,5.18535],[8.0711,5.18836],[8.06859,5.19362],[8.06683,5.19638],[8.06558,5.19913],[8.06471,5.20007],[8.06163,5.20624],[8.05515,5.21734],[8.03479,5.24325],[8.02647,5.24788],[8.01675,5.24695],[8.00981,5.23816],[8.00657,5.22567],[8.00334,5.21919],[7.99269,5.2067],[7.98437,5.20578],[7.97609,5.20829],[7.97335,5.21195],[7.96983,5.22027],[7.96872,5.22572],[7.96641,5.23145],[7.96182,5.23603],[7.95382,5.23829],[7.9481,5.24171],[7.94352,5.24514],[7.94007,5.24972],[7.93777,5.25431],[7.9366,5.26005],[7.93608,5.26259],[7.9362,5.2655],[7.9356,5.2678],[7.93557,5.27069],[7.93497,5.27357],[7.9338,5.27645],[7.93146,5.28104],[7.9297,5.28507],[7.92621,5.29024],[7.92273,5.29425],[7.91983,5.29711],[7.91636,5.29997],[7.91288,5.30398],[7.90941,5.30684],[7.90711,5.30797],[7.9048,5.30969],[7.90191,5.3114],[7.90018,5.31253],[7.89557,5.31481],[7.89211,5.31651],[7.88867,5.31706],[7.8858,5.31704],[7.88236,5.31758],[7.87949,5.31756],[7.8749,5.3181],[7.87204,5.31693],[7.86976,5.31575],[7.86747,5.31516],[7.86518,5.31456],[7.86289,5.31512],[7.86,5.31683],[7.85769,5.31854],[7.85709,5.32084],[7.85592,5.32314],[7.85418,5.32544],[7.85129,5.32772],[7.84925,5.32949],[7.84667,5.33173],[7.84435,5.33344],[7.84262,5.33516],[7.84087,5.33745],[7.84199,5.34092],[7.84598,5.34326],[7.84883,5.34444],[7.8517,5.34389],[7.85629,5.34392],[7.85916,5.34337],[7.86203,5.34339],[7.86548,5.34284],[7.86834,5.34287],[7.87065,5.34115],[7.87296,5.33944],[7.87585,5.33716],[7.87873,5.3366],[7.88217,5.33605],[7.88734,5.33552],[7.88964,5.33496],[7.89366,5.33384],[7.89653,5.33328],[7.89939,5.33446],[7.90167,5.33563],[7.90394,5.33854],[7.90448,5.34143],[7.90332,5.34315],[7.90042,5.34601],[7.89639,5.34829],[7.89176,5.35171],[7.88829,5.35515],[7.88482,5.35858],[7.88133,5.3626],[7.88037,5.3668],[7.89045,5.36559],[7.90188,5.36334],[7.91217,5.36109],[7.92016,5.36113],[7.93387,5.35774],[7.94186,5.35778],[7.94986,5.35667],[7.95785,5.3567],[7.96242,5.35557],[7.96813,5.3556],[7.9727,5.35447],[7.97726,5.35449],[7.98297,5.35567],[7.98524,5.35798],[7.98637,5.36028],[7.9875,5.36259],[7.98634,5.36718],[7.98632,5.37063],[7.98401,5.37636],[7.98056,5.38324],[7.97825,5.38898],[7.97366,5.39356],[7.97249,5.3993],[7.96903,5.40733],[7.96442,5.4165],[7.95982,5.42568],[7.95865,5.43142],[7.95634,5.43715],[7.95404,5.44174],[7.95058,5.44747],[7.94714,5.45205],[7.94369,5.45664],[7.93911,5.46121],[7.9345,5.46924],[7.93104,5.47727],[7.92872,5.48645],[7.92641,5.49219],[7.92409,5.49907],[7.92178,5.50481],[7.92062,5.5094],[7.91486,5.52087],[7.90794,5.53578],[7.90791,5.54268],[7.90673,5.55187],[7.90669,5.55992],[7.90598,5.56477],[7.90458,5.56868],[7.90609,5.57064],[7.90775,5.57831],[7.90999,5.58752],[7.90999,5.58813],[7.90197,5.59735],[7.9027,5.60105],[7.90637,5.60364],[7.91221,5.60953],[7.91329,5.61512],[7.91327,5.61857],[7.91437,5.62777],[7.91436,5.63006],[7.91434,5.63581],[7.91659,5.64272],[7.9177,5.64962],[7.91539,5.65536],[7.9108,5.66108],[7.90621,5.66566],[7.90162,5.67024],[7.89702,5.67711],[7.89329,5.68227],[7.8901,5.6848],[7.89011,5.69202],[7.8878,5.69661],[7.88665,5.70005],[7.89461,5.70584],[7.90029,5.71161],[7.90484,5.71508],[7.90824,5.71969],[7.91164,5.72545],[7.91276,5.73121],[7.91388,5.73581],[7.91436,5.73828],[7.9131,5.74108],[7.91309,5.74421],[7.91307,5.74936],[7.91386,5.75214],[7.91622,5.75373],[7.92095,5.76009],[7.92198,5.76012],[7.92745,5.76346],[7.93201,5.76578],[7.93656,5.76925],[7.94226,5.77042],[7.94567,5.77274],[7.94909,5.7739],[7.95137,5.77506],[7.95497,5.77413],[7.95938,5.77165],[7.9651,5.76938],[7.97008,5.76833],[7.96423,5.77566],[7.95104,5.79291],[7.94242,5.80508],[7.93364,5.81987],[7.93365,5.8225],[7.93482,5.82593],[7.93854,5.83444],[7.94563,5.83873],[7.95216,5.84153],[7.95757,5.84302],[7.96182,5.84979],[7.96418,5.85377],[7.96614,5.85932],[7.96692,5.86448],[7.96769,5.87082],[7.97005,5.874],[7.97755,5.88036],[7.98624,5.88475],[7.98978,5.8911],[7.99394,5.89682],[7.99413,5.8973],[7.99935,5.89954],[8.00497,5.90008],[8.00613,5.90351],[8.00275,5.90928],[8.0005,5.91274],[7.99368,5.91623],[7.98573,5.92203],[7.98235,5.92664],[7.98237,5.93009],[7.98241,5.93582],[7.98472,5.93925],[7.98931,5.94267],[7.98821,5.94841],[7.98483,5.95418],[7.98145,5.95994],[7.97921,5.9657],[7.97925,5.97029],[7.98042,5.97487],[7.98618,5.98172],[7.99304,5.98397],[8.00105,5.98736],[8.00907,5.9919],[8.01479,5.99415],[8.02394,5.99754],[8.02966,5.99979],[8.03178,6.00049],[8.03558,5.99905],[8.03914,5.99945],[8.04903,5.99988],[8.05537,5.99791],[8.05815,5.99237],[8.05975,5.98603],[8.06016,5.97969],[8.05939,5.97136],[8.05427,5.96144],[8.05112,5.95667],[8.05112,5.95548],[8.05192,5.9535],[8.0539,5.95192],[8.05747,5.94995],[8.06539,5.94759],[8.07409,5.94761],[8.07725,5.95],[8.08357,5.95517],[8.08751,5.96033],[8.09067,5.96153],[8.09898,5.96195],[8.10442,5.96121],[8.1058,5.95909],[8.10691,5.95448],[8.10802,5.94988],[8.10912,5.94528],[8.11137,5.94068],[8.11385,5.93815],[8.12234,5.94352],[8.13644,5.95497],[8.14833,5.96378],[8.15328,5.96732],[8.16771,5.9695],[8.17295,5.97377],[8.17961,5.97919],[8.1937,5.99197],[8.20427,6.0043],[8.21484,6.01223],[8.22277,6.01443],[8.23026,6.01267],[8.23819,6.01487],[8.24479,6.01795],[8.2492,6.01575],[8.25272,6.01223],[8.25404,6.00518],[8.25845,5.99813],[8.26373,5.99681],[8.27431,5.99901],[8.28223,6.00474],[8.28664,6.01663],[8.28752,6.02897],[8.28884,6.0457],[8.29148,6.05539],[8.29823,6.06754],[8.29835,6.07716],[8.29841,6.0852],[8.29845,6.09094],[8.30078,6.09666],[8.30196,6.1024],[8.302,6.10814],[8.30947,6.11263],[8.31492,6.11626],[8.31541,6.11765],[8.3135,6.12375],[8.30991,6.13405],[8.30832,6.1392],[8.30792,6.14436],[8.31225,6.15269],[8.3166,6.15626],[8.31937,6.15984],[8.32054,6.16499],[8.31776,6.16974],[8.31736,6.17173],[8.32052,6.17728],[8.33033,6.18992],[8.33536,6.18574],[8.34092,6.18345],[8.34267,6.18485],[8.34425,6.18763],[8.34742,6.19002],[8.35137,6.19121],[8.35691,6.19281],[8.36799,6.19838],[8.37312,6.20314],[8.3838,6.21347],[8.38972,6.22418],[8.39327,6.23251],[8.39841,6.23529],[8.40529,6.23705],[8.41119,6.24613],[8.41732,6.25961],[8.40905,6.26346],[8.40786,6.26663],[8.40785,6.27059],[8.40943,6.27495],[8.41285,6.27915],[8.4109,6.28212],[8.40529,6.28609],[8.39439,6.29699],[8.39166,6.30653],[8.39598,6.3315],[8.39791,6.34505],[8.39916,6.35375],[8.4037,6.36601],[8.40733,6.37464],[8.41323,6.37782],[8.43094,6.381],[8.44502,6.38554],[8.44774,6.3919],[8.44411,6.40234],[8.44774,6.40507],[8.45365,6.40597],[8.45501,6.41006],[8.45501,6.4146],[8.45683,6.41778],[8.45683,6.42822],[8.45228,6.43004],[8.44593,6.42913],[8.44229,6.43276],[8.4323,6.43322],[8.43185,6.43958],[8.43548,6.44366],[8.43866,6.44684],[8.43049,6.45774],[8.42368,6.46637],[8.42277,6.47772],[8.40869,6.47772],[8.40597,6.48499],[8.40869,6.48862],[8.41096,6.49452],[8.41232,6.50042],[8.4205,6.50542],[8.42004,6.51041],[8.41914,6.5145],[8.4155,6.51859],[8.41005,6.51723],[8.39598,6.5195],[8.39098,6.52313],[8.39098,6.52631],[8.39371,6.5313],[8.39916,6.53221],[8.40006,6.5363],[8.39643,6.53948],[8.39325,6.54447],[8.39144,6.55037],[8.3869,6.54992],[8.37963,6.54856],[8.37509,6.54583],[8.37146,6.5481],[8.37236,6.5531],[8.37282,6.559],[8.37418,6.56354],[8.37009,6.56309],[8.36374,6.56218],[8.35874,6.564],[8.35193,6.57444],[8.34694,6.57535],[8.34012,6.57535],[8.33331,6.58489],[8.33013,6.5917],[8.32475,6.5895],[8.32332,6.59624],[8.32196,6.60305],[8.31424,6.60714],[8.31424,6.61213],[8.32105,6.61395],[8.32151,6.61849],[8.32423,6.62121],[8.32514,6.62575],[8.32241,6.63438],[8.3156,6.63438],[8.30925,6.63938],[8.3047,6.65073],[8.30652,6.66072],[8.30198,6.6698],[8.29451,6.67871],[8.2994,6.67991],[8.30395,6.67873],[8.30737,6.67756],[8.31307,6.67752],[8.31764,6.67864],[8.32107,6.67861],[8.32564,6.67973],[8.33021,6.68085],[8.33593,6.6831],[8.3405,6.68422],[8.34508,6.68648],[8.34851,6.68761],[8.35424,6.68987],[8.35768,6.69214],[8.36111,6.69326],[8.36684,6.69782],[8.37029,6.70123],[8.3726,6.70466],[8.3749,6.70694],[8.37721,6.71152],[8.37953,6.7161],[8.38183,6.71838],[8.383,6.72296],[8.38647,6.72868],[8.38764,6.73211],[8.3911,6.73783],[8.39342,6.74241],[8.398,6.74582],[8.40259,6.74923],[8.40832,6.75264],[8.41061,6.75377],[8.41519,6.75489],[8.41977,6.75715],[8.42433,6.75712],[8.42776,6.75824],[8.43232,6.75821],[8.43575,6.75819],[8.4403,6.75701],[8.44371,6.75469],[8.44824,6.75121],[8.4505,6.74776],[8.45392,6.74773],[8.45848,6.74655],[8.46076,6.74654],[8.46418,6.74651],[8.46875,6.74648],[8.47218,6.74761],[8.47675,6.74872],[8.48019,6.751],[8.48819,6.75324],[8.49619,6.75433],[8.50306,6.75773],[8.50877,6.75883],[8.51562,6.75994],[8.52361,6.75988],[8.53045,6.75983],[8.53502,6.7598],[8.54413,6.75859],[8.55099,6.75969],[8.55785,6.76194],[8.56356,6.76305],[8.57042,6.76415],[8.57841,6.76524],[8.58756,6.76862],[8.59443,6.77087],[8.6013,6.77427],[8.60701,6.77538],[8.61273,6.77764],[8.61616,6.77876],[8.62074,6.78103],[8.62304,6.78331],[8.62534,6.78559],[8.62879,6.78901],[8.63109,6.79129],[8.63224,6.79358],[8.63684,6.79814],[8.64031,6.805],[8.64035,6.80959],[8.64037,6.81304],[8.64156,6.81877],[8.6393,6.82223],[8.63705,6.82569],[8.63363,6.82686],[8.63023,6.83033],[8.62568,6.83151],[8.62227,6.83383],[8.62,6.83499],[8.61546,6.83847],[8.61092,6.84194],[8.60753,6.84541],[8.60412,6.84773],[8.60186,6.85004],[8.60074,6.85349],[8.60076,6.85579],[8.60649,6.8592],[8.60896,6.85963],[8.61906,6.8614],[8.62363,6.86252],[8.62933,6.86248],[8.63618,6.86243],[8.64531,6.86352],[8.65102,6.86463],[8.65445,6.8646],[8.65674,6.86574],[8.66131,6.86685],[8.66474,6.86798],[8.66932,6.87024],[8.67506,6.8748],[8.67736,6.87708],[8.6808,6.87935],[8.68653,6.8839],[8.68997,6.88618],[8.69342,6.8896],[8.69685,6.89072],[8.70144,6.89413],[8.70374,6.89641],[8.70716,6.89639],[8.71515,6.89633],[8.72085,6.8963],[8.72769,6.8951],[8.73339,6.89391],[8.74136,6.89271],[8.74821,6.89266],[8.7539,6.89148],[8.75961,6.89144],[8.7653,6.89025],[8.76986,6.88907],[8.7767,6.88787],[8.78124,6.88555],[8.78579,6.88322],[8.79035,6.88319],[8.79832,6.88084],[8.80288,6.87966],[8.80743,6.87848],[8.81198,6.8773],[8.81768,6.87611],[8.82223,6.87378],[8.8302,6.87143],[8.83361,6.87026],[8.83931,6.86907],[8.84385,6.86674],[8.84841,6.86557]]]]}},{"type":"Feature","id":"NG010","properties":{"admin1Pcod":"NG010","admin1Name":"Delta","admin1RefN":"Delta","admin0Pcod":"NG","admin0Name":"Nigeria"},"geometry":{"type":"MultiPolygon","coordinates":[[[[6.66892,6.50123],[6.67111,6.48484],[6.67386,6.46833],[6.68177,6.45574],[6.68522,6.44259],[6.68867,6.43222],[6.69213,6.41838],[6.6949,6.40661],[6.69768,6.39346],[6.69977,6.38169],[6.70731,6.36858],[6.71282,6.35337],[6.71492,6.33882],[6.71702,6.32497],[6.71844,6.3125],[6.71918,6.30002],[6.72127,6.28825],[6.72337,6.2744],[6.72502,6.26576],[6.72615,6.25986],[6.73101,6.23909],[6.73582,6.22596],[6.7427,6.20937],[6.75365,6.19282],[6.76289,6.18539],[6.7673,6.18184],[6.7694,6.16798],[6.76604,6.15825],[6.76478,6.1558],[6.76065,6.1478],[6.75799,6.13529],[6.75619,6.12543],[6.7558,6.12331],[6.75533,6.12071],[6.74924,6.11372],[6.73771,6.106],[6.72211,6.09755],[6.71332,6.08707],[6.70928,6.07802],[6.71683,6.06214],[6.72506,6.04626],[6.72649,6.02893],[6.72453,6.01227],[6.71986,5.99212],[6.71651,5.981],[6.71588,5.9699],[6.71321,5.9567],[6.70852,5.94071],[6.70382,5.9268],[6.69776,5.91357],[6.68832,5.89685],[6.67943,5.88818],[6.67899,5.88702],[6.67841,5.88649],[6.67366,5.88241],[6.67075,5.87686],[6.66148,5.85728],[6.66092,5.85653],[6.65793,5.8404],[6.65076,5.81711],[6.65196,5.7986],[6.65483,5.77937],[6.65487,5.77153],[6.64363,5.74733],[6.63362,5.73004],[6.62615,5.72364],[6.61829,5.71691],[6.61345,5.70204],[6.61405,5.6907],[6.60657,5.68001],[6.60645,5.67023],[6.60876,5.66617],[6.61233,5.65991],[6.61729,5.651],[6.62135,5.64256],[6.6176,5.63152],[6.61311,5.62668],[6.60814,5.62125],[6.60377,5.61493],[6.60205,5.60767],[6.60101,5.59695],[6.59617,5.58762],[6.5934,5.58001],[6.59167,5.57448],[6.58787,5.56791],[6.58476,5.56169],[6.57923,5.55927],[6.56886,5.55339],[6.55538,5.55235],[6.54258,5.54924],[6.53083,5.53196],[6.53325,5.50983],[6.53694,5.49194],[6.5377,5.47842],[6.53816,5.4758],[6.53666,5.46958],[6.53484,5.45897],[6.52453,5.43866],[6.51756,5.43442],[6.5124,5.42866],[6.50882,5.42567],[6.50594,5.42583],[6.49972,5.42652],[6.49419,5.42514],[6.48935,5.42272],[6.48313,5.42064],[6.47656,5.40405],[6.48548,5.37921],[6.49587,5.36966],[6.50054,5.35199],[6.50259,5.33894],[6.49302,5.3283],[6.49353,5.32604],[6.49017,5.32402],[6.47305,5.32188],[6.45023,5.32759],[6.43455,5.32331],[6.42599,5.31119],[6.40888,5.30477],[6.39319,5.30691],[6.38035,5.30905],[6.36253,5.31404],[6.34755,5.32046],[6.33883,5.31991],[6.3336,5.31773],[6.33009,5.31363],[6.32745,5.31041],[6.3254,5.30654],[6.32188,5.30527],[6.31557,5.30477],[6.31064,5.30354],[6.30643,5.30298],[6.30289,5.30102],[6.30005,5.29903],[6.29719,5.29634],[6.29502,5.29295],[6.29291,5.28963],[6.28998,5.2867],[6.28852,5.28494],[6.2877,5.28372],[6.28676,5.28231],[6.28501,5.27909],[6.28354,5.27499],[6.28354,5.2706],[6.28383,5.2665],[6.28527,5.26274],[6.28716,5.25927],[6.29075,5.25105],[6.29228,5.2454],[6.29301,5.23882],[6.29045,5.23408],[6.28471,5.23166],[6.279,5.22889],[6.27256,5.22824],[6.25942,5.22787],[6.24446,5.23366],[6.23856,5.23521],[6.23353,5.23817],[6.21329,5.23867],[6.20442,5.23321],[6.20209,5.23178],[6.19578,5.22308],[6.19415,5.21671],[6.19589,5.21108],[6.19808,5.20378],[6.20067,5.19046],[6.20229,5.17928],[6.20073,5.16955],[6.19091,5.15857],[6.17883,5.16114],[6.16591,5.16114],[6.15471,5.15166],[6.15027,5.14117],[6.14374,5.13478],[6.12973,5.12927],[6.12068,5.13368],[6.10905,5.14219],[6.09785,5.14994],[6.08579,5.1508],[6.06957,5.14134],[6.06675,5.13335],[6.06335,5.12318],[6.06373,5.11177],[6.06227,5.10301],[6.05497,5.09717],[6.04444,5.09567],[6.02721,5.09567],[6.01946,5.09825],[6.01358,5.10039],[6.00452,5.10369],[6.0002,5.10739],[5.99582,5.11323],[5.99217,5.11761],[5.9856,5.12419],[5.98089,5.13056],[5.9783,5.13331],[5.97493,5.13752],[5.97246,5.14061],[5.96424,5.14911],[5.96054,5.15722],[5.94605,5.16423],[5.9332,5.1647],[5.92783,5.16072],[5.92759,5.15488],[5.92689,5.13993],[5.92175,5.13502],[5.91755,5.13409],[5.91638,5.13152],[5.91591,5.1175],[5.91451,5.10815],[5.90937,5.10488],[5.89652,5.10441],[5.8853,5.09997],[5.88273,5.10184],[5.88135,5.10951],[5.88077,5.10951],[5.87765,5.10526],[5.87789,5.10031],[5.87839,5.09709],[5.87765,5.09139],[5.87443,5.08619],[5.8717,5.08124],[5.87021,5.07603],[5.86947,5.07108],[5.86774,5.06811],[5.86498,5.06947],[5.86308,5.07444],[5.85738,5.07736],[5.85315,5.07546],[5.85198,5.0702],[5.84832,5.06655],[5.84087,5.06757],[5.84,5.07079],[5.83951,5.07454],[5.84058,5.08058],[5.84014,5.08306],[5.83532,5.08248],[5.83064,5.08029],[5.82553,5.07751],[5.82261,5.07576],[5.82027,5.07517],[5.81735,5.07736],[5.8153,5.08189],[5.81413,5.08452],[5.80902,5.08642],[5.80551,5.08365],[5.80361,5.08189],[5.79747,5.08306],[5.79134,5.08584],[5.78915,5.08438],[5.78988,5.07868],[5.78812,5.07254],[5.78418,5.06933],[5.78044,5.06496],[5.77902,5.05801],[5.77564,5.05748],[5.7735,5.06122],[5.76923,5.06336],[5.76424,5.06425],[5.75836,5.06104],[5.75195,5.05374],[5.74857,5.05321],[5.74305,5.0557],[5.73646,5.05659],[5.73059,5.05445],[5.72845,5.05071],[5.72453,5.0411],[5.71937,5.03095],[5.71029,5.02383],[5.7021,5.02294],[5.69123,5.02418],[5.68215,5.02792],[5.67557,5.02988],[5.66666,5.02828],[5.66346,5.024],[5.66346,5.01884],[5.66364,5.0151],[5.66181,5.01288],[5.65667,5.01178],[5.64789,5.01178],[5.64233,5.0156],[5.63294,5.01838],[5.62529,5.02604],[5.61972,5.03473],[5.61103,5.0389],[5.5992,5.04238],[5.59086,5.04342],[5.58564,5.04794],[5.5846,5.05525],[5.5693,5.05629],[5.55086,5.0556],[5.5446,5.05803],[5.53313,5.0629],[5.52409,5.06881],[5.51678,5.08064],[5.51157,5.08829],[5.50287,5.09246],[5.49383,5.09176],[5.48513,5.09037],[5.47922,5.09176],[5.47557,5.09229],[5.47282,5.09268],[5.47051,5.09321],[5.46912,5.09575],[5.46747,5.10171],[5.4693,5.10653],[5.47247,5.11235],[5.47268,5.11766],[5.46981,5.12319],[5.46531,5.12483],[5.45897,5.1283],[5.45324,5.13076],[5.44751,5.13485],[5.44158,5.13894],[5.43647,5.1414],[5.43205,5.14151],[5.42849,5.1416],[5.42446,5.14086],[5.41829,5.13973],[5.41621,5.13935],[5.41311,5.13852],[5.40475,5.13628],[5.40175,5.13585],[5.39671,5.13512],[5.39313,5.1346],[5.39039,5.1342],[5.39029,5.13829],[5.38795,5.13935],[5.38378,5.14192],[5.38,5.14404],[5.37758,5.14661],[5.37636,5.14955],[5.37505,5.15291],[5.36941,5.1628],[5.36608,5.16688],[5.3623,5.17127],[5.3597,5.17401],[5.35564,5.17959],[5.35746,5.18171],[5.35806,5.18459],[5.36079,5.18474],[5.36124,5.18776],[5.36169,5.1923],[5.35988,5.20002],[5.35837,5.20804],[5.35821,5.21091],[5.35837,5.21409],[5.35746,5.21696],[5.35564,5.23709],[5.35443,5.24526],[5.3511,5.25782],[5.34808,5.2672],[5.34475,5.27506],[5.34324,5.28112],[5.34218,5.28429],[5.33991,5.28959],[5.33749,5.29398],[5.33733,5.30033],[5.33612,5.30336],[5.33446,5.30865],[5.33234,5.31501],[5.33068,5.32242],[5.33053,5.3259],[5.33022,5.32953],[5.33053,5.33861],[5.33007,5.34724],[5.3293,5.34948],[5.32841,5.35238],[5.32584,5.35979],[5.32659,5.36418],[5.3278,5.366],[5.32782,5.37443],[5.32826,5.38355],[5.32478,5.4064],[5.31509,5.41154],[5.30934,5.41502],[5.30117,5.41891],[5.29381,5.4231],[5.28955,5.42496],[5.28343,5.4272],[5.28126,5.42767],[5.27793,5.42875],[5.27096,5.431],[5.26863,5.43208],[5.25887,5.43619],[5.25593,5.43766],[5.25254,5.44009],[5.24718,5.44401],[5.24377,5.44595],[5.2392,5.45044],[5.23034,5.45687],[5.22401,5.46168],[5.22022,5.46563],[5.21015,5.4764],[5.20651,5.48244],[5.20217,5.48918],[5.19915,5.49305],[5.19551,5.49738],[5.19117,5.5049],[5.18629,5.51126],[5.17513,5.52427],[5.17033,5.53023],[5.16847,5.53295],[5.16506,5.53767],[5.16436,5.54124],[5.16491,5.54317],[5.16615,5.54511],[5.16909,5.54681],[5.17258,5.55502],[5.17482,5.55921],[5.1773,5.56517],[5.17931,5.56812],[5.18387,5.57065],[5.18768,5.57369],[5.19334,5.5795],[5.17741,5.59435],[5.1662,5.60125],[5.15629,5.60987],[5.14896,5.61806],[5.13862,5.62926],[5.13149,5.63771],[5.12601,5.64668],[5.11862,5.66563],[5.11689,5.67868],[5.11209,5.6899],[5.10732,5.69825],[5.09862,5.70869],[5.0947,5.71739],[5.08688,5.72565],[5.08514,5.73],[5.08226,5.73656],[5.08166,5.74739],[5.08035,5.75261],[5.08122,5.76218],[5.0847,5.76871],[5.07296,5.78219],[5.06556,5.78045],[5.056,5.78436],[5.04947,5.78871],[5.04556,5.7935],[5.0399,5.8035],[5.03512,5.81611],[5.03034,5.82568],[5.02468,5.83438],[5.02033,5.8409],[5.01772,5.84525],[5.01545,5.85126],[5.01245,5.85439],[5.00731,5.86237],[4.99967,5.87388],[4.99013,5.88793],[4.98386,5.89848],[4.99921,5.92178],[5.01268,5.94224],[5.0164,5.94864],[5.01847,5.95319],[5.02632,5.97159],[5.03128,5.98254],[5.03969,6.00018],[5.04173,6.00509],[5.053,6.02767],[5.06269,6.04898],[5.07593,6.07805],[5.08788,6.1013],[5.10112,6.12488],[5.11904,6.14999],[5.12696,6.16395],[5.13505,6.16982],[5.1331,6.16468],[5.13829,6.15989],[5.14137,6.15582],[5.14349,6.15124],[5.14296,6.14331],[5.14554,6.14164],[5.15459,6.14419],[5.15786,6.14671],[5.16146,6.14271],[5.16463,6.14655],[5.16291,6.14793],[5.16465,6.15509],[5.16425,6.15909],[5.16869,6.16357],[5.17292,6.16058],[5.17663,6.15949],[5.17945,6.15899],[5.18191,6.15688],[5.18244,6.15441],[5.18015,6.14965],[5.18403,6.14736],[5.19037,6.15124],[5.19372,6.15177],[5.19584,6.15089],[5.19883,6.14701],[5.20339,6.14511],[5.20606,6.14718],[5.20553,6.15124],[5.20938,6.1535],[5.21776,6.1499],[5.22256,6.1487],[5.22296,6.14471],[5.21856,6.14152],[5.21737,6.13632],[5.22176,6.13153],[5.22535,6.12594],[5.23054,6.11875],[5.23374,6.11236],[5.23134,6.10118],[5.23254,6.09479],[5.23254,6.0892],[5.23294,6.08121],[5.23374,6.07363],[5.23298,6.07151],[5.23294,6.06564],[5.23893,6.06244],[5.24521,6.06376],[5.24879,6.06423],[5.2565,6.06524],[5.27017,6.0543],[5.26827,6.05254],[5.26502,6.04381],[5.26235,6.03339],[5.25898,6.02504],[5.25496,6.01322],[5.25162,6.00001],[5.2478,5.9866],[5.2491,5.97007],[5.25345,5.95703],[5.25606,5.95007],[5.26345,5.94311],[5.26824,5.93919],[5.2697,5.91891],[5.2752,5.90918],[5.29129,5.91223],[5.30433,5.91962],[5.31515,5.93466],[5.32608,5.9418],[5.33478,5.9492],[5.3413,5.95616],[5.35,5.96094],[5.3587,5.96964],[5.34522,5.97529],[5.34,5.98269],[5.33652,5.98443],[5.32695,5.98269],[5.32608,5.99008],[5.32695,5.99443],[5.32304,6.0053],[5.32739,6.01835],[5.33434,6.02139],[5.33825,6.01879],[5.34217,6.01617],[5.35652,6.01748],[5.36566,6.01965],[5.37784,6.01922],[5.38823,6.01779],[5.39215,6.01918],[5.39971,6.02186],[5.41117,6.02022],[5.41584,6.01035],[5.41537,6.00814],[5.4259,6.00581],[5.43114,6.00876],[5.43147,6.01302],[5.43114,6.01793],[5.42721,6.02349],[5.42754,6.0307],[5.43346,6.03499],[5.43703,6.03757],[5.44248,6.04064],[5.44463,6.03923],[5.45209,6.0343],[5.45306,6.02754],[5.4534,6.02513],[5.45619,6.0224],[5.45846,6.02305],[5.46552,6.02775],[5.47368,6.02735],[5.47894,6.0271],[5.48418,6.02775],[5.48975,6.03004],[5.49027,6.0336],[5.49138,6.03855],[5.49433,6.04183],[5.49728,6.04248],[5.50088,6.03659],[5.50579,6.03593],[5.51299,6.03528],[5.51659,6.03037],[5.51888,6.02742],[5.51528,6.02186],[5.51921,6.01629],[5.52347,6.01269],[5.52838,6.01203],[5.53263,6.01171],[5.5346,6.00974],[5.53231,6.00418],[5.5366,5.9899],[5.54633,5.98536],[5.56108,5.98941],[5.57127,5.99088],[5.57802,6.00342],[5.58343,6.0111],[5.59359,6.01812],[5.60513,6.02307],[5.61601,6.02454],[5.62619,6.02879],[5.63707,6.02957],[5.65745,6.03321],[5.66761,6.04986],[5.66893,6.05203],[5.67398,6.04892],[5.69893,6.03356],[5.74529,6.00898],[5.75693,6.00209],[5.76418,5.99781],[5.79506,5.97957],[5.81204,5.98387],[5.823,5.96663],[5.83051,5.95975],[5.8353,5.95147],[5.83331,5.94105],[5.92132,5.87729],[5.91055,5.85224],[5.9065,5.84388],[5.9064,5.82598],[5.9024,5.81106],[5.89767,5.80378],[5.89419,5.79859],[5.90264,5.79461],[5.90678,5.78147],[5.90615,5.77037],[5.91708,5.75867],[5.92461,5.74833],[5.94094,5.74639],[5.9586,5.7507],[5.96962,5.74881],[5.98173,5.74811],[5.9919,5.75444],[6.00446,5.76064],[6.00782,5.76175],[6.01566,5.76435],[6.0198,5.76438],[6.02497,5.76442],[6.02722,5.76445],[6.03122,5.7645],[6.03978,5.76461],[6.04436,5.76687],[6.04896,5.76879],[6.06186,5.77513],[6.07363,5.78647],[6.07594,5.78609],[6.08068,5.78824],[6.09374,5.79412],[6.10185,5.80321],[6.10793,5.81366],[6.11197,5.8234],[6.12088,5.83973],[6.13094,5.84569],[6.13281,5.84679],[6.14244,5.85209],[6.15194,5.85771],[6.16074,5.86542],[6.16887,5.87311],[6.17971,5.88222],[6.19192,5.88995],[6.19894,5.89513],[6.20141,5.89696],[6.20383,5.90057],[6.20749,5.90603],[6.21764,5.91651],[6.22371,5.92697],[6.22911,5.93603],[6.23382,5.94855],[6.24377,5.96738],[6.24596,5.97153],[6.24794,5.98403],[6.25063,5.99307],[6.25664,6.0167],[6.24096,6.02628],[6.23276,6.03384],[6.2239,6.03931],[6.21027,6.04475],[6.20141,6.04953],[6.19322,6.05639],[6.1857,6.06604],[6.17682,6.07498],[6.1693,6.08255],[6.16381,6.09429],[6.15697,6.10394],[6.14808,6.11427],[6.14124,6.12392],[6.13471,6.13481],[6.13422,6.13554],[6.11957,6.1577],[6.11084,6.18117],[6.10697,6.19773],[6.1064,6.202],[6.10843,6.21486],[6.11228,6.23965],[6.11216,6.24088],[6.0951,6.2553],[6.08486,6.26353],[6.07663,6.27872],[6.08611,6.28921],[6.08604,6.30377],[6.08802,6.31835],[6.09478,6.32742],[6.10086,6.3351],[6.10695,6.34208],[6.11304,6.34907],[6.11777,6.35152],[6.12661,6.35612],[6.14093,6.34861],[6.15047,6.34244],[6.15866,6.33697],[6.16752,6.33149],[6.18049,6.3212],[6.1887,6.30948],[6.19351,6.29842],[6.1976,6.28275],[6.21264,6.27916],[6.22347,6.28965],[6.23633,6.30363],[6.24664,6.31265],[6.25394,6.31903],[6.26137,6.33227],[6.27084,6.34345],[6.28166,6.35741],[6.29032,6.36187],[6.29885,6.36338],[6.3046,6.36505],[6.30777,6.36597],[6.31278,6.36732],[6.31939,6.37126],[6.32238,6.37304],[6.32466,6.37385],[6.33166,6.37645],[6.33629,6.37817],[6.34159,6.37841],[6.34957,6.37878],[6.35756,6.38429],[6.36229,6.38444],[6.36561,6.38454],[6.37015,6.3833],[6.37992,6.38548],[6.38569,6.38772],[6.39143,6.3888],[6.39778,6.39161],[6.40123,6.39272],[6.4064,6.39381],[6.41044,6.39549],[6.41274,6.39604],[6.41506,6.39775],[6.41911,6.40002],[6.42373,6.40227],[6.42895,6.40569],[6.43126,6.40682],[6.43365,6.41144],[6.4366,6.41606],[6.44012,6.42008],[6.44187,6.4218],[6.44538,6.42524],[6.44887,6.4281],[6.46208,6.43788],[6.46618,6.44091],[6.48051,6.44783],[6.49045,6.45571],[6.49245,6.45625],[6.5022,6.46396],[6.50963,6.47581],[6.52003,6.48304],[6.52332,6.48754],[6.52619,6.48808],[6.52963,6.48861],[6.53543,6.49036],[6.54016,6.49201],[6.55171,6.49349],[6.56531,6.4943],[6.5755,6.49508],[6.58569,6.49794],[6.59725,6.49873],[6.60881,6.49952],[6.6189,6.49652],[6.62243,6.49547],[6.63265,6.48932],[6.64626,6.48873],[6.64935,6.49098],[6.65637,6.49606],[6.65981,6.49856],[6.66892,6.50123]]]]}},{"type":"Feature","id":"NG011","properties":{"admin1Pcod":"NG011","admin1Name":"Ebonyi","admin1RefN":"Ebonyi","admin0Pcod":"NG","admin0Name":"Nigeria"},"geometry":{"type":"MultiPolygon","coordinates":[[[[8.24431,6.7856],[8.24976,6.7756],[8.24976,6.77106],[8.24976,6.76919],[8.24945,6.76847],[8.25566,6.76607],[8.26111,6.75517],[8.26611,6.74155],[8.26247,6.73792],[8.25612,6.73746],[8.25158,6.73564],[8.26111,6.7311],[8.26883,6.72793],[8.27383,6.71657],[8.27383,6.71294],[8.28018,6.71521],[8.28563,6.71022],[8.28018,6.70477],[8.27882,6.69796],[8.28382,6.69251],[8.29451,6.67871],[8.30198,6.6698],[8.30652,6.66072],[8.3047,6.65073],[8.30925,6.63938],[8.3156,6.63438],[8.32241,6.63438],[8.32514,6.62575],[8.32423,6.62121],[8.32151,6.61849],[8.32105,6.61395],[8.31424,6.61213],[8.31424,6.60714],[8.32196,6.60305],[8.32332,6.59624],[8.32475,6.5895],[8.33013,6.5917],[8.33331,6.58489],[8.34012,6.57535],[8.34694,6.57535],[8.35193,6.57444],[8.35874,6.564],[8.36374,6.56218],[8.37009,6.56309],[8.37418,6.56354],[8.37282,6.559],[8.37236,6.5531],[8.37146,6.5481],[8.37509,6.54583],[8.37963,6.54856],[8.3869,6.54992],[8.39144,6.55037],[8.39325,6.54447],[8.39643,6.53948],[8.40006,6.5363],[8.39916,6.53221],[8.39371,6.5313],[8.39098,6.52631],[8.39098,6.52313],[8.39598,6.5195],[8.41005,6.51723],[8.4155,6.51859],[8.41914,6.5145],[8.42004,6.51041],[8.4205,6.50542],[8.41232,6.50042],[8.41096,6.49452],[8.40869,6.48862],[8.40597,6.48499],[8.40869,6.47772],[8.42277,6.47772],[8.42368,6.46637],[8.43049,6.45774],[8.43866,6.44684],[8.43548,6.44366],[8.43185,6.43958],[8.4323,6.43322],[8.44229,6.43276],[8.44593,6.42913],[8.45228,6.43004],[8.45683,6.42822],[8.45683,6.41778],[8.45501,6.4146],[8.45501,6.41006],[8.45365,6.40597],[8.44774,6.40507],[8.44411,6.40234],[8.44774,6.3919],[8.44502,6.38554],[8.43094,6.381],[8.41323,6.37782],[8.40733,6.37464],[8.4037,6.36601],[8.39916,6.35375],[8.39791,6.34505],[8.39598,6.3315],[8.39166,6.30653],[8.39439,6.29699],[8.40529,6.28609],[8.4109,6.28212],[8.41285,6.27915],[8.40943,6.27495],[8.40785,6.27059],[8.40786,6.26663],[8.40905,6.26346],[8.41732,6.25961],[8.41119,6.24613],[8.40529,6.23705],[8.39841,6.23529],[8.39327,6.23251],[8.38972,6.22418],[8.3838,6.21347],[8.37312,6.20314],[8.36799,6.19838],[8.35691,6.19281],[8.35137,6.19121],[8.34742,6.19002],[8.34425,6.18763],[8.34267,6.18485],[8.34092,6.18345],[8.33536,6.18574],[8.33033,6.18992],[8.32052,6.17728],[8.31736,6.17173],[8.31776,6.16974],[8.32054,6.16499],[8.31937,6.15984],[8.3166,6.15626],[8.31225,6.15269],[8.30792,6.14436],[8.30832,6.1392],[8.30991,6.13405],[8.3135,6.12375],[8.31541,6.11765],[8.31492,6.11626],[8.30947,6.11263],[8.302,6.10814],[8.30196,6.1024],[8.30078,6.09666],[8.29845,6.09094],[8.29841,6.0852],[8.29835,6.07716],[8.29823,6.06754],[8.29148,6.05539],[8.28884,6.0457],[8.28752,6.02897],[8.28664,6.01663],[8.28223,6.00474],[8.27431,5.99901],[8.26373,5.99681],[8.25845,5.99813],[8.25404,6.00518],[8.25272,6.01223],[8.2492,6.01575],[8.24479,6.01795],[8.23819,6.01487],[8.23026,6.01267],[8.22277,6.01443],[8.21484,6.01223],[8.20427,6.0043],[8.1937,5.99197],[8.17961,5.97919],[8.17295,5.97377],[8.16771,5.9695],[8.15328,5.96732],[8.14833,5.96378],[8.13644,5.95497],[8.12234,5.94352],[8.11385,5.93815],[8.11137,5.94068],[8.10912,5.94528],[8.10802,5.94988],[8.10691,5.95448],[8.1058,5.95909],[8.10442,5.96121],[8.09898,5.96195],[8.09067,5.96153],[8.08751,5.96033],[8.08357,5.95517],[8.07725,5.95],[8.07409,5.94761],[8.06539,5.94759],[8.05747,5.94995],[8.0539,5.95192],[8.05192,5.9535],[8.05112,5.95548],[8.05112,5.95667],[8.05427,5.96144],[8.05939,5.97136],[8.06016,5.97969],[8.05975,5.98603],[8.05815,5.99237],[8.05537,5.99791],[8.04903,5.99988],[8.03914,5.99945],[8.03558,5.99905],[8.03178,6.00049],[8.02966,5.99979],[8.02394,5.99754],[8.01479,5.99415],[8.00907,5.9919],[8.00105,5.98736],[7.99304,5.98397],[7.98618,5.98172],[7.98042,5.97487],[7.97925,5.97029],[7.97921,5.9657],[7.98145,5.95994],[7.98483,5.95418],[7.98821,5.94841],[7.98931,5.94267],[7.98472,5.93925],[7.98241,5.93582],[7.98237,5.93009],[7.98235,5.92664],[7.98573,5.92203],[7.99368,5.91623],[8.0005,5.91274],[8.00275,5.90928],[8.00613,5.90351],[8.00497,5.90008],[7.99935,5.89954],[7.99413,5.8973],[7.99394,5.89682],[7.98978,5.8911],[7.98624,5.88475],[7.97755,5.88036],[7.97005,5.874],[7.96769,5.87082],[7.96692,5.86448],[7.96614,5.85932],[7.96418,5.85377],[7.96182,5.84979],[7.95757,5.84302],[7.95216,5.84153],[7.94563,5.83873],[7.93854,5.83444],[7.93482,5.82593],[7.93365,5.8225],[7.93364,5.81987],[7.94242,5.80508],[7.95104,5.79291],[7.96423,5.77566],[7.97008,5.76833],[7.9651,5.76938],[7.95938,5.77165],[7.95497,5.77413],[7.95137,5.77506],[7.94909,5.7739],[7.94567,5.77274],[7.94226,5.77042],[7.93656,5.76925],[7.93201,5.76578],[7.92745,5.76346],[7.92198,5.76012],[7.92095,5.76009],[7.91622,5.75373],[7.91386,5.75214],[7.91307,5.74936],[7.91309,5.74421],[7.9131,5.74108],[7.91436,5.73828],[7.91388,5.73581],[7.91276,5.73121],[7.91164,5.72545],[7.90824,5.71969],[7.90484,5.71508],[7.90029,5.71161],[7.89461,5.70584],[7.88665,5.70005],[7.8878,5.69661],[7.89011,5.69202],[7.8901,5.6848],[7.88626,5.68785],[7.87055,5.69356],[7.86199,5.69736],[7.84057,5.71069],[7.83058,5.72306],[7.82059,5.72782],[7.81535,5.73591],[7.80393,5.74495],[7.79679,5.76161],[7.79394,5.77731],[7.79298,5.79159],[7.78632,5.80492],[7.78037,5.80682],[7.76419,5.81396],[7.75658,5.81301],[7.72898,5.81586],[7.71308,5.818],[7.70423,5.81919],[7.68395,5.82235],[7.65712,5.82395],[7.65003,5.82448],[7.63097,5.83232],[7.62617,5.83414],[7.62249,5.8345],[7.61291,5.83483],[7.60592,5.83407],[7.59551,5.83439],[7.58478,5.83728],[7.57098,5.84108],[7.5667,5.84394],[7.55249,5.84348],[7.55194,5.84346],[7.54439,5.84047],[7.53961,5.83787],[7.5352,5.83674],[7.53299,5.83784],[7.5315,5.84079],[7.52705,5.84778],[7.52259,5.8581],[7.52258,5.86142],[7.52477,5.86512],[7.52697,5.86883],[7.52732,5.87326],[7.52619,5.8799],[7.52028,5.88393],[7.50036,5.8916],[7.49811,5.90082],[7.49758,5.90766],[7.51866,5.90804],[7.53957,5.90723],[7.54755,5.93335],[7.54251,5.94419],[7.54026,5.95415],[7.5406,5.95932],[7.54611,5.96414],[7.55293,5.96634],[7.55337,5.98147],[7.54719,5.99494],[7.55908,5.98548],[7.57316,5.96914],[7.58905,5.96142],[7.63537,5.94325],[7.66443,5.93008],[7.67896,5.92872],[7.69189,5.92464],[7.70485,5.92918],[7.71484,5.94598],[7.71121,5.97095],[7.69713,5.98866],[7.67579,6.01],[7.67553,6.01062],[7.67099,6.04767],[7.66832,6.06062],[7.66943,6.06359],[7.68623,6.07131],[7.69804,6.07403],[7.7138,6.08392],[7.72619,6.1149],[7.7385,6.17031],[7.73187,6.17334],[7.7303,6.17802],[7.73025,6.19208],[7.73019,6.2103],[7.73119,6.21915],[7.73329,6.22496],[7.733,6.22661],[7.725,6.2426],[7.72165,6.24931],[7.70893,6.27792],[7.70803,6.29835],[7.72097,6.33105],[7.73868,6.35375],[7.75139,6.38554],[7.75003,6.42323],[7.74912,6.4473],[7.74685,6.47272],[7.73073,6.55991],[7.71711,6.58534],[7.70392,6.60706],[7.70167,6.61077],[7.69894,6.63075],[7.70576,6.6362],[7.72415,6.63484],[7.73704,6.63408],[7.74186,6.62833],[7.7497,6.61701],[7.75328,6.60921],[7.76253,6.59931],[7.76823,6.59366],[7.77675,6.58943],[7.78101,6.58731],[7.78386,6.5859],[7.78882,6.58521],[7.79165,6.58806],[7.79517,6.59729],[7.80782,6.63352],[7.80829,6.63422],[7.82178,6.63892],[7.83177,6.63847],[7.83358,6.62621],[7.83358,6.6194],[7.83676,6.61486],[7.84403,6.6085],[7.84675,6.60441],[7.85265,6.58806],[7.85583,6.5808],[7.869,6.56899],[7.87189,6.56668],[7.87808,6.56173],[7.88717,6.55265],[7.89025,6.55148],[7.89674,6.5515],[7.90454,6.55152],[7.91093,6.55083],[7.9294,6.5374],[7.93236,6.53176],[7.94938,6.53221],[7.95664,6.54038],[7.96255,6.54402],[7.96663,6.55764],[7.97072,6.56854],[7.97155,6.57059],[7.9683,6.57654],[7.96542,6.59143],[7.97107,6.60209],[7.97956,6.60921],[7.98746,6.61318],[7.98843,6.61803],[7.98707,6.63347],[7.98749,6.64782],[7.98224,6.66384],[7.98294,6.6681],[7.98615,6.67241],[7.98843,6.68796],[7.99479,6.70386],[8.00056,6.71212],[8.00056,6.71285],[8.00622,6.71641],[8.01473,6.72069],[8.02181,6.72355],[8.02891,6.72144],[8.0382,6.71191],[8.05087,6.70931],[8.0654,6.71158],[8.07539,6.71385],[8.07957,6.71315],[8.08901,6.71158],[8.09537,6.70794],[8.09855,6.70704],[8.104,6.71203],[8.11217,6.70931],[8.12761,6.71158],[8.13624,6.71612],[8.14441,6.7252],[8.14532,6.73474],[8.14713,6.74291],[8.14906,6.74709],[8.15258,6.75472],[8.1603,6.76107],[8.16393,6.76503],[8.17011,6.7635],[8.18096,6.76353],[8.1853,6.76679],[8.19369,6.77833],[8.19936,6.77833],[8.21298,6.77606],[8.22024,6.77878],[8.22615,6.78968],[8.22933,6.80013],[8.23432,6.79922],[8.24068,6.79241],[8.24131,6.79123],[8.24431,6.7856]]]]}},{"type":"Feature","id":"NG012","properties":{"admin1Pcod":"NG012","admin1Name":"Edo","admin1RefN":"Edo","admin0Pcod":"NG","admin0Name":"Nigeria"},"geometry":{"type":"MultiPolygon","coordinates":[[[[6.13357,7.55208],[6.13835,7.55045],[6.14295,7.551],[6.14639,7.55097],[6.14984,7.55094],[6.15328,7.55091],[6.15557,7.55031],[6.16074,7.55027],[6.16418,7.55024],[6.16588,7.54848],[6.16698,7.54497],[6.1658,7.54207],[6.1647,7.53832],[6.16226,7.53394],[6.15992,7.53046],[6.15828,7.5283],[6.15583,7.52525],[6.15408,7.52234],[6.15059,7.51888],[6.14654,7.51599],[6.14249,7.5137],[6.13786,7.51082],[6.13555,7.50967],[6.1315,7.50679],[6.12861,7.50506],[6.12572,7.50392],[6.12226,7.5022],[6.11822,7.50049],[6.11475,7.49877],[6.11243,7.49704],[6.1101,7.49414],[6.10834,7.49066],[6.10888,7.48832],[6.10826,7.48425],[6.1088,7.48133],[6.10874,7.47667],[6.10979,7.46908],[6.10915,7.46325],[6.10966,7.45859],[6.1102,7.45508],[6.11241,7.44866],[6.1187,7.44627],[6.12788,7.4462],[6.13306,7.44732],[6.13824,7.44786],[6.14285,7.44957],[6.14743,7.44895],[6.15431,7.44831],[6.15947,7.44769],[6.16348,7.44649],[6.1669,7.44471],[6.17091,7.4441],[6.17317,7.44116],[6.17427,7.43766],[6.17595,7.43415],[6.17992,7.43003],[6.18279,7.42943],[6.18627,7.4329],[6.18631,7.43581],[6.18692,7.43872],[6.18981,7.44044],[6.19327,7.44217],[6.20079,7.44619],[6.20887,7.44962],[6.21871,7.45653],[6.22105,7.46001],[6.22339,7.46407],[6.22532,7.4684],[6.22692,7.47104],[6.23327,7.4739],[6.23789,7.47561],[6.24479,7.47672],[6.25284,7.47782],[6.25572,7.47838],[6.25917,7.47893],[6.26377,7.48006],[6.26781,7.48178],[6.27014,7.48409],[6.27189,7.48641],[6.27307,7.48931],[6.27484,7.4928],[6.2766,7.4957],[6.2841,7.49913],[6.29099,7.49908],[6.29274,7.49881],[6.29576,7.49473],[6.32451,7.4443],[6.33663,7.43409],[6.35744,7.41107],[6.3593,7.41157],[6.36279,7.40931],[6.36791,7.40577],[6.3753,7.39988],[6.37814,7.39752],[6.42224,7.41683],[6.42658,7.41461],[6.42767,7.41052],[6.43216,7.40233],[6.43211,7.39766],[6.42224,7.389],[6.42335,7.38608],[6.42675,7.38197],[6.43246,7.37959],[6.43414,7.37666],[6.43468,7.37316],[6.4346,7.36733],[6.43566,7.35975],[6.43851,7.35797],[6.44251,7.35677],[6.45053,7.35554],[6.45515,7.35784],[6.45978,7.36071],[6.46326,7.3636],[6.46687,7.36532],[6.47037,7.3637],[6.47298,7.36061],[6.47579,7.35592],[6.47748,7.35299],[6.48087,7.3483],[6.48576,7.342],[6.48879,7.33891],[6.49221,7.33655],[6.49447,7.3342],[6.49733,7.33301],[6.49955,7.32716],[6.49951,7.32367],[6.4989,7.32076],[6.4983,7.31843],[6.49993,7.31084],[6.49985,7.30443],[6.49923,7.30093],[6.49976,7.29743],[6.4997,7.29219],[6.50136,7.28751],[6.50362,7.28458],[6.50587,7.28106],[6.50811,7.27638],[6.50807,7.27288],[6.50803,7.26997],[6.51144,7.26702],[6.51488,7.267],[6.52585,7.27157],[6.52988,7.2727],[6.53736,7.27381],[6.54426,7.27492],[6.55631,7.27482],[6.56952,7.27529],[6.57232,7.27608],[6.57507,7.27353],[6.59225,7.27622],[6.60771,7.27803],[6.63767,7.29477],[6.66916,7.24052],[6.67472,7.23344],[6.67811,7.23163],[6.68323,7.23039],[6.68532,7.22353],[6.69016,7.21957],[6.6933,7.217],[6.69758,7.20416],[6.70079,7.17849],[6.70343,7.17058],[6.70721,7.15923],[6.71149,7.14854],[6.71532,7.13703],[6.71577,7.1357],[6.71577,7.12282],[6.71577,7.12072],[6.71149,7.10468],[6.6901,7.06831],[6.68384,7.05161],[6.67726,7.03408],[6.67726,7.0084],[6.67833,6.99343],[6.67856,6.98806],[6.67926,6.972],[6.6794,6.96882],[6.67298,6.93566],[6.65266,6.90785],[6.64624,6.88538],[6.63447,6.86613],[6.62163,6.84153],[6.61415,6.83083],[6.61079,6.8221],[6.61377,6.8148],[6.61594,6.80952],[6.6176,6.80658],[6.62032,6.80013],[6.62366,6.796],[6.62361,6.7936],[6.62355,6.79075],[6.62736,6.78195],[6.62951,6.77551],[6.63169,6.76906],[6.62802,6.74889],[6.62619,6.73147],[6.6216,6.7223],[6.61794,6.70488],[6.62802,6.67462],[6.65278,6.63428],[6.66011,6.60861],[6.66194,6.57285],[6.66194,6.55268],[6.6647,6.53236],[6.66892,6.50123],[6.65981,6.49856],[6.65637,6.49606],[6.64935,6.49098],[6.64626,6.48873],[6.63265,6.48932],[6.62243,6.49547],[6.6189,6.49652],[6.60881,6.49952],[6.59725,6.49873],[6.58569,6.49794],[6.5755,6.49508],[6.56531,6.4943],[6.55171,6.49349],[6.54016,6.49201],[6.53543,6.49036],[6.52963,6.48861],[6.52619,6.48808],[6.52332,6.48754],[6.52003,6.48304],[6.50963,6.47581],[6.5022,6.46396],[6.49245,6.45625],[6.49045,6.45571],[6.48051,6.44783],[6.46618,6.44091],[6.46208,6.43788],[6.44887,6.4281],[6.44538,6.42524],[6.44187,6.4218],[6.44012,6.42008],[6.4366,6.41606],[6.43365,6.41144],[6.43126,6.40682],[6.42895,6.40569],[6.42373,6.40227],[6.41911,6.40002],[6.41506,6.39775],[6.41274,6.39604],[6.41044,6.39549],[6.4064,6.39381],[6.40123,6.39272],[6.39778,6.39161],[6.39143,6.3888],[6.38569,6.38772],[6.37992,6.38548],[6.37015,6.3833],[6.36561,6.38454],[6.36229,6.38444],[6.35756,6.38429],[6.34957,6.37878],[6.34159,6.37841],[6.33629,6.37817],[6.33166,6.37645],[6.32466,6.37385],[6.32238,6.37304],[6.31939,6.37126],[6.31278,6.36732],[6.30777,6.36597],[6.3046,6.36505],[6.29885,6.36338],[6.29032,6.36187],[6.28166,6.35741],[6.27084,6.34345],[6.26137,6.33227],[6.25394,6.31903],[6.24664,6.31265],[6.23633,6.30363],[6.22347,6.28965],[6.21264,6.27916],[6.1976,6.28275],[6.19351,6.29842],[6.1887,6.30948],[6.18049,6.3212],[6.16752,6.33149],[6.15866,6.33697],[6.15047,6.34244],[6.14093,6.34861],[6.12661,6.35612],[6.11777,6.35152],[6.11304,6.34907],[6.10695,6.34208],[6.10086,6.3351],[6.09478,6.32742],[6.08802,6.31835],[6.08604,6.30377],[6.08611,6.28921],[6.07663,6.27872],[6.08486,6.26353],[6.0951,6.2553],[6.11216,6.24088],[6.11228,6.23965],[6.10843,6.21486],[6.1064,6.202],[6.10697,6.19773],[6.11084,6.18117],[6.11957,6.1577],[6.13422,6.13554],[6.13471,6.13481],[6.14124,6.12392],[6.14808,6.11427],[6.15697,6.10394],[6.16381,6.09429],[6.1693,6.08255],[6.17682,6.07498],[6.1857,6.06604],[6.19322,6.05639],[6.20141,6.04953],[6.21027,6.04475],[6.2239,6.03931],[6.23276,6.03384],[6.24096,6.02628],[6.25664,6.0167],[6.25063,5.99307],[6.24794,5.98403],[6.24596,5.97153],[6.24377,5.96738],[6.23382,5.94855],[6.22911,5.93603],[6.22371,5.92697],[6.21764,5.91651],[6.20749,5.90603],[6.20383,5.90057],[6.20141,5.89696],[6.19894,5.89513],[6.19192,5.88995],[6.17971,5.88222],[6.16887,5.87311],[6.16074,5.86542],[6.15194,5.85771],[6.14244,5.85209],[6.13281,5.84679],[6.13094,5.84569],[6.12088,5.83973],[6.11197,5.8234],[6.10793,5.81366],[6.10185,5.80321],[6.09374,5.79412],[6.08068,5.78824],[6.07594,5.78609],[6.07363,5.78647],[6.06186,5.77513],[6.04896,5.76879],[6.04436,5.76687],[6.03978,5.76461],[6.03122,5.7645],[6.02722,5.76445],[6.02497,5.76442],[6.0198,5.76438],[6.01566,5.76435],[6.00782,5.76175],[6.00446,5.76064],[5.9919,5.75444],[5.98173,5.74811],[5.96962,5.74881],[5.9586,5.7507],[5.94094,5.74639],[5.92461,5.74833],[5.91708,5.75867],[5.90615,5.77037],[5.90678,5.78147],[5.90264,5.79461],[5.89419,5.79859],[5.89767,5.80378],[5.9024,5.81106],[5.9064,5.82598],[5.9065,5.84388],[5.91055,5.85224],[5.92132,5.87729],[5.83331,5.94105],[5.8353,5.95147],[5.83051,5.95975],[5.823,5.96663],[5.81204,5.98387],[5.79506,5.97957],[5.76418,5.99781],[5.75693,6.00209],[5.74529,6.00898],[5.69893,6.03356],[5.67398,6.04892],[5.66893,6.05203],[5.66761,6.04986],[5.65745,6.03321],[5.63707,6.02957],[5.62619,6.02879],[5.61601,6.02454],[5.60513,6.02307],[5.59359,6.01812],[5.58343,6.0111],[5.57802,6.00342],[5.57127,5.99088],[5.56108,5.98941],[5.54633,5.98536],[5.5366,5.9899],[5.53231,6.00418],[5.5346,6.00974],[5.53263,6.01171],[5.52838,6.01203],[5.52347,6.01269],[5.51921,6.01629],[5.51528,6.02186],[5.51888,6.02742],[5.51659,6.03037],[5.51299,6.03528],[5.50579,6.03593],[5.50088,6.03659],[5.49728,6.04248],[5.49433,6.04183],[5.49138,6.03855],[5.49027,6.0336],[5.48975,6.03004],[5.48418,6.02775],[5.47894,6.0271],[5.47368,6.02735],[5.46552,6.02775],[5.45846,6.02305],[5.45619,6.0224],[5.4534,6.02513],[5.45306,6.02754],[5.45209,6.0343],[5.44463,6.03923],[5.44248,6.04064],[5.43703,6.03757],[5.43346,6.03499],[5.42754,6.0307],[5.42721,6.02349],[5.43114,6.01793],[5.43147,6.01302],[5.43114,6.00876],[5.4259,6.00581],[5.41537,6.00814],[5.41584,6.01035],[5.41117,6.02022],[5.39971,6.02186],[5.39215,6.01918],[5.38823,6.01779],[5.37784,6.01922],[5.36566,6.01965],[5.35652,6.01748],[5.34217,6.01617],[5.33825,6.01879],[5.33434,6.02139],[5.32739,6.01835],[5.32304,6.0053],[5.32695,5.99443],[5.32608,5.99008],[5.32695,5.98269],[5.33652,5.98443],[5.34,5.98269],[5.34522,5.97529],[5.3587,5.96964],[5.35,5.96094],[5.3413,5.95616],[5.33478,5.9492],[5.32608,5.9418],[5.31515,5.93466],[5.30433,5.91962],[5.29129,5.91223],[5.2752,5.90918],[5.2697,5.91891],[5.26824,5.93919],[5.26345,5.94311],[5.25606,5.95007],[5.25345,5.95703],[5.2491,5.97007],[5.2478,5.9866],[5.25162,6.00001],[5.25496,6.01322],[5.25898,6.02504],[5.26235,6.03339],[5.26502,6.04381],[5.26827,6.05254],[5.27017,6.0543],[5.2565,6.06524],[5.24879,6.06423],[5.24521,6.06376],[5.23893,6.06244],[5.23294,6.06564],[5.23298,6.07151],[5.23374,6.07363],[5.23294,6.08121],[5.23254,6.0892],[5.23254,6.09479],[5.23134,6.10118],[5.23374,6.11236],[5.23054,6.11875],[5.22535,6.12594],[5.22176,6.13153],[5.21737,6.13632],[5.21856,6.14152],[5.22296,6.14471],[5.22256,6.1487],[5.21776,6.1499],[5.20938,6.1535],[5.20553,6.15124],[5.20606,6.14718],[5.20339,6.14511],[5.19883,6.14701],[5.19584,6.15089],[5.19372,6.15177],[5.19037,6.15124],[5.18403,6.14736],[5.18015,6.14965],[5.18244,6.15441],[5.18191,6.15688],[5.17945,6.15899],[5.17663,6.15949],[5.17292,6.16058],[5.16869,6.16357],[5.16425,6.15909],[5.16465,6.15509],[5.16291,6.14793],[5.16463,6.14655],[5.16146,6.14271],[5.15786,6.14671],[5.15459,6.14419],[5.14554,6.14164],[5.14296,6.14331],[5.14349,6.15124],[5.14137,6.15582],[5.13829,6.15989],[5.1331,6.16468],[5.13505,6.16982],[5.13345,6.17221],[5.13768,6.17309],[5.13715,6.17626],[5.13204,6.18085],[5.13574,6.18226],[5.13591,6.18666],[5.13326,6.18822],[5.13133,6.18895],[5.12869,6.18966],[5.12869,6.19389],[5.12711,6.19703],[5.1224,6.20128],[5.12247,6.20587],[5.11992,6.20701],[5.11763,6.20695],[5.11549,6.20611],[5.11386,6.19982],[5.11283,6.19547],[5.10994,6.19543],[5.10483,6.20003],[5.10316,6.20218],[5.09982,6.20218],[5.09823,6.19814],[5.09584,6.19709],[5.09242,6.19828],[5.0892,6.20106],[5.08847,6.20434],[5.08614,6.20784],[5.08724,6.21453],[5.08518,6.21609],[5.08181,6.21803],[5.07562,6.21343],[5.07455,6.21769],[5.07793,6.22015],[5.07881,6.22262],[5.07585,6.22674],[5.07374,6.22885],[5.07293,6.23119],[5.07335,6.23478],[5.07335,6.23953],[5.06947,6.24253],[5.0663,6.24553],[5.06348,6.24835],[5.06057,6.248],[5.05749,6.24764],[5.05345,6.24683],[5.04971,6.25143],[5.04903,6.26027],[5.04797,6.26491],[5.04104,6.27428],[5.03775,6.27743],[5.03506,6.27801],[5.02964,6.27919],[5.02153,6.28536],[5.01562,6.29235],[5.01307,6.29858],[5.0129,6.3021],[5.01536,6.30897],[5.01968,6.3159],[5.02152,6.31868],[5.03014,6.32313],[5.0353,6.32848],[5.03495,6.33293],[5.03174,6.33756],[5.02871,6.34183],[5.02782,6.34522],[5.02818,6.35092],[5.02836,6.35804],[5.02871,6.36027],[5.02925,6.36356],[5.03239,6.36491],[5.03922,6.3641],[5.04385,6.36659],[5.04723,6.37211],[5.04812,6.37532],[5.04808,6.37792],[5.04919,6.38244],[5.05282,6.38415],[5.05739,6.38137],[5.06255,6.37781],[5.06611,6.37656],[5.07128,6.37656],[5.07573,6.37728],[5.07929,6.3812],[5.08327,6.3855],[5.08604,6.38921],[5.09158,6.39224],[5.09888,6.3974],[5.10369,6.40221],[5.1069,6.40951],[5.10957,6.41254],[5.10975,6.41468],[5.1085,6.41717],[5.10726,6.41913],[5.10387,6.42216],[5.10369,6.42483],[5.10441,6.42786],[5.10458,6.43178],[5.10761,6.43338],[5.10779,6.43587],[5.10512,6.4373],[5.1028,6.43872],[5.10298,6.44229],[5.10601,6.44603],[5.11046,6.44905],[5.11402,6.45333],[5.11741,6.45903],[5.12346,6.46277],[5.12881,6.46847],[5.13362,6.47256],[5.13575,6.47702],[5.13949,6.48004],[5.14359,6.48646],[5.14537,6.48877],[5.14733,6.48931],[5.14858,6.49216],[5.15107,6.49394],[5.15339,6.49803],[5.15374,6.50106],[5.15214,6.50355],[5.15018,6.50462],[5.15018,6.5089],[5.15036,6.51175],[5.15303,6.51549],[5.15481,6.51887],[5.15481,6.52902],[5.15517,6.53312],[5.15713,6.53615],[5.16033,6.53918],[5.16122,6.54381],[5.16229,6.54648],[5.16069,6.54986],[5.16229,6.55218],[5.16425,6.55449],[5.16193,6.5593],[5.16211,6.56197],[5.16065,6.56311],[5.15458,6.5678],[5.14716,6.56961],[5.14064,6.57419],[5.13877,6.57602],[5.13691,6.57786],[5.13317,6.58338],[5.13223,6.58614],[5.12805,6.58816],[5.12755,6.5935],[5.12567,6.59811],[5.1238,6.60087],[5.12098,6.60732],[5.11911,6.611],[5.11723,6.61561],[5.11442,6.62113],[5.11253,6.62666],[5.11158,6.63035],[5.11154,6.63774],[5.11243,6.64421],[5.1124,6.65067],[5.11237,6.65621],[5.11326,6.66175],[5.11415,6.66915],[5.11596,6.67747],[5.11778,6.68394],[5.1196,6.68949],[5.12235,6.69505],[5.12233,6.69874],[5.12602,6.70153],[5.13152,6.71264],[5.13519,6.72005],[5.13794,6.72653],[5.14069,6.73116],[5.14529,6.73765],[5.15081,6.74599],[5.15635,6.74971],[5.16651,6.75808],[5.17297,6.76273],[5.18037,6.76647],[5.18591,6.76927],[5.19054,6.77206],[5.19702,6.77394],[5.20162,6.78043],[5.20253,6.78321],[5.2025,6.78875],[5.20433,6.79338],[5.20523,6.79707],[5.20614,6.80077],[5.20705,6.80447],[5.20887,6.81002],[5.21162,6.81465],[5.21346,6.81836],[5.2153,6.82114],[5.21897,6.82762],[5.22357,6.83503],[5.22633,6.83874],[5.23277,6.84709],[5.23645,6.85265],[5.24379,6.86562],[5.25482,6.88322],[5.27241,6.88886],[5.45975,6.88598],[5.53706,6.8848],[5.54744,6.88379],[5.55524,6.88304],[5.56175,6.87938],[5.56552,6.87602],[5.56785,6.87262],[5.57015,6.86927],[5.57209,6.85451],[5.57121,6.84527],[5.56661,6.8397],[5.56384,6.83784],[5.55921,6.83689],[5.55365,6.83594],[5.54903,6.83314],[5.54627,6.82943],[5.54351,6.8248],[5.54356,6.81649],[5.54358,6.8128],[5.54452,6.81003],[5.54584,6.80429],[5.54742,6.80281],[5.54986,6.79721],[5.5511,6.79437],[5.55577,6.78701],[5.55953,6.7778],[5.56142,6.77227],[5.56188,6.76714],[5.56322,6.76238],[5.56153,6.75196],[5.56252,6.74088],[5.56166,6.7298],[5.56449,6.72058],[5.57103,6.7123],[5.57384,6.70678],[5.57663,6.70403],[5.5822,6.70406],[5.58588,6.70962],[5.58956,6.71425],[5.59601,6.72075],[5.60524,6.72912],[5.61262,6.73562],[5.62,6.74212],[5.62925,6.74587],[5.63667,6.74683],[5.64037,6.74685],[5.64969,6.73952],[5.65435,6.73493],[5.65993,6.73126],[5.66737,6.72761],[5.70256,6.73612],[5.71144,6.75198],[5.71449,6.75742],[5.7191,6.76206],[5.72366,6.76665],[5.72648,6.76949],[5.74312,6.77789],[5.75159,6.78164],[5.75792,6.78444],[5.76715,6.79188],[5.77084,6.79651],[5.77813,6.81779],[5.77718,6.82333],[5.7753,6.82701],[5.77342,6.83162],[5.77155,6.83438],[5.76967,6.83991],[5.77148,6.8473],[5.77423,6.85378],[5.77884,6.85842],[5.7825,6.86583],[5.78563,6.86962],[5.78711,6.8714],[5.78706,6.87971],[5.78794,6.88802],[5.78791,6.89449],[5.78973,6.90096],[5.7934,6.90652],[5.79799,6.91486],[5.7991,6.91881],[5.79981,6.92133],[5.79885,6.92779],[5.7979,6.9324],[5.79601,6.93885],[5.79505,6.94346],[5.79317,6.94807],[5.7922,6.95545],[5.78846,6.96097],[5.78564,6.96834],[5.78836,6.98036],[5.78924,6.98775],[5.78922,6.99237],[5.79104,6.99792],[5.79378,7.00532],[5.79376,7.00997],[5.79374,7.01363],[5.79401,7.01562],[5.79258,7.02166],[5.79618,7.02429],[5.79737,7.0275],[5.79836,7.03001],[5.79931,7.03242],[5.80102,7.03676],[5.80283,7.04508],[5.80426,7.04854],[5.80959,7.05125],[5.81022,7.0559],[5.81199,7.05939],[5.81319,7.06346],[5.81439,7.06811],[5.81558,7.0716],[5.82199,7.07912],[5.82374,7.08144],[5.82949,7.08198],[5.83526,7.08485],[5.83815,7.08657],[5.84105,7.0883],[5.84625,7.09117],[5.84971,7.09231],[5.85258,7.094],[5.85492,7.09634],[5.85484,7.09649],[5.85324,7.09927],[5.85098,7.1022],[5.84814,7.10514],[5.84587,7.10691],[5.84303,7.10985],[5.84196,7.11568],[5.84256,7.11801],[5.84431,7.12033],[5.84662,7.12148],[5.85065,7.12261],[5.85469,7.12432],[5.85758,7.12547],[5.86046,7.12603],[5.86278,7.12834],[5.86514,7.13357],[5.86633,7.13705],[5.86753,7.14112],[5.86757,7.14462],[5.86817,7.14695],[5.8717,7.15333],[5.87291,7.15857],[5.87296,7.16265],[5.87472,7.16555],[5.87706,7.16961],[5.87882,7.17251],[5.88231,7.17598],[5.88694,7.17944],[5.88984,7.18116],[5.89388,7.18288],[5.89391,7.18579],[5.89047,7.18905],[5.88367,7.19287],[5.88433,7.19986],[5.88897,7.20449],[5.89362,7.20853],[5.89594,7.21084],[5.89941,7.21315],[5.90348,7.21719],[5.9041,7.22069],[5.90127,7.22421],[5.89734,7.23123],[5.89854,7.23589],[5.89866,7.24521],[5.89813,7.24871],[5.89589,7.2534],[5.89652,7.25805],[5.9,7.26094],[5.9029,7.26325],[5.90465,7.26556],[5.90529,7.27081],[5.90706,7.27487],[5.90837,7.2765],[5.90939,7.27777],[5.9123,7.28066],[5.91407,7.28473],[5.91699,7.28878],[5.92163,7.29282],[5.92349,7.29559],[5.92402,7.29594],[5.92681,7.29736],[5.93087,7.29854],[5.93633,7.30088],[5.94154,7.30359],[5.94509,7.30553],[5.95043,7.30697],[5.96231,7.31025],[5.9683,7.31094],[5.97313,7.31225],[5.97592,7.31367],[5.97871,7.31497],[5.97934,7.31637],[5.97932,7.31841],[5.97931,7.31968],[5.97815,7.32081],[5.97521,7.32231],[5.97278,7.32331],[5.96946,7.32456],[5.96677,7.32593],[5.96421,7.32757],[5.96114,7.32932],[5.95793,7.33133],[5.95599,7.33475],[5.95573,7.3364],[5.95571,7.33844],[5.95582,7.34009],[5.95606,7.34162],[5.95669,7.34302],[5.9577,7.34432],[5.95865,7.34448],[5.96476,7.34552],[5.96879,7.34607],[5.97166,7.34663],[5.97511,7.34718],[5.97857,7.34774],[5.98088,7.34888],[5.98669,7.35525],[5.98673,7.35816],[5.98734,7.36107],[5.9868,7.36341],[5.98109,7.36637],[5.97824,7.36814],[5.976,7.37224],[5.97489,7.37516],[5.97492,7.37808],[5.97497,7.38216],[5.97732,7.38622],[5.9785,7.38912],[5.97968,7.39145],[5.97856,7.39379],[5.97571,7.39556],[5.97405,7.40082],[5.97466,7.40373],[5.97013,7.40843],[5.96901,7.41077],[5.96848,7.41485],[5.97141,7.41949],[5.9726,7.42298],[5.97379,7.42647],[5.9744,7.42938],[5.97559,7.43228],[5.97734,7.4346],[5.97966,7.43691],[5.98141,7.43865],[5.98487,7.44037],[5.98718,7.44152],[5.98722,7.44443],[5.98726,7.44793],[5.98671,7.45026],[5.98449,7.45611],[5.97877,7.45791],[5.97534,7.4591],[5.97134,7.4603],[5.96617,7.46034],[5.9633,7.46036],[5.95771,7.47265],[5.95661,7.47616],[5.95493,7.47967],[5.95326,7.48376],[5.94813,7.4873],[5.94882,7.49604],[5.95117,7.50122],[5.95297,7.50708],[5.95303,7.51174],[5.95422,7.51523],[5.95995,7.51402],[5.9628,7.51283],[5.96511,7.51398],[5.96743,7.51571],[5.96919,7.51861],[5.97096,7.52326],[5.9733,7.52615],[5.97564,7.53021],[5.97909,7.53019],[5.98253,7.53016],[5.98712,7.52954],[5.98941,7.52894],[5.99455,7.52714],[6.00203,7.52825],[6.00413,7.52924],[6.013,7.53341],[6.01708,7.53862],[6.02117,7.54442],[6.0235,7.54731],[6.02295,7.54965],[6.02473,7.5543],[6.02536,7.55895],[6.02655,7.56186],[6.02889,7.56534],[6.03296,7.56938],[6.03586,7.57228],[6.04048,7.57457],[6.04339,7.57746],[6.0485,7.58012],[6.09873,7.5882],[6.11876,7.59142],[6.12268,7.58322],[6.12378,7.57913],[6.1257,7.5754],[6.12664,7.57298],[6.1288,7.56744],[6.12991,7.56451],[6.13044,7.56101],[6.13211,7.55633],[6.13357,7.55208]]]]}},{"type":"Feature","id":"NG013","properties":{"admin1Pcod":"NG013","admin1Name":"Ekiti","admin1RefN":"Ekiti","admin0Pcod":"NG","admin0Name":"Nigeria"},"geometry":{"type":"MultiPolygon","coordinates":[[[[5.50593,8.01869],[5.50872,8.01764],[5.51603,8.02217],[5.52577,8.03087],[5.53168,8.03504],[5.5376,8.04061],[5.54526,8.04409],[5.55082,8.05105],[5.55503,8.05455],[5.55917,8.05801],[5.57274,8.06845],[5.57657,8.07123],[5.59919,8.07367],[5.62459,8.07262],[5.63955,8.07367],[5.64364,8.07397],[5.64895,8.07436],[5.65626,8.07471],[5.65974,8.06984],[5.65382,8.06427],[5.64582,8.06079],[5.64303,8.05905],[5.6399,8.05383],[5.64303,8.04826],[5.64721,8.04096],[5.64895,8.03261],[5.65069,8.02356],[5.65633,8.01958],[5.66252,8.01521],[5.66739,8.0086],[5.66809,8.00233],[5.66322,8.00024],[5.65695,7.99433],[5.65073,7.99074],[5.64957,7.98789],[5.64756,7.98616],[5.64756,7.97415],[5.64721,7.96614],[5.64547,7.96301],[5.63433,7.95849],[5.62703,7.9571],[5.61415,7.96232],[5.60963,7.96614],[5.60163,7.96371],[5.59884,7.95849],[5.59884,7.95188],[5.60197,7.94283],[5.60406,7.92648],[5.60858,7.91082],[5.61241,7.87637],[5.61415,7.86558],[5.6232,7.84296],[5.63051,7.83496],[5.64269,7.8287],[5.6566,7.82835],[5.65884,7.82768],[5.66844,7.82904],[5.68862,7.82974],[5.71019,7.83009],[5.72898,7.82835],[5.73729,7.82108],[5.73813,7.81918],[5.74116,7.81234],[5.74603,7.80503],[5.75578,7.79564],[5.76795,7.78764],[5.79162,7.78207],[5.77303,7.74732],[5.76761,7.73718],[5.75612,7.72848],[5.74255,7.71978],[5.72829,7.71039],[5.71646,7.70099],[5.70706,7.69055],[5.6994,7.6829],[5.69488,7.67176],[5.69432,7.66453],[5.69314,7.65889],[5.6921,7.65158],[5.6914,7.64288],[5.6914,7.63801],[5.68862,7.63244],[5.68096,7.62374],[5.67574,7.62374],[5.6703,7.62586],[5.66211,7.6306],[5.65625,7.63346],[5.64941,7.63679],[5.64357,7.63674],[5.63872,7.63524],[5.63145,7.63178],[5.62441,7.62839],[5.62322,7.62782],[5.61985,7.62391],[5.61992,7.61663],[5.62339,7.60889],[5.62736,7.6002],[5.62789,7.59632],[5.62742,7.59437],[5.61928,7.57974],[5.61499,7.57048],[5.61117,7.56317],[5.60782,7.55683],[5.60647,7.54469],[5.60607,7.53546],[5.60611,7.53158],[5.60472,7.5238],[5.60476,7.51992],[5.61305,7.52036],[5.6129,7.51863],[5.61203,7.50847],[5.61207,7.50108],[5.61119,7.49369],[5.60995,7.48503],[5.61031,7.48445],[5.6075,7.4802],[5.60391,7.4678],[5.60119,7.4567],[5.59937,7.45023],[5.59294,7.44003],[5.58835,7.4317],[5.58281,7.42705],[5.58097,7.42427],[5.57545,7.41778],[5.57177,7.41129],[5.56717,7.4048],[5.56166,7.39646],[5.55707,7.3872],[5.55248,7.37979],[5.54602,7.37422],[5.54234,7.36773],[5.53684,7.35754],[5.53315,7.35383],[5.5304,7.34735],[5.52638,7.34086],[5.52438,7.33978],[5.51829,7.33583],[5.5136,7.33162],[5.50724,7.32767],[5.5017,7.32539],[5.48281,7.32188],[5.47141,7.32094],[5.45805,7.32053],[5.45047,7.31894],[5.45078,7.31544],[5.45252,7.30605],[5.45404,7.30061],[5.45093,7.29982],[5.44537,7.29887],[5.43889,7.29698],[5.43585,7.29603],[5.42686,7.29322],[5.4176,7.29133],[5.41296,7.29038],[5.40462,7.29033],[5.39814,7.28845],[5.38823,7.28319],[5.38147,7.28559],[5.37775,7.28741],[5.37217,7.28923],[5.36753,7.29105],[5.36288,7.29287],[5.35823,7.29561],[5.35635,7.30114],[5.3554,7.30483],[5.35444,7.31037],[5.3544,7.31683],[5.35438,7.32145],[5.35526,7.32884],[5.35523,7.33438],[5.35425,7.34453],[5.35331,7.34729],[5.3514,7.35652],[5.35044,7.36205],[5.34948,7.36851],[5.34852,7.37405],[5.34663,7.38142],[5.34475,7.38603],[5.34287,7.39063],[5.34005,7.39708],[5.33724,7.40261],[5.3335,7.40813],[5.33162,7.41273],[5.32881,7.41733],[5.32692,7.42379],[5.32503,7.43024],[5.32222,7.43576],[5.32033,7.44129],[5.31476,7.44311],[5.31198,7.44217],[5.30828,7.44123],[5.30625,7.44054],[5.29902,7.43841],[5.2944,7.43653],[5.28698,7.43649],[5.27957,7.43553],[5.26842,7.43824],[5.25916,7.43726],[5.25175,7.43537],[5.24527,7.43349],[5.236,7.43344],[5.22487,7.4343],[5.22023,7.43428],[5.21745,7.43426],[5.20817,7.43606],[5.20074,7.43694],[5.1924,7.43689],[5.18774,7.44056],[5.18125,7.44145],[5.17383,7.44141],[5.16735,7.44045],[5.15992,7.44133],[5.15064,7.44312],[5.14508,7.44309],[5.13858,7.44398],[5.13209,7.44487],[5.12652,7.44576],[5.12002,7.44757],[5.11445,7.44846],[5.10795,7.44935],[5.10239,7.45024],[5.09589,7.45206],[5.08938,7.45479],[5.08475,7.45695],[5.07823,7.45934],[5.07081,7.46023],[5.06524,7.4602],[5.05876,7.45924],[5.0532,7.45828],[5.04857,7.45733],[5.0458,7.45455],[5.04303,7.45269],[5.03842,7.44804],[5.03288,7.44432],[5.02273,7.43595],[5.01996,7.43317],[5.01811,7.43131],[5.01628,7.42853],[5.01352,7.42482],[5.01075,7.42111],[5.00799,7.4174],[5.00616,7.4137],[4.99702,7.41504],[4.98711,7.41924],[4.98482,7.42648],[4.97567,7.43372],[4.96767,7.43868],[4.95242,7.44783],[4.94784,7.45469],[4.93889,7.4787],[4.92592,7.50501],[4.92021,7.51721],[4.91792,7.52979],[4.90997,7.55502],[4.90639,7.56284],[4.90225,7.57639],[4.89284,7.59295],[4.88757,7.60462],[4.88305,7.61139],[4.868,7.61628],[4.86386,7.62268],[4.86838,7.63548],[4.87133,7.645],[4.87206,7.65095],[4.87709,7.66707],[4.88031,7.67608],[4.88256,7.68603],[4.88572,7.69976],[4.88936,7.71303],[4.89262,7.72589],[4.89323,7.73034],[4.89547,7.73408],[4.89823,7.73986],[4.903,7.74988],[4.90421,7.75735],[4.9094,7.76644],[4.91429,7.783],[4.91526,7.79122],[4.9158,7.7958],[4.9158,7.81085],[4.9158,7.82211],[4.90858,7.8298],[4.91002,7.84181],[4.9111,7.85011],[4.91413,7.85038],[4.9164,7.85716],[4.92378,7.86349],[4.92484,7.86806],[4.92449,7.87439],[4.9273,7.88037],[4.93258,7.88565],[4.93715,7.88917],[4.94137,7.89761],[4.94204,7.89993],[4.94975,7.90337],[4.96729,7.91595],[4.97834,7.9232],[4.99054,7.9312],[4.99664,7.93921],[5.00121,7.94607],[5.00808,7.95102],[5.01646,7.95522],[5.02027,7.96094],[5.03133,7.97695],[5.03324,7.98228],[5.03324,7.98991],[5.03285,7.99677],[5.03552,8.00516],[5.03972,8.01011],[5.05306,8.02345],[5.05649,8.03108],[5.05763,8.03946],[5.06181,8.03816],[5.07235,8.03101],[5.07574,8.02498],[5.08439,8.02423],[5.08554,8.02573],[5.08733,8.02674],[5.09,8.0283],[5.0961,8.03065],[5.1007,8.0307],[5.10374,8.03264],[5.10486,8.03533],[5.10481,8.03991],[5.10585,8.04856],[5.11412,8.0581],[5.11789,8.06262],[5.12767,8.06299],[5.14235,8.06186],[5.15063,8.05584],[5.15703,8.05246],[5.16261,8.04951],[5.16493,8.04719],[5.17697,8.03891],[5.18187,8.03627],[5.18826,8.0295],[5.19165,8.02235],[5.19579,8.01821],[5.20294,8.01708],[5.22025,8.02084],[5.23079,8.02197],[5.24445,8.02054],[5.25676,8.01821],[5.2624,8.01294],[5.26955,8.01106],[5.28286,8.00847],[5.29778,8.00767],[5.31772,8.00767],[5.3324,8.00955],[5.3403,8.01558],[5.34595,8.02009],[5.35197,8.02574],[5.35799,8.03402],[5.35921,8.03611],[5.36062,8.03853],[5.36138,8.04342],[5.36025,8.05359],[5.35874,8.06337],[5.35874,8.07391],[5.36062,8.08294],[5.36401,8.09047],[5.37116,8.09649],[5.38734,8.10213],[5.39826,8.10364],[5.42121,8.10552],[5.44906,8.1059],[5.47503,8.10815],[5.49796,8.11066],[5.50698,8.11125],[5.51394,8.11125],[5.51463,8.10498],[5.51394,8.09663],[5.51289,8.08967],[5.51359,8.08376],[5.51255,8.0768],[5.51046,8.06671],[5.50733,8.04548],[5.50733,8.03713],[5.50558,8.03233],[5.50454,8.02947],[5.50385,8.02356],[5.50593,8.01869]]]]}},{"type":"Feature","id":"NG014","properties":{"admin1Pcod":"NG014","admin1Name":"Enugu","admin1RefN":"Enugu","admin0Pcod":"NG","admin0Name":"Nigeria"},"geometry":{"type":"MultiPolygon","coordinates":[[[[7.54536,7.00125],[7.5493,6.99101],[7.55245,6.98471],[7.55641,6.97878],[7.55718,6.97762],[7.55888,6.97157],[7.56427,6.95241],[7.57136,6.93981],[7.57766,6.93272],[7.59972,6.92484],[7.6202,6.91933],[7.63595,6.90357],[7.64136,6.894],[7.65035,6.8894],[7.65754,6.87975],[7.66261,6.87263],[7.67247,6.85711],[7.67455,6.85552],[7.69228,6.85182],[7.72024,6.86261],[7.73442,6.86339],[7.75018,6.87836],[7.76278,6.87994],[7.776,6.8759],[7.78523,6.87297],[7.78812,6.87559],[7.79273,6.88149],[7.79692,6.88612],[7.8007,6.88824],[7.8091,6.88953],[7.81709,6.88997],[7.82676,6.89168],[7.83223,6.89044],[7.8638,6.88003],[7.86412,6.87943],[7.87464,6.86891],[7.87622,6.86339],[7.8826,6.85829],[7.89517,6.86326],[7.89666,6.86393],[7.89583,6.85743],[7.89415,6.85575],[7.8908,6.85406],[7.88815,6.85346],[7.8904,6.8437],[7.88882,6.82164],[7.88646,6.8051],[7.88646,6.79407],[7.88764,6.78935],[7.89,6.78541],[7.90024,6.78619],[7.9034,6.78147],[7.89473,6.77438],[7.88843,6.7665],[7.87819,6.7602],[7.86716,6.75153],[7.85534,6.74287],[7.8451,6.7216],[7.84116,6.71451],[7.83013,6.6893],[7.82147,6.67433],[7.81517,6.65937],[7.81044,6.64991],[7.80493,6.64046],[7.80714,6.63382],[7.80829,6.63422],[7.80782,6.63352],[7.79517,6.59729],[7.79165,6.58806],[7.78882,6.58521],[7.78386,6.5859],[7.78101,6.58731],[7.77675,6.58943],[7.76823,6.59366],[7.76253,6.59931],[7.75328,6.60921],[7.7497,6.61701],[7.74186,6.62833],[7.73704,6.63408],[7.72415,6.63484],[7.70576,6.6362],[7.69894,6.63075],[7.70167,6.61077],[7.70392,6.60706],[7.71711,6.58534],[7.73073,6.55991],[7.74685,6.47272],[7.74912,6.4473],[7.75003,6.42323],[7.75139,6.38554],[7.73868,6.35375],[7.72097,6.33105],[7.70803,6.29835],[7.70893,6.27792],[7.72165,6.24931],[7.725,6.2426],[7.733,6.22661],[7.73329,6.22496],[7.73119,6.21915],[7.73019,6.2103],[7.73025,6.19208],[7.7303,6.17802],[7.73187,6.17334],[7.7385,6.17031],[7.72619,6.1149],[7.7138,6.08392],[7.69804,6.07403],[7.68623,6.07131],[7.66943,6.06359],[7.66832,6.06062],[7.67099,6.04767],[7.67553,6.01062],[7.67579,6.01],[7.69713,5.98866],[7.71121,5.97095],[7.71484,5.94598],[7.70485,5.92918],[7.69189,5.92464],[7.67896,5.92872],[7.66443,5.93008],[7.63537,5.94325],[7.58905,5.96142],[7.57316,5.96914],[7.55908,5.98548],[7.54719,5.99494],[7.5423,6.00085],[7.53656,6.00811],[7.5307,6.0128],[7.52006,6.02002],[7.51054,6.02145],[7.49389,6.01669],[7.4758,6.0124],[7.46153,6.01478],[7.45153,6.01383],[7.43716,6.00861],[7.43319,6.00981],[7.43135,6.00833],[7.43115,6.00642],[7.43059,6.00622],[7.41584,6.00622],[7.40442,6.0124],[7.40117,6.01709],[7.40142,6.02813],[7.40067,6.03108],[7.39697,6.03439],[7.39255,6.03548],[7.38886,6.0362],[7.38729,6.03605],[7.38681,6.03667],[7.38479,6.03732],[7.37634,6.04001],[7.36159,6.04048],[7.33906,6.04215],[7.32845,6.0424],[7.31015,6.04502],[7.30187,6.04502],[7.28923,6.04894],[7.27311,6.05722],[7.26875,6.06071],[7.26308,6.07073],[7.2596,6.08772],[7.2548,6.10472],[7.24972,6.10649],[7.24838,6.10873],[7.24035,6.11384],[7.22906,6.11679],[7.22369,6.11811],[7.22031,6.12313],[7.21725,6.13185],[7.21522,6.1362],[7.21488,6.13687],[7.21554,6.13956],[7.21721,6.14091],[7.21987,6.14563],[7.22234,6.15285],[7.22159,6.15757],[7.22475,6.17884],[7.22396,6.19144],[7.21844,6.19617],[7.20899,6.20247],[7.20426,6.20877],[7.20348,6.21822],[7.19954,6.23477],[7.1893,6.23949],[7.17275,6.23398],[7.157,6.23004],[7.151,6.23261],[7.14772,6.24246],[7.14695,6.24461],[7.14695,6.25245],[7.14913,6.26247],[7.1452,6.27468],[7.14259,6.28906],[7.15043,6.2969],[7.16028,6.30347],[7.1622,6.30475],[7.15915,6.31477],[7.15435,6.32131],[7.15087,6.33438],[7.14738,6.34309],[7.14193,6.35965],[7.13583,6.37273],[7.12799,6.38667],[7.11535,6.40149],[7.09661,6.42241],[7.08877,6.43025],[7.0648,6.43722],[7.03865,6.44028],[7.02994,6.44289],[7.02747,6.44356],[7.02972,6.44725],[7.03277,6.45161],[7.03277,6.45684],[7.03321,6.46686],[7.03626,6.47383],[7.04541,6.47122],[7.04966,6.47436],[7.04846,6.48516],[7.04628,6.50085],[7.04628,6.51218],[7.04846,6.52743],[7.05543,6.5453],[7.06328,6.55489],[7.07809,6.5575],[7.08419,6.5623],[7.08855,6.56883],[7.09204,6.5758],[7.10947,6.59324],[7.11557,6.60326],[7.11775,6.61546],[7.12472,6.62592],[7.12864,6.63551],[7.13169,6.64335],[7.13257,6.65207],[7.12908,6.65948],[7.11688,6.66645],[7.10162,6.6756],[7.09029,6.67734],[7.07025,6.68562],[7.06975,6.68556],[7.06849,6.68781],[7.0651,6.69282],[7.06039,6.69582],[7.05769,6.69715],[7.05568,6.69647],[7.05371,6.68941],[7.05117,6.68267],[7.05064,6.68257],[7.04628,6.68737],[7.0319,6.69652],[7.01665,6.7061],[7.00749,6.70872],[6.99093,6.71308],[6.98266,6.71308],[6.96871,6.71133],[6.95651,6.71003],[6.94387,6.7061],[6.93167,6.6987],[6.93254,6.7109],[6.93298,6.72266],[6.93341,6.7353],[6.93207,6.76769],[6.93958,6.77359],[6.94741,6.786],[6.94903,6.78856],[6.95218,6.80825],[6.95218,6.82795],[6.96082,6.8409],[6.96321,6.84449],[6.97818,6.85],[6.98684,6.84449],[6.98999,6.83346],[6.98999,6.82322],[6.98763,6.81298],[6.98684,6.80668],[6.98527,6.7988],[6.98606,6.78856],[6.99078,6.78541],[7.00496,6.78541],[7.02072,6.78935],[7.03017,6.78541],[7.04199,6.78304],[7.05538,6.78619],[7.0601,6.79486],[7.07428,6.7988],[7.08137,6.80037],[7.09319,6.81928],[7.10107,6.82873],[7.11288,6.8374],[7.11997,6.84843],[7.13415,6.85473],[7.14676,6.86418],[7.15227,6.876],[7.15621,6.88309],[7.17039,6.88388],[7.1759,6.89648],[7.18772,6.90121],[7.20989,6.90282],[7.21923,6.90593],[7.23499,6.91066],[7.23814,6.92169],[7.24286,6.92799],[7.23892,6.94138],[7.23814,6.95793],[7.24129,6.97132],[7.25783,6.98077],[7.29328,6.99416],[7.31014,7.004],[7.31299,6.99972],[7.31679,6.99897],[7.32688,6.99944],[7.32982,7.00029],[7.32979,7.00702],[7.32849,7.01458],[7.32811,7.02446],[7.35394,7.03434],[7.36684,7.03987],[7.36694,7.04044],[7.36441,7.04872],[7.36747,7.05624],[7.36758,7.06263],[7.36707,7.06478],[7.36817,7.07123],[7.37526,7.09207],[7.38596,7.10935],[7.39816,7.11371],[7.41756,7.11379],[7.43048,7.11815],[7.44197,7.1182],[7.45708,7.11539],[7.46571,7.11184],[7.48663,7.09399],[7.50397,7.07037],[7.52629,7.05754],[7.52777,7.04822],[7.52982,7.0328],[7.53051,7.03228],[7.53827,7.02016],[7.54221,7.00834],[7.54536,7.00125]]]]}},{"type":"Feature","id":"NG015","properties":{"admin1Pcod":"NG015","admin1Name":"Federal Capital Territory","admin1RefN":"Federal Capital Territory","admin0Pcod":"NG","admin0Name":"Nigeria"},"geometry":{"type":"MultiPolygon","coordinates":[[[[7.67239,9.41128],[7.71959,9.34635],[7.72987,9.33188],[7.72713,9.33064],[7.66761,9.30365],[7.60332,9.16144],[7.58868,9.12906],[7.58906,9.10765],[7.59227,8.92456],[7.59466,8.8564],[7.59167,8.83488],[7.5653,8.78528],[7.54144,8.7404],[7.5185,8.69869],[7.50198,8.66865],[7.496,8.6543],[7.49323,8.65074],[7.47926,8.63278],[7.47762,8.63133],[7.44303,8.59328],[7.41813,8.5699],[7.39761,8.55262],[7.37143,8.52528],[7.35569,8.51244],[7.34189,8.50845],[7.33668,8.5086],[7.31241,8.50078],[7.27118,8.49247],[7.21077,8.48096],[7.16299,8.47334],[7.11674,8.46622],[7.08421,8.46368],[7.05712,8.46296],[7.02526,8.46165],[6.99144,8.45982],[6.98417,8.45938],[6.94614,8.45894],[6.82764,8.45345],[6.77867,8.45383],[6.77852,8.45755],[6.78011,8.59287],[6.77955,8.59311],[6.77865,8.74036],[6.78017,8.77152],[6.78076,8.79441],[6.78225,8.798],[6.79553,9.11239],[6.80029,9.22511],[6.95337,9.22599],[6.96164,9.22603],[6.9868,9.2263],[7.00955,9.22702],[7.03108,9.22991],[7.04364,9.23215],[7.04587,9.2305],[7.15618,9.14685],[7.17575,9.132],[7.2115,9.10487],[7.21898,9.10158],[7.2217,9.11004],[7.22194,9.11049],[7.22241,9.11288],[7.22056,9.11367],[7.22002,9.11388],[7.23397,9.1335],[7.24639,9.15098],[7.24976,9.15572],[7.38817,9.34982],[7.39384,9.354],[7.39854,9.35746],[7.41767,9.36703],[7.44518,9.36942],[7.46311,9.36823],[7.47627,9.37062],[7.4966,9.36225],[7.50975,9.36105],[7.58988,9.43161],[7.66163,9.41393],[7.67239,9.41128]]]]}},{"type":"Feature","id":"NG016","properties":{"admin1Pcod":"NG016","admin1Name":"Gombe","admin1RefN":"Gombe","admin0Pcod":"NG","admin0Name":"Nigeria"},"geometry":{"type":"MultiPolygon","coordinates":[[[[11.07149,11.31249],[11.07479,11.3108],[11.07868,11.31248],[11.08062,11.30985],[11.08586,11.30553],[11.08896,11.30271],[11.09207,11.2999],[11.09653,11.29801],[11.09847,11.29539],[11.10177,11.29369],[11.10721,11.2905],[11.11051,11.28881],[11.11381,11.28711],[11.11847,11.28636],[11.12158,11.28354],[11.13032,11.27865],[11.13304,11.28053],[11.1377,11.27977],[11.14101,11.27808],[11.14411,11.27526],[11.14741,11.27357],[11.15051,11.27075],[11.15498,11.26887],[11.15965,11.26811],[11.16314,11.26755],[11.16664,11.26698],[11.17014,11.26641],[11.175,11.26678],[11.1785,11.26622],[11.1818,11.26452],[11.18627,11.26264],[11.19306,11.26038],[11.19793,11.26075],[11.20259,11.26],[11.20725,11.25924],[11.21055,11.25755],[11.21249,11.25492],[11.21696,11.25304],[11.22046,11.25247],[11.22356,11.24965],[11.22686,11.24796],[11.23016,11.24627],[11.23346,11.24458],[11.23793,11.2427],[11.24259,11.24194],[11.24726,11.24118],[11.25095,11.24174],[11.25445,11.24118],[11.25911,11.24042],[11.26281,11.24098],[11.2702,11.2421],[11.27312,11.2451],[11.27585,11.24697],[11.27974,11.24865],[11.28383,11.25146],[11.28656,11.25334],[11.29258,11.25352],[11.29608,11.25295],[11.30055,11.25107],[11.30385,11.24938],[11.30579,11.24675],[11.30909,11.24506],[11.31083,11.2413],[11.31373,11.23736],[11.31547,11.2336],[11.31722,11.22985],[11.31915,11.22722],[11.32089,11.22347],[11.32147,11.2199],[11.32321,11.21615],[11.32612,11.2122],[11.32669,11.20864],[11.32863,11.20601],[11.3292,11.20244],[11.33095,11.19869],[11.33269,11.19493],[11.33462,11.19231],[11.33656,11.18968],[11.3383,11.18592],[11.34004,11.18217],[11.34178,11.17841],[11.34333,11.17353],[11.3439,11.16997],[11.34584,11.16734],[11.34894,11.16452],[11.34952,11.16096],[11.35223,11.15589],[11.35358,11.14988],[11.35551,11.14725],[11.35862,11.14444],[11.36036,11.14068],[11.3621,11.13693],[11.36404,11.1343],[11.36461,11.13073],[11.36519,11.12717],[11.36829,11.12435],[11.3714,11.12153],[11.37333,11.1189],[11.37644,11.11609],[11.37838,11.11346],[11.38012,11.1097],[11.38205,11.10707],[11.38399,11.10445],[11.38593,11.10182],[11.38923,11.10012],[11.39233,11.09731],[11.39544,11.09449],[11.39874,11.0928],[11.40014,11.08909],[11.40246,11.08793],[11.40719,11.0834],[11.41212,11.08021],[11.4151,11.07647],[11.41725,11.07377],[11.4208,11.07081],[11.42405,11.06753],[11.42747,11.06408],[11.42909,11.06245],[11.43485,11.05591],[11.43923,11.05314],[11.44326,11.05059],[11.44856,11.04666],[11.45218,11.04221],[11.4569,11.03641],[11.45981,11.03326],[11.47055,11.02165],[11.47533,11.0148],[11.48254,11.00278],[11.48848,10.99596],[11.49497,10.99089],[11.5045,10.97893],[11.50926,10.97324],[11.51342,10.9687],[11.51703,10.9624],[11.5196,10.95684],[11.52128,10.95322],[11.52731,10.94234],[11.52869,10.93894],[11.53036,10.93487],[11.5307,10.93234],[11.53105,10.92966],[11.53151,10.92327],[11.53187,10.91808],[11.531,10.90414],[11.52979,10.89792],[11.52891,10.8934],[11.52738,10.89159],[11.52779,10.88691],[11.52813,10.88303],[11.52842,10.87974],[11.52867,10.87682],[11.53139,10.87107],[11.53416,10.86704],[11.53649,10.86366],[11.53907,10.85096],[11.53815,10.83992],[11.53441,10.83354],[11.53644,10.82877],[11.53618,10.82305],[11.53479,10.81613],[11.53408,10.81256],[11.53262,10.80745],[11.53268,10.80414],[11.5303,10.79914],[11.52874,10.7904],[11.5286,10.78574],[11.52851,10.7825],[11.5284,10.77879],[11.52696,10.77348],[11.52652,10.75786],[11.52217,10.74947],[11.51983,10.74495],[11.51856,10.7399],[11.51662,10.73211],[11.51686,10.72052],[11.51547,10.70366],[11.51507,10.69495],[11.51646,10.68397],[11.52121,10.66689],[11.52272,10.66148],[11.52419,10.66001],[11.52145,10.63942],[11.51931,10.63067],[11.51838,10.62675],[11.5173,10.62223],[11.51611,10.61725],[11.51475,10.61222],[11.51342,10.60733],[11.51286,10.60326],[11.5124,10.59984],[11.51337,10.59498],[11.51272,10.58527],[11.51462,10.57778],[11.51651,10.57028],[11.52187,10.569],[11.52759,10.56763],[11.53274,10.57123],[11.53728,10.57598],[11.54499,10.58244],[11.54836,10.58526],[11.55153,10.58791],[11.56131,10.59162],[11.57289,10.59247],[11.58331,10.59387],[11.59367,10.59759],[11.60226,10.60301],[11.61383,10.60444],[11.62422,10.607],[11.62882,10.60885],[11.63286,10.60952],[11.64015,10.60904],[11.64,10.60099],[11.63851,10.58935],[11.63875,10.58713],[11.63922,10.58299],[11.63877,10.5766],[11.63831,10.57078],[11.63907,10.5621],[11.64277,10.55175],[11.64875,10.54318],[11.6502,10.5293],[11.6475,10.51995],[11.6445,10.51269],[11.64363,10.51058],[11.64037,10.50007],[11.64058,10.49021],[11.63852,10.4774],[11.6369,10.47156],[11.63587,10.46574],[11.63593,10.46284],[11.63604,10.45762],[11.63508,10.44774],[11.6351,10.44675],[11.63528,10.43846],[11.6361,10.42688],[11.63513,10.41758],[11.63414,10.40944],[11.63469,10.40223],[11.63494,10.39901],[11.63548,10.39455],[11.62447,10.38144],[11.60202,10.35659],[11.59562,10.35346],[11.56754,10.33975],[11.54629,10.32771],[11.54574,10.32739],[11.54349,10.32612],[11.53678,10.31606],[11.53386,10.31169],[11.53339,10.3051],[11.53759,10.30341],[11.54395,10.29975],[11.54973,10.29608],[11.55259,10.29427],[11.55419,10.29341],[11.56532,10.2874],[11.57025,10.27381],[11.58286,10.24931],[11.58907,10.22486],[11.60128,10.20806],[11.65688,10.19681],[11.66372,10.19586],[11.66692,10.19415],[11.67826,10.18807],[11.68531,10.18194],[11.69187,10.17622],[11.7005,10.17074],[11.71023,10.16697],[11.71617,10.16678],[11.7231,10.16656],[11.73993,10.16415],[11.74875,10.15533],[11.75757,10.1409],[11.75998,10.13368],[11.77441,10.11925],[11.78999,10.10317],[11.79927,10.09359],[11.8068,10.087],[11.80784,10.08487],[11.81108,10.07479],[11.81701,10.06855],[11.82237,10.0623],[11.8286,10.05388],[11.83123,10.05248],[11.83338,10.04807],[11.83854,10.04505],[11.84339,10.04459],[11.84394,10.04155],[11.84392,10.03697],[11.84391,10.03468],[11.84506,10.03239],[11.84735,10.02666],[11.84964,10.02208],[11.85192,10.01521],[11.85421,10.00834],[11.85535,10.00491],[11.85299,9.99576],[11.85063,9.98547],[11.85061,9.98089],[11.85059,9.97631],[11.85169,9.96601],[11.85282,9.95915],[11.85395,9.95228],[11.85499,9.9271],[11.85381,9.92253],[11.85262,9.91681],[11.85144,9.91109],[11.85027,9.90767],[11.84792,9.90081],[11.84675,9.89738],[11.84441,9.8928],[11.84324,9.89052],[11.83974,9.88366],[11.8362,9.8688],[11.83617,9.86307],[11.83615,9.8585],[11.83729,9.85392],[11.8407,9.84132],[11.84874,9.82758],[11.84988,9.82414],[11.85333,9.81841],[11.85446,9.81383],[11.85786,9.79781],[11.85785,9.79552],[11.85668,9.79323],[11.85319,9.78981],[11.85086,9.78638],[11.84737,9.78296],[11.8404,9.77611],[11.83575,9.77269],[11.83343,9.77155],[11.82763,9.76813],[11.8234,9.76605],[11.82067,9.76471],[11.81714,9.76273],[11.81148,9.75536],[11.80137,9.7365],[11.7847,9.72922],[11.77401,9.7084],[11.7729,9.70625],[11.75955,9.6973],[11.7504,9.69572],[11.73292,9.69008],[11.71735,9.68404],[11.71652,9.68351],[11.71162,9.6801],[11.70687,9.67679],[11.70086,9.67381],[11.69904,9.67181],[11.69638,9.66889],[11.68826,9.66433],[11.68363,9.66319],[11.67782,9.65863],[11.67202,9.65521],[11.66388,9.64837],[11.66038,9.64265],[11.65457,9.63695],[11.64529,9.63239],[11.63601,9.62898],[11.63253,9.62555],[11.6244,9.621],[11.61512,9.6153],[11.60816,9.61302],[11.59889,9.60961],[11.58847,9.60964],[11.58384,9.6085],[11.57804,9.60737],[11.57109,9.60624],[11.56299,9.60512],[11.54563,9.60516],[11.52732,9.60824],[11.51554,9.60752],[11.50628,9.60754],[11.50166,9.60755],[11.49122,9.60414],[11.48428,9.60415],[11.47384,9.60075],[11.46805,9.59847],[11.46108,9.59277],[11.45294,9.58478],[11.44788,9.57913],[11.44447,9.57615],[11.44286,9.56973],[11.44189,9.56043],[11.43395,9.55213],[11.4296,9.54963],[11.42764,9.5485],[11.42015,9.54601],[11.40568,9.54451],[11.39347,9.54597],[11.3813,9.54568],[11.37385,9.5468],[11.36931,9.54748],[11.36791,9.54769],[11.35342,9.54736],[11.34644,9.54836],[11.33773,9.54873],[11.32903,9.54853],[11.32032,9.54891],[11.31105,9.54869],[11.29829,9.5484],[11.29308,9.54828],[11.27801,9.54735],[11.27451,9.54843],[11.26928,9.54889],[11.25467,9.55435],[11.24406,9.56222],[11.22709,9.56937],[11.22245,9.56926],[11.21035,9.5655],[11.19884,9.56117],[11.19194,9.55811],[11.18213,9.55556],[11.17117,9.55299],[11.16135,9.55102],[11.15091,9.55078],[11.13932,9.55051],[11.12655,9.55079],[11.11784,9.55117],[11.10913,9.55155],[11.09754,9.55128],[11.08884,9.55108],[11.08013,9.55146],[11.07086,9.55124],[11.06214,9.5522],[11.03553,9.54868],[11.0274,9.54907],[11.02043,9.54949],[11.00819,9.55211],[10.99238,9.55928],[10.98471,9.56549],[10.97995,9.57118],[10.97814,9.57461],[10.9775,9.57827],[10.97551,9.58963],[10.97489,9.59289],[10.97355,9.60003],[10.97162,9.60926],[10.96909,9.61907],[10.96655,9.62945],[10.96094,9.64846],[10.9578,9.65999],[10.9515,9.68362],[10.9501,9.69519],[10.95043,9.70738],[10.95028,9.71437],[10.95004,9.72593],[10.94985,9.73516],[10.94982,9.73621],[10.95016,9.73743],[10.95359,9.75019],[10.95946,9.76004],[10.96115,9.7658],[10.96037,9.77486],[10.95131,9.7889],[10.95049,9.7914],[10.95088,9.79672],[10.95012,9.8054],[10.94435,9.83195],[10.94352,9.83728],[10.94421,9.84557],[10.94469,9.85527],[10.94601,9.86327],[10.9456,9.86749],[10.94097,9.87552],[10.93654,9.88293],[10.9362,9.88349],[10.93304,9.90129],[10.92846,9.90983],[10.90668,9.92054],[10.87518,9.94052],[10.86588,9.94986],[10.85772,9.95572],[10.84136,9.96284],[10.82499,9.96996],[10.81217,9.97934],[10.8029,9.99098],[10.79478,10.0003],[10.78845,10.00613],[10.77526,10.01248],[10.76351,10.01975],[10.75116,10.02758],[10.74,10.03428],[10.72767,10.04154],[10.71748,10.04985],[10.71422,10.05112],[10.69525,10.06631],[10.68992,10.0714],[10.68451,10.08056],[10.69313,10.09746],[10.70067,10.11226],[10.7186,10.11499],[10.7302,10.11468],[10.74065,10.11434],[10.74993,10.11456],[10.76069,10.11301],[10.77028,10.11213],[10.78017,10.11062],[10.79063,10.1097],[10.797,10.11043],[10.80618,10.11528],[10.81182,10.12296],[10.81517,10.12883],[10.81775,10.14171],[10.81892,10.14406],[10.81864,10.15734],[10.81723,10.16948],[10.81988,10.18115],[10.8238,10.1882],[10.83029,10.19692],[10.83143,10.19845],[10.83563,10.20409],[10.83933,10.21517],[10.85117,10.22424],[10.85716,10.23568],[10.84575,10.26693],[10.83181,10.28209],[10.82606,10.29368],[10.82857,10.30862],[10.82984,10.31782],[10.83116,10.33163],[10.83361,10.34082],[10.83373,10.35234],[10.83386,10.36501],[10.83403,10.38114],[10.83507,10.3951],[10.8354,10.39955],[10.8351,10.40212],[10.82575,10.42023],[10.80919,10.43431],[10.79929,10.45165],[10.7935,10.45991],[10.78491,10.46794],[10.77978,10.47053],[10.76576,10.47762],[10.74937,10.48244],[10.72827,10.48616],[10.70488,10.49452],[10.69198,10.49699],[10.66031,10.50085],[10.63919,10.50227],[10.61694,10.50831],[10.58897,10.52825],[10.57732,10.53761],[10.56689,10.55042],[10.55878,10.56089],[10.55353,10.57363],[10.55356,10.5812],[10.55362,10.59519],[10.54211,10.629],[10.51479,10.66534],[10.50318,10.67609],[10.4932,10.67942],[10.48656,10.68274],[10.47868,10.68785],[10.48148,10.69205],[10.49582,10.71607],[10.50179,10.72521],[10.51017,10.74008],[10.52426,10.76143],[10.52663,10.76383],[10.53149,10.76849],[10.53287,10.76903],[10.53764,10.77137],[10.53955,10.77371],[10.54387,10.78123],[10.54403,10.78199],[10.55066,10.79256],[10.55198,10.80637],[10.55927,10.82932],[10.56411,10.84308],[10.56898,10.85915],[10.57145,10.87064],[10.5763,10.88555],[10.57986,10.88897],[10.58576,10.89119],[10.58928,10.89115],[10.59395,10.88879],[10.59977,10.8841],[10.60673,10.87595],[10.61017,10.86784],[10.61776,10.85826],[10.63,10.85492],[10.64298,10.86052],[10.64552,10.87892],[10.63867,10.89744],[10.63462,10.90378],[10.62827,10.9137],[10.61549,10.92653],[10.60295,10.96241],[10.61023,10.9842],[10.61856,10.99447],[10.63041,11.00468],[10.64107,11.01377],[10.64816,11.01713],[10.65872,11.017],[10.67049,11.01915],[10.67767,11.03174],[10.68834,11.04082],[10.70148,11.06254],[10.71221,11.07738],[10.72053,11.08649],[10.73238,11.09671],[10.76195,11.11707],[10.76901,11.11814],[10.77959,11.11915],[10.79363,11.11437],[10.80412,11.10617],[10.80786,11.10316],[10.80994,11.10149],[10.8227,11.08635],[10.82377,11.08543],[10.82928,11.08068],[10.83681,11.07789],[10.84348,11.07739],[10.84921,11.07877],[10.85163,11.08031],[10.85476,11.0823],[10.86068,11.08483],[10.86162,11.08638],[10.86663,11.08856],[10.87006,11.09215],[10.87093,11.0938],[10.87442,11.10587],[10.87458,11.10643],[10.89717,11.13264],[10.90437,11.14637],[10.92446,11.15879],[10.93631,11.16901],[10.94959,11.18271],[10.95175,11.18494],[10.97072,11.20198],[10.98499,11.21908],[11.00044,11.23617],[11.01365,11.26365],[11.01984,11.27766],[11.02328,11.28542],[11.02217,11.29235],[11.01163,11.29478],[11.00732,11.29587],[11.01275,11.29886],[11.01702,11.29585],[11.01975,11.29773],[11.0283,11.29865],[11.03006,11.30184],[11.03298,11.30484],[11.03687,11.30652],[11.04173,11.30689],[11.05126,11.30651],[11.05495,11.30707],[11.05885,11.30875],[11.06274,11.31044],[11.06643,11.31099],[11.07149,11.31249]]]]}},{"type":"Feature","id":"NG017","properties":{"admin1Pcod":"NG017","admin1Name":"Imo","admin1RefN":"Imo","admin0Pcod":"NG","admin0Name":"Nigeria"},"geometry":{"type":"MultiPolygon","coordinates":[[[[7.26575,5.93081],[7.26607,5.92765],[7.26676,5.92228],[7.26945,5.91995],[7.2832,5.91899],[7.28452,5.91839],[7.28795,5.91779],[7.29024,5.9172],[7.29339,5.91661],[7.29596,5.9163],[7.30026,5.91627],[7.30284,5.91597],[7.30541,5.91538],[7.3077,5.91507],[7.3097,5.91449],[7.31228,5.91418],[7.31542,5.91358],[7.318,5.91328],[7.32,5.91298],[7.32287,5.91267],[7.32487,5.91266],[7.32802,5.91235],[7.33117,5.91175],[7.33518,5.91144],[7.3386,5.91027],[7.34089,5.90968],[7.34345,5.90794],[7.34573,5.90706],[7.35003,5.90703],[7.35347,5.90672],[7.35576,5.90642],[7.3589,5.90525],[7.36289,5.90379],[7.36719,5.90347],[7.3692,5.90403],[7.37122,5.90459],[7.3738,5.90515],[7.37668,5.90599],[7.37842,5.90712],[7.38044,5.90826],[7.38246,5.90939],[7.38506,5.91081],[7.38795,5.9128],[7.39195,5.91191],[7.39422,5.91017],[7.39591,5.90758],[7.39644,5.90442],[7.3964,5.90068],[7.39608,5.89868],[7.39488,5.89409],[7.39371,5.89209],[7.39254,5.89009],[7.39135,5.88666],[7.39103,5.88436],[7.38956,5.8815],[7.38945,5.8791],[7.38862,5.87548],[7.38831,5.87347],[7.38742,5.87061],[7.3871,5.86831],[7.38679,5.86631],[7.38646,5.86315],[7.38643,5.86086],[7.38669,5.85827],[7.38721,5.85425],[7.38831,5.8508],[7.38942,5.84792],[7.38996,5.84533],[7.39105,5.84045],[7.39131,5.83844],[7.39185,5.83613],[7.3924,5.83384],[7.39265,5.83096],[7.39174,5.82666],[7.39227,5.82322],[7.39279,5.81948],[7.39304,5.81661],[7.39299,5.8123],[7.39237,5.80915],[7.39263,5.80685],[7.39288,5.80341],[7.39339,5.7991],[7.39364,5.79594],[7.39332,5.79307],[7.39356,5.78934],[7.39435,5.78417],[7.39431,5.78072],[7.394,5.77872],[7.39425,5.77613],[7.39363,5.7724],[7.39445,5.76895],[7.39497,5.76493],[7.39463,5.76063],[7.39428,5.75575],[7.39453,5.75288],[7.39479,5.75029],[7.39504,5.74742],[7.39529,5.74512],[7.3961,5.74081],[7.39633,5.73651],[7.39715,5.73306],[7.39795,5.72875],[7.39905,5.72472],[7.40015,5.72069],[7.40039,5.71753],[7.4003,5.71271],[7.39973,5.71036],[7.39684,5.70866],[7.39487,5.70809],[7.39414,5.70571],[7.39284,5.70363],[7.39134,5.70193],[7.3889,5.70173],[7.38513,5.70266],[7.38161,5.70561],[7.38216,5.7036],[7.38298,5.70072],[7.384,5.69883],[7.38579,5.6964],[7.3872,5.69466],[7.38974,5.69149],[7.39144,5.68975],[7.39315,5.68859],[7.3957,5.68628],[7.39825,5.68425],[7.4008,5.68194],[7.4028,5.68107],[7.40508,5.67962],[7.4082,5.67701],[7.41016,5.67384],[7.41099,5.67154],[7.41239,5.66894],[7.4138,5.66635],[7.4152,5.66376],[7.41631,5.66145],[7.41658,5.65944],[7.41768,5.65599],[7.41793,5.65341],[7.4179,5.65111],[7.41758,5.64853],[7.41869,5.64536],[7.4198,5.6422],[7.42063,5.64019],[7.42147,5.63817],[7.42257,5.63501],[7.42568,5.63154],[7.42651,5.62866],[7.42763,5.62693],[7.42846,5.62434],[7.42898,5.62032],[7.42951,5.61687],[7.43229,5.60939],[7.43024,5.60625],[7.42906,5.60396],[7.42846,5.60138],[7.42785,5.5988],[7.42724,5.59536],[7.42662,5.59221],[7.42628,5.58791],[7.42597,5.58561],[7.42279,5.58363],[7.42247,5.58105],[7.41987,5.57934],[7.41727,5.57821],[7.41524,5.57593],[7.41492,5.57363],[7.41517,5.57105],[7.41627,5.56731],[7.41709,5.56415],[7.41736,5.56214],[7.41589,5.55956],[7.41414,5.55757],[7.41153,5.555],[7.4095,5.55301],[7.40831,5.54986],[7.408,5.54756],[7.40853,5.54469],[7.4088,5.54268],[7.40759,5.53781],[7.40727,5.5358],[7.40667,5.53322],[7.40432,5.52864],[7.40285,5.52607],[7.40168,5.52407],[7.40022,5.52207],[7.39819,5.52036],[7.39615,5.51779],[7.39382,5.51465],[7.39264,5.51236],[7.39091,5.51123],[7.38803,5.51039],[7.38713,5.50724],[7.38566,5.5038],[7.38477,5.50151],[7.3836,5.4998],[7.38241,5.49636],[7.38123,5.49379],[7.37976,5.49121],[7.37914,5.48749],[7.37854,5.48519],[7.37765,5.48262],[7.37617,5.47918],[7.375,5.47689],[7.37354,5.47518],[7.37064,5.47233],[7.3686,5.47005],[7.36657,5.46834],[7.36425,5.46577],[7.36363,5.46205],[7.36244,5.45919],[7.36156,5.45718],[7.36125,5.45518],[7.36036,5.45289],[7.35889,5.45031],[7.35744,5.4486],[7.35597,5.44631],[7.35395,5.44461],[7.35135,5.44319],[7.34905,5.44292],[7.34703,5.44207],[7.34356,5.43951],[7.34124,5.43723],[7.3395,5.43552],[7.33804,5.43381],[7.3363,5.4321],[7.33513,5.43038],[7.33337,5.42695],[7.33133,5.42438],[7.32956,5.42095],[7.32868,5.41866],[7.3275,5.41609],[7.32632,5.41408],[7.32398,5.41008],[7.3228,5.40751],[7.32191,5.40493],[7.32157,5.4012],[7.32212,5.39919],[7.32265,5.39545],[7.32262,5.39316],[7.32258,5.38971],[7.32254,5.38656],[7.32222,5.38455],[7.32191,5.38254],[7.32015,5.3794],[7.31927,5.37739],[7.31808,5.37396],[7.3166,5.37052],[7.31571,5.36795],[7.31453,5.36566],[7.31336,5.36337],[7.3119,5.36137],[7.30873,5.35996],[7.30571,5.35814],[7.30435,5.35396],[7.30346,5.35167],[7.30352,5.34824],[7.30167,5.34565],[7.30107,5.34365],[7.29988,5.3405],[7.2987,5.33821],[7.29753,5.33621],[7.29607,5.33421],[7.29433,5.33222],[7.29315,5.32993],[7.29226,5.32764],[7.29166,5.32534],[7.29163,5.32276],[7.29159,5.3196],[7.29204,5.31501],[7.28961,5.31255],[7.28732,5.3079],[7.28735,5.30327],[7.28861,5.2983],[7.28786,5.29667],[7.28669,5.29467],[7.28492,5.29124],[7.28374,5.28837],[7.28227,5.2858],[7.28079,5.2815],[7.27931,5.27807],[7.27871,5.27607],[7.27781,5.27291],[7.2768,5.26003],[7.27607,5.25567],[7.27368,5.25283],[7.27157,5.24941],[7.26977,5.24684],[7.26761,5.24211],[7.26695,5.23942],[7.26685,5.23621],[7.26677,5.23361],[7.26639,5.23073],[7.26631,5.22813],[7.26624,5.22611],[7.26526,5.22208],[7.26459,5.21921],[7.26392,5.21561],[7.26011,5.21333],[7.25611,5.21347],[7.25256,5.20472],[7.2514,5.20185],[7.24214,5.19587],[7.23153,5.19455],[7.22919,5.19473],[7.2266,5.19492],[7.22454,5.19508],[7.21723,5.19962],[7.21354,5.19913],[7.21008,5.19658],[7.20614,5.19773],[7.20028,5.19945],[7.19829,5.19978],[7.19608,5.20065],[7.19391,5.20152],[7.19078,5.20297],[7.18822,5.20443],[7.18538,5.20617],[7.18254,5.20762],[7.17941,5.20879],[7.17428,5.21024],[7.17141,5.21025],[7.16857,5.21142],[7.16631,5.21204],[7.16548,5.21511],[7.16079,5.22991],[7.15707,5.23453],[7.15338,5.23497],[7.14831,5.23448],[7.13814,5.23721],[7.13166,5.24042],[7.12472,5.24502],[7.12102,5.24639],[7.11779,5.24684],[7.11594,5.24636],[7.11276,5.23755],[7.10771,5.23196],[7.10219,5.22822],[7.09666,5.22634],[7.09396,5.22547],[7.09212,5.22626],[7.08957,5.22718],[7.08732,5.22867],[7.0838,5.22897],[7.08112,5.23034],[7.07683,5.23265],[7.07486,5.23385],[7.07175,5.23507],[7.07006,5.23626],[7.06647,5.23778],[7.06442,5.23927],[7.06216,5.24047],[7.0599,5.24002],[7.05781,5.24218],[7.05597,5.24407],[7.05314,5.24557],[7.04912,5.24699],[7.04713,5.24786],[7.04513,5.24874],[7.04269,5.24908],[7.03999,5.24962],[7.03569,5.24876],[7.03224,5.24761],[7.02879,5.24675],[7.02334,5.24532],[7.02124,5.24457],[7.01931,5.24388],[7.01499,5.24186],[7.01202,5.24238],[7.00883,5.24129],[7.00687,5.24062],[7.00373,5.23998],[7.00101,5.23958],[6.99844,5.23919],[6.99315,5.237],[6.99074,5.23601],[6.9865,5.23426],[6.98293,5.23474],[6.9807,5.23504],[6.9785,5.23533],[6.97548,5.23574],[6.97179,5.23624],[6.96769,5.23468],[6.96534,5.23379],[6.96314,5.23295],[6.95978,5.23167],[6.95693,5.23114],[6.95439,5.23067],[6.95151,5.23013],[6.94779,5.22943],[6.94473,5.22886],[6.94158,5.22826],[6.93854,5.22769],[6.9345,5.22693],[6.93118,5.2263],[6.9289,5.22648],[6.9266,5.22624],[6.92515,5.22568],[6.89737,5.23575],[6.88374,5.23643],[6.87653,5.23681],[6.87558,5.23793],[6.86642,5.24313],[6.84899,5.2498],[6.83609,5.2499],[6.83381,5.25054],[6.83034,5.25152],[6.82709,5.25243],[6.82428,5.25418],[6.81821,5.25797],[6.81136,5.26408],[6.80358,5.26927],[6.79445,5.27727],[6.78623,5.28479],[6.77757,5.29372],[6.77072,5.30077],[6.76562,5.30851],[6.76369,5.31291],[6.7558,5.32345],[6.75757,5.34277],[6.76047,5.35344],[6.75971,5.36695],[6.75845,5.37721],[6.75814,5.38979],[6.76058,5.40139],[6.76254,5.41021],[6.76208,5.41152],[6.77059,5.41893],[6.77737,5.42429],[6.77736,5.42581],[6.77735,5.42885],[6.77278,5.43187],[6.76293,5.43332],[6.75044,5.43705],[6.74903,5.43879],[6.74408,5.4491],[6.74374,5.45888],[6.75119,5.46484],[6.74999,5.47608],[6.74318,5.47434],[6.74101,5.47433],[6.73991,5.47474],[6.73949,5.4755],[6.73949,5.47617],[6.73965,5.47667],[6.7399,5.4771],[6.7409,5.47786],[6.7419,5.47854],[6.74223,5.47913],[6.74231,5.47971],[6.74171,5.48147],[6.73992,5.48709],[6.73924,5.48977],[6.73814,5.49186],[6.73656,5.49383],[6.73329,5.49394],[6.72984,5.49311],[6.72696,5.49198],[6.72248,5.49132],[6.7199,5.49044],[6.71559,5.4891],[6.71204,5.48919],[6.65273,5.49072],[6.64545,5.49254],[6.63908,5.49345],[6.65844,5.62485],[6.66887,5.68993],[6.66989,5.69628],[6.69584,5.70868],[6.74227,5.73492],[6.79381,5.77261],[6.80206,5.77889],[6.80964,5.78031],[6.81421,5.7778],[6.81915,5.77425],[6.82814,5.76623],[6.83627,5.75561],[6.83611,5.75488],[6.8367,5.75508],[6.84296,5.75422],[6.84652,5.75693],[6.8499,5.76312],[6.85107,5.76208],[6.85362,5.75948],[6.85588,5.75716],[6.85871,5.75427],[6.86012,5.75254],[6.86154,5.7511],[6.86324,5.74965],[6.86551,5.74791],[6.86807,5.74646],[6.87007,5.74559],[6.87235,5.74442],[6.87435,5.74412],[6.87672,5.74414],[6.88356,5.74418],[6.8848,5.74544],[6.88479,5.74733],[6.88415,5.75015],[6.8832,5.75218],[6.88365,5.7541],[6.8837,5.75783],[6.88374,5.76099],[6.88408,5.76501],[6.8844,5.76787],[6.88474,5.77218],[6.88449,5.77476],[6.88511,5.77878],[6.88544,5.78193],[6.8855,5.7871],[6.88643,5.79226],[6.8882,5.79626],[6.88882,5.79999],[6.88944,5.80372],[6.88976,5.8063],[6.8901,5.8068],[6.8865,5.82193],[6.88564,5.82447],[6.88562,5.82744],[6.88687,5.83042],[6.88856,5.83255],[6.89111,5.83087],[6.89325,5.82706],[6.8975,5.82369],[6.90302,5.82075],[6.90708,5.81956],[6.90886,5.82081],[6.91174,5.82193],[6.91558,5.8238],[6.91588,5.8243],[6.92193,5.8433],[6.93022,5.85569],[6.93283,5.85967],[6.94119,5.85928],[6.94646,5.86151],[6.9526,5.86552],[6.96831,5.88809],[6.97048,5.89339],[6.97767,5.90172],[6.98679,5.90077],[6.99333,5.89816],[6.99497,5.89685],[6.99672,5.89913],[6.99818,5.90084],[6.99991,5.90227],[7.00311,5.90519],[7.00916,5.90766],[7.01461,5.90848],[7.01777,5.90875],[7.02093,5.9093],[7.02553,5.90984],[7.031,5.9121],[7.0339,5.91438],[7.03563,5.9158],[7.03766,5.91751],[7.03941,5.91979],[7.04116,5.92179],[7.04347,5.92349],[7.0455,5.9252],[7.04782,5.9272],[7.05301,5.92946],[7.05644,5.93061],[7.0602,5.93142],[7.06278,5.9314],[7.06536,5.93109],[7.06822,5.93079],[7.0708,5.93048],[7.07309,5.93018],[7.07596,5.93045],[7.07796,5.93015],[7.08053,5.92955],[7.08311,5.92896],[7.08568,5.92837],[7.08883,5.92806],[7.0914,5.92776],[7.09399,5.92774],[7.09551,5.92745],[7.09755,5.92883],[7.10122,5.93254],[7.10323,5.93255],[7.10659,5.93122],[7.10894,5.92922],[7.1121,5.92471],[7.11657,5.9227],[7.11885,5.92183],[7.12114,5.92152],[7.12457,5.92064],[7.12657,5.92034],[7.12857,5.91975],[7.13058,5.91974],[7.13287,5.91972],[7.13574,5.9197],[7.13831,5.91911],[7.14289,5.9185],[7.14632,5.91762],[7.14918,5.91674],[7.15203,5.91557],[7.1546,5.91441],[7.15659,5.91353],[7.15916,5.91265],[7.1623,5.91177],[7.16488,5.91118],[7.1683,5.90943],[7.17057,5.90827],[7.17257,5.90739],[7.17343,5.90691],[7.18205,5.91314],[7.18807,5.91586],[7.19943,5.91453],[7.20079,5.91696],[7.20179,5.9189],[7.20284,5.92096],[7.20604,5.9241],[7.20778,5.92581],[7.20952,5.92723],[7.21212,5.92893],[7.215,5.93035],[7.21702,5.93091],[7.22047,5.93175],[7.22306,5.9323],[7.2265,5.93257],[7.2288,5.93284],[7.23224,5.9331],[7.23596,5.9325],[7.23796,5.93191],[7.24054,5.93161],[7.24512,5.93129],[7.25132,5.92993],[7.25701,5.92962],[7.25801,5.93063],[7.25875,5.93601],[7.25923,5.93636],[7.26098,5.93893],[7.26267,5.93634],[7.26322,5.93432],[7.26463,5.9323],[7.26575,5.93081]]]]}},{"type":"Feature","id":"NG018","properties":{"admin1Pcod":"NG018","admin1Name":"Jigawa","admin1RefN":"Jigawa","admin0Pcod":"NG","admin0Name":"Nigeria"},"geometry":{"type":"MultiPolygon","coordinates":[[[[10.23002,13.0106],[10.23084,13.0106],[10.23489,13.01164],[10.24004,13.01455],[10.24571,13.01453],[10.25165,13.01318],[10.2548,13.01214],[10.25515,13.01114],[10.25547,13.00995],[10.25515,13.00919],[10.25434,13.00733],[10.25352,13.00601],[10.25379,13.00415],[10.25513,13.00228],[10.2576,13.00087],[10.2576,13.00081],[10.26239,12.99051],[10.2636,12.98707],[10.26598,12.98364],[10.2743,12.97223],[10.27669,12.96765],[10.27788,12.96536],[10.2791,12.96077],[10.28032,12.95618],[10.28036,12.95273],[10.28155,12.95044],[10.28158,12.94814],[10.2816,12.94583],[10.28165,12.94123],[10.28169,12.93777],[10.28173,12.93317],[10.27947,12.92623],[10.27601,12.92043],[10.27489,12.91582],[10.27378,12.91005],[10.27279,12.90489],[10.27155,12.89966],[10.27159,12.8962],[10.27161,12.8943],[10.27343,12.8844],[10.27671,12.87525],[10.27603,12.86938],[10.27403,12.86743],[10.25941,12.86291],[10.25342,12.86098],[10.24871,12.85703],[10.24744,12.85446],[10.24747,12.85101],[10.24986,12.84643],[10.25223,12.84415],[10.25574,12.8442],[10.25926,12.84309],[10.26161,12.84312],[10.26865,12.8409],[10.27217,12.84094],[10.2745,12.84212],[10.27801,12.84216],[10.28151,12.84336],[10.28735,12.84458],[10.28968,12.84576],[10.29201,12.84625],[10.29552,12.84698],[10.29904,12.84702],[10.30604,12.84941],[10.31887,12.85417],[10.32237,12.85536],[10.32704,12.85657],[10.33054,12.85777],[10.33446,12.85878],[10.34105,12.8602],[10.34923,12.86145],[10.35509,12.86152],[10.35977,12.86157],[10.36446,12.86163],[10.3668,12.86166],[10.3762,12.85832],[10.37972,12.85721],[10.38208,12.85609],[10.39148,12.85275],[10.39384,12.85162],[10.39855,12.84823],[10.40327,12.84483],[10.40563,12.84371],[10.4082,12.84003],[10.41029,12.84034],[10.41234,12.84175],[10.41584,12.84118],[10.41954,12.84174],[10.42284,12.84005],[10.4275,12.83929],[10.43217,12.83854],[10.43566,12.83797],[10.44246,12.83571],[10.44557,12.83289],[10.45197,12.82838],[10.45508,12.82557],[10.45838,12.82387],[10.46065,12.82157],[10.4644,12.82254],[10.47025,12.82261],[10.47494,12.82267],[10.47846,12.82156],[10.48197,12.8216],[10.48549,12.82164],[10.49017,12.8217],[10.49601,12.82292],[10.50185,12.82414],[10.50418,12.82532],[10.50651,12.8265],[10.50892,12.82494],[10.51352,12.82774],[10.51587,12.82777],[10.5174,12.828],[10.52152,12.82474],[10.52415,12.82081],[10.53079,12.82013],[10.53677,12.82207],[10.54143,12.82335],[10.55138,12.82201],[10.56134,12.82131],[10.5619,12.82127],[10.56631,12.81917],[10.56984,12.81691],[10.57458,12.81236],[10.5777,12.80685],[10.57088,12.80217],[10.57282,12.79954],[10.57712,12.79282],[10.57668,12.78826],[10.57687,12.78626],[10.57723,12.78245],[10.57588,12.7759],[10.57529,12.77252],[10.57333,12.76821],[10.57391,12.76464],[10.57428,12.75995],[10.57446,12.75414],[10.5764,12.75151],[10.57814,12.74775],[10.58008,12.74513],[10.58202,12.7425],[10.58396,12.73987],[10.5857,12.73611],[10.58627,12.73255],[10.58821,12.72992],[10.59069,12.72735],[10.59072,12.72505],[10.59383,12.72091],[10.59557,12.71715],[10.59654,12.71505],[10.59617,12.708],[10.59329,12.70449],[10.59253,12.69604],[10.59394,12.68899],[10.59569,12.68433],[10.59606,12.68334],[10.59643,12.68061],[10.596,12.67773],[10.59549,12.67436],[10.59481,12.66983],[10.59604,12.66409],[10.59408,12.66068],[10.5951,12.65725],[10.59615,12.65372],[10.59739,12.64798],[10.59862,12.64224],[10.59865,12.63879],[10.59728,12.63424],[10.59665,12.63214],[10.59575,12.62916],[10.59613,12.62447],[10.59566,12.61881],[10.59708,12.61621],[10.59766,12.61265],[10.59823,12.60908],[10.59725,12.60345],[10.59782,12.59989],[10.5984,12.59632],[10.59877,12.59163],[10.59896,12.58582],[10.59933,12.58113],[10.59855,12.57662],[10.59543,12.5725],[10.596,12.56893],[10.59521,12.56443],[10.59346,12.56125],[10.59104,12.55806],[10.58858,12.55393],[10.58896,12.54924],[10.59053,12.54585],[10.59497,12.54248],[10.59418,12.53798],[10.59242,12.53479],[10.59047,12.53048],[10.58968,12.52598],[10.59025,12.52241],[10.59405,12.52013],[10.5929,12.51782],[10.5906,12.51434],[10.58829,12.51085],[10.58482,12.50736],[10.58133,12.50501],[10.57784,12.50267],[10.57318,12.50031],[10.56968,12.49911],[10.56502,12.49676],[10.56152,12.49556],[10.55218,12.49315],[10.54635,12.49077],[10.54401,12.49074],[10.53586,12.48604],[10.52654,12.48132],[10.52191,12.47666],[10.51726,12.47315],[10.51147,12.46732],[10.50915,12.46499],[10.5057,12.45919],[10.50455,12.45688],[10.49647,12.44642],[10.493,12.44177],[10.49185,12.43945],[10.48487,12.43591],[10.47671,12.43236],[10.47204,12.43115],[10.46854,12.42996],[10.46619,12.42993],[10.46386,12.42875],[10.46154,12.42757],[10.45803,12.42638],[10.45103,12.42399],[10.44635,12.42393],[10.444,12.42506],[10.43929,12.4273],[10.43573,12.43187],[10.43453,12.43415],[10.43331,12.43874],[10.43329,12.44105],[10.43327,12.44335],[10.43207,12.44564],[10.43205,12.44794],[10.42962,12.45597],[10.42957,12.46058],[10.42838,12.46286],[10.42834,12.46632],[10.42478,12.47088],[10.42127,12.47084],[10.41657,12.47193],[10.41306,12.47189],[10.41072,12.47186],[10.40603,12.47181],[10.40135,12.47175],[10.39901,12.47172],[10.39433,12.47166],[10.38964,12.47161],[10.3873,12.47158],[10.37901,12.47326],[10.37555,12.47282],[10.37111,12.47226],[10.36038,12.4701],[10.35688,12.46891],[10.35221,12.4677],[10.3487,12.46766],[10.34402,12.4676],[10.34052,12.46641],[10.33758,12.46565],[10.33585,12.4652],[10.33117,12.46399],[10.32767,12.4628],[10.32417,12.46161],[10.31833,12.46038],[10.31366,12.45918],[10.31016,12.45798],[10.3055,12.45562],[10.30199,12.45558],[10.29849,12.45439],[10.29615,12.45436],[10.28799,12.4508],[10.28566,12.44963],[10.28334,12.44729],[10.28101,12.44611],[10.27752,12.44377],[10.27405,12.44027],[10.26825,12.43445],[10.26593,12.43327],[10.26479,12.4298],[10.26133,12.42515],[10.259,12.4228],[10.2567,12.41934],[10.25557,12.41587],[10.25326,12.41239],[10.25097,12.40775],[10.24868,12.40312],[10.24756,12.40303],[10.24204,12.39315],[10.23377,12.377],[10.22368,12.36714],[10.2081,12.35191],[10.19619,12.34026],[10.19524,12.32948],[10.19565,12.3272],[10.20062,12.29979],[10.19317,12.28765],[10.19236,12.28633],[10.1731,12.26122],[10.16849,12.24865],[10.15276,12.18307],[10.14534,12.14893],[10.1471,12.12644],[10.15161,12.11115],[10.16156,12.08235],[10.16427,12.07335],[10.16423,12.05896],[10.16384,12.0585],[10.15598,12.0491],[10.15459,12.04371],[10.15447,12.0411],[10.15414,12.04044],[10.15064,12.03924],[10.14714,12.03805],[10.14364,12.03685],[10.1413,12.03683],[10.13894,12.03795],[10.13425,12.03904],[10.13074,12.039],[10.12841,12.03782],[10.12608,12.03664],[10.12263,12.03084],[10.12148,12.02853],[10.11562,12.02846],[10.11211,12.02841],[10.10977,12.02839],[10.10625,12.02949],[10.10273,12.02945],[10.09923,12.02826],[10.09577,12.02361],[10.09583,12.01785],[10.09587,12.0144],[10.09706,12.01211],[10.09474,12.00978],[10.09124,12.00859],[10.08774,12.00739],[10.08541,12.00621],[10.08191,12.00502],[10.07841,12.00383],[10.07143,12.00029],[10.06792,11.99909],[10.06559,11.99791],[10.06325,11.99789],[10.05859,11.99553],[10.05392,11.99432],[10.05042,11.99312],[10.04692,11.99193],[10.03992,11.98954],[10.03525,11.98834],[10.02824,11.9871],[10.02474,11.98591],[10.02008,11.98355],[10.01541,11.98234],[10.00958,11.97997],[10.00374,11.97874],[9.99556,11.97634],[9.99206,11.97515],[9.98856,11.97396],[9.98038,11.9727],[9.97687,11.97266],[9.97222,11.96915],[9.96993,11.96452],[9.96526,11.96331],[9.96173,11.96442],[9.95821,11.96553],[9.95116,11.96775],[9.94765,11.9677],[9.94415,11.96651],[9.93713,11.96527],[9.93246,11.96407],[9.92896,11.96287],[9.92663,11.96169],[9.92429,11.96166],[9.92078,11.96162],[9.91379,11.95808],[9.91146,11.9569],[9.90678,11.95685],[9.90213,11.95334],[9.89863,11.95214],[9.89406,11.95209],[9.89395,11.95209],[9.89161,11.95206],[9.88926,11.95203],[9.88342,11.95081],[9.88201,11.95045],[9.87549,11.94665],[9.87212,11.93959],[9.85921,11.93209],[9.84867,11.91894],[9.8405,11.89824],[9.83762,11.89354],[9.82997,11.89026],[9.79365,11.88375],[9.75925,11.87629],[9.73152,11.86223],[9.72386,11.85659],[9.71765,11.8566],[9.71193,11.86085],[9.70717,11.86698],[9.70097,11.87123],[9.69811,11.87453],[9.68855,11.87266],[9.68425,11.86938],[9.67946,11.86185],[9.6799,11.84255],[9.67893,11.83738],[9.67366,11.82938],[9.67126,11.82233],[9.67173,11.81479],[9.67123,11.8035],[9.67265,11.79596],[9.67311,11.79031],[9.67358,11.78702],[9.67215,11.78561],[9.66833,11.78561],[9.6626,11.78751],[9.65783,11.78893],[9.65284,11.79296],[9.65207,11.79257],[9.64973,11.79254],[9.6474,11.79136],[9.6439,11.79017],[9.63809,11.78549],[9.63577,11.78316],[9.63346,11.78083],[9.63232,11.77736],[9.63119,11.77389],[9.62892,11.76696],[9.62778,11.76349],[9.62665,11.76002],[9.62667,11.75772],[9.62788,11.75428],[9.62908,11.75199],[9.63028,11.74855],[9.63267,11.74398],[9.63505,11.74055],[9.63742,11.73828],[9.63978,11.736],[9.64214,11.73488],[9.64567,11.73262],[9.6492,11.73151],[9.65271,11.73155],[9.65505,11.73158],[9.66093,11.72935],[9.66444,11.72939],[9.66616,11.72941],[9.6667,11.72921],[9.67443,11.72629],[9.69543,11.72296],[9.71404,11.72057],[9.72742,11.72336],[9.74175,11.72757],[9.7537,11.73367],[9.76421,11.73647],[9.77567,11.73833],[9.79763,11.73499],[9.80525,11.72885],[9.81144,11.72131],[9.81094,11.71001],[9.80328,11.70061],[9.8047,11.69779],[9.81043,11.69542],[9.81996,11.68928],[9.82061,11.68844],[9.82067,11.68292],[9.82072,11.67832],[9.82077,11.67371],[9.8208,11.67026],[9.82087,11.6645],[9.82207,11.66106],[9.82211,11.65761],[9.8233,11.65532],[9.82452,11.65073],[9.82572,11.64844],[9.82639,11.64474],[9.8251,11.63796],[9.82174,11.63231],[9.81505,11.62621],[9.81599,11.62338],[9.81837,11.61961],[9.81809,11.61167],[9.81986,11.60859],[9.82114,11.60636],[9.82469,11.60168],[9.82547,11.59778],[9.82467,11.59349],[9.8218,11.5888],[9.8215,11.58843],[9.82052,11.5862],[9.8206,11.58275],[9.82068,11.57908],[9.82063,11.57622],[9.81951,11.57122],[9.81837,11.56775],[9.81605,11.56542],[9.81375,11.56194],[9.81027,11.55844],[9.80561,11.55608],[9.8033,11.55375],[9.79743,11.5514],[9.79607,11.5486],[9.79166,11.5467],[9.78703,11.54204],[9.78354,11.5397],[9.78123,11.53621],[9.77893,11.53273],[9.77778,11.53042],[9.77783,11.52581],[9.77972,11.52007],[9.78027,11.51663],[9.78146,11.51434],[9.78268,11.50975],[9.78271,11.50745],[9.78392,11.50401],[9.78395,11.50055],[9.78515,11.49827],[9.78518,11.49481],[9.78405,11.49134],[9.78524,11.48906],[9.78528,11.4856],[9.78649,11.48216],[9.78652,11.47871],[9.78675,11.47439],[9.78679,11.47354],[9.78797,11.46715],[9.78939,11.4615],[9.79117,11.46003],[9.7951,11.45678],[9.79653,11.45537],[9.80082,11.45159],[9.80368,11.45064],[9.80845,11.45205],[9.81179,11.45392],[9.81466,11.45627],[9.82134,11.45484],[9.8242,11.45625],[9.82994,11.46235],[9.8376,11.47458],[9.84047,11.47551],[9.84571,11.47173],[9.84904,11.4689],[9.85334,11.46842],[9.85524,11.46512],[9.85475,11.46136],[9.86047,11.45805],[9.86571,11.45709],[9.87334,11.45566],[9.87763,11.45377],[9.8812,11.44846],[9.88054,11.44645],[9.88056,11.44415],[9.8806,11.4407],[9.88064,11.43724],[9.8795,11.43378],[9.87954,11.43032],[9.87956,11.42802],[9.88078,11.42343],[9.88081,11.42113],[9.88083,11.41882],[9.88087,11.41537],[9.88206,11.41308],[9.88209,11.41078],[9.88211,11.40848],[9.88216,11.40387],[9.88218,11.40157],[9.88221,11.39927],[9.88107,11.3958],[9.88111,11.39235],[9.87998,11.38888],[9.88,11.38657],[9.88004,11.38312],[9.87804,11.37827],[9.87927,11.37642],[9.87779,11.37388],[9.87782,11.37158],[9.87784,11.36928],[9.87786,11.36697],[9.87906,11.36469],[9.88144,11.36126],[9.88263,11.35897],[9.885,11.3567],[9.89505,11.35147],[9.89682,11.3488],[9.90032,11.34767],[9.90462,11.34562],[9.90503,11.34496],[9.91074,11.34118],[9.91598,11.33787],[9.91835,11.33316],[9.92025,11.32939],[9.91977,11.32656],[9.92119,11.32374],[9.92358,11.32326],[9.93167,11.31853],[9.94263,11.3138],[9.94881,11.30578],[9.95213,11.29918],[9.9664,11.28643],[9.9769,11.27692],[9.97737,11.27655],[9.97795,11.27609],[9.97955,11.27379],[9.98076,11.27035],[9.98313,11.26692],[9.9855,11.26465],[9.9867,11.26236],[9.98779,11.25976],[9.9891,11.25663],[9.99029,11.25434],[9.99149,11.25206],[9.99384,11.25093],[9.9962,11.24981],[9.99739,11.24752],[10.00092,11.24641],[10.00323,11.24874],[10.00556,11.24992],[10.00789,11.2511],[10.01487,11.2546],[10.01956,11.2547],[10.02185,11.25462],[10.02422,11.25706],[10.02772,11.25825],[10.03121,11.2606],[10.03471,11.26179],[10.03704,11.26297],[10.04641,11.26308],[10.04875,11.26311],[10.05227,11.262],[10.05461,11.26203],[10.05696,11.26206],[10.06041,11.26153],[10.06419,11.26019],[10.06725,11.26095],[10.0702,11.26021],[10.07573,11.25883],[10.08041,11.25889],[10.08393,11.25778],[10.08745,11.25782],[10.09214,11.25673],[10.09565,11.25677],[10.09919,11.25451],[10.10743,11.25],[10.11096,11.24889],[10.11331,11.24777],[10.11685,11.24551],[10.12273,11.24328],[10.12743,11.24103],[10.1333,11.23995],[10.13798,11.24001],[10.1415,11.24005],[10.14211,11.23996],[10.14853,11.23899],[10.15089,11.23786],[10.15916,11.23106],[10.16505,11.22767],[10.16974,11.22658],[10.17327,11.22547],[10.17562,11.22435],[10.18383,11.22329],[10.18734,11.22334],[10.18969,11.22221],[10.19552,11.22459],[10.20003,11.22609],[10.2023,11.22568],[10.20838,11.22705],[10.21072,11.22707],[10.21306,11.2271],[10.21542,11.22598],[10.21776,11.22601],[10.22127,11.22605],[10.22362,11.22493],[10.22597,11.22495],[10.22948,11.225],[10.233,11.22389],[10.23534,11.22392],[10.23812,11.22305],[10.24239,11.2217],[10.24709,11.2206],[10.25061,11.2195],[10.25531,11.2184],[10.26109,11.21352],[10.26494,11.21278],[10.27064,11.21196],[10.2731,11.21161],[10.27672,11.21109],[10.27859,11.20994],[10.28137,11.20947],[10.28838,11.20829],[10.29199,11.20768],[10.29486,11.206],[10.29881,11.20575],[10.30356,11.20545],[10.30705,11.20523],[10.30938,11.20509],[10.31268,11.20488],[10.31405,11.20479],[10.31896,11.20448],[10.3222,11.2042],[10.33039,11.20549],[10.33273,11.20552],[10.33857,11.20674],[10.34208,11.20678],[10.34675,11.20799],[10.35261,11.20806],[10.35846,11.20813],[10.36316,11.20704],[10.36551,11.20592],[10.36672,11.20248],[10.36558,11.19901],[10.36562,11.19555],[10.36447,11.19324],[10.3645,11.19094],[10.36336,11.18747],[10.36462,11.17942],[10.36114,11.17593],[10.35881,11.17475],[10.35418,11.17009],[10.3507,11.16659],[10.34644,11.16285],[10.34609,11.15963],[10.34379,11.15614],[10.34031,11.15265],[10.33916,11.15033],[10.33802,11.14801],[10.33572,11.14338],[10.33576,11.13993],[10.33347,11.13529],[10.33116,11.13181],[10.32767,11.12947],[10.32623,11.12992],[10.32133,11.12904],[10.31561,11.12954],[10.31085,11.13191],[10.30656,11.13145],[10.30512,11.1291],[10.30319,11.12346],[10.29747,11.12348],[10.29461,11.12349],[10.28745,11.11881],[10.28458,11.11725],[10.28409,11.11682],[10.28216,11.1151],[10.27983,11.11392],[10.27749,11.11389],[10.27282,11.11268],[10.2705,11.11035],[10.26823,11.10342],[10.26709,11.09995],[10.26478,11.09762],[10.26246,11.09529],[10.26013,11.09411],[10.25662,11.09406],[10.25311,11.09402],[10.24725,11.09395],[10.24491,11.09392],[10.24257,11.09389],[10.24022,11.09502],[10.23786,11.09614],[10.23434,11.09725],[10.23197,11.09952],[10.22861,11.10079],[10.22891,11.1037],[10.21787,11.10396],[10.21553,11.10393],[10.2108,11.10301],[10.20721,11.1023],[10.20135,11.10116],[10.19889,11.10068],[10.19455,11.09447],[10.19225,11.09098],[10.18876,11.08864],[10.18644,11.08631],[10.18297,11.08281],[10.18065,11.08048],[10.17833,11.07815],[10.17719,11.07583],[10.17486,11.07465],[10.17255,11.07117],[10.16909,11.06652],[10.16678,11.06304],[10.16564,11.06072],[10.16217,11.05608],[10.15987,11.0526],[10.15759,11.04681],[10.15411,11.04331],[10.15296,11.041],[10.15067,11.03636],[10.14952,11.03405],[10.14839,11.03058],[10.14444,11.02697],[10.14513,11.02148],[10.14267,11.01785],[10.14153,11.01438],[10.14273,11.01209],[10.14512,11.00751],[10.14885,11.00342],[10.14984,11.00065],[10.15117,10.99693],[10.15229,10.99378],[10.15467,10.99036],[10.15822,10.98695],[10.16175,10.98468],[10.16412,10.98241],[10.16647,10.98129],[10.17045,10.9804],[10.17136,10.97857],[10.17587,10.97795],[10.17823,10.97682],[10.18057,10.97685],[10.18411,10.97459],[10.18763,10.97348],[10.18883,10.9712],[10.19238,10.96778],[10.19475,10.96436],[10.19478,10.96206],[10.1948,10.95975],[10.19368,10.95513],[10.1937,10.95283],[10.19256,10.95051],[10.19141,10.9482],[10.18908,10.94702],[10.18676,10.94469],[10.18209,10.94348],[10.17858,10.94344],[10.17508,10.94224],[10.17274,10.94221],[10.16804,10.94331],[10.1657,10.94328],[10.16335,10.9444],[10.15984,10.94436],[10.15632,10.94432],[10.15416,10.9462],[10.15109,10.94725],[10.14812,10.94537],[10.14576,10.9465],[10.14342,10.94647],[10.13404,10.9475],[10.12698,10.95087],[10.12463,10.952],[10.12227,10.95312],[10.11992,10.95424],[10.11755,10.95652],[10.114,10.95993],[10.11046,10.96334],[10.10858,10.96752],[10.10565,10.9748],[10.10563,10.9771],[10.10324,10.98167],[10.10088,10.9828],[10.0962,10.98274],[10.09031,10.98612],[10.08678,10.98723],[10.07856,10.98944],[10.07622,10.98941],[10.07556,10.98919],[10.0697,10.98392],[10.06302,10.98064],[10.05729,10.9783],[10.05157,10.97597],[10.04585,10.97645],[10.04014,10.97694],[10.03251,10.97508],[10.0287,10.97462],[10.02442,10.97745],[10.0206,10.97464],[10.00819,10.96761],[10.00719,10.96818],[10.00619,10.96784],[10.00269,10.96664],[9.99801,10.96659],[9.99451,10.96539],[9.991,10.96535],[9.98866,10.96532],[9.98514,10.96528],[9.98047,10.96407],[9.97346,10.96283],[9.96879,10.96163],[9.96646,10.96045],[9.95825,10.9615],[9.95355,10.96259],[9.95003,10.9637],[9.94414,10.96709],[9.93944,10.96818],[9.93592,10.96929],[9.92886,10.97266],[9.92181,10.97488],[9.91827,10.97714],[9.91593,10.97711],[9.9116,10.98213],[9.9091,10.98272],[9.90652,10.9816],[9.90356,10.98517],[9.90064,10.98383],[9.89039,10.99102],[9.88717,10.99227],[9.88182,10.99166],[9.87403,10.99735],[9.87121,10.99844],[9.86886,10.99957],[9.86582,10.9994],[9.86293,11.0064],[9.85933,11.01442],[9.85811,11.01901],[9.85808,11.02246],[9.85687,11.0259],[9.85563,11.0328],[9.85441,11.03739],[9.85437,11.04084],[9.85432,11.04545],[9.85428,11.04959],[9.85425,11.05235],[9.85422,11.05466],[9.8542,11.05696],[9.85296,11.06385],[9.85293,11.06616],[9.85404,11.07193],[9.85516,11.07654],[9.85631,11.07886],[9.85627,11.08232],[9.85504,11.08806],[9.85502,11.09036],[9.85499,11.09266],[9.85373,11.10186],[9.85365,11.10877],[9.8548,11.11108],[9.85594,11.11455],[9.85708,11.11687],[9.85706,11.11917],[9.8582,11.12149],[9.86168,11.12498],[9.86283,11.1273],[9.86514,11.12963],[9.86863,11.13198],[9.87211,11.13547],[9.87907,11.14131],[9.88256,11.14366],[9.88486,11.14714],[9.8895,11.1518],[9.89181,11.15528],[9.89294,11.15875],[9.89173,11.16219],[9.88818,11.1656],[9.88228,11.17014],[9.87874,11.1724],[9.87639,11.17352],[9.87166,11.17807],[9.86929,11.18034],[9.86572,11.18606],[9.86332,11.19178],[9.86211,11.19522],[9.86088,11.20097],[9.85967,11.20441],[9.85609,11.21127],[9.85489,11.21356],[9.8525,11.21814],[9.8513,11.22158],[9.85006,11.22732],[9.84887,11.22961],[9.84647,11.23533],[9.8441,11.23761],[9.8429,11.2399],[9.83934,11.24446],[9.83698,11.24673],[9.83459,11.25131],[9.83217,11.25819],[9.83098,11.26048],[9.82977,11.26392],[9.82975,11.26622],[9.82855,11.26851],[9.82616,11.27309],[9.82612,11.27654],[9.82493,11.27883],[9.82489,11.28228],[9.82254,11.2834],[9.81901,11.28451],[9.81667,11.28448],[9.81316,11.28444],[9.80847,11.28554],[9.80495,11.28549],[9.80144,11.28545],[9.79736,11.28297],[9.7945,11.28124],[9.78981,11.2784],[9.78746,11.27837],[9.78398,11.27603],[9.78048,11.27484],[9.77697,11.27364],[9.77349,11.2713],[9.76999,11.2701],[9.76649,11.26891],[9.76299,11.26772],[9.7595,11.26537],[9.75131,11.26412],[9.74898,11.26294],[9.74664,11.26291],[9.73825,11.26369],[9.72909,11.26155],[9.72441,11.26386],[9.72205,11.26389],[9.71952,11.26349],[9.71747,11.26326],[9.71082,11.26105],[9.70731,11.25988],[9.70486,11.25907],[9.69943,11.25727],[9.69751,11.25886],[9.69283,11.25766],[9.68815,11.2576],[9.68581,11.25757],[9.67764,11.25517],[9.67061,11.25508],[9.66593,11.25503],[9.65541,11.25375],[9.64955,11.25368],[9.64605,11.25249],[9.64137,11.25243],[9.6355,11.25351],[9.62862,11.25191],[9.62498,11.25246],[9.61674,11.25558],[9.61322,11.25669],[9.60266,11.25887],[9.59562,11.25994],[9.58977,11.25986],[9.58573,11.25839],[9.58226,11.25965],[9.58034,11.26551],[9.57675,11.27237],[9.57553,11.27696],[9.5755,11.28042],[9.57665,11.28273],[9.57778,11.2862],[9.57651,11.2954],[9.57648,11.29885],[9.57643,11.30346],[9.5752,11.3092],[9.57398,11.31379],[9.57395,11.31609],[9.57276,11.31838],[9.57155,11.32182],[9.57035,11.32411],[9.56681,11.32752],[9.56091,11.3309],[9.55737,11.33431],[9.55501,11.33544],[9.54913,11.33767],[9.54678,11.33879],[9.54209,11.33989],[9.5374,11.33983],[9.53505,11.34095],[9.53154,11.34091],[9.52802,11.34087],[9.52335,11.33966],[9.52102,11.33848],[9.51518,11.33726],[9.51051,11.33605],[9.50584,11.33484],[9.49998,11.33477],[9.49767,11.33244],[9.49418,11.3301],[9.49186,11.32777],[9.48953,11.32659],[9.48929,11.32265],[9.48636,11.32103],[9.48308,11.31894],[9.48116,11.31771],[9.47927,11.31651],[9.47797,11.31263],[9.47565,11.3103],[9.46981,11.30908],[9.46631,11.30788],[9.46275,11.30865],[9.46039,11.30839],[9.45692,11.308],[9.4546,11.30774],[9.45108,11.30885],[9.44657,11.30792],[9.4417,11.30989],[9.43817,11.311],[9.43349,11.31094],[9.43114,11.31206],[9.4288,11.31203],[9.42644,11.31316],[9.4241,11.31313],[9.41587,11.31648],[9.41351,11.31761],[9.41116,11.31873],[9.4041,11.3221],[9.40175,11.32322],[9.39821,11.32548],[9.39467,11.32774],[9.39232,11.32887],[9.38996,11.32999],[9.38643,11.33225],[9.38407,11.33337],[9.38054,11.33563],[9.37189,11.33968],[9.36885,11.34234],[9.36493,11.34396],[9.36211,11.34512],[9.34927,11.35041],[9.33513,11.35804],[9.33175,11.35985],[9.31306,11.3693],[9.29899,11.37064],[9.27904,11.37204],[9.27488,11.37173],[9.23907,11.36909],[9.22495,11.36581],[9.20842,11.35796],[9.19355,11.35089],[9.19415,11.35525],[9.1941,11.35986],[9.19408,11.36216],[9.19287,11.3656],[9.19283,11.36905],[9.19395,11.37367],[9.19624,11.37946],[9.19621,11.38176],[9.19735,11.38523],[9.19849,11.38755],[9.19963,11.39101],[9.20196,11.39219],[9.20422,11.39913],[9.2042,11.40143],[9.20651,11.40491],[9.20881,11.4084],[9.21109,11.41418],[9.21336,11.42112],[9.21567,11.4246],[9.21564,11.4269],[9.21795,11.43038],[9.21909,11.4327],[9.2179,11.43499],[9.21904,11.43731],[9.22014,11.44423],[9.22128,11.44769],[9.22239,11.45347],[9.22234,11.45807],[9.2223,11.46152],[9.22223,11.46843],[9.22338,11.47075],[9.22452,11.47307],[9.228,11.47656],[9.23501,11.4778],[9.24202,11.47903],[9.24437,11.47906],[9.24787,11.48026],[9.25021,11.48028],[9.2537,11.48263],[9.25604,11.48266],[9.26305,11.48389],[9.26771,11.48625],[9.27354,11.48863],[9.27587,11.48981],[9.27937,11.491],[9.28286,11.49334],[9.28517,11.49568],[9.2875,11.49685],[9.28983,11.49803],[9.29447,11.5027],[9.29797,11.50389],[9.30146,11.50624],[9.30496,11.50743],[9.30846,11.50862],[9.31079,11.5098],[9.31313,11.50983],[9.3178,11.51104],[9.3213,11.51223],[9.32364,11.51226],[9.32593,11.51689],[9.32708,11.51921],[9.3294,11.52154],[9.33055,11.52386],[9.33052,11.52616],[9.3305,11.52846],[9.33162,11.53308],[9.33275,11.53655],[9.33507,11.53888],[9.33739,11.54121],[9.34202,11.54587],[9.34669,11.54708],[9.35138,11.54714],[9.35487,11.54948],[9.35718,11.55181],[9.35951,11.55299],[9.36298,11.55764],[9.36412,11.55996],[9.36255,11.56428],[9.3652,11.56918],[9.36283,11.57146],[9.35998,11.5754],[9.3546,11.57481],[9.35224,11.57593],[9.34638,11.57701],[9.34404,11.57699],[9.34051,11.57809],[9.33816,11.57922],[9.33582,11.57919],[9.33115,11.57798],[9.3288,11.57795],[9.32528,11.57906],[9.32175,11.58017],[9.31588,11.5824],[9.31002,11.58233],[9.30768,11.5823],[9.30534,11.58227],[9.29945,11.58566],[9.29711,11.58563],[9.29474,11.5879],[9.29122,11.58901],[9.28885,11.59129],[9.28533,11.5924],[9.28413,11.59468],[9.27707,11.59805],[9.2747,11.60033],[9.27234,11.6026],[9.27113,11.60604],[9.26877,11.60832],[9.26757,11.6106],[9.26402,11.61401],[9.26282,11.61745],[9.26396,11.61977],[9.26394,11.62207],[9.26507,11.62554],[9.26505,11.62784],[9.26619,11.63016],[9.26733,11.63363],[9.26728,11.63823],[9.26956,11.64402],[9.27071,11.64633],[9.27185,11.64865],[9.27299,11.65212],[9.27528,11.65675],[9.27643,11.65907],[9.27639,11.66252],[9.27404,11.66365],[9.2717,11.66362],[9.26702,11.66241],[9.26352,11.66122],[9.26002,11.66002],[9.25768,11.65999],[9.25418,11.6588],[9.25185,11.65762],[9.24952,11.65644],[9.24368,11.65522],[9.24134,11.65519],[9.23781,11.6563],[9.23429,11.65741],[9.23191,11.66083],[9.23189,11.66314],[9.23069,11.66543],[9.23066,11.66888],[9.22946,11.67117],[9.22944,11.67347],[9.22824,11.67576],[9.22822,11.67806],[9.22819,11.68036],[9.22464,11.68377],[9.22344,11.68721],[9.22107,11.68949],[9.21986,11.69293],[9.21866,11.69637],[9.21745,11.69981],[9.21975,11.70329],[9.22208,11.70447],[9.22443,11.7045],[9.22678,11.70337],[9.2303,11.70227],[9.23383,11.70116],[9.23616,11.70234],[9.23613,11.70464],[9.23728,11.70696],[9.23843,11.70927],[9.24074,11.7116],[9.24189,11.71392],[9.24304,11.71624],[9.24533,11.72087],[9.24645,11.72549],[9.24915,11.72608],[9.24875,11.73012],[9.24936,11.73137],[9.25104,11.73476],[9.25101,11.73706],[9.25099,11.73936],[9.24978,11.7428],[9.24858,11.74624],[9.24504,11.7485],[9.2427,11.74847],[9.24034,11.74959],[9.23683,11.74955],[9.23449,11.74952],[9.23099,11.74833],[9.22865,11.7483],[9.22632,11.74712],[9.22281,11.74708],[9.21814,11.74587],[9.21581,11.74469],[9.21346,11.74466],[9.20995,11.74462],[9.20762,11.74344],[9.20294,11.74339],[9.19921,11.74334],[9.19474,11.74329],[9.19239,11.74441],[9.19002,11.74668],[9.18649,11.74894],[9.18066,11.74657],[9.17832,11.74654],[9.17599,11.74536],[9.17133,11.743],[9.16784,11.74066],[9.16552,11.73833],[9.16319,11.73715],[9.16085,11.73712],[9.15025,11.74275],[9.1467,11.74616],[9.14668,11.74846],[9.14665,11.75076],[9.14775,11.75769],[9.1477,11.76229],[9.14768,11.76459],[9.14649,11.76688],[9.14528,11.77032],[9.14288,11.77605],[9.14168,11.77834],[9.14044,11.78523],[9.1404,11.78869],[9.14038,11.79099],[9.14151,11.79446],[9.14263,11.79908],[9.14377,11.80254],[9.14489,11.80716],[9.14838,11.80951],[9.15186,11.813],[9.15534,11.81535],[9.15766,11.81768],[9.16115,11.82002],[9.16578,11.82469],[9.17043,11.8282],[9.17158,11.83051],[9.17505,11.83401],[9.17738,11.83519],[9.18085,11.83984],[9.18432,11.84333],[9.18897,11.84684],[9.19129,11.84917],[9.19362,11.85035],[9.1971,11.8527],[9.19824,11.85617],[9.19938,11.85848],[9.20052,11.86195],[9.20166,11.86427],[9.20514,11.86776],[9.20746,11.8701],[9.21097,11.87014],[9.21447,11.87133],[9.21912,11.87484],[9.22262,11.87604],[9.22608,11.88068],[9.2284,11.88301],[9.22955,11.88533],[9.23185,11.88881],[9.23416,11.89229],[9.23646,11.89578],[9.23761,11.89809],[9.23876,11.90041],[9.23872,11.90386],[9.23868,11.90732],[9.23743,11.91536],[9.23623,11.91765],[9.235,11.92339],[9.2338,11.92568],[9.23143,11.92911],[9.23023,11.9314],[9.22904,11.93368],[9.22548,11.93825],[9.22427,11.94169],[9.22188,11.94626],[9.22184,11.94972],[9.22065,11.952],[9.21939,11.96005],[9.22051,11.96467],[9.22165,11.96814],[9.22397,11.97047],[9.22744,11.97396],[9.22976,11.97629],[9.23209,11.97747],[9.23558,11.97982],[9.23906,11.98216],[9.24139,11.98334],[9.24372,11.98452],[9.24721,11.98687],[9.24954,11.98805],[9.25186,11.99038],[9.25418,11.99271],[9.25414,11.99616],[9.25116,12.00131],[9.24004,12.0006],[9.23653,12.00056],[9.233,12.00167],[9.22949,12.00162],[9.22597,12.00273],[9.22359,12.00616],[9.22121,12.00958],[9.22002,12.01187],[9.21999,12.01417],[9.21878,12.01761],[9.21759,12.0199],[9.21757,12.0222],[9.21637,12.02449],[9.21635,12.02679],[9.21747,12.03141],[9.21744,12.03372],[9.21742,12.03602],[9.21738,12.03947],[9.21736,12.04177],[9.21848,12.04639],[9.21958,12.05332],[9.22073,12.05563],[9.22299,12.06257],[9.22293,12.06833],[9.2229,12.07178],[9.22286,12.07523],[9.22167,12.07752],[9.22164,12.07982],[9.2224,12.08478],[9.22037,12.08902],[9.22035,12.09132],[9.21915,12.09361],[9.21913,12.09591],[9.21908,12.10052],[9.21789,12.10281],[9.21786,12.10511],[9.21667,12.1074],[9.21546,12.11084],[9.21424,12.11543],[9.21303,12.11887],[9.20601,12.11878],[9.20248,12.11989],[9.19663,12.11982],[9.19197,12.11746],[9.18963,12.11743],[9.18613,12.11624],[9.1838,12.11506],[9.17216,12.10801],[9.16985,12.10568],[9.16752,12.1045],[9.16519,12.10332],[9.16405,12.09985],[9.16291,12.09754],[9.1606,12.09405],[9.15946,12.09174],[9.15831,12.08942],[9.15371,12.0813],[9.15256,12.07899],[9.15259,12.07669],[9.15144,12.07437],[9.1503,12.07205],[9.15032,12.06975],[9.14803,12.06512],[9.14805,12.06281],[9.14809,12.05936],[9.14696,12.05474],[9.14699,12.05244],[9.14701,12.05014],[9.14588,12.04667],[9.1459,12.04436],[9.14711,12.04093],[9.14596,12.03861],[9.14599,12.03631],[9.14601,12.034],[9.14599,12.03004],[9.14378,12.02361],[9.14263,12.0213],[9.13916,12.0178],[9.13566,12.01661],[9.12513,12.01533],[9.12045,12.01527],[9.11809,12.0164],[9.11575,12.01637],[9.1134,12.01749],[9.11106,12.01746],[9.10872,12.01743],[9.10636,12.01856],[9.10401,12.01968],[9.10166,12.0208],[9.09695,12.02305],[9.0934,12.02646],[9.09103,12.02873],[9.08867,12.03101],[9.08747,12.0333],[9.08509,12.03672],[9.0839,12.03901],[9.0827,12.0413],[9.08268,12.0436],[9.0803,12.04703],[9.08028,12.04933],[9.08025,12.05163],[9.07902,12.05737],[9.07428,12.06307],[9.07425,12.06538],[9.07422,12.06883],[9.07302,12.07112],[9.07181,12.07456],[9.07061,12.078],[9.06823,12.08142],[9.06588,12.08255],[9.05881,12.08467],[9.05507,12.08303],[9.05307,12.08215],[9.05066,12.08236],[9.04833,12.08118],[9.04626,12.08041],[9.04384,12.07952],[9.0413,12.0811],[9.03897,12.07992],[9.03663,12.07989],[9.03429,12.07986],[9.03195,12.07983],[9.02845,12.07864],[9.02493,12.0786],[9.02026,12.07739],[9.01559,12.07618],[9.01092,12.07497],[9.00741,12.07493],[9.00036,12.07715],[8.99685,12.07711],[8.99449,12.07823],[8.99214,12.07935],[8.98977,12.08163],[8.98624,12.08389],[8.98504,12.08617],[8.98149,12.08959],[8.97915,12.08956],[8.97682,12.08838],[8.97448,12.08835],[8.97098,12.08716],[8.96864,12.08713],[8.96651,12.08552],[8.96399,12.08362],[8.95936,12.07895],[8.95705,12.07547],[8.95472,12.07429],[8.95006,12.07193],[8.94892,12.06962],[8.94657,12.06959],[8.94537,12.07303],[8.94646,12.07995],[8.9476,12.08342],[8.94872,12.08804],[8.9475,12.09263],[8.94745,12.09723],[8.94741,12.10184],[8.9462,12.10528],[8.94382,12.1087],[8.94262,12.11099],[8.94142,12.11443],[8.94254,12.11905],[8.94369,12.12137],[8.94599,12.12485],[8.94828,12.12948],[8.94943,12.1318],[8.95057,12.13527],[8.95053,12.13872],[8.95051,12.14102],[8.95164,12.14449],[8.95396,12.14682],[8.95746,12.14802],[8.96097,12.14806],[8.96331,12.14809],[8.96564,12.14927],[8.96796,12.1516],[8.96793,12.1539],[8.96789,12.15851],[8.96668,12.16195],[8.96546,12.16654],[8.96426,12.16882],[8.96306,12.17226],[8.96298,12.17917],[8.96176,12.18376],[8.95819,12.18948],[8.957,12.19176],[8.95461,12.19634],[8.95106,12.19975],[8.94751,12.20316],[8.94515,12.20429],[8.94161,12.2077],[8.93807,12.20996],[8.93569,12.21338],[8.93333,12.21566],[8.93096,12.21793],[8.92742,12.22019],[8.92505,12.22362],[8.92394,12.22414],[8.91356,12.23749],[8.91161,12.24565],[8.91063,12.24901],[8.906,12.25261],[8.90478,12.25549],[8.90258,12.25837],[8.89868,12.26029],[8.89673,12.26389],[8.89551,12.26773],[8.88965,12.2728],[8.89052,12.27732],[8.89047,12.28192],[8.89161,12.28539],[8.89275,12.28771],[8.89735,12.29582],[8.89967,12.29815],[8.90313,12.3028],[8.90544,12.30628],[8.90657,12.30975],[8.90771,12.31322],[8.90767,12.31667],[8.90533,12.31664],[8.90182,12.3166],[8.89715,12.31539],[8.89479,12.31652],[8.89128,12.31647],[8.88195,12.31291],[8.87961,12.31288],[8.87146,12.30817],[8.86914,12.30584],[8.86801,12.30238],[8.86686,12.30006],[8.86576,12.29314],[8.86464,12.28852],[8.86354,12.2816],[8.85188,12.27685],[8.84952,12.27912],[8.84714,12.28255],[8.84473,12.28943],[8.84353,12.29235],[8.84348,12.29632],[8.84343,12.30093],[8.84223,12.30437],[8.84101,12.30896],[8.83746,12.31237],[8.83626,12.31466],[8.82454,12.31567],[8.81869,12.3156],[8.81501,12.31442],[8.80935,12.31318],[8.80701,12.31315],[8.80121,12.30733],[8.79892,12.30269],[8.79894,12.30039],[8.79783,12.29462],[8.7967,12.29115],[8.79438,12.28882],[8.79088,12.28763],[8.78738,12.28643],[8.78271,12.28522],[8.77922,12.28288],[8.77577,12.27708],[8.77345,12.27475],[8.77116,12.27012],[8.77003,12.26665],[8.76772,12.26317],[8.76543,12.25853],[8.76196,12.25389],[8.76082,12.25157],[8.75736,12.24577],[8.75623,12.2423],[8.75393,12.23882],[8.75045,12.23532],[8.74814,12.23184],[8.74583,12.22951],[8.74468,12.22719],[8.74239,12.22256],[8.74008,12.21908],[8.73025,12.21497],[8.72746,12.21461],[8.72491,12.21429],[8.72137,12.21655],[8.72134,12.22],[8.72129,12.22461],[8.72243,12.22692],[8.72239,12.23153],[8.72353,12.23385],[8.7248,12.23801],[8.72578,12.24308],[8.7269,12.2477],[8.72685,12.25231],[8.728,12.25463],[8.72649,12.25884],[8.72907,12.26385],[8.72988,12.26612],[8.72999,12.2687],[8.7311,12.27169],[8.73123,12.28115],[8.73236,12.28462],[8.73233,12.28807],[8.73345,12.29269],[8.73459,12.29616],[8.73571,12.30078],[8.73591,12.3014],[8.73684,12.30424],[8.73792,12.30889],[8.73818,12.3093],[8.73911,12.31118],[8.74023,12.3158],[8.74255,12.31813],[8.74949,12.32627],[8.75181,12.3286],[8.75877,12.33445],[8.75909,12.33542],[8.76106,12.3359],[8.76571,12.33997],[8.775,12.34709],[8.78119,12.34964],[8.78222,12.35116],[8.78531,12.36336],[8.78764,12.3722],[8.7888,12.37396],[8.79111,12.37744],[8.79342,12.37977],[8.79803,12.38673],[8.80151,12.39023],[8.80614,12.39489],[8.8108,12.39725],[8.81195,12.39957],[8.81522,12.40295],[8.81657,12.40538],[8.81649,12.41344],[8.81529,12.41573],[8.81176,12.41799],[8.80588,12.42022],[8.80235,12.42133],[8.79765,12.42357],[8.79412,12.42468],[8.79178,12.42465],[8.78825,12.42576],[8.78535,12.4263],[8.78239,12.42684],[8.77296,12.43249],[8.76795,12.43648],[8.76438,12.4387],[8.76232,12.43863],[8.75972,12.43855],[8.75584,12.43971],[8.75266,12.44065],[8.75059,12.44058],[8.74711,12.44047],[8.74363,12.44035],[8.73908,12.4416],[8.73291,12.44329],[8.72832,12.44576],[8.72363,12.44686],[8.72129,12.44683],[8.71893,12.44795],[8.7154,12.45021],[8.71187,12.45132],[8.70952,12.45245],[8.70717,12.45357],[8.70241,12.46042],[8.69413,12.46838],[8.69058,12.47179],[8.68704,12.47405],[8.68468,12.47633],[8.68348,12.47861],[8.68109,12.48319],[8.68106,12.48664],[8.68103,12.48895],[8.67981,12.49354],[8.67862,12.49583],[8.67859,12.49813],[8.67857,12.50043],[8.67854,12.50273],[8.67852,12.50504],[8.67965,12.5085],[8.68079,12.51197],[8.68194,12.51429],[8.68191,12.51659],[8.68306,12.51891],[8.6842,12.52122],[8.68652,12.52355],[8.68767,12.52587],[8.69116,12.52822],[8.69464,12.53056],[8.69696,12.53289],[8.69928,12.53522],[8.70161,12.5364],[8.70508,12.5399],[8.70856,12.5434],[8.71202,12.54804],[8.71432,12.55268],[8.71661,12.55731],[8.71659,12.55961],[8.71772,12.56308],[8.71912,12.56659],[8.71647,12.57112],[8.7141,12.5734],[8.7047,12.57674],[8.70234,12.57786],[8.7,12.57783],[8.69765,12.57896],[8.69529,12.58008],[8.69059,12.58233],[8.68705,12.58459],[8.68471,12.58456],[8.68237,12.58453],[8.67062,12.58784],[8.6671,12.58895],[8.66358,12.58891],[8.66124,12.58888],[8.65773,12.58884],[8.64833,12.59218],[8.64822,12.59522],[8.63776,12.59187],[8.62783,12.58895],[8.61955,12.58895],[8.61569,12.59119],[8.60746,12.59325],[8.59799,12.5976],[8.58402,12.59715],[8.57125,12.59556],[8.56462,12.59535],[8.56129,12.59643],[8.5577,12.59769],[8.55335,12.59844],[8.54977,12.59919],[8.54568,12.59742],[8.54082,12.59414],[8.53471,12.59029],[8.53422,12.59026],[8.53196,12.59003],[8.52908,12.5907],[8.51389,12.58954],[8.49928,12.58603],[8.48058,12.58545],[8.47065,12.5872],[8.46739,12.5882],[8.46572,12.58652],[8.46354,12.58432],[8.4634,12.58418],[8.46108,12.58185],[8.45994,12.57954],[8.45761,12.57836],[8.45414,12.57371],[8.45067,12.57021],[8.44835,12.56788],[8.44603,12.56555],[8.44489,12.56324],[8.44257,12.5609],[8.44145,12.55628],[8.43914,12.5528],[8.43799,12.55049],[8.43956,12.54584],[8.43603,12.54319],[8.43525,12.54065],[8.43112,12.53659],[8.42998,12.53312],[8.42883,12.5308],[8.42828,12.52406],[8.42425,12.52153],[8.42194,12.51805],[8.42239,12.51368],[8.42039,12.51022],[8.41621,12.50647],[8.4139,12.50299],[8.41276,12.50067],[8.40928,12.49717],[8.40581,12.49368],[8.4035,12.4902],[8.39189,12.48084],[8.38957,12.47851],[8.38843,12.4762],[8.38846,12.47274],[8.38732,12.47043],[8.38734,12.46812],[8.38621,12.46466],[8.3851,12.45889],[8.38513,12.45543],[8.38517,12.45198],[8.3852,12.44852],[8.38309,12.44374],[8.38178,12.44042],[8.37473,12.44264],[8.37235,12.44607],[8.36997,12.44949],[8.36759,12.45292],[8.36757,12.45522],[8.3652,12.45749],[8.36283,12.46092],[8.36163,12.46321],[8.36042,12.46665],[8.3604,12.46895],[8.35802,12.47237],[8.35564,12.4758],[8.35092,12.4792],[8.3462,12.4826],[8.34385,12.48372],[8.3415,12.48484],[8.33913,12.48711],[8.33678,12.48824],[8.33324,12.4905],[8.32972,12.49161],[8.32736,12.49273],[8.32617,12.49502],[8.32262,12.49843],[8.32024,12.50185],[8.3167,12.50412],[8.3155,12.50756],[8.31311,12.51213],[8.31189,12.51672],[8.31183,12.52248],[8.31179,12.52593],[8.31177,12.52824],[8.31174,12.53054],[8.31169,12.53514],[8.31167,12.53745],[8.31163,12.5409],[8.31041,12.54549],[8.31153,12.55011],[8.3115,12.55356],[8.31147,12.55587],[8.31145,12.55817],[8.31143,12.56047],[8.31139,12.56392],[8.3104,12.5674],[8.31132,12.57083],[8.31127,12.57544],[8.31123,12.57889],[8.31002,12.58233],[8.30528,12.58803],[8.30176,12.58914],[8.29705,12.59138],[8.29468,12.59366],[8.2923,12.59708],[8.29003,12.59999],[8.29201,12.60455],[8.29199,12.61147],[8.29197,12.62068],[8.28842,12.63218],[8.28606,12.64023],[8.28136,12.64135],[8.27666,12.64131],[8.2708,12.63782],[8.26729,12.63549],[8.26025,12.63429],[8.25203,12.63653],[8.24967,12.63997],[8.24496,12.64801],[8.24144,12.64798],[8.23674,12.64795],[8.2301,12.64501],[8.22619,12.64327],[8.22267,12.64209],[8.21446,12.63973],[8.20625,12.63852],[8.20154,12.64195],[8.19919,12.64423],[8.19801,12.64768],[8.1933,12.65226],[8.18508,12.6545],[8.17804,12.65561],[8.17334,12.65788],[8.16629,12.66014],[8.16159,12.66241],[8.15337,12.6635],[8.14985,12.66348],[8.14641,12.66325],[8.14369,12.66789],[8.14241,12.67007],[8.14509,12.67705],[8.14503,12.68281],[8.14617,12.68628],[8.1473,12.68975],[8.14958,12.69553],[8.14954,12.69899],[8.14999,12.70129],[8.15065,12.70476],[8.15061,12.70936],[8.15174,12.71283],[8.15086,12.71689],[8.15266,12.71941],[8.15908,12.73151],[8.1661,12.74308],[8.16713,12.75498],[8.17076,12.75809],[8.17349,12.7603],[8.1746,12.76607],[8.17418,12.77078],[8.17355,12.77788],[8.17188,12.78114],[8.17304,12.78576],[8.17303,12.78792],[8.17303,12.79022],[8.17302,12.79497],[8.16792,12.80406],[8.16594,12.8076],[8.16476,12.81335],[8.1624,12.81909],[8.16942,12.82721],[8.17058,12.83182],[8.17109,12.83333],[8.17524,12.8343],[8.17881,12.836],[8.18181,12.83713],[8.18539,12.83854],[8.18718,12.83918],[8.1905,12.83811],[8.19959,12.83891],[8.20662,12.839],[8.21483,12.83794],[8.21993,12.83735],[8.22287,12.83693],[8.22473,12.83609],[8.22903,12.8347],[8.23003,12.83456],[8.23203,12.8347],[8.23346,12.83569],[8.23517,12.83724],[8.23746,12.83809],[8.23857,12.83809],[8.23946,12.83809],[8.24132,12.83781],[8.24476,12.83684],[8.24557,12.83705],[8.2491,12.83731],[8.25463,12.83843],[8.25931,12.83848],[8.26328,12.83943],[8.2745,12.84212],[8.28034,12.84334],[8.28468,12.84221],[8.2938,12.83959],[8.29834,12.84074],[8.30317,12.84182],[8.30729,12.84199],[8.31375,12.84203],[8.31574,12.84169],[8.32316,12.8404],[8.32534,12.84166],[8.33018,12.84445],[8.33605,12.84219],[8.3401,12.83946],[8.35015,12.83422],[8.3619,12.82969],[8.37247,12.82746],[8.37717,12.82519],[8.38304,12.82523],[8.39008,12.82528],[8.39901,12.82706],[8.39948,12.82681],[8.40371,12.82458],[8.41145,12.82269],[8.42016,12.81985],[8.43372,12.81607],[8.44049,12.81655],[8.45499,12.82608],[8.46321,12.82847],[8.47481,12.83182],[8.48255,12.83421],[8.48699,12.83609],[8.48865,12.83633],[8.49564,12.83448],[8.49886,12.83362],[8.50302,12.83388],[8.507,12.83533],[8.51213,12.83303],[8.51564,12.83536],[8.52386,12.83427],[8.52738,12.83429],[8.5356,12.83435],[8.5366,12.83414],[8.54617,12.83212],[8.55674,12.82989],[8.56261,12.82762],[8.57201,12.82308],[8.57671,12.82081],[8.58141,12.81853],[8.58381,12.81621],[8.59082,12.81169],[8.59317,12.8071],[8.59554,12.7979],[8.59557,12.78868],[8.60027,12.78641],[8.60058,12.78518],[8.59959,12.77983],[8.59713,12.77496],[8.59565,12.77058],[8.59565,12.76669],[8.5993,12.7649],[8.60502,12.76109],[8.60973,12.75306],[8.6074,12.74844],[8.60741,12.74498],[8.60742,12.74037],[8.61213,12.73349],[8.61682,12.73237],[8.62387,12.73242],[8.6356,12.7325],[8.64735,12.73028],[8.65087,12.73031],[8.65792,12.72459],[8.66145,12.72116],[8.67087,12.70971],[8.6771,12.70517],[8.68027,12.70286],[8.68263,12.69827],[8.68732,12.69854],[8.68777,12.69525],[8.69421,12.69088],[8.69767,12.69185],[8.69915,12.69429],[8.69865,12.69769],[8.70162,12.70305],[8.71053,12.69965],[8.71498,12.69819],[8.72389,12.69139],[8.7267,12.68761],[8.72786,12.68604],[8.7313,12.68029],[8.73281,12.67777],[8.73875,12.67583],[8.74271,12.67778],[8.75211,12.67438],[8.75607,12.67535],[8.76744,12.68315],[8.77635,12.68802],[8.78575,12.68413],[8.79268,12.67586],[8.79714,12.67587],[8.80802,12.67976],[8.81198,12.68317],[8.81544,12.69047],[8.81841,12.69193],[8.82484,12.69096],[8.82979,12.69291],[8.83622,12.68805],[8.84711,12.68221],[8.85552,12.68222],[8.86393,12.68514],[8.87185,12.68758],[8.88075,12.69342],[8.90252,12.70315],[8.9139,12.7051],[8.9238,12.71289],[8.93073,12.72019],[8.93629,12.72742],[8.93843,12.72884],[8.94312,12.73233],[8.94682,12.73949],[8.94738,12.7434],[8.94778,12.74618],[8.95246,12.75198],[8.95456,12.75385],[8.95691,12.75595],[8.95775,12.75994],[8.95823,12.76223],[8.96019,12.76611],[8.95972,12.76937],[8.96139,12.77052],[8.96179,12.77623],[8.96413,12.78086],[8.96529,12.78778],[8.96763,12.79125],[8.96762,12.79586],[8.96643,12.79931],[8.96759,12.80508],[8.96994,12.8074],[8.97039,12.81023],[8.97734,12.81723],[8.98083,12.81957],[8.98634,12.81903],[8.99103,12.82021],[8.99573,12.81909],[8.99925,12.81912],[9.00277,12.81799],[9.00629,12.81802],[9.00982,12.81689],[9.01334,12.81576],[9.01804,12.81579],[9.02273,12.81583],[9.02626,12.8147],[9.03213,12.81474],[9.03708,12.81449],[9.04151,12.8148],[9.04503,12.81598],[9.04737,12.8183],[9.04971,12.82177],[9.04971,12.82523],[9.04852,12.82868],[9.04616,12.83442],[9.04521,12.83721],[9.06152,12.8367],[9.07395,12.83687],[9.08182,12.83478],[9.0944,12.83609],[9.11328,12.83477],[9.1374,12.83425],[9.14239,12.83268],[9.14711,12.83373],[9.16074,12.83373],[9.18093,12.8277],[9.20715,12.82796],[9.22549,12.82831],[9.23048,12.82403],[9.24674,12.82455],[9.2609,12.81878],[9.27202,12.81763],[9.28712,12.81249],[9.29718,12.81229],[9.31229,12.81118],[9.33303,12.81305],[9.34076,12.81444],[9.35476,12.81695],[9.37497,12.81839],[9.3813,12.81866],[9.38989,12.82245],[9.41533,12.8214],[9.42922,12.82193],[9.43604,12.81878],[9.46268,12.81458],[9.49471,12.81],[9.53361,12.80848],[9.54962,12.80772],[9.56504,12.80672],[9.57002,12.80777],[9.57463,12.80718],[9.57932,12.80723],[9.58283,12.80728],[9.5969,12.80514],[9.60159,12.8052],[9.60675,12.80611],[9.61669,12.80515],[9.62849,12.80515],[9.64737,12.80357],[9.65366,12.80436],[9.65592,12.80717],[9.65811,12.80912],[9.66594,12.80943],[9.67063,12.80949],[9.67881,12.81074],[9.68232,12.81078],[9.68935,12.81087],[9.69168,12.81205],[9.69636,12.8121],[9.70042,12.81215],[9.70221,12.81217],[9.71159,12.81114],[9.71628,12.81119],[9.7233,12.81128],[9.72647,12.8121],[9.73619,12.81028],[9.74088,12.81034],[9.7444,12.80923],[9.74791,12.80927],[9.75259,12.80933],[9.75813,12.8094],[9.75845,12.8094],[9.7643,12.80947],[9.77015,12.81069],[9.77366,12.81073],[9.78067,12.81197],[9.78651,12.81319],[9.78885,12.81322],[9.79587,12.81446],[9.79977,12.8145],[9.81223,12.81696],[9.81573,12.81815],[9.82042,12.81821],[9.82275,12.81939],[9.82741,12.82175],[9.83092,12.82179],[9.83326,12.82182],[9.84609,12.82658],[9.84843,12.82661],[9.85075,12.82894],[9.85658,12.83131],[9.85892,12.83134],[9.86475,12.83371],[9.86942,12.83492],[9.87408,12.83728],[9.8819,12.84436],[9.88568,12.84778],[9.88801,12.84896],[9.89266,12.85247],[9.89263,12.85478],[9.89494,12.85826],[9.89724,12.86174],[9.90072,12.86524],[9.90302,12.86872],[9.90649,12.87337],[9.90878,12.878],[9.90993,12.88031],[9.91106,12.88378],[9.91221,12.8861],[9.91452,12.88843],[9.91683,12.89191],[9.91796,12.89538],[9.92027,12.89886],[9.92024,12.90182],[9.92573,12.91298],[9.93088,12.92199],[9.93359,12.92597],[9.93685,12.93233],[9.93984,12.93896],[9.94418,12.9432],[9.94932,12.9469],[9.95284,12.94928],[9.95744,12.95086],[9.96474,12.95164],[9.96987,12.95136],[9.97419,12.95029],[9.97527,12.95029],[9.97771,12.95134],[9.98176,12.95292],[9.98663,12.9553],[9.99124,12.95927],[9.99395,12.96139],[10.00829,12.96825],[10.01451,12.96877],[10.01964,12.96769],[10.02153,12.96901],[10.03641,12.97402],[10.05128,12.9769],[10.06453,12.97951],[10.07048,12.98029],[10.07752,12.98452],[10.08442,12.98782],[10.10741,12.99439],[10.11714,12.99409],[10.12902,12.99167],[10.13496,12.98979],[10.14711,12.9871],[10.15063,12.98789],[10.15686,12.99238],[10.16674,12.99885],[10.17758,13.00705],[10.18435,13.01048],[10.19491,13.01602],[10.20059,13.01919],[10.20519,13.02077],[10.20898,13.02129],[10.21249,13.02075],[10.21789,13.01967],[10.22221,13.017],[10.22625,13.0138],[10.22868,13.01193],[10.23002,13.0106]]]]}},{"type":"Feature","id":"NG019","properties":{"admin1Pcod":"NG019","admin1Name":"Kaduna","admin1RefN":"Kaduna","admin0Pcod":"NG","admin0Name":"Nigeria"},"geometry":{"type":"MultiPolygon","coordinates":[[[[8.16953,11.48727],[8.16955,11.47969],[8.16795,11.4725],[8.16716,11.46492],[8.16675,11.46082],[8.16667,11.46001],[8.16651,11.45844],[8.16637,11.45693],[8.16486,11.45177],[8.16044,11.44463],[8.15715,11.43869],[8.1527,11.43272],[8.14829,11.42558],[8.14267,11.41957],[8.13946,11.41131],[8.13609,11.4077],[8.13285,11.40061],[8.1308,11.39238],[8.13221,11.38543],[8.13599,11.3774],[8.14205,11.3706],[8.14804,11.36614],[8.15402,11.36167],[8.1588,11.35833],[8.16358,11.35499],[8.16707,11.3551],[8.17546,11.34838],[8.18739,11.34061],[8.19346,11.33382],[8.20081,11.32357],[8.208,11.31798],[8.21523,11.31122],[8.21996,11.30904],[8.23152,11.31175],[8.24192,11.31442],[8.25818,11.31612],[8.26761,11.31293],[8.2736,11.30846],[8.27444,11.30619],[8.27107,11.30253],[8.26384,11.2868],[8.26581,11.2777],[8.27501,11.27409],[8.27606,11.27125],[8.28205,11.26678],[8.28803,11.26231],[8.2941,11.25552],[8.29783,11.24865],[8.30282,11.23949],[8.30655,11.23261],[8.32109,11.21677],[8.3294,11.21238],[8.33755,11.21265],[8.34562,11.21524],[8.35935,11.22268],[8.36641,11.22058],[8.3734,11.22081],[8.38259,11.22461],[8.38949,11.22716],[8.39993,11.22867],[8.41502,11.23033],[8.42334,11.22594],[8.43402,11.22046],[8.44125,11.2137],[8.44972,11.20465],[8.4594,11.19448],[8.47008,11.189],[8.47639,11.17522],[8.48262,11.16377],[8.48977,11.15934],[8.50041,11.15502],[8.50095,11.1548],[8.50629,11.15263],[8.50997,11.15308],[8.51283,11.15218],[8.51687,11.1509],[8.52052,11.14636],[8.5243,11.13832],[8.52523,11.13143],[8.52587,11.12672],[8.52736,11.11744],[8.53716,11.10378],[8.54335,11.09349],[8.55752,11.08812],[8.5658,11.0849],[8.58005,11.0772],[8.59202,11.06827],[8.59692,11.06144],[8.59712,11.05562],[8.59781,11.03583],[8.59826,11.02302],[8.59859,11.01371],[8.599,11.00206],[8.59816,10.99271],[8.59711,10.98918],[8.59491,10.98561],[8.59391,10.98092],[8.59182,10.97386],[8.58853,10.96792],[8.58657,10.95737],[8.58336,10.94911],[8.58128,10.94205],[8.57683,10.93607],[8.57358,10.92897],[8.57149,10.92191],[8.57049,10.91722],[8.56849,10.90783],[8.56898,10.89386],[8.56722,10.87749],[8.56742,10.87166],[8.57004,10.86359],[8.57153,10.85432],[8.57318,10.84038],[8.57459,10.83344],[8.57491,10.82412],[8.57424,10.81011],[8.57452,10.80197],[8.57609,10.79036],[8.57767,10.77876],[8.57675,10.77174],[8.57703,10.76359],[8.57964,10.75551],[8.58138,10.73925],[8.58528,10.72772],[8.58793,10.71849],[8.58678,10.71458],[8.58297,10.71405],[8.57656,10.71281],[8.56761,10.71156],[8.56116,10.70909],[8.55603,10.70785],[8.5497,10.70906],[8.54464,10.71028],[8.53958,10.71149],[8.53452,10.7127],[8.52684,10.71146],[8.51901,10.70531],[8.5196,10.7024],[8.51369,10.69795],[8.51071,10.69559],[8.50817,10.69525],[8.51031,10.67167],[8.51425,10.65897],[8.51558,10.65435],[8.52165,10.64756],[8.52538,10.64069],[8.53611,10.63405],[8.54671,10.63089],[8.55377,10.62879],[8.56196,10.6279],[8.56894,10.62969],[8.57236,10.63057],[8.57701,10.63072],[8.58262,10.63213],[8.58744,10.63334],[8.58941,10.63449],[8.59594,10.6381],[8.60122,10.64424],[8.60898,10.64793],[8.61284,10.64917],[8.62044,10.64796],[8.62805,10.64676],[8.63434,10.64432],[8.6394,10.64311],[8.64697,10.64067],[8.65323,10.63701],[8.6569,10.63212],[8.6605,10.62478],[8.66271,10.61375],[8.66507,10.60763],[8.67238,10.59662],[8.67477,10.59172],[8.67833,10.58315],[8.68317,10.57459],[8.6856,10.57092],[8.68928,10.56602],[8.6943,10.56359],[8.70055,10.55992],[8.70936,10.55627],[8.71816,10.55261],[8.72326,10.55263],[8.72916,10.55035],[8.73589,10.54898],[8.74481,10.549],[8.7499,10.54902],[8.75631,10.55026],[8.76152,10.55395],[8.76418,10.55763],[8.76815,10.56254],[8.77336,10.56623],[8.7794,10.56267],[8.7768,10.55398],[8.77396,10.54417],[8.77381,10.53927],[8.77085,10.52578],[8.76796,10.51475],[8.76746,10.51228],[8.76893,10.50312],[8.7714,10.49214],[8.77141,10.48056],[8.76956,10.47629],[8.75601,10.47384],[8.75169,10.4714],[8.73868,10.46827],[8.73589,10.46565],[8.73188,10.45951],[8.72922,10.45583],[8.72907,10.45093],[8.73263,10.44236],[8.73372,10.43623],[8.73986,10.42889],[8.74743,10.42646],[8.75507,10.42648],[8.76395,10.42528],[8.77283,10.42407],[8.78423,10.42165],[8.78925,10.41921],[8.79681,10.41678],[8.80551,10.40945],[8.81165,10.40211],[8.81656,10.39599],[8.82023,10.3911],[8.82352,10.38328],[8.8204,10.38392],[8.81647,10.38597],[8.81078,10.38349],[8.80895,10.38148],[8.80502,10.38323],[8.79925,10.38298],[8.79339,10.38465],[8.78936,10.38833],[8.78726,10.38927],[8.7815,10.39184],[8.77756,10.3936],[8.77336,10.39507],[8.77179,10.39334],[8.77197,10.38949],[8.77416,10.38379],[8.77626,10.38003],[8.77648,10.37524],[8.7801,10.36957],[8.78997,10.35799],[8.79613,10.35251],[8.79737,10.3397],[8.79738,10.32568],[8.79,10.30555],[8.78262,10.29152],[8.76784,10.2848],[8.75059,10.2793],[8.73643,10.27502],[8.73106,10.27296],[8.72924,10.27176],[8.72558,10.26774],[8.71806,10.26354],[8.71046,10.26128],[8.70863,10.25926],[8.70304,10.25515],[8.69754,10.24912],[8.69579,10.24518],[8.68828,10.24098],[8.68461,10.23696],[8.68085,10.23486],[8.67352,10.22682],[8.66976,10.22472],[8.66234,10.2186],[8.65492,10.21248],[8.6495,10.20451],[8.64601,10.19664],[8.64829,10.18902],[8.64673,10.18122],[8.64726,10.16967],[8.64569,10.16187],[8.64395,10.15794],[8.63845,10.1519],[8.63304,10.14394],[8.62955,10.13606],[8.62816,10.12442],[8.62834,10.12056],[8.62869,10.11286],[8.63106,10.10331],[8.63517,10.0977],[8.64112,10.0941],[8.64514,10.09042],[8.64944,10.08096],[8.64979,10.07325],[8.65391,10.06764],[8.66021,10.05634],[8.66222,10.0545],[8.66843,10.04512],[8.67264,10.03759],[8.67483,10.03189],[8.67527,10.02226],[8.67947,10.01473],[8.67992,10.00509],[8.67661,9.99336],[8.67303,9.98741],[8.66735,9.98523],[8.66176,9.98112],[8.65223,9.97877],[8.6407,9.97825],[8.63484,9.97993],[8.62724,9.97766],[8.62462,9.97701],[8.61771,9.9753],[8.61422,9.96743],[8.61056,9.9634],[8.61082,9.95762],[8.61686,9.9521],[8.6229,9.94658],[8.62911,9.9372],[8.63322,9.93159],[8.6355,9.92397],[8.63586,9.91626],[8.62852,9.90822],[8.62678,9.90428],[8.6232,9.89833],[8.61962,9.89238],[8.61814,9.88266],[8.62033,9.87696],[8.62655,9.86759],[8.62883,9.85997],[8.62909,9.85419],[8.62954,9.84455],[8.62806,9.83484],[8.63025,9.82914],[8.63052,9.82336],[8.62989,9.8192],[8.63157,9.80841],[8.63158,9.79621],[8.63221,9.78768],[8.63714,9.77426],[8.63715,9.76634],[8.63162,9.75901],[8.62779,9.75762],[8.62411,9.75358],[8.62036,9.75148],[8.61547,9.7424],[8.61119,9.74142],[8.60359,9.73915],[8.59956,9.73794],[8.59433,9.73102],[8.59285,9.7213],[8.59531,9.70983],[8.59557,9.70405],[8.59776,9.69836],[8.59812,9.69065],[8.59655,9.68286],[8.59481,9.67892],[8.59307,9.67498],[8.58765,9.66702],[8.58188,9.66676],[8.57603,9.66843],[8.56632,9.66993],[8.56248,9.66976],[8.55505,9.66364],[8.55367,9.652],[8.55997,9.64069],[8.56024,9.63491],[8.56444,9.62738],[8.56663,9.62168],[8.56698,9.61398],[8.56734,9.60627],[8.56586,9.59655],[8.56228,9.5906],[8.56045,9.58859],[8.55504,9.58063],[8.55365,9.56898],[8.55629,9.55366],[8.55454,9.54972],[8.55562,9.54733],[8.55883,9.54026],[8.55901,9.5364],[8.56138,9.52686],[8.56357,9.52116],[8.56585,9.51354],[8.56822,9.50399],[8.57029,9.49861],[8.57443,9.49462],[8.58056,9.48717],[8.58623,9.48157],[8.59362,9.47879],[8.60224,9.47655],[8.60242,9.47269],[8.60512,9.46674],[8.60757,9.464],[8.60812,9.46135],[8.6089,9.45754],[8.61319,9.44808],[8.61766,9.43476],[8.61967,9.43292],[8.6237,9.42924],[8.6279,9.4217],[8.63183,9.41995],[8.63612,9.41048],[8.63823,9.40672],[8.64234,9.40111],[8.64837,9.39558],[8.65615,9.394],[8.66489,9.39318],[8.66952,9.39652],[8.67941,9.39117],[8.68334,9.38941],[8.68728,9.38766],[8.6913,9.38398],[8.69541,9.37837],[8.69561,9.37408],[8.69586,9.36873],[8.69246,9.35893],[8.69071,9.35499],[8.68941,9.34142],[8.69143,9.33958],[8.69397,9.32618],[8.69415,9.32233],[8.69809,9.32057],[8.69267,9.31261],[8.68927,9.3028],[8.68753,9.29887],[8.6844,9.28328],[8.67898,9.27532],[8.67156,9.2692],[8.66579,9.26894],[8.6581,9.2686],[8.64866,9.26432],[8.64307,9.26021],[8.64133,9.25628],[8.63949,9.25426],[8.63592,9.24831],[8.6382,9.24069],[8.64222,9.23701],[8.64607,9.23718],[8.65091,9.23471],[8.65531,9.2285],[8.6571,9.2265],[8.65334,9.21976],[8.65334,9.21419],[8.65111,9.2064],[8.64438,9.20082],[8.62645,9.19189],[8.62647,9.17407],[8.62425,9.14957],[8.61755,9.12394],[8.61117,9.10594],[8.61022,9.10505],[8.60498,9.10014],[8.59452,9.09154],[8.58662,9.08294],[8.57999,9.07434],[8.57605,9.07066],[8.57073,9.06329],[8.56683,9.06083],[8.56402,9.05225],[8.56245,9.04244],[8.55968,9.03508],[8.55949,9.02895],[8.55413,9.02036],[8.54757,9.01422],[8.54109,9.01052],[8.53326,9.00438],[8.52172,9.0019],[8.51404,9.00065],[8.50894,9.00064],[8.50435,9.00143],[8.49859,9.01131],[8.49418,9.02364],[8.49066,9.03774],[8.48662,9.04279],[8.47908,9.0522],[8.47656,9.05535],[8.47437,9.06997],[8.47392,9.07297],[8.47142,9.0766],[8.4667,9.08344],[8.46233,9.08977],[8.4563,9.09852],[8.45432,9.10139],[8.44661,9.11262],[8.44197,9.11648],[8.43697,9.12065],[8.43075,9.12583],[8.423,9.13559],[8.41821,9.14169],[8.40955,9.1507],[8.39583,9.16223],[8.38777,9.17569],[8.38149,9.18109],[8.38067,9.18179],[8.36662,9.18354],[8.33951,9.18896],[8.33513,9.19243],[8.33378,9.19266],[8.33268,9.19285],[8.33169,9.19302],[8.32737,9.19434],[8.32459,9.19519],[8.32248,9.19584],[8.31866,9.19701],[8.31526,9.19805],[8.31201,9.19905],[8.30982,9.19972],[8.30823,9.20021],[8.30616,9.20086],[8.30284,9.20191],[8.29978,9.20288],[8.29804,9.20343],[8.29626,9.20399],[8.29441,9.20457],[8.29286,9.20477],[8.29086,9.20502],[8.28917,9.20523],[8.28656,9.20556],[8.28491,9.20578],[8.28246,9.20559],[8.28085,9.20547],[8.27875,9.20471],[8.27821,9.20452],[8.27771,9.20434],[8.27581,9.20367],[8.27428,9.20312],[8.27184,9.20225],[8.26894,9.20123],[8.26474,9.19975],[8.2642,9.19955],[8.26364,9.19936],[8.26178,9.1987],[8.25786,9.19591],[8.25566,9.19434],[8.25517,9.194],[8.25324,9.19262],[8.25102,9.19098],[8.24814,9.18225],[8.25588,9.17869],[8.25412,9.17428],[8.25228,9.16694],[8.25147,9.16371],[8.24355,9.15578],[8.24119,9.14872],[8.23985,9.1447],[8.23826,9.13993],[8.2316,9.13403],[8.22994,9.13257],[8.22349,9.12687],[8.21535,9.11966],[8.20623,9.11054],[8.20107,9.10538],[8.18607,9.09038],[8.18188,9.08619],[8.17539,9.08026],[8.16541,9.07116],[8.1648,9.07061],[8.16042,9.0666],[8.15538,9.06307],[8.14935,9.05885],[8.14312,9.05447],[8.13998,9.05337],[8.13528,9.05171],[8.12814,9.04919],[8.10788,9.05271],[8.10259,9.06328],[8.10137,9.07545],[8.10083,9.0809],[8.1007,9.08569],[8.10043,9.09603],[8.09995,9.11438],[8.0997,9.12363],[8.09907,9.14786],[8.09896,9.15125],[8.09859,9.16278],[8.09916,9.16339],[8.1019,9.16718],[8.10613,9.17381],[8.10752,9.17855],[8.10803,9.1804],[8.11109,9.19152],[8.11413,9.20255],[8.11445,9.21004],[8.1145,9.21107],[8.11493,9.22117],[8.115,9.22272],[8.11491,9.22435],[8.11109,9.22906],[8.09564,9.24008],[8.09364,9.24151],[8.09331,9.24183],[8.08817,9.24681],[8.08486,9.25008],[8.0764,9.25844],[8.07272,9.26235],[8.06357,9.27223],[8.06165,9.27234],[8.06109,9.27252],[8.0593,9.27308],[8.04577,9.27736],[8.04024,9.28097],[8.03112,9.28694],[8.02548,9.29062],[8.02286,9.29233],[8.01578,9.29687],[8.00606,9.30309],[8.00084,9.30643],[7.99731,9.31436],[7.99732,9.31778],[7.99731,9.32493],[7.99834,9.32863],[8.00172,9.34079],[7.99908,9.354],[7.99323,9.35929],[7.98718,9.36477],[7.98058,9.37074],[7.94408,9.39888],[7.93829,9.40334],[7.92067,9.4051],[7.9148,9.40046],[7.90393,9.39188],[7.90164,9.38902],[7.88984,9.37426],[7.88391,9.36504],[7.88191,9.36193],[7.87844,9.35653],[7.86587,9.33698],[7.85812,9.32493],[7.85463,9.32],[7.84666,9.31689],[7.84464,9.3161],[7.84378,9.31568],[7.84,9.31384],[7.8381,9.31289],[7.83388,9.31078],[7.83117,9.31033],[7.82816,9.30972],[7.82727,9.31007],[7.82444,9.31126],[7.82326,9.31176],[7.82107,9.31281],[7.82063,9.31302],[7.81506,9.3176],[7.80293,9.32498],[7.80219,9.32544],[7.80054,9.32616],[7.79752,9.32753],[7.78925,9.33111],[7.78273,9.33287],[7.77738,9.33403],[7.76993,9.33563],[7.76849,9.33603],[7.76758,9.33629],[7.75736,9.34021],[7.75217,9.34231],[7.75133,9.34265],[7.75071,9.34299],[7.7489,9.34396],[7.74637,9.34546],[7.74075,9.34878],[7.73779,9.34779],[7.73181,9.33578],[7.72987,9.33188],[7.71959,9.34635],[7.67239,9.41128],[7.66163,9.41393],[7.58988,9.43161],[7.50975,9.36105],[7.4966,9.36225],[7.47627,9.37062],[7.46311,9.36823],[7.44518,9.36942],[7.41767,9.36703],[7.39854,9.35746],[7.39384,9.354],[7.38817,9.34982],[7.37649,9.36333],[7.36039,9.36702],[7.35024,9.36469],[7.3467,9.36387],[7.34376,9.36317],[7.33533,9.36116],[7.32839,9.36384],[7.32124,9.3666],[7.31496,9.36468],[7.30879,9.36279],[7.29832,9.35844],[7.29073,9.35529],[7.28265,9.35194],[7.28009,9.35087],[7.27327,9.34985],[7.2703,9.34941],[7.26709,9.35141],[7.26496,9.35301],[7.26289,9.35456],[7.26059,9.35629],[7.25777,9.35936],[7.25463,9.36279],[7.25501,9.36586],[7.25626,9.37579],[7.25928,9.37942],[7.26547,9.38684],[7.2698,9.39203],[7.27575,9.39773],[7.28039,9.40216],[7.28225,9.40395],[7.28492,9.40585],[7.28983,9.40936],[7.28976,9.41283],[7.28951,9.42544],[7.28503,9.42987],[7.27954,9.43536],[7.2766,9.43863],[7.27467,9.44078],[7.2674,9.43956],[7.26492,9.43915],[7.26112,9.43995],[7.25782,9.44065],[7.25463,9.44132],[7.24705,9.43915],[7.24109,9.43753],[7.23784,9.43699],[7.22795,9.44358],[7.22159,9.44782],[7.22282,9.45344],[7.2243,9.46027],[7.22133,9.46702],[7.21944,9.47133],[7.21834,9.47381],[7.21734,9.47616],[7.21491,9.48184],[7.21347,9.48519],[7.21308,9.4877],[7.21239,9.49223],[7.2113,9.50089],[7.21555,9.50334],[7.2206,9.49577],[7.22278,9.49549],[7.22733,9.49492],[7.23406,9.50922],[7.2391,9.51848],[7.24419,9.52042],[7.24654,9.52132],[7.25144,9.52319],[7.25388,9.52413],[7.26097,9.52689],[7.26345,9.52968],[7.26776,9.53455],[7.27269,9.54012],[7.27694,9.54492],[7.28334,9.55214],[7.28423,9.55314],[7.28517,9.55421],[7.28539,9.55512],[7.28558,9.55562],[7.28569,9.55616],[7.28731,9.56369],[7.29003,9.57633],[7.29268,9.58869],[7.29323,9.59122],[7.29367,9.593],[7.29406,9.5941],[7.31145,9.60004],[7.31511,9.60131],[7.31582,9.60141],[7.32511,9.6027],[7.33367,9.60666],[7.33706,9.61403],[7.34139,9.61838],[7.34352,9.62265],[7.34301,9.62535],[7.34215,9.62968],[7.34111,9.63198],[7.33947,9.63541],[7.33873,9.63696],[7.32694,9.64953],[7.32256,9.65421],[7.31733,9.65979],[7.3144,9.66439],[7.31144,9.66904],[7.30407,9.67346],[7.29938,9.67628],[7.29468,9.6791],[7.29041,9.68166],[7.28284,9.68418],[7.282,9.69175],[7.28383,9.69565],[7.2867,9.70173],[7.28873,9.70605],[7.28607,9.71191],[7.28329,9.71802],[7.28032,9.72456],[7.27107,9.73213],[7.26849,9.73213],[7.24499,9.73213],[7.2248,9.73886],[7.21471,9.74895],[7.20474,9.7583],[7.20673,9.7658],[7.20755,9.7689],[7.2105,9.78007],[7.21491,9.78255],[7.22084,9.78588],[7.22396,9.78764],[7.23153,9.79101],[7.25172,9.79437],[7.25677,9.79016],[7.26013,9.7868],[7.2677,9.78344],[7.27359,9.78344],[7.27864,9.7868],[7.28537,9.78932],[7.29125,9.80026],[7.29294,9.81119],[7.29209,9.82381],[7.29108,9.82886],[7.28873,9.84063],[7.29294,9.85157],[7.2949,9.85305],[7.29966,9.85662],[7.30051,9.8625],[7.2965,9.86985],[7.29546,9.87176],[7.29546,9.88],[7.29546,9.88774],[7.29798,9.89867],[7.29378,9.90793],[7.28789,9.92307],[7.28714,9.92607],[7.28537,9.93316],[7.28547,9.93518],[7.28577,9.94115],[7.28621,9.94998],[7.28452,9.95755],[7.28314,9.96055],[7.28108,9.96499],[7.28054,9.97108],[7.28032,9.97353],[7.28032,9.98363],[7.28032,9.98904],[7.28108,9.99374],[7.28032,9.99961],[7.27991,10.00228],[7.27864,10.01054],[7.2778,10.01643],[7.27324,10.02351],[7.27022,10.02821],[7.26465,10.03219],[7.25845,10.03662],[7.25407,10.03923],[7.25073,10.03942],[7.24079,10.03998],[7.23237,10.04335],[7.22909,10.03842],[7.22669,10.03884],[7.22213,10.03726],[7.21602,10.03741],[7.21387,10.03998],[7.20714,10.04167],[7.20041,10.03326],[7.19368,10.02989],[7.18863,10.02737],[7.17938,10.02737],[7.16676,10.03326],[7.15667,10.0341],[7.14994,10.03494],[7.13817,10.03578],[7.12555,10.0341],[7.12303,10.02989],[7.11209,10.02653],[7.10536,10.02653],[7.10368,10.03157],[7.10031,10.02989],[7.0919,10.03241],[7.08517,10.03662],[7.06499,10.04251],[7.03386,10.04419],[7.01872,10.0383],[7.00779,10.04503],[6.9834,10.04587],[6.96237,10.04671],[6.95227,10.04756],[6.9405,10.06101],[6.9262,10.06774],[6.91442,10.07784],[6.90636,10.07784],[6.90433,10.07784],[6.90118,10.07638],[6.89253,10.09302],[6.88209,10.11711],[6.8853,10.15084],[6.88835,10.15313],[6.89494,10.15807],[6.90377,10.16852],[6.90546,10.17095],[6.911,10.17896],[6.91502,10.18859],[6.92144,10.191],[6.92364,10.18913],[6.92707,10.18619],[6.92867,10.18056],[6.93671,10.18056],[6.93992,10.18056],[6.94233,10.18056],[6.94715,10.18538],[6.95447,10.192],[6.95919,10.20225],[6.9608,10.20707],[6.96562,10.2151],[6.96723,10.22233],[6.97044,10.23277],[6.97847,10.24],[6.98249,10.24401],[6.98409,10.24],[6.98489,10.23681],[6.98731,10.23679],[6.9905,10.24084],[6.99614,10.24482],[7.00257,10.24723],[7.0029,10.24492],[7.00337,10.2416],[7.00819,10.24241],[7.00913,10.24711],[7.00979,10.25044],[7.01713,10.26605],[7.01943,10.27373],[7.02586,10.28016],[7.03228,10.28739],[7.04032,10.28899],[7.04594,10.2914],[7.04915,10.30104],[7.04995,10.31068],[7.05076,10.3171],[7.04663,10.32261],[7.04353,10.32674],[7.03389,10.34361],[7.02911,10.34727],[7.02477,10.35059],[7.02024,10.35405],[7.00639,10.35617],[7.00338,10.35663],[7.00039,10.35655],[6.99694,10.35646],[6.9912,10.35933],[6.98891,10.36048],[6.98628,10.36146],[6.97721,10.36483],[6.96506,10.3628],[6.9608,10.36208],[6.95118,10.3608],[6.94875,10.36048],[6.94059,10.36093],[6.9343,10.36128],[6.93021,10.36577],[6.92626,10.37012],[6.92477,10.37572],[6.92305,10.38216],[6.92843,10.40304],[6.93349,10.4175],[6.93767,10.43143],[6.93831,10.43357],[6.94256,10.44248],[6.94634,10.45043],[6.94901,10.45443],[6.95042,10.45656],[6.95437,10.46248],[6.95413,10.46805],[6.95352,10.48218],[6.94795,10.4914],[6.9359,10.50023],[6.92917,10.51248],[6.92707,10.5163],[6.92266,10.52423],[6.91903,10.53075],[6.91432,10.53605],[6.91261,10.53798],[6.90526,10.54077],[6.90024,10.54267],[6.89573,10.54438],[6.88932,10.54682],[6.88209,10.55083],[6.8743,10.55326],[6.8691,10.55536],[6.86313,10.55194],[6.86121,10.55083],[6.85639,10.53798],[6.84916,10.53075],[6.84434,10.52834],[6.83952,10.53156],[6.8355,10.53798],[6.83952,10.54923],[6.84113,10.55726],[6.84165,10.56727],[6.84193,10.57252],[6.84138,10.57469],[6.83872,10.58537],[6.83607,10.59302],[6.8351,10.59581],[6.82948,10.59983],[6.82979,10.60451],[6.83028,10.61187],[6.83009,10.61496],[6.82948,10.62473],[6.8235,10.63108],[6.8191,10.63575],[6.81663,10.63838],[6.81444,10.63915],[6.80297,10.6432],[6.79923,10.64208],[6.79494,10.64079],[6.7853,10.63918],[6.78228,10.63965],[6.77486,10.64079],[6.76536,10.64364],[6.7588,10.64561],[6.75005,10.64663],[6.74478,10.64725],[6.74232,10.6475],[6.73477,10.64825],[6.72908,10.64882],[6.72689,10.64772],[6.72266,10.64561],[6.71703,10.64079],[6.7159,10.63852],[6.71382,10.63436],[6.71749,10.62807],[6.71944,10.62473],[6.72426,10.6175],[6.72507,10.61453],[6.72667,10.60866],[6.72988,10.60304],[6.73149,10.59661],[6.72931,10.5938],[6.72587,10.58939],[6.70985,10.58754],[6.70523,10.58827],[6.70049,10.58902],[6.69615,10.59099],[6.68618,10.58994],[6.68089,10.58939],[6.67778,10.58986],[6.67123,10.59087],[6.66857,10.59126],[6.65329,10.5928],[6.64707,10.59343],[6.6365,10.59001],[6.63051,10.58811],[6.62411,10.58608],[6.61811,10.58419],[6.61423,10.58296],[6.61078,10.58173],[6.60624,10.58011],[6.60298,10.57894],[6.59702,10.57716],[6.58692,10.57412],[6.58318,10.56986],[6.58129,10.5677],[6.57778,10.56263],[6.57407,10.55726],[6.5694,10.55492],[6.56655,10.5535],[6.56121,10.55083],[6.5561,10.54694],[6.55159,10.54556],[6.54917,10.54521],[6.54033,10.54521],[6.53473,10.55081],[6.5323,10.55324],[6.52507,10.56449],[6.52159,10.57283],[6.52106,10.58216],[6.52185,10.58532],[6.52427,10.59501],[6.51969,10.59959],[6.51383,10.60545],[6.51179,10.60658],[6.5066,10.60946],[6.5041,10.6104],[6.49375,10.61428],[6.48212,10.61018],[6.48009,10.60946],[6.47488,10.60615],[6.47126,10.60384],[6.46914,10.60297],[6.4576,10.59822],[6.45038,10.59501],[6.43913,10.5926],[6.43322,10.58905],[6.42919,10.58663],[6.42708,10.58537],[6.41825,10.57653],[6.40172,10.57348],[6.39656,10.57252],[6.39482,10.56774],[6.39254,10.56146],[6.39092,10.557],[6.39014,10.55485],[6.38797,10.55242],[6.37443,10.53726],[6.37006,10.53236],[6.36529,10.52941],[6.34461,10.51663],[6.32588,10.50505],[6.31189,10.49339],[6.3066,10.48899],[6.30357,10.48201],[6.30035,10.4746],[6.29857,10.47051],[6.28552,10.46398],[6.28251,10.46248],[6.27791,10.46114],[6.26323,10.45686],[6.26182,10.45467],[6.2544,10.4432],[6.25279,10.43437],[6.25121,10.42805],[6.25063,10.42571],[6.24958,10.42152],[6.24155,10.42152],[6.23914,10.42077],[6.2287,10.4175],[6.22648,10.41012],[6.21688,10.39471],[6.21501,10.39377],[6.20139,10.38698],[6.19083,10.38595],[6.17107,10.38402],[6.16846,10.38377],[6.1674,10.38548],[6.16393,10.39107],[6.15801,10.40064],[6.15526,10.4072],[6.1541,10.40997],[6.1532,10.42313],[6.15252,10.4282],[6.15159,10.43517],[6.15034,10.44309],[6.14918,10.45043],[6.14739,10.45207],[6.14034,10.45847],[6.13231,10.46409],[6.12973,10.46355],[6.11705,10.46088],[6.11278,10.45945],[6.105,10.45686],[6.10019,10.46409],[6.09648,10.47074],[6.09474,10.47387],[6.08974,10.47533],[6.09055,10.48095],[6.08653,10.51549],[6.09135,10.52272],[6.09055,10.53798],[6.09296,10.54601],[6.09858,10.54601],[6.10741,10.54682],[6.11464,10.54923],[6.12107,10.55324],[6.12348,10.56208],[6.12749,10.56931],[6.1291,10.58055],[6.12749,10.5934],[6.11464,10.59902],[6.11223,10.60545],[6.11304,10.61268],[6.12026,10.62714],[6.12267,10.63597],[6.12367,10.64044],[6.12428,10.6432],[6.12465,10.64617],[6.12508,10.64962],[6.1291,10.65605],[6.13216,10.65962],[6.13392,10.66167],[6.13713,10.6697],[6.13553,10.67774],[6.13223,10.67899],[6.11866,10.68416],[6.11384,10.68978],[6.11143,10.69541],[6.1042,10.69942],[6.09537,10.69781],[6.09135,10.70022],[6.09135,10.70826],[6.09778,10.71549],[6.1034,10.7187],[6.10581,10.72512],[6.10822,10.73316],[6.11024,10.73586],[6.11304,10.73958],[6.11093,10.74484],[6.10982,10.74761],[6.10913,10.75301],[6.10822,10.75966],[6.10645,10.76117],[6.10259,10.76448],[6.09938,10.77091],[6.10179,10.77572],[6.10368,10.77973],[6.10581,10.78456],[6.10822,10.79098],[6.11063,10.79661],[6.11063,10.80114],[6.11063,10.80384],[6.10741,10.80946],[6.10822,10.81347],[6.11545,10.81347],[6.12107,10.81428],[6.12508,10.81829],[6.1291,10.82151],[6.1311,10.82404],[6.13026,10.82846],[6.12589,10.83355],[6.12107,10.83516],[6.11866,10.83757],[6.12267,10.8448],[6.13713,10.85203],[6.14091,10.8525],[6.14356,10.85283],[6.14998,10.85283],[6.15456,10.85539],[6.15882,10.86167],[6.16001,10.86381],[6.1613,10.86613],[6.1673,10.86613],[6.17408,10.86817],[6.18154,10.87224],[6.189,10.87156],[6.19172,10.86885],[6.19647,10.86817],[6.20121,10.86342],[6.20596,10.86342],[6.208,10.86885],[6.208,10.8736],[6.21139,10.87902],[6.21749,10.88852],[6.22156,10.89123],[6.22631,10.8953],[6.22418,10.90275],[6.2236,10.9048],[6.2236,10.9109],[6.22835,10.91904],[6.2297,10.92786],[6.2297,10.93396],[6.23309,10.94075],[6.23377,10.94549],[6.23716,10.94617],[6.2453,10.94821],[6.24937,10.9516],[6.25141,10.95567],[6.25683,10.96042],[6.26362,10.96584],[6.27176,10.96313],[6.27718,10.96584],[6.28261,10.97737],[6.29075,10.98687],[6.29685,10.99501],[6.30092,11.00179],[6.30906,11.00925],[6.31449,11.01129],[6.31803,11.01394],[6.32263,11.01739],[6.3233,11.02078],[6.3233,11.02553],[6.32805,11.02621],[6.3332,11.02144],[6.33755,11.02146],[6.33985,11.02204],[6.34569,11.0235],[6.35052,11.02108],[6.35722,11.01943],[6.36387,11.02003],[6.36943,11.02621],[6.37485,11.03096],[6.38299,11.03367],[6.38774,11.03367],[6.39249,11.03367],[6.39859,11.03231],[6.40198,11.03028],[6.4047,11.03028],[6.41148,11.03028],[6.41759,11.02417],[6.41826,11.01875],[6.42,11.01413],[6.42844,11.0079],[6.43386,11.00315],[6.43929,10.9984],[6.44268,10.99908],[6.44675,11.00383],[6.45218,11.00247],[6.45828,10.99908],[6.46371,11.00111],[6.46642,11.00925],[6.46778,11.01671],[6.47185,11.02146],[6.47863,11.02214],[6.48677,11.0201],[6.49058,11.01725],[6.4922,11.01603],[6.49898,11.01468],[6.5078,11.01332],[6.51236,11.017],[6.51661,11.02078],[6.51729,11.02621],[6.52747,11.02756],[6.53493,11.02756],[6.54849,11.02824],[6.55731,11.02553],[6.56342,11.02485],[6.57562,11.0235],[6.58512,11.03028],[6.59161,11.0372],[6.59529,11.04113],[6.60683,11.04724],[6.61805,11.04775],[6.62175,11.04791],[6.63803,11.04995],[6.64549,11.04859],[6.65363,11.0547],[6.6577,11.0547],[6.66312,11.05673],[6.6638,11.06148],[6.66787,11.06216],[6.67058,11.06012],[6.6733,11.05809],[6.67601,11.05741],[6.68211,11.06284],[6.68958,11.06826],[6.69161,11.07301],[6.69025,11.0764],[6.6889,11.08047],[6.68822,11.08522],[6.68686,11.09064],[6.6889,11.09472],[6.69432,11.09471],[6.69704,11.09675],[6.70246,11.09472],[6.70653,11.09539],[6.71128,11.10218],[6.71603,11.10625],[6.71603,11.11032],[6.71399,11.11371],[6.70789,11.11438],[6.70653,11.1171],[6.70653,11.12185],[6.70999,11.1228],[6.71228,11.12344],[6.71399,11.13134],[6.71806,11.13609],[6.72213,11.14084],[6.72959,11.14355],[6.73366,11.14762],[6.73502,11.15373],[6.73163,11.16119],[6.73366,11.16526],[6.73909,11.16933],[6.74246,11.17453],[6.73977,11.1795],[6.73841,11.19035],[6.73434,11.1951],[6.73299,11.20188],[6.73672,11.20934],[6.7435,11.21681],[6.74486,11.22291],[6.74485,11.22834],[6.74689,11.23376],[6.74689,11.23783],[6.74553,11.24326],[6.7496,11.24801],[6.75299,11.25411],[6.75435,11.26293],[6.75964,11.26769],[6.76113,11.26903],[6.77334,11.27582],[6.78352,11.28124],[6.78962,11.28802],[6.79912,11.29481],[6.80861,11.30023],[6.81616,11.30998],[6.82349,11.30917],[6.82837,11.30754],[6.83894,11.31811],[6.84789,11.32544],[6.85114,11.33194],[6.85521,11.33682],[6.86416,11.34008],[6.86904,11.35146],[6.87473,11.36448],[6.88286,11.37424],[6.88545,11.3772],[6.88856,11.38075],[6.89365,11.37988],[6.89582,11.37946],[6.89817,11.38178],[6.91107,11.38303],[6.91929,11.38308],[6.92399,11.38081],[6.92869,11.37739],[6.93457,11.37397],[6.94044,11.37286],[6.94632,11.36829],[6.94985,11.36486],[6.95455,11.36259],[6.95925,11.36032],[6.9616,11.35803],[6.96865,11.35693],[6.97569,11.35697],[6.98155,11.35932],[6.98859,11.36052],[6.99563,11.36057],[7.00267,11.36177],[7.00619,11.36179],[7.01089,11.35952],[7.01325,11.35723],[7.01561,11.35149],[7.01797,11.34575],[7.02033,11.34115],[7.02386,11.33657],[7.02388,11.3262],[7.02273,11.31928],[7.02156,11.31467],[7.01454,11.3077],[7.0087,11.29384],[7.00519,11.29036],[7.00284,11.28804],[6.99933,11.28341],[6.99699,11.28109],[6.99348,11.27876],[6.98879,11.27527],[6.98645,11.27295],[6.98411,11.27063],[6.9806,11.266],[6.97825,11.26367],[6.97591,11.2602],[6.9724,11.25557],[6.9689,11.24979],[6.96773,11.24517],[6.97009,11.24288],[6.97361,11.24175],[6.98065,11.24411],[6.99004,11.24532],[7.00412,11.24657],[7.00882,11.2443],[7.01704,11.23975],[7.02292,11.23633],[7.0288,11.23177],[7.03585,11.22721],[7.04054,11.22954],[7.04406,11.22957],[7.04876,11.2273],[7.05699,11.2239],[7.06521,11.21935],[7.07344,11.21479],[7.07697,11.20906],[7.0852,11.20451],[7.09226,11.19879],[7.09578,11.19652],[7.09579,11.19191],[7.10521,11.1816],[7.10991,11.17818],[7.11344,11.1759],[7.11814,11.17132],[7.1205,11.16788],[7.12755,11.16217],[7.13109,11.15644],[7.13579,11.15186],[7.13933,11.14728],[7.14285,11.145],[7.14638,11.14157],[7.15225,11.1393],[7.15813,11.13819],[7.16399,11.13938],[7.16868,11.14057],[7.17689,11.14408],[7.18627,11.14991],[7.18978,11.15454],[7.19212,11.15686],[7.19916,11.15921],[7.20619,11.16156],[7.21088,11.1662],[7.21763,11.17047],[7.2212,11.17272],[7.22728,11.17784],[7.23079,11.18132],[7.23548,11.18596],[7.23664,11.19173],[7.23545,11.19633],[7.23427,11.19978],[7.23192,11.20322],[7.22956,11.20896],[7.2272,11.2124],[7.22484,11.21584],[7.22249,11.22043],[7.22013,11.22387],[7.21543,11.2273],[7.21307,11.23074],[7.20953,11.23993],[7.206,11.24451],[7.20364,11.24795],[7.20045,11.25262],[7.20127,11.25752],[7.20599,11.26144],[7.21385,11.26901],[7.222,11.27087],[7.23146,11.27274],[7.24778,11.27437],[7.25277,11.27648],[7.26984,11.28305],[7.28168,11.28493],[7.29195,11.28263],[7.29335,11.28234],[7.30013,11.27903],[7.3091,11.27544],[7.32149,11.26978],[7.33756,11.26725],[7.35178,11.2655],[7.35625,11.26707],[7.35886,11.27176],[7.35864,11.27483],[7.362,11.28706],[7.36434,11.29284],[7.36432,11.2986],[7.36431,11.30436],[7.36429,11.31127],[7.36662,11.31936],[7.36661,11.32281],[7.37011,11.3332],[7.37362,11.33784],[7.37713,11.34362],[7.38063,11.34941],[7.38297,11.35403],[7.38881,11.36559],[7.38998,11.37021],[7.39231,11.37483],[7.39348,11.37945],[7.39582,11.38177],[7.39933,11.3841],[7.40285,11.38527],[7.40288,11.38777],[7.41222,11.3934],[7.41574,11.39573],[7.42394,11.40155],[7.43215,11.40506],[7.43919,11.40741],[7.4474,11.40862],[7.45209,11.40866],[7.45561,11.40868],[7.46031,11.40986],[7.46383,11.40989],[7.46969,11.41108],[7.47791,11.40883],[7.48379,11.40542],[7.48967,11.40085],[7.49203,11.39626],[7.49087,11.39049],[7.49323,11.38475],[7.49794,11.37787],[7.49986,11.3707],[7.5035,11.36459],[7.50462,11.35969],[7.50706,11.35601],[7.51215,11.35603],[7.51856,11.35727],[7.52373,11.35973],[7.53014,11.36097],[7.54025,11.35855],[7.5503,11.35367],[7.55652,11.34878],[7.56139,11.34144],[7.56884,11.33533],[7.57757,11.32923],[7.58136,11.32801],[7.58514,11.3268],[7.59271,11.32436],[7.60024,11.32071],[7.60519,11.31582],[7.61006,11.30847],[7.61486,11.29868],[7.61977,11.29257],[7.62344,11.28767],[7.62715,11.28401],[7.62956,11.28323],[7.63472,11.28157],[7.64749,11.28283],[7.65652,11.28653],[7.65963,11.28801],[7.66143,11.2895],[7.66606,11.29226],[7.66975,11.29686],[7.67129,11.29992],[7.67531,11.30176],[7.67809,11.30269],[7.68705,11.30547],[7.69354,11.30794],[7.69435,11.30807],[7.69542,11.30868],[7.70441,11.31116],[7.71086,11.31362],[7.71726,11.31486],[7.72236,11.31488],[7.73,11.3149],[7.73382,11.3149],[7.73892,11.31492],[7.74664,11.31739],[7.75192,11.32353],[7.75308,11.32753],[7.75318,11.32983],[7.75193,11.33441],[7.75037,11.33807],[7.74788,11.3405],[7.74632,11.34538],[7.75,11.35426],[7.75276,11.36282],[7.76016,11.37048],[7.76514,11.3749],[7.77132,11.37366],[7.77747,11.37183],[7.78025,11.37507],[7.78415,11.37753],[7.7943,11.37633],[7.80577,11.37636],[7.81851,11.37639],[7.82495,11.37885],[7.83256,11.37765],[7.8339,11.37739],[7.83765,11.37667],[7.84069,11.37944],[7.84526,11.38027],[7.85233,11.37865],[7.85669,11.37949],[7.86292,11.38074],[7.86955,11.38445],[7.87245,11.38979],[7.88239,11.40048],[7.88654,11.40296],[7.89272,11.4045],[7.89739,11.40845],[7.9006,11.41117],[7.90341,11.41341],[7.90735,11.41656],[7.91076,11.419],[7.91979,11.42745],[7.92894,11.43241],[7.93715,11.4417],[7.93765,11.442],[7.9392,11.44495],[7.94332,11.45521],[7.94581,11.45891],[7.94955,11.45933],[7.96119,11.45813],[7.96679,11.45711],[7.96938,11.45879],[7.97224,11.46063],[7.98364,11.468],[7.99021,11.46987],[7.99748,11.47195],[8.00896,11.47698],[8.0251,11.48217],[8.03317,11.48477],[8.03363,11.48495],[8.03734,11.48471],[8.0397,11.48456],[8.04699,11.48179],[8.05266,11.48061],[8.06235,11.48502],[8.08175,11.49185],[8.08781,11.49586],[8.09103,11.50065],[8.10193,11.50906],[8.12052,11.51549],[8.13792,11.51553],[8.14884,11.51356],[8.15897,11.5084],[8.15978,11.50561],[8.16668,11.49604],[8.16953,11.48727]]]]}},{"type":"Feature","id":"NG020","properties":{"admin1Pcod":"NG020","admin1Name":"Kano","admin1RefN":"Kano","admin0Pcod":"NG","admin0Name":"Nigeria"},"geometry":{"type":"MultiPolygon","coordinates":[[[[8.30528,12.58803],[8.31002,12.58233],[8.31123,12.57889],[8.31127,12.57544],[8.31132,12.57083],[8.3104,12.5674],[8.31139,12.56392],[8.31143,12.56047],[8.31145,12.55817],[8.31147,12.55587],[8.3115,12.55356],[8.31153,12.55011],[8.31041,12.54549],[8.31163,12.5409],[8.31167,12.53745],[8.31169,12.53514],[8.31174,12.53054],[8.31177,12.52824],[8.31179,12.52593],[8.31183,12.52248],[8.31189,12.51672],[8.31311,12.51213],[8.3155,12.50756],[8.3167,12.50412],[8.32024,12.50185],[8.32262,12.49843],[8.32617,12.49502],[8.32736,12.49273],[8.32972,12.49161],[8.33324,12.4905],[8.33678,12.48824],[8.33913,12.48711],[8.3415,12.48484],[8.34385,12.48372],[8.3462,12.4826],[8.35092,12.4792],[8.35564,12.4758],[8.35802,12.47237],[8.3604,12.46895],[8.36042,12.46665],[8.36163,12.46321],[8.36283,12.46092],[8.3652,12.45749],[8.36757,12.45522],[8.36759,12.45292],[8.36997,12.44949],[8.37235,12.44607],[8.37473,12.44264],[8.38178,12.44042],[8.38309,12.44374],[8.3852,12.44852],[8.38517,12.45198],[8.38513,12.45543],[8.3851,12.45889],[8.38621,12.46466],[8.38734,12.46812],[8.38732,12.47043],[8.38846,12.47274],[8.38843,12.4762],[8.38957,12.47851],[8.39189,12.48084],[8.4035,12.4902],[8.40581,12.49368],[8.40928,12.49717],[8.41276,12.50067],[8.4139,12.50299],[8.41621,12.50647],[8.42039,12.51022],[8.42239,12.51368],[8.42194,12.51805],[8.42425,12.52153],[8.42828,12.52406],[8.42883,12.5308],[8.42998,12.53312],[8.43112,12.53659],[8.43525,12.54065],[8.43603,12.54319],[8.43956,12.54584],[8.43799,12.55049],[8.43914,12.5528],[8.44145,12.55628],[8.44257,12.5609],[8.44489,12.56324],[8.44603,12.56555],[8.44835,12.56788],[8.45067,12.57021],[8.45414,12.57371],[8.45761,12.57836],[8.45994,12.57954],[8.46108,12.58185],[8.4634,12.58418],[8.46354,12.58432],[8.46572,12.58652],[8.46739,12.5882],[8.47065,12.5872],[8.48058,12.58545],[8.49928,12.58603],[8.51389,12.58954],[8.52908,12.5907],[8.53196,12.59003],[8.53422,12.59026],[8.53471,12.59029],[8.54082,12.59414],[8.54568,12.59742],[8.54977,12.59919],[8.55335,12.59844],[8.5577,12.59769],[8.56129,12.59643],[8.56462,12.59535],[8.57125,12.59556],[8.58402,12.59715],[8.59799,12.5976],[8.60746,12.59325],[8.61569,12.59119],[8.61955,12.58895],[8.62783,12.58895],[8.63776,12.59187],[8.64822,12.59522],[8.64833,12.59218],[8.65773,12.58884],[8.66124,12.58888],[8.66358,12.58891],[8.6671,12.58895],[8.67062,12.58784],[8.68237,12.58453],[8.68471,12.58456],[8.68705,12.58459],[8.69059,12.58233],[8.69529,12.58008],[8.69765,12.57896],[8.7,12.57783],[8.70234,12.57786],[8.7047,12.57674],[8.7141,12.5734],[8.71647,12.57112],[8.71912,12.56659],[8.71772,12.56308],[8.71659,12.55961],[8.71661,12.55731],[8.71432,12.55268],[8.71202,12.54804],[8.70856,12.5434],[8.70508,12.5399],[8.70161,12.5364],[8.69928,12.53522],[8.69696,12.53289],[8.69464,12.53056],[8.69116,12.52822],[8.68767,12.52587],[8.68652,12.52355],[8.6842,12.52122],[8.68306,12.51891],[8.68191,12.51659],[8.68194,12.51429],[8.68079,12.51197],[8.67965,12.5085],[8.67852,12.50504],[8.67854,12.50273],[8.67857,12.50043],[8.67859,12.49813],[8.67862,12.49583],[8.67981,12.49354],[8.68103,12.48895],[8.68106,12.48664],[8.68109,12.48319],[8.68348,12.47861],[8.68468,12.47633],[8.68704,12.47405],[8.69058,12.47179],[8.69413,12.46838],[8.70241,12.46042],[8.70717,12.45357],[8.70952,12.45245],[8.71187,12.45132],[8.7154,12.45021],[8.71893,12.44795],[8.72129,12.44683],[8.72363,12.44686],[8.72832,12.44576],[8.73291,12.44329],[8.73908,12.4416],[8.74363,12.44035],[8.74711,12.44047],[8.75059,12.44058],[8.75266,12.44065],[8.75584,12.43971],[8.75972,12.43855],[8.76232,12.43863],[8.76438,12.4387],[8.76795,12.43648],[8.77296,12.43249],[8.78239,12.42684],[8.78535,12.4263],[8.78825,12.42576],[8.79178,12.42465],[8.79412,12.42468],[8.79765,12.42357],[8.80235,12.42133],[8.80588,12.42022],[8.81176,12.41799],[8.81529,12.41573],[8.81649,12.41344],[8.81657,12.40538],[8.81522,12.40295],[8.81195,12.39957],[8.8108,12.39725],[8.80614,12.39489],[8.80151,12.39023],[8.79803,12.38673],[8.79342,12.37977],[8.79111,12.37744],[8.7888,12.37396],[8.78764,12.3722],[8.78531,12.36336],[8.78222,12.35116],[8.78119,12.34964],[8.775,12.34709],[8.76571,12.33997],[8.76106,12.3359],[8.75909,12.33542],[8.75877,12.33445],[8.75181,12.3286],[8.74949,12.32627],[8.74255,12.31813],[8.74023,12.3158],[8.73911,12.31118],[8.73818,12.3093],[8.73792,12.30889],[8.73684,12.30424],[8.73591,12.3014],[8.73571,12.30078],[8.73459,12.29616],[8.73345,12.29269],[8.73233,12.28807],[8.73236,12.28462],[8.73123,12.28115],[8.7311,12.27169],[8.72999,12.2687],[8.72988,12.26612],[8.72907,12.26385],[8.72649,12.25884],[8.728,12.25463],[8.72685,12.25231],[8.7269,12.2477],[8.72578,12.24308],[8.7248,12.23801],[8.72353,12.23385],[8.72239,12.23153],[8.72243,12.22692],[8.72129,12.22461],[8.72134,12.22],[8.72137,12.21655],[8.72491,12.21429],[8.72746,12.21461],[8.73025,12.21497],[8.74008,12.21908],[8.74239,12.22256],[8.74468,12.22719],[8.74583,12.22951],[8.74814,12.23184],[8.75045,12.23532],[8.75393,12.23882],[8.75623,12.2423],[8.75736,12.24577],[8.76082,12.25157],[8.76196,12.25389],[8.76543,12.25853],[8.76772,12.26317],[8.77003,12.26665],[8.77116,12.27012],[8.77345,12.27475],[8.77577,12.27708],[8.77922,12.28288],[8.78271,12.28522],[8.78738,12.28643],[8.79088,12.28763],[8.79438,12.28882],[8.7967,12.29115],[8.79783,12.29462],[8.79894,12.30039],[8.79892,12.30269],[8.80121,12.30733],[8.80701,12.31315],[8.80935,12.31318],[8.81501,12.31442],[8.81869,12.3156],[8.82454,12.31567],[8.83626,12.31466],[8.83746,12.31237],[8.84101,12.30896],[8.84223,12.30437],[8.84343,12.30093],[8.84348,12.29632],[8.84353,12.29235],[8.84473,12.28943],[8.84714,12.28255],[8.84952,12.27912],[8.85188,12.27685],[8.86354,12.2816],[8.86464,12.28852],[8.86576,12.29314],[8.86686,12.30006],[8.86801,12.30238],[8.86914,12.30584],[8.87146,12.30817],[8.87961,12.31288],[8.88195,12.31291],[8.89128,12.31647],[8.89479,12.31652],[8.89715,12.31539],[8.90182,12.3166],[8.90533,12.31664],[8.90767,12.31667],[8.90771,12.31322],[8.90657,12.30975],[8.90544,12.30628],[8.90313,12.3028],[8.89967,12.29815],[8.89735,12.29582],[8.89275,12.28771],[8.89161,12.28539],[8.89047,12.28192],[8.89052,12.27732],[8.88965,12.2728],[8.89551,12.26773],[8.89673,12.26389],[8.89868,12.26029],[8.90258,12.25837],[8.90478,12.25549],[8.906,12.25261],[8.91063,12.24901],[8.91161,12.24565],[8.91356,12.23749],[8.92394,12.22414],[8.92505,12.22362],[8.92742,12.22019],[8.93096,12.21793],[8.93333,12.21566],[8.93569,12.21338],[8.93807,12.20996],[8.94161,12.2077],[8.94515,12.20429],[8.94751,12.20316],[8.95106,12.19975],[8.95461,12.19634],[8.957,12.19176],[8.95819,12.18948],[8.96176,12.18376],[8.96298,12.17917],[8.96306,12.17226],[8.96426,12.16882],[8.96546,12.16654],[8.96668,12.16195],[8.96789,12.15851],[8.96793,12.1539],[8.96796,12.1516],[8.96564,12.14927],[8.96331,12.14809],[8.96097,12.14806],[8.95746,12.14802],[8.95396,12.14682],[8.95164,12.14449],[8.95051,12.14102],[8.95053,12.13872],[8.95057,12.13527],[8.94943,12.1318],[8.94828,12.12948],[8.94599,12.12485],[8.94369,12.12137],[8.94254,12.11905],[8.94142,12.11443],[8.94262,12.11099],[8.94382,12.1087],[8.9462,12.10528],[8.94741,12.10184],[8.94745,12.09723],[8.9475,12.09263],[8.94872,12.08804],[8.9476,12.08342],[8.94646,12.07995],[8.94537,12.07303],[8.94657,12.06959],[8.94892,12.06962],[8.95006,12.07193],[8.95472,12.07429],[8.95705,12.07547],[8.95936,12.07895],[8.96399,12.08362],[8.96651,12.08552],[8.96864,12.08713],[8.97098,12.08716],[8.97448,12.08835],[8.97682,12.08838],[8.97915,12.08956],[8.98149,12.08959],[8.98504,12.08617],[8.98624,12.08389],[8.98977,12.08163],[8.99214,12.07935],[8.99449,12.07823],[8.99685,12.07711],[9.00036,12.07715],[9.00741,12.07493],[9.01092,12.07497],[9.01559,12.07618],[9.02026,12.07739],[9.02493,12.0786],[9.02845,12.07864],[9.03195,12.07983],[9.03429,12.07986],[9.03663,12.07989],[9.03897,12.07992],[9.0413,12.0811],[9.04384,12.07952],[9.04626,12.08041],[9.04833,12.08118],[9.05066,12.08236],[9.05307,12.08215],[9.05507,12.08303],[9.05881,12.08467],[9.06588,12.08255],[9.06823,12.08142],[9.07061,12.078],[9.07181,12.07456],[9.07302,12.07112],[9.07422,12.06883],[9.07425,12.06538],[9.07428,12.06307],[9.07902,12.05737],[9.08025,12.05163],[9.08028,12.04933],[9.0803,12.04703],[9.08268,12.0436],[9.0827,12.0413],[9.0839,12.03901],[9.08509,12.03672],[9.08747,12.0333],[9.08867,12.03101],[9.09103,12.02873],[9.0934,12.02646],[9.09695,12.02305],[9.10166,12.0208],[9.10401,12.01968],[9.10636,12.01856],[9.10872,12.01743],[9.11106,12.01746],[9.1134,12.01749],[9.11575,12.01637],[9.11809,12.0164],[9.12045,12.01527],[9.12513,12.01533],[9.13566,12.01661],[9.13916,12.0178],[9.14263,12.0213],[9.14378,12.02361],[9.14599,12.03004],[9.14601,12.034],[9.14599,12.03631],[9.14596,12.03861],[9.14711,12.04093],[9.1459,12.04436],[9.14588,12.04667],[9.14701,12.05014],[9.14699,12.05244],[9.14696,12.05474],[9.14809,12.05936],[9.14805,12.06281],[9.14803,12.06512],[9.15032,12.06975],[9.1503,12.07205],[9.15144,12.07437],[9.15259,12.07669],[9.15256,12.07899],[9.15371,12.0813],[9.15831,12.08942],[9.15946,12.09174],[9.1606,12.09405],[9.16291,12.09754],[9.16405,12.09985],[9.16519,12.10332],[9.16752,12.1045],[9.16985,12.10568],[9.17216,12.10801],[9.1838,12.11506],[9.18613,12.11624],[9.18963,12.11743],[9.19197,12.11746],[9.19663,12.11982],[9.20248,12.11989],[9.20601,12.11878],[9.21303,12.11887],[9.21424,12.11543],[9.21546,12.11084],[9.21667,12.1074],[9.21786,12.10511],[9.21789,12.10281],[9.21908,12.10052],[9.21913,12.09591],[9.21915,12.09361],[9.22035,12.09132],[9.22037,12.08902],[9.2224,12.08478],[9.22164,12.07982],[9.22167,12.07752],[9.22286,12.07523],[9.2229,12.07178],[9.22293,12.06833],[9.22299,12.06257],[9.22073,12.05563],[9.21958,12.05332],[9.21848,12.04639],[9.21736,12.04177],[9.21738,12.03947],[9.21742,12.03602],[9.21744,12.03372],[9.21747,12.03141],[9.21635,12.02679],[9.21637,12.02449],[9.21757,12.0222],[9.21759,12.0199],[9.21878,12.01761],[9.21999,12.01417],[9.22002,12.01187],[9.22121,12.00958],[9.22359,12.00616],[9.22597,12.00273],[9.22949,12.00162],[9.233,12.00167],[9.23653,12.00056],[9.24004,12.0006],[9.25116,12.00131],[9.25414,11.99616],[9.25418,11.99271],[9.25186,11.99038],[9.24954,11.98805],[9.24721,11.98687],[9.24372,11.98452],[9.24139,11.98334],[9.23906,11.98216],[9.23558,11.97982],[9.23209,11.97747],[9.22976,11.97629],[9.22744,11.97396],[9.22397,11.97047],[9.22165,11.96814],[9.22051,11.96467],[9.21939,11.96005],[9.22065,11.952],[9.22184,11.94972],[9.22188,11.94626],[9.22427,11.94169],[9.22548,11.93825],[9.22904,11.93368],[9.23023,11.9314],[9.23143,11.92911],[9.2338,11.92568],[9.235,11.92339],[9.23623,11.91765],[9.23743,11.91536],[9.23868,11.90732],[9.23872,11.90386],[9.23876,11.90041],[9.23761,11.89809],[9.23646,11.89578],[9.23416,11.89229],[9.23185,11.88881],[9.22955,11.88533],[9.2284,11.88301],[9.22608,11.88068],[9.22262,11.87604],[9.21912,11.87484],[9.21447,11.87133],[9.21097,11.87014],[9.20746,11.8701],[9.20514,11.86776],[9.20166,11.86427],[9.20052,11.86195],[9.19938,11.85848],[9.19824,11.85617],[9.1971,11.8527],[9.19362,11.85035],[9.19129,11.84917],[9.18897,11.84684],[9.18432,11.84333],[9.18085,11.83984],[9.17738,11.83519],[9.17505,11.83401],[9.17158,11.83051],[9.17043,11.8282],[9.16578,11.82469],[9.16115,11.82002],[9.15766,11.81768],[9.15534,11.81535],[9.15186,11.813],[9.14838,11.80951],[9.14489,11.80716],[9.14377,11.80254],[9.14263,11.79908],[9.14151,11.79446],[9.14038,11.79099],[9.1404,11.78869],[9.14044,11.78523],[9.14168,11.77834],[9.14288,11.77605],[9.14528,11.77032],[9.14649,11.76688],[9.14768,11.76459],[9.1477,11.76229],[9.14775,11.75769],[9.14665,11.75076],[9.14668,11.74846],[9.1467,11.74616],[9.15025,11.74275],[9.16085,11.73712],[9.16319,11.73715],[9.16552,11.73833],[9.16784,11.74066],[9.17133,11.743],[9.17599,11.74536],[9.17832,11.74654],[9.18066,11.74657],[9.18649,11.74894],[9.19002,11.74668],[9.19239,11.74441],[9.19474,11.74329],[9.19921,11.74334],[9.20294,11.74339],[9.20762,11.74344],[9.20995,11.74462],[9.21346,11.74466],[9.21581,11.74469],[9.21814,11.74587],[9.22281,11.74708],[9.22632,11.74712],[9.22865,11.7483],[9.23099,11.74833],[9.23449,11.74952],[9.23683,11.74955],[9.24034,11.74959],[9.2427,11.74847],[9.24504,11.7485],[9.24858,11.74624],[9.24978,11.7428],[9.25099,11.73936],[9.25101,11.73706],[9.25104,11.73476],[9.24936,11.73137],[9.24875,11.73012],[9.24915,11.72608],[9.24645,11.72549],[9.24533,11.72087],[9.24304,11.71624],[9.24189,11.71392],[9.24074,11.7116],[9.23843,11.70927],[9.23728,11.70696],[9.23613,11.70464],[9.23616,11.70234],[9.23383,11.70116],[9.2303,11.70227],[9.22678,11.70337],[9.22443,11.7045],[9.22208,11.70447],[9.21975,11.70329],[9.21745,11.69981],[9.21866,11.69637],[9.21986,11.69293],[9.22107,11.68949],[9.22344,11.68721],[9.22464,11.68377],[9.22819,11.68036],[9.22822,11.67806],[9.22824,11.67576],[9.22944,11.67347],[9.22946,11.67117],[9.23066,11.66888],[9.23069,11.66543],[9.23189,11.66314],[9.23191,11.66083],[9.23429,11.65741],[9.23781,11.6563],[9.24134,11.65519],[9.24368,11.65522],[9.24952,11.65644],[9.25185,11.65762],[9.25418,11.6588],[9.25768,11.65999],[9.26002,11.66002],[9.26352,11.66122],[9.26702,11.66241],[9.2717,11.66362],[9.27404,11.66365],[9.27639,11.66252],[9.27643,11.65907],[9.27528,11.65675],[9.27299,11.65212],[9.27185,11.64865],[9.27071,11.64633],[9.26956,11.64402],[9.26728,11.63823],[9.26733,11.63363],[9.26619,11.63016],[9.26505,11.62784],[9.26507,11.62554],[9.26394,11.62207],[9.26396,11.61977],[9.26282,11.61745],[9.26402,11.61401],[9.26757,11.6106],[9.26877,11.60832],[9.27113,11.60604],[9.27234,11.6026],[9.2747,11.60033],[9.27707,11.59805],[9.28413,11.59468],[9.28533,11.5924],[9.28885,11.59129],[9.29122,11.58901],[9.29474,11.5879],[9.29711,11.58563],[9.29945,11.58566],[9.30534,11.58227],[9.30768,11.5823],[9.31002,11.58233],[9.31588,11.5824],[9.32175,11.58017],[9.32528,11.57906],[9.3288,11.57795],[9.33115,11.57798],[9.33582,11.57919],[9.33816,11.57922],[9.34051,11.57809],[9.34404,11.57699],[9.34638,11.57701],[9.35224,11.57593],[9.3546,11.57481],[9.35998,11.5754],[9.36283,11.57146],[9.3652,11.56918],[9.36255,11.56428],[9.36412,11.55996],[9.36298,11.55764],[9.35951,11.55299],[9.35718,11.55181],[9.35487,11.54948],[9.35138,11.54714],[9.34669,11.54708],[9.34202,11.54587],[9.33739,11.54121],[9.33507,11.53888],[9.33275,11.53655],[9.33162,11.53308],[9.3305,11.52846],[9.33052,11.52616],[9.33055,11.52386],[9.3294,11.52154],[9.32708,11.51921],[9.32593,11.51689],[9.32364,11.51226],[9.3213,11.51223],[9.3178,11.51104],[9.31313,11.50983],[9.31079,11.5098],[9.30846,11.50862],[9.30496,11.50743],[9.30146,11.50624],[9.29797,11.50389],[9.29447,11.5027],[9.28983,11.49803],[9.2875,11.49685],[9.28517,11.49568],[9.28286,11.49334],[9.27937,11.491],[9.27587,11.48981],[9.27354,11.48863],[9.26771,11.48625],[9.26305,11.48389],[9.25604,11.48266],[9.2537,11.48263],[9.25021,11.48028],[9.24787,11.48026],[9.24437,11.47906],[9.24202,11.47903],[9.23501,11.4778],[9.228,11.47656],[9.22452,11.47307],[9.22338,11.47075],[9.22223,11.46843],[9.2223,11.46152],[9.22234,11.45807],[9.22239,11.45347],[9.22128,11.44769],[9.22014,11.44423],[9.21904,11.43731],[9.2179,11.43499],[9.21909,11.4327],[9.21795,11.43038],[9.21564,11.4269],[9.21567,11.4246],[9.21336,11.42112],[9.21109,11.41418],[9.20881,11.4084],[9.20651,11.40491],[9.2042,11.40143],[9.20422,11.39913],[9.20196,11.39219],[9.19963,11.39101],[9.19849,11.38755],[9.19735,11.38523],[9.19621,11.38176],[9.19624,11.37946],[9.19395,11.37367],[9.19283,11.36905],[9.19287,11.3656],[9.19408,11.36216],[9.1941,11.35986],[9.19415,11.35525],[9.19355,11.35089],[9.16117,11.33206],[9.15678,11.33055],[9.14821,11.32761],[9.14541,11.32991],[9.1429,11.33198],[9.14235,11.32865],[9.13337,11.31904],[9.12654,11.31415],[9.11968,11.31043],[9.1117,11.30551],[9.10832,11.3019],[9.10612,11.29834],[9.10387,11.29593],[9.09705,11.29105],[9.09015,11.28849],[9.0763,11.28454],[9.06831,11.27962],[9.06261,11.27594],[9.05463,11.27101],[9.04552,11.26489],[9.03869,11.26],[9.033,11.25632],[9.02854,11.25035],[9.02405,11.24554],[9.02305,11.24084],[9.02084,11.23728],[9.01747,11.23367],[9.0153,11.22894],[9.01193,11.22533],[9.00744,11.22052],[9.00519,11.21812],[9.00295,11.21571],[8.99954,11.21327],[8.99504,11.20846],[8.99051,11.20482],[8.98489,11.19881],[8.98268,11.19524],[8.97698,11.19156],[8.97012,11.18784],[8.96214,11.18291],[8.95531,11.17803],[8.95078,11.17438],[8.94737,11.17194],[8.94404,11.16717],[8.93954,11.16236],[8.9373,11.15996],[8.93509,11.15639],[8.93405,11.15286],[8.93068,11.14925],[8.92843,11.14685],[8.92743,11.14215],[8.9241,11.13738],[8.91961,11.13257],[8.91511,11.12777],[8.91182,11.12183],[8.90849,11.11706],[8.90633,11.11233],[8.90071,11.10632],[8.89622,11.10151],[8.88931,11.09895],[8.88361,11.09527],[8.8745,11.08914],[8.86631,11.09004],[8.85692,11.09207],[8.84985,11.09417],[8.84279,11.09627],[8.83689,11.09841],[8.82749,11.10043],[8.82286,11.0995],[8.82055,11.09904],[8.81601,11.09539],[8.81035,11.09055],[8.8059,11.08457],[8.80149,11.07744],[8.79599,11.06793],[8.79274,11.06083],[8.78845,11.05021],[8.78424,11.03725],[8.78012,11.02196],[8.77816,11.01141],[8.77844,11.00326],[8.78017,10.987],[8.78411,10.97431],[8.78685,10.96274],[8.78826,10.95579],[8.78971,10.94768],[8.7887,10.94225],[8.78775,10.93713],[8.78574,10.92774],[8.78358,10.92301],[8.78141,10.91827],[8.77696,10.9123],[8.77263,10.90284],[8.77171,10.89581],[8.76975,10.88526],[8.76662,10.87467],[8.76462,10.86528],[8.76478,10.86062],[8.76631,10.85018],[8.76788,10.83858],[8.76937,10.8293],[8.77435,10.82014],[8.77684,10.81556],[8.77942,10.80865],[8.78564,10.7972],[8.79046,10.7927],[8.79217,10.79137],[8.79765,10.7871],[8.80721,10.78042],[8.8156,10.7737],[8.82159,10.76924],[8.82898,10.75782],[8.83151,10.75208],[8.83417,10.74284],[8.83798,10.73364],[8.84646,10.72459],[8.85128,10.72009],[8.85522,10.7074],[8.85442,10.69688],[8.85246,10.68633],[8.84933,10.67574],[8.84612,10.66747],[8.84067,10.65681],[8.83855,10.65091],[8.83542,10.64032],[8.83109,10.63085],[8.8278,10.62492],[8.82239,10.61308],[8.81689,10.60358],[8.80686,10.59043],[8.8002,10.58089],[8.79113,10.5736],[8.7821,10.56515],[8.7794,10.56267],[8.77336,10.56623],[8.76815,10.56254],[8.76418,10.55763],[8.76152,10.55395],[8.75631,10.55026],[8.7499,10.54902],[8.74481,10.549],[8.73589,10.54898],[8.72916,10.55035],[8.72326,10.55263],[8.71816,10.55261],[8.70936,10.55627],[8.70055,10.55992],[8.6943,10.56359],[8.68928,10.56602],[8.6856,10.57092],[8.68317,10.57459],[8.67833,10.58315],[8.67477,10.59172],[8.67238,10.59662],[8.66507,10.60763],[8.66271,10.61375],[8.6605,10.62478],[8.6569,10.63212],[8.65323,10.63701],[8.64697,10.64067],[8.6394,10.64311],[8.63434,10.64432],[8.62805,10.64676],[8.62044,10.64796],[8.61284,10.64917],[8.60898,10.64793],[8.60122,10.64424],[8.59594,10.6381],[8.58941,10.63449],[8.58744,10.63334],[8.58262,10.63213],[8.57701,10.63072],[8.57236,10.63057],[8.56894,10.62969],[8.56196,10.6279],[8.55377,10.62879],[8.54671,10.63089],[8.53611,10.63405],[8.52538,10.64069],[8.52165,10.64756],[8.51558,10.65435],[8.51425,10.65897],[8.51031,10.67167],[8.50817,10.69525],[8.51071,10.69559],[8.51369,10.69795],[8.5196,10.7024],[8.51901,10.70531],[8.52684,10.71146],[8.53452,10.7127],[8.53958,10.71149],[8.54464,10.71028],[8.5497,10.70906],[8.55603,10.70785],[8.56116,10.70909],[8.56761,10.71156],[8.57656,10.71281],[8.58297,10.71405],[8.58678,10.71458],[8.58793,10.71849],[8.58528,10.72772],[8.58138,10.73925],[8.57964,10.75551],[8.57703,10.76359],[8.57675,10.77174],[8.57767,10.77876],[8.57609,10.79036],[8.57452,10.80197],[8.57424,10.81011],[8.57491,10.82412],[8.57459,10.83344],[8.57318,10.84038],[8.57153,10.85432],[8.57004,10.86359],[8.56742,10.87166],[8.56722,10.87749],[8.56898,10.89386],[8.56849,10.90783],[8.57049,10.91722],[8.57149,10.92191],[8.57358,10.92897],[8.57683,10.93607],[8.58128,10.94205],[8.58336,10.94911],[8.58657,10.95737],[8.58853,10.96792],[8.59182,10.97386],[8.59391,10.98092],[8.59491,10.98561],[8.59711,10.98918],[8.59816,10.99271],[8.599,11.00206],[8.59859,11.01371],[8.59826,11.02302],[8.59781,11.03583],[8.59712,11.05562],[8.59692,11.06144],[8.59202,11.06827],[8.58005,11.0772],[8.5658,11.0849],[8.55752,11.08812],[8.54335,11.09349],[8.53716,11.10378],[8.52736,11.11744],[8.52587,11.12672],[8.52523,11.13143],[8.5243,11.13832],[8.52052,11.14636],[8.51687,11.1509],[8.51283,11.15218],[8.50997,11.15308],[8.50629,11.15263],[8.50095,11.1548],[8.50041,11.15502],[8.48977,11.15934],[8.48262,11.16377],[8.47639,11.17522],[8.47008,11.189],[8.4594,11.19448],[8.44972,11.20465],[8.44125,11.2137],[8.43402,11.22046],[8.42334,11.22594],[8.41502,11.23033],[8.39993,11.22867],[8.38949,11.22716],[8.38259,11.22461],[8.3734,11.22081],[8.36641,11.22058],[8.35935,11.22268],[8.34562,11.21524],[8.33755,11.21265],[8.3294,11.21238],[8.32109,11.21677],[8.30655,11.23261],[8.30282,11.23949],[8.29783,11.24865],[8.2941,11.25552],[8.28803,11.26231],[8.28205,11.26678],[8.27606,11.27125],[8.27501,11.27409],[8.26581,11.2777],[8.26384,11.2868],[8.27107,11.30253],[8.27444,11.30619],[8.2736,11.30846],[8.26761,11.31293],[8.25818,11.31612],[8.24192,11.31442],[8.23152,11.31175],[8.21996,11.30904],[8.21523,11.31122],[8.208,11.31798],[8.20081,11.32357],[8.19346,11.33382],[8.18739,11.34061],[8.17546,11.34838],[8.16707,11.3551],[8.16358,11.35499],[8.1588,11.35833],[8.15402,11.36167],[8.14804,11.36614],[8.14205,11.3706],[8.13599,11.3774],[8.13221,11.38543],[8.1308,11.39238],[8.13285,11.40061],[8.13609,11.4077],[8.13946,11.41131],[8.14267,11.41957],[8.14829,11.42558],[8.1527,11.43272],[8.15715,11.43869],[8.16044,11.44463],[8.16486,11.45177],[8.16637,11.45693],[8.16651,11.45844],[8.16667,11.46001],[8.16675,11.46082],[8.16716,11.46492],[8.16795,11.4725],[8.16955,11.47969],[8.16953,11.48727],[8.16668,11.49604],[8.15978,11.50561],[8.15897,11.5084],[8.14884,11.51356],[8.13792,11.51553],[8.12052,11.51549],[8.10193,11.50906],[8.09103,11.50065],[8.08781,11.49586],[8.08175,11.49185],[8.06235,11.48502],[8.05266,11.48061],[8.04699,11.48179],[8.0397,11.48456],[8.03734,11.48471],[8.03363,11.48495],[8.03317,11.48477],[8.0251,11.48217],[8.00896,11.47698],[7.99748,11.47195],[7.99021,11.46987],[7.98364,11.468],[7.97224,11.46063],[7.96938,11.45879],[7.96679,11.45711],[7.96119,11.45813],[7.94955,11.45933],[7.94581,11.45891],[7.94332,11.45521],[7.9392,11.44495],[7.93765,11.442],[7.93715,11.4417],[7.92894,11.43241],[7.91979,11.42745],[7.91076,11.419],[7.90735,11.41656],[7.90341,11.41341],[7.9006,11.41117],[7.89739,11.40845],[7.89272,11.4045],[7.88654,11.40296],[7.88239,11.40048],[7.87245,11.38979],[7.86955,11.38445],[7.86292,11.38074],[7.85669,11.37949],[7.85233,11.37865],[7.84526,11.38027],[7.84069,11.37944],[7.83765,11.37667],[7.8339,11.37739],[7.83256,11.37765],[7.82495,11.37885],[7.81851,11.37639],[7.80577,11.37636],[7.7943,11.37633],[7.78415,11.37753],[7.78025,11.37507],[7.77747,11.37183],[7.77132,11.37366],[7.76514,11.3749],[7.75136,11.37767],[7.74796,11.37978],[7.73707,11.38652],[7.72843,11.40023],[7.71256,11.42069],[7.70859,11.42606],[7.69911,11.4389],[7.69821,11.44471],[7.69779,11.44748],[7.69318,11.46127],[7.69202,11.46742],[7.68973,11.47356],[7.68588,11.48392],[7.68676,11.49211],[7.68759,11.50146],[7.68939,11.51667],[7.69373,11.52614],[7.69918,11.5368],[7.70476,11.54398],[7.7115,11.55119],[7.7204,11.56314],[7.72486,11.56911],[7.72565,11.57963],[7.7289,11.58672],[7.73456,11.59157],[7.74592,11.6001],[7.75964,11.60754],[7.77104,11.61491],[7.7814,11.61874],[7.79749,11.62509],[7.81367,11.62912],[7.82523,11.63183],[7.84144,11.63469],[7.85068,11.63732],[7.8622,11.64119],[7.87135,11.64615],[7.87825,11.64871],[7.88403,11.65006],[7.89334,11.65037],[7.90041,11.64826],[7.90619,11.64962],[7.90918,11.6539],[7.9116,11.66145],[7.90991,11.67655],[7.90368,11.688],[7.89504,11.7017],[7.88886,11.71199],[7.88512,11.71886],[7.88142,11.72457],[7.88294,11.74793],[7.88016,11.76066],[7.87606,11.77801],[7.87476,11.78361],[7.87025,11.78582],[7.86542,11.78929],[7.86281,11.79911],[7.86182,11.80767],[7.86115,11.8156],[7.85919,11.82637],[7.85948,11.8362],[7.86523,11.847],[7.86521,11.85492],[7.86533,11.85581],[7.86499,11.85662],[7.8639,11.85919],[7.85996,11.87189],[7.85622,11.87876],[7.84875,11.8925],[7.8464,11.89801],[7.84534,11.90053],[7.8424,11.90744],[7.84114,11.91806],[7.84068,11.922],[7.83949,11.92397],[7.83937,11.92746],[7.837,11.93666],[7.83648,11.94338],[7.83499,11.95266],[7.83369,11.96536],[7.83321,11.97008],[7.83719,11.98716],[7.8372,11.99011],[7.83723,11.9989],[7.83725,12.00436],[7.83644,12.00664],[7.83551,12.00927],[7.838,12.01386],[7.83799,12.01731],[7.84035,12.02199],[7.84149,12.02425],[7.84149,12.0256],[7.84265,12.02692],[7.84783,12.03721],[7.85301,12.0475],[7.85387,12.05264],[7.85384,12.0612],[7.85381,12.06976],[7.85635,12.09203],[7.85979,12.10317],[7.86323,12.11688],[7.86055,12.13742],[7.85357,12.14768],[7.85003,12.16565],[7.84911,12.18277],[7.85366,12.20025],[7.86298,12.23216],[7.86467,12.23795],[7.86816,12.24537],[7.86951,12.24824],[7.87015,12.26468],[7.87012,12.27611],[7.87011,12.27975],[7.87627,12.31196],[7.87848,12.31718],[7.88179,12.32499],[7.8936,12.33188],[7.90474,12.33123],[7.91272,12.3369],[7.91746,12.34182],[7.91858,12.34246],[7.92524,12.34626],[7.92758,12.34858],[7.94048,12.35443],[7.94268,12.35445],[7.9566,12.3584],[7.97156,12.36352],[7.98342,12.36813],[7.99166,12.37527],[8.00302,12.37428],[8.00457,12.37479],[8.01643,12.38194],[8.02573,12.37993],[8.03397,12.38859],[8.04222,12.39014],[8.06337,12.40188],[8.0711,12.40546],[8.0804,12.40548],[8.08819,12.40646],[8.09279,12.40703],[8.10583,12.40361],[8.10938,12.40513],[8.11524,12.40633],[8.12345,12.40869],[8.13142,12.4108],[8.13354,12.41221],[8.13922,12.4183],[8.14542,12.42347],[8.14941,12.42679],[8.15344,12.42987],[8.15625,12.43369],[8.16094,12.44005],[8.16327,12.44813],[8.16677,12.45507],[8.16793,12.45969],[8.17262,12.46548],[8.17496,12.46895],[8.18014,12.4715],[8.17963,12.4782],[8.18467,12.48505],[8.18899,12.48979],[8.18962,12.49663],[8.18996,12.50037],[8.19146,12.50553],[8.19228,12.50836],[8.19517,12.51802],[8.1973,12.52392],[8.20175,12.52989],[8.20396,12.53346],[8.20729,12.53823],[8.20992,12.54049],[8.20998,12.54869],[8.20762,12.55443],[8.20761,12.55789],[8.20877,12.56481],[8.21227,12.57174],[8.21461,12.57522],[8.21812,12.5787],[8.22633,12.58336],[8.23337,12.58571],[8.24041,12.58461],[8.24628,12.58465],[8.2545,12.58471],[8.26506,12.58363],[8.27105,12.58345],[8.27342,12.58339],[8.27773,12.58539],[8.27972,12.58632],[8.285,12.59068],[8.28851,12.59646],[8.29003,12.59999],[8.2923,12.59708],[8.29468,12.59366],[8.29705,12.59138],[8.30176,12.58914],[8.30528,12.58803]]]]}},{"type":"Feature","id":"NG021","properties":{"admin1Pcod":"NG021","admin1Name":"Katsina","admin1RefN":"Katsina","admin0Pcod":"NG","admin0Name":"Nigeria"},"geometry":{"type":"MultiPolygon","coordinates":[[[[7.81802,13.33042],[7.82082,13.32941],[7.83843,13.32953],[7.84782,13.32959],[7.85369,13.32848],[7.86073,13.32738],[7.86778,13.32512],[7.87482,13.32402],[7.87965,13.32405],[7.88304,13.32408],[7.89126,13.32413],[7.90417,13.32192],[7.91004,13.32196],[7.91943,13.32087],[7.9253,13.31976],[7.93705,13.31754],[7.94057,13.31871],[7.96169,13.31886],[7.97461,13.31549],[7.98634,13.31788],[7.99339,13.31677],[8.00161,13.31453],[8.011,13.31459],[8.01569,13.31462],[8.02156,13.31351],[8.02626,13.31239],[8.0427,13.30905],[8.04858,13.30679],[8.05444,13.30683],[8.05914,13.30686],[8.06601,13.30421],[8.07089,13.30233],[8.07514,13.30132],[8.07983,13.30109],[8.08983,13.30234],[8.09359,13.30235],[8.09735,13.29745],[8.09924,13.29254],[8.10233,13.28896],[8.10848,13.28531],[8.11318,13.28419],[8.11906,13.27847],[8.12964,13.27394],[8.13433,13.27397],[8.14138,13.27171],[8.1449,13.27174],[8.1496,13.27062],[8.15901,13.26262],[8.16254,13.25919],[8.1696,13.24887],[8.17196,13.24543],[8.18193,13.23747],[8.19946,13.22892],[8.21323,13.22219],[8.23013,13.21363],[8.23889,13.21119],[8.25454,13.20202],[8.27834,13.18303],[8.29212,13.17139],[8.29902,13.16158],[8.31657,13.14074],[8.33785,13.12359],[8.35287,13.1144],[8.36101,13.10828],[8.38292,13.09174],[8.39043,13.08745],[8.3992,13.0758],[8.40111,13.07091],[8.40478,13.06386],[8.4083,13.06273],[8.41418,13.05701],[8.41803,13.0539],[8.42585,13.05634],[8.45254,13.06549],[8.48152,13.07007],[8.49906,13.06778],[8.50158,13.06669],[8.5151,13.06808],[8.5245,13.06353],[8.5292,13.06241],[8.53508,13.05785],[8.54448,13.0533],[8.55153,13.04759],[8.55976,13.04189],[8.57152,13.03045],[8.57623,13.02472],[8.57859,13.02128],[8.59034,13.01445],[8.59269,13.01216],[8.5974,13.00874],[8.60328,13.00417],[8.61151,12.99731],[8.61739,12.9916],[8.61974,12.98931],[8.63268,12.97788],[8.63444,12.97245],[8.63977,12.96177],[8.64283,12.95643],[8.64511,12.94804],[8.64664,12.94118],[8.66189,12.93127],[8.67715,12.92516],[8.69926,12.91449],[8.70982,12.91383],[8.72214,12.91372],[8.73968,12.90686],[8.75722,12.90076],[8.77171,12.89771],[8.78315,12.89618],[8.78849,12.89084],[8.8068,12.88779],[8.82434,12.88017],[8.83959,12.87635],[8.84874,12.87178],[8.86705,12.86949],[8.88535,12.86034],[8.92272,12.85042],[8.94407,12.8428],[8.96695,12.83288],[8.97763,12.83441],[8.9906,12.83898],[9.01271,12.83822],[9.03712,12.83746],[9.04521,12.83721],[9.04616,12.83442],[9.04852,12.82868],[9.04971,12.82523],[9.04971,12.82177],[9.04737,12.8183],[9.04503,12.81598],[9.04151,12.8148],[9.03708,12.81449],[9.03213,12.81474],[9.02626,12.8147],[9.02273,12.81583],[9.01804,12.81579],[9.01334,12.81576],[9.00982,12.81689],[9.00629,12.81802],[9.00277,12.81799],[8.99925,12.81912],[8.99573,12.81909],[8.99103,12.82021],[8.98634,12.81903],[8.98083,12.81957],[8.97734,12.81723],[8.97039,12.81023],[8.96994,12.8074],[8.96759,12.80508],[8.96643,12.79931],[8.96762,12.79586],[8.96763,12.79125],[8.96529,12.78778],[8.96413,12.78086],[8.96179,12.77623],[8.96139,12.77052],[8.95972,12.76937],[8.96019,12.76611],[8.95823,12.76223],[8.95775,12.75994],[8.95691,12.75595],[8.95456,12.75385],[8.95246,12.75198],[8.94778,12.74618],[8.94738,12.7434],[8.94682,12.73949],[8.94312,12.73233],[8.93843,12.72884],[8.93629,12.72742],[8.93073,12.72019],[8.9238,12.71289],[8.9139,12.7051],[8.90252,12.70315],[8.88075,12.69342],[8.87185,12.68758],[8.86393,12.68514],[8.85552,12.68222],[8.84711,12.68221],[8.83622,12.68805],[8.82979,12.69291],[8.82484,12.69096],[8.81841,12.69193],[8.81544,12.69047],[8.81198,12.68317],[8.80802,12.67976],[8.79714,12.67587],[8.79268,12.67586],[8.78575,12.68413],[8.77635,12.68802],[8.76744,12.68315],[8.75607,12.67535],[8.75211,12.67438],[8.74271,12.67778],[8.73875,12.67583],[8.73281,12.67777],[8.7313,12.68029],[8.72786,12.68604],[8.7267,12.68761],[8.72389,12.69139],[8.71498,12.69819],[8.71053,12.69965],[8.70162,12.70305],[8.69865,12.69769],[8.69915,12.69429],[8.69767,12.69185],[8.69421,12.69088],[8.68777,12.69525],[8.68732,12.69854],[8.68263,12.69827],[8.68027,12.70286],[8.6771,12.70517],[8.67087,12.70971],[8.66145,12.72116],[8.65792,12.72459],[8.65087,12.73031],[8.64735,12.73028],[8.6356,12.7325],[8.62387,12.73242],[8.61682,12.73237],[8.61213,12.73349],[8.60742,12.74037],[8.60741,12.74498],[8.6074,12.74844],[8.60973,12.75306],[8.60502,12.76109],[8.5993,12.7649],[8.59565,12.76669],[8.59565,12.77058],[8.59713,12.77496],[8.59959,12.77983],[8.60058,12.78518],[8.60027,12.78641],[8.59557,12.78868],[8.59554,12.7979],[8.59317,12.8071],[8.59082,12.81169],[8.58381,12.81621],[8.58141,12.81853],[8.57671,12.82081],[8.57201,12.82308],[8.56261,12.82762],[8.55674,12.82989],[8.54617,12.83212],[8.5366,12.83414],[8.5356,12.83435],[8.52738,12.83429],[8.52386,12.83427],[8.51564,12.83536],[8.51213,12.83303],[8.507,12.83533],[8.50302,12.83388],[8.49886,12.83362],[8.49564,12.83448],[8.48865,12.83633],[8.48699,12.83609],[8.48255,12.83421],[8.47481,12.83182],[8.46321,12.82847],[8.45499,12.82608],[8.44049,12.81655],[8.43372,12.81607],[8.42016,12.81985],[8.41145,12.82269],[8.40371,12.82458],[8.39948,12.82681],[8.39901,12.82706],[8.39008,12.82528],[8.38304,12.82523],[8.37717,12.82519],[8.37247,12.82746],[8.3619,12.82969],[8.35015,12.83422],[8.3401,12.83946],[8.33605,12.84219],[8.33018,12.84445],[8.32534,12.84166],[8.32316,12.8404],[8.31574,12.84169],[8.31375,12.84203],[8.30729,12.84199],[8.30317,12.84182],[8.29834,12.84074],[8.2938,12.83959],[8.28468,12.84221],[8.28034,12.84334],[8.2745,12.84212],[8.26328,12.83943],[8.25931,12.83848],[8.25463,12.83843],[8.2491,12.83731],[8.24557,12.83705],[8.24476,12.83684],[8.24132,12.83781],[8.23946,12.83809],[8.23857,12.83809],[8.23746,12.83809],[8.23517,12.83724],[8.23346,12.83569],[8.23203,12.8347],[8.23003,12.83456],[8.22903,12.8347],[8.22473,12.83609],[8.22287,12.83693],[8.21993,12.83735],[8.21483,12.83794],[8.20662,12.839],[8.19959,12.83891],[8.1905,12.83811],[8.18718,12.83918],[8.18539,12.83854],[8.18181,12.83713],[8.17881,12.836],[8.17524,12.8343],[8.17109,12.83333],[8.17058,12.83182],[8.16942,12.82721],[8.1624,12.81909],[8.16476,12.81335],[8.16594,12.8076],[8.16792,12.80406],[8.17302,12.79497],[8.17303,12.79022],[8.17303,12.78792],[8.17304,12.78576],[8.17188,12.78114],[8.17355,12.77788],[8.17418,12.77078],[8.1746,12.76607],[8.17349,12.7603],[8.17076,12.75809],[8.16713,12.75498],[8.1661,12.74308],[8.15908,12.73151],[8.15266,12.71941],[8.15086,12.71689],[8.15174,12.71283],[8.15061,12.70936],[8.15065,12.70476],[8.14999,12.70129],[8.14954,12.69899],[8.14958,12.69553],[8.1473,12.68975],[8.14617,12.68628],[8.14503,12.68281],[8.14509,12.67705],[8.14241,12.67007],[8.14369,12.66789],[8.14641,12.66325],[8.14985,12.66348],[8.15337,12.6635],[8.16159,12.66241],[8.16629,12.66014],[8.17334,12.65788],[8.17804,12.65561],[8.18508,12.6545],[8.1933,12.65226],[8.19801,12.64768],[8.19919,12.64423],[8.20154,12.64195],[8.20625,12.63852],[8.21446,12.63973],[8.22267,12.64209],[8.22619,12.64327],[8.2301,12.64501],[8.23674,12.64795],[8.24144,12.64798],[8.24496,12.64801],[8.24967,12.63997],[8.25203,12.63653],[8.26025,12.63429],[8.26729,12.63549],[8.2708,12.63782],[8.27666,12.64131],[8.28136,12.64135],[8.28606,12.64023],[8.28842,12.63218],[8.29197,12.62068],[8.29199,12.61147],[8.29201,12.60455],[8.29003,12.59999],[8.28851,12.59646],[8.285,12.59068],[8.27972,12.58632],[8.27773,12.58539],[8.27342,12.58339],[8.27105,12.58345],[8.26506,12.58363],[8.2545,12.58471],[8.24628,12.58465],[8.24041,12.58461],[8.23337,12.58571],[8.22633,12.58336],[8.21812,12.5787],[8.21461,12.57522],[8.21227,12.57174],[8.20877,12.56481],[8.20761,12.55789],[8.20762,12.55443],[8.20998,12.54869],[8.20992,12.54049],[8.20729,12.53823],[8.20396,12.53346],[8.20175,12.52989],[8.1973,12.52392],[8.19517,12.51802],[8.19228,12.50836],[8.19146,12.50553],[8.18996,12.50037],[8.18962,12.49663],[8.18899,12.48979],[8.18467,12.48505],[8.17963,12.4782],[8.18014,12.4715],[8.17496,12.46895],[8.17262,12.46548],[8.16793,12.45969],[8.16677,12.45507],[8.16327,12.44813],[8.16094,12.44005],[8.15625,12.43369],[8.15344,12.42987],[8.14941,12.42679],[8.14542,12.42347],[8.13922,12.4183],[8.13354,12.41221],[8.13142,12.4108],[8.12345,12.40869],[8.11524,12.40633],[8.10938,12.40513],[8.10583,12.40361],[8.09279,12.40703],[8.08819,12.40646],[8.0804,12.40548],[8.0711,12.40546],[8.06337,12.40188],[8.04222,12.39014],[8.03397,12.38859],[8.02573,12.37993],[8.01643,12.38194],[8.00457,12.37479],[8.00302,12.37428],[7.99166,12.37527],[7.98342,12.36813],[7.97156,12.36352],[7.9566,12.3584],[7.94268,12.35445],[7.94048,12.35443],[7.92758,12.34858],[7.92524,12.34626],[7.91858,12.34246],[7.91746,12.34182],[7.91272,12.3369],[7.90474,12.33123],[7.8936,12.33188],[7.88179,12.32499],[7.87848,12.31718],[7.87627,12.31196],[7.87011,12.27975],[7.87012,12.27611],[7.87015,12.26468],[7.86951,12.24824],[7.86816,12.24537],[7.86467,12.23795],[7.86298,12.23216],[7.85366,12.20025],[7.84911,12.18277],[7.85003,12.16565],[7.85357,12.14768],[7.86055,12.13742],[7.86323,12.11688],[7.85979,12.10317],[7.85635,12.09203],[7.85381,12.06976],[7.85384,12.0612],[7.85387,12.05264],[7.85301,12.0475],[7.84783,12.03721],[7.84265,12.02692],[7.84149,12.0256],[7.84149,12.02425],[7.84035,12.02199],[7.83799,12.01731],[7.838,12.01386],[7.83551,12.00927],[7.83644,12.00664],[7.83725,12.00436],[7.83723,11.9989],[7.8372,11.99011],[7.83719,11.98716],[7.83321,11.97008],[7.83369,11.96536],[7.83499,11.95266],[7.83648,11.94338],[7.837,11.93666],[7.83937,11.92746],[7.83949,11.92397],[7.84068,11.922],[7.84114,11.91806],[7.8424,11.90744],[7.84534,11.90053],[7.8464,11.89801],[7.84875,11.8925],[7.85622,11.87876],[7.85996,11.87189],[7.8639,11.85919],[7.86499,11.85662],[7.86533,11.85581],[7.86521,11.85492],[7.86523,11.847],[7.85948,11.8362],[7.85919,11.82637],[7.86115,11.8156],[7.86182,11.80767],[7.86281,11.79911],[7.86542,11.78929],[7.87025,11.78582],[7.87476,11.78361],[7.87606,11.77801],[7.88016,11.76066],[7.88294,11.74793],[7.88142,11.72457],[7.88512,11.71886],[7.88886,11.71199],[7.89504,11.7017],[7.90368,11.688],[7.90991,11.67655],[7.9116,11.66145],[7.90918,11.6539],[7.90619,11.64962],[7.90041,11.64826],[7.89334,11.65037],[7.88403,11.65006],[7.87825,11.64871],[7.87135,11.64615],[7.8622,11.64119],[7.85068,11.63732],[7.84144,11.63469],[7.82523,11.63183],[7.81367,11.62912],[7.79749,11.62509],[7.7814,11.61874],[7.77104,11.61491],[7.75964,11.60754],[7.74592,11.6001],[7.73456,11.59157],[7.7289,11.58672],[7.72565,11.57963],[7.72486,11.56911],[7.7204,11.56314],[7.7115,11.55119],[7.70476,11.54398],[7.69918,11.5368],[7.69373,11.52614],[7.68939,11.51667],[7.68759,11.50146],[7.68676,11.49211],[7.68588,11.48392],[7.68973,11.47356],[7.69202,11.46742],[7.69318,11.46127],[7.69779,11.44748],[7.69821,11.44471],[7.69911,11.4389],[7.70859,11.42606],[7.71256,11.42069],[7.72843,11.40023],[7.73707,11.38652],[7.74796,11.37978],[7.75136,11.37767],[7.76514,11.3749],[7.76016,11.37048],[7.75276,11.36282],[7.75,11.35426],[7.74632,11.34538],[7.74788,11.3405],[7.75037,11.33807],[7.75193,11.33441],[7.75318,11.32983],[7.75308,11.32753],[7.75192,11.32353],[7.74664,11.31739],[7.73892,11.31492],[7.73382,11.3149],[7.73,11.3149],[7.72236,11.31488],[7.71726,11.31486],[7.71086,11.31362],[7.70441,11.31116],[7.69542,11.30868],[7.69435,11.30807],[7.69354,11.30794],[7.68705,11.30547],[7.67809,11.30269],[7.67531,11.30176],[7.67129,11.29992],[7.66975,11.29686],[7.66606,11.29226],[7.66143,11.2895],[7.65963,11.28801],[7.65652,11.28653],[7.64749,11.28283],[7.63472,11.28157],[7.62956,11.28323],[7.62715,11.28401],[7.62344,11.28767],[7.61977,11.29257],[7.61486,11.29868],[7.61006,11.30847],[7.60519,11.31582],[7.60024,11.32071],[7.59271,11.32436],[7.58514,11.3268],[7.58136,11.32801],[7.57757,11.32923],[7.56884,11.33533],[7.56139,11.34144],[7.55652,11.34878],[7.5503,11.35367],[7.54025,11.35855],[7.53014,11.36097],[7.52373,11.35973],[7.51856,11.35727],[7.51215,11.35603],[7.50706,11.35601],[7.50462,11.35969],[7.5035,11.36459],[7.49986,11.3707],[7.49794,11.37787],[7.49323,11.38475],[7.49087,11.39049],[7.49203,11.39626],[7.48967,11.40085],[7.48379,11.40542],[7.47791,11.40883],[7.46969,11.41108],[7.46383,11.40989],[7.46031,11.40986],[7.45561,11.40868],[7.45209,11.40866],[7.4474,11.40862],[7.43919,11.40741],[7.43215,11.40506],[7.42394,11.40155],[7.41574,11.39573],[7.41222,11.3934],[7.40288,11.38777],[7.40285,11.38527],[7.39933,11.3841],[7.39582,11.38177],[7.39348,11.37945],[7.39231,11.37483],[7.38998,11.37021],[7.38881,11.36559],[7.38297,11.35403],[7.38063,11.34941],[7.37713,11.34362],[7.37362,11.33784],[7.37011,11.3332],[7.36661,11.32281],[7.36662,11.31936],[7.36429,11.31127],[7.36431,11.30436],[7.36432,11.2986],[7.36434,11.29284],[7.362,11.28706],[7.35864,11.27483],[7.35886,11.27176],[7.35625,11.26707],[7.35178,11.2655],[7.33756,11.26725],[7.32149,11.26978],[7.3091,11.27544],[7.30013,11.27903],[7.29335,11.28234],[7.29195,11.28263],[7.28168,11.28493],[7.26984,11.28305],[7.25277,11.27648],[7.24778,11.27437],[7.23146,11.27274],[7.222,11.27087],[7.21385,11.26901],[7.20599,11.26144],[7.20127,11.25752],[7.20045,11.25262],[7.20364,11.24795],[7.206,11.24451],[7.20953,11.23993],[7.21307,11.23074],[7.21543,11.2273],[7.22013,11.22387],[7.22249,11.22043],[7.22484,11.21584],[7.2272,11.2124],[7.22956,11.20896],[7.23192,11.20322],[7.23427,11.19978],[7.23545,11.19633],[7.23664,11.19173],[7.23548,11.18596],[7.23079,11.18132],[7.22728,11.17784],[7.2212,11.17272],[7.21763,11.17047],[7.21088,11.1662],[7.20619,11.16156],[7.19916,11.15921],[7.19212,11.15686],[7.18978,11.15454],[7.18627,11.14991],[7.17689,11.14408],[7.16868,11.14057],[7.16399,11.13938],[7.15813,11.13819],[7.15225,11.1393],[7.14638,11.14157],[7.14285,11.145],[7.13933,11.14728],[7.13579,11.15186],[7.13109,11.15644],[7.12755,11.16217],[7.1205,11.16788],[7.11814,11.17132],[7.11344,11.1759],[7.10991,11.17818],[7.10521,11.1816],[7.09579,11.19191],[7.09578,11.19652],[7.09226,11.19879],[7.0852,11.20451],[7.07697,11.20906],[7.07344,11.21479],[7.06521,11.21935],[7.05699,11.2239],[7.04876,11.2273],[7.04406,11.22957],[7.04054,11.22954],[7.03585,11.22721],[7.0288,11.23177],[7.02292,11.23633],[7.01704,11.23975],[7.00882,11.2443],[7.00412,11.24657],[6.99004,11.24532],[6.98065,11.24411],[6.97361,11.24175],[6.97009,11.24288],[6.96773,11.24517],[6.9689,11.24979],[6.9724,11.25557],[6.97591,11.2602],[6.97825,11.26367],[6.9806,11.266],[6.98411,11.27063],[6.98645,11.27295],[6.98879,11.27527],[6.99348,11.27876],[6.99699,11.28109],[6.99933,11.28341],[7.00284,11.28804],[7.00519,11.29036],[7.0087,11.29384],[7.01454,11.3077],[7.02156,11.31467],[7.02273,11.31928],[7.02388,11.3262],[7.02386,11.33657],[7.02033,11.34115],[7.01797,11.34575],[7.01561,11.35149],[7.01325,11.35723],[7.01089,11.35952],[7.00619,11.36179],[7.00267,11.36177],[6.99563,11.36057],[6.98859,11.36052],[6.98155,11.35932],[6.97569,11.35697],[6.96865,11.35693],[6.9616,11.35803],[6.95925,11.36032],[6.95455,11.36259],[6.94985,11.36486],[6.94632,11.36829],[6.94044,11.37286],[6.93457,11.37397],[6.92869,11.37739],[6.92399,11.38081],[6.91929,11.38308],[6.91107,11.38303],[6.89817,11.38178],[6.89582,11.37946],[6.89365,11.37988],[6.88856,11.38075],[6.88822,11.38396],[6.88745,11.3913],[6.88693,11.3962],[6.88612,11.41735],[6.88646,11.42317],[6.88693,11.43118],[6.89148,11.44142],[6.89344,11.44582],[6.90076,11.45883],[6.90211,11.4622],[6.90727,11.4751],[6.9032,11.48649],[6.89588,11.5052],[6.90062,11.51468],[6.90224,11.51791],[6.9032,11.51984],[6.90476,11.52359],[6.90727,11.5296],[6.90664,11.534],[6.90615,11.53739],[6.90564,11.54099],[6.90449,11.54962],[6.90401,11.55319],[6.90234,11.55448],[6.88612,11.56702],[6.87612,11.57442],[6.86741,11.57759],[6.86277,11.58258],[6.85683,11.58898],[6.85438,11.59522],[6.85358,11.60606],[6.85243,11.61644],[6.85195,11.6207],[6.85521,11.64185],[6.86578,11.663],[6.86904,11.67845],[6.87132,11.68359],[6.87554,11.6931],[6.87657,11.6954],[6.88205,11.70774],[6.88847,11.72415],[6.88937,11.72645],[6.88943,11.72849],[6.88958,11.73428],[6.88968,11.73775],[6.88995,11.74783],[6.89018,11.75654],[6.89018,11.7595],[6.89018,11.76377],[6.89018,11.77113],[6.89018,11.77932],[6.89215,11.78398],[6.89524,11.79131],[6.89669,11.79477],[6.90889,11.80128],[6.91605,11.80256],[6.92613,11.79766],[6.93711,11.79952],[6.94989,11.80772],[6.97094,11.81145],[6.98468,11.81152],[6.99109,11.81246],[6.99932,11.81522],[7.01122,11.81709],[7.01575,11.81767],[7.01626,11.81755],[7.01948,11.81272],[7.02189,11.80911],[7.02601,11.80885],[7.02949,11.80727],[7.03387,11.80654],[7.03758,11.80451],[7.04624,11.80101],[7.05234,11.80122],[7.05453,11.80085],[7.06263,11.80453],[7.0671,11.80639],[7.06992,11.80757],[7.07239,11.8086],[7.07483,11.81755],[7.0763,11.81926],[7.08538,11.8238],[7.09361,11.82655],[7.10641,11.83113],[7.11369,11.84019],[7.11777,11.85423],[7.12118,11.85802],[7.12282,11.85984],[7.12567,11.86175],[7.13014,11.86472],[7.13303,11.86839],[7.13706,11.87351],[7.13968,11.87674],[7.14112,11.87855],[7.14275,11.88669],[7.14275,11.89807],[7.1432,11.90532],[7.14356,11.91109],[7.15495,11.9176],[7.16471,11.9119],[7.17142,11.91056],[7.18254,11.90947],[7.19074,11.90702],[7.19514,11.90662],[7.19969,11.90621],[7.20429,11.90841],[7.20992,11.9111],[7.2187,11.91114],[7.23058,11.91843],[7.23242,11.92509],[7.23505,11.92738],[7.24186,11.93331],[7.23954,11.94118],[7.23645,11.94428],[7.23466,11.94606],[7.23251,11.94606],[7.22653,11.94607],[7.22414,11.95036],[7.22246,11.95339],[7.21677,11.95827],[7.21351,11.9664],[7.21351,11.97779],[7.20945,11.98511],[7.20292,11.98748],[7.2005,11.98836],[7.18993,11.99324],[7.1782,11.99846],[7.17386,12.00038],[7.16866,12.00269],[7.15771,12.00756],[7.15332,12.00951],[7.15105,12.01084],[7.14356,12.0152],[7.12567,12.02985],[7.11304,12.03985],[7.10614,12.0453],[7.10316,12.04909],[7.10013,12.05292],[7.09394,12.06076],[7.09069,12.06401],[7.09557,12.07052],[7.09909,12.07482],[7.10289,12.07946],[7.10671,12.0824],[7.11134,12.08597],[7.11347,12.0876],[7.11516,12.09047],[7.11566,12.09133],[7.11909,12.09715],[7.1216,12.10143],[7.1237,12.10703],[7.1261,12.11347],[7.12816,12.11655],[7.13655,12.12914],[7.13851,12.13208],[7.14193,12.13722],[7.14562,12.14716],[7.15007,12.15918],[7.15064,12.16511],[7.15099,12.16871],[7.15119,12.17073],[7.15209,12.18004],[7.15251,12.18439],[7.15155,12.18824],[7.14926,12.19741],[7.14789,12.20245],[7.14693,12.20596],[7.14432,12.21558],[7.14153,12.22588],[7.13723,12.23447],[7.13539,12.23816],[7.13377,12.24139],[7.12944,12.25006],[7.12851,12.25191],[7.12338,12.26071],[7.11747,12.27083],[7.11438,12.27613],[7.11143,12.28119],[7.10817,12.28585],[7.10574,12.28932],[7.10472,12.29507],[7.10432,12.29733],[7.10384,12.30009],[7.1033,12.30315],[7.10245,12.30944],[7.10166,12.31525],[7.10074,12.32205],[7.10028,12.32546],[7.09923,12.33325],[7.09834,12.33692],[7.09439,12.35322],[7.09327,12.35784],[7.09272,12.36009],[7.08945,12.3681],[7.08783,12.37206],[7.0854,12.37799],[7.08324,12.38231],[7.07808,12.39263],[7.0753,12.39796],[7.071,12.40621],[7.06832,12.41133],[7.06689,12.42325],[7.06588,12.43167],[7.06521,12.43817],[7.06425,12.44741],[7.0639,12.45083],[7.06344,12.45526],[7.06257,12.46115],[7.06152,12.46821],[7.06052,12.475],[7.06019,12.47722],[7.05993,12.48082],[7.05937,12.48861],[7.05884,12.49122],[7.05765,12.49697],[7.05601,12.50494],[7.05483,12.51069],[7.05368,12.51626],[7.05368,12.52928],[7.05239,12.53485],[7.05124,12.53985],[7.05174,12.54539],[7.05205,12.5488],[7.05205,12.55336],[7.05205,12.55775],[7.05066,12.56836],[7.05002,12.5732],[7.05165,12.58703],[7.05123,12.58939],[7.04988,12.59706],[7.04921,12.60086],[7.04828,12.6062],[7.04766,12.60974],[7.04685,12.61441],[7.04595,12.61957],[7.04696,12.63404],[7.04721,12.63767],[7.04736,12.63983],[7.04678,12.6455],[7.04627,12.65003],[7.04595,12.65292],[7.04515,12.65612],[7.04374,12.66176],[7.0427,12.66593],[7.04259,12.66964],[7.04241,12.67539],[7.04227,12.68],[7.04213,12.6846],[7.04203,12.68809],[7.04189,12.69277],[7.0406,12.7011],[7.03951,12.7082],[7.03887,12.71235],[7.03749,12.72135],[7.037,12.7245],[7.0347,12.73504],[7.03393,12.73857],[7.03333,12.7413],[7.03225,12.74623],[7.03131,12.75053],[7.031,12.75343],[7.02887,12.7733],[7.02841,12.78798],[7.02826,12.79281],[7.02806,12.79933],[7.02818,12.80205],[7.02855,12.81011],[7.02887,12.81722],[7.02318,12.83187],[7.02372,12.83601],[7.0247,12.84351],[7.02562,12.85057],[7.02597,12.85369],[7.02685,12.86137],[7.02718,12.86425],[7.02774,12.86912],[7.02887,12.87904],[7.03058,12.88352],[7.03202,12.88727],[7.03416,12.89287],[7.03512,12.89991],[7.03624,12.90812],[7.0366,12.91077],[7.0378,12.91961],[7.0386,12.92542],[7.03904,12.92866],[7.03906,12.92925],[7.04315,12.94255],[7.04995,12.97205],[7.04768,12.99911],[7.04903,12.99935],[7.05394,12.99977],[7.05927,13.00043],[7.06335,13.00085],[7.06727,13.00218],[7.07235,13.00393],[7.08234,13.00701],[7.08801,13.00867],[7.09491,13.01059],[7.10274,13.01284],[7.11146,13.01805],[7.11615,13.01924],[7.12318,13.02389],[7.12904,13.02739],[7.13138,13.02971],[7.13607,13.0332],[7.13841,13.03552],[7.14193,13.03785],[7.15833,13.05179],[7.16184,13.05757],[7.17003,13.06684],[7.17705,13.07496],[7.18173,13.0819],[7.18759,13.0877],[7.19227,13.09119],[7.19578,13.09582],[7.20046,13.10392],[7.20397,13.1074],[7.20866,13.11204],[7.21334,13.11553],[7.22,13.12084],[7.22797,13.12359],[7.23534,13.12393],[7.24856,13.12007],[7.26147,13.11681],[7.27133,13.10992],[7.28209,13.10786],[7.28885,13.10609],[7.299,13.10312],[7.30016,13.10266],[7.30375,13.10233],[7.31432,13.1001],[7.32019,13.09784],[7.33311,13.09677],[7.33793,13.09523],[7.34049,13.09516],[7.35032,13.0937],[7.36414,13.09255],[7.36599,13.09166],[7.37029,13.09077],[7.37582,13.09079],[7.38073,13.09021],[7.39024,13.09267],[7.39761,13.09179],[7.40467,13.09273],[7.41102,13.094],[7.42113,13.09738],[7.43168,13.10321],[7.4434,13.11136],[7.45395,13.11604],[7.46098,13.12185],[7.48091,13.13236],[7.49381,13.13821],[7.50318,13.14288],[7.51373,13.14986],[7.52076,13.15452],[7.52662,13.15917],[7.53366,13.16152],[7.53986,13.16479],[7.55359,13.17203],[7.55593,13.17435],[7.56413,13.18017],[7.5735,13.1883],[7.57819,13.19178],[7.58874,13.19647],[7.59695,13.19998],[7.59929,13.20345],[7.60515,13.20695],[7.611,13.2116],[7.61922,13.21281],[7.62156,13.21513],[7.62742,13.21862],[7.63536,13.22202],[7.63914,13.22446],[7.64618,13.22797],[7.65438,13.23379],[7.66141,13.23844],[7.66493,13.23962],[7.67313,13.24428],[7.68017,13.24894],[7.68838,13.25015],[7.69306,13.25594],[7.69658,13.25827],[7.70243,13.26292],[7.71064,13.26758],[7.7165,13.27108],[7.72822,13.27808],[7.73408,13.28042],[7.73877,13.28506],[7.74463,13.28856],[7.75283,13.29322],[7.75752,13.29671],[7.76572,13.30138],[7.77158,13.30602],[7.77509,13.31066],[7.77861,13.31299],[7.78446,13.31763],[7.78915,13.32112],[7.79501,13.32462],[7.79852,13.32925],[7.80204,13.33158],[7.80673,13.33277],[7.81143,13.3328],[7.81802,13.33042]]]]}},{"type":"Feature","id":"NG022","properties":{"admin1Pcod":"NG022","admin1Name":"Kebbi","admin1RefN":"Kebbi","admin0Pcod":"NG","admin0Name":"Nigeria"},"geometry":{"type":"MultiPolygon","coordinates":[[[[4.25355,13.26045],[4.26682,13.25108],[4.27696,13.24327],[4.28789,13.23],[4.29726,13.23078],[4.31521,13.22922],[4.33473,13.22142],[4.34565,13.21361],[4.3519,13.19956],[4.35502,13.18395],[4.36517,13.1738],[4.38,13.1699],[4.39795,13.16522],[4.42605,13.16288],[4.44713,13.15663],[4.46664,13.15117],[4.50411,13.1418],[4.52288,13.14051],[4.52674,13.14024],[4.54158,13.12853],[4.55016,13.11916],[4.5525,13.11526],[4.57046,13.10511],[4.57904,13.10433],[4.60246,13.09497],[4.61885,13.09184],[4.62978,13.09887],[4.64227,13.12385],[4.65476,13.14726],[4.66178,13.15663],[4.67037,13.166],[4.6852,13.1699],[4.69691,13.1699],[4.70282,13.16694],[4.70842,13.15612],[4.7067,13.14495],[4.7019,13.13448],[4.70059,13.12445],[4.69667,13.11703],[4.69187,13.10613],[4.68969,13.09435],[4.68794,13.08432],[4.68576,13.06862],[4.68557,13.06766],[4.69903,13.0767],[4.70634,13.08364],[4.70199,13.07108],[4.69344,13.05856],[4.68104,13.03744],[4.67007,13.02876],[4.66923,13.02865],[4.6681,13.02718],[4.66286,13.02281],[4.65545,13.01584],[4.64934,13.00842],[4.64454,13.00319],[4.63931,12.99446],[4.63844,12.98487],[4.64934,12.96916],[4.65632,12.95913],[4.66218,12.9516],[4.67041,12.94731],[4.69195,12.93609],[4.70085,12.92472],[4.70199,12.91039],[4.71192,12.89329],[4.71323,12.89098],[4.71652,12.88934],[4.72349,12.87931],[4.7296,12.87713],[4.74312,12.87058],[4.75272,12.86404],[4.76101,12.86186],[4.76755,12.85793],[4.77409,12.85706],[4.7802,12.85008],[4.78936,12.8431],[4.79285,12.83656],[4.7959,12.82827],[4.79716,12.82472],[4.79754,12.81952],[4.79892,12.81356],[4.79942,12.80935],[4.80228,12.80694],[4.81321,12.7882],[4.81633,12.77415],[4.81399,12.75854],[4.81281,12.75644],[4.81226,12.75677],[4.80448,12.75668],[4.78909,12.74217],[4.77469,12.72575],[4.77312,12.72446],[4.75928,12.71315],[4.75067,12.70157],[4.75001,12.68483],[4.74992,12.68245],[4.75806,12.65195],[4.78273,12.62068],[4.79759,12.60564],[4.80236,12.59848],[4.81502,12.58764],[4.82888,12.5792],[4.84033,12.57016],[4.84177,12.56872],[4.84419,12.56],[4.84428,12.55168],[4.84334,12.54726],[4.83898,12.53693],[4.83117,12.52412],[4.82487,12.50937],[4.81556,12.49653],[4.80768,12.49008],[4.7811,12.4658],[4.76872,12.46076],[4.76089,12.44941],[4.75671,12.42391],[4.75301,12.40037],[4.75114,12.39007],[4.75075,12.38126],[4.74991,12.36803],[4.74844,12.36606],[4.74496,12.36602],[4.73798,12.3674],[4.733,12.36833],[4.71998,12.37552],[4.71716,12.37717],[4.71096,12.3808],[4.70338,12.39099],[4.7013,12.39831],[4.69331,12.40116],[4.6793,12.40834],[4.67079,12.41264],[4.66474,12.41894],[4.6543,12.41832],[4.63973,12.43039],[4.63077,12.43078],[4.62184,12.4292],[4.61844,12.42231],[4.61454,12.41541],[4.6136,12.41148],[4.61041,12.40402],[4.60987,12.4001],[4.60887,12.38302],[4.60887,12.36519],[4.60713,12.35746],[4.60083,12.3438],[4.5999,12.34179],[4.59466,12.33795],[4.58782,12.33145],[4.57518,12.32095],[4.56998,12.31683],[4.56702,12.31369],[4.56293,12.30935],[4.55407,12.29742],[4.55187,12.29333],[4.54943,12.27777],[4.54772,12.26445],[4.54747,12.25373],[4.54238,12.24036],[4.54134,12.23151],[4.53899,12.21149],[4.53499,12.20109],[4.53365,12.18496],[4.53398,12.18325],[4.54361,12.16485],[4.55138,12.14101],[4.56008,12.11811],[4.56485,12.10617],[4.57068,12.09155],[4.57767,12.05482],[4.56592,11.98473],[4.5622,11.97755],[4.5622,11.95799],[4.56115,11.92978],[4.55697,11.89843],[4.5413,11.87649],[4.53512,11.86344],[4.53689,11.86167],[4.53759,11.82763],[4.54097,11.82116],[4.54457,11.81284],[4.54468,11.8035],[4.53204,11.79404],[4.53143,11.7922],[4.52128,11.77659],[4.50448,11.76959],[4.50031,11.76266],[4.49743,11.75377],[4.49205,11.74486],[4.48115,11.73981],[4.47074,11.73477],[4.45392,11.72424],[4.4445,11.72019],[4.4366,11.7137],[4.42518,11.71012],[4.4242,11.71055],[4.41866,11.71299],[4.41312,11.71735],[4.40849,11.7286],[4.4079,11.73596],[4.40028,11.74669],[4.38578,11.74995],[4.37337,11.74586],[4.36146,11.74129],[4.34866,11.72748],[4.35608,11.72114],[4.35992,11.7147],[4.36657,11.70923],[4.36709,11.70612],[4.37219,11.70166],[4.37532,11.69307],[4.38234,11.68839],[4.38624,11.68136],[4.39405,11.6798],[4.39873,11.6798],[4.39951,11.67668],[4.40185,11.66809],[4.40966,11.65639],[4.43542,11.62985],[4.44791,11.61892],[4.47054,11.59394],[4.47737,11.58959],[4.48758,11.5831],[4.49724,11.58174],[4.50567,11.58558],[4.51948,11.59862],[4.53099,11.60782],[4.54403,11.62009],[4.54704,11.62913],[4.5508,11.63053],[4.55971,11.63556],[4.56411,11.64298],[4.56655,11.64744],[4.5809,11.66119],[4.58315,11.66151],[4.59005,11.65998],[4.60539,11.65614],[4.61306,11.65614],[4.62073,11.65691],[4.6284,11.66688],[4.63991,11.67072],[4.64528,11.67225],[4.65678,11.66995],[4.66982,11.66535],[4.67826,11.65845],[4.68977,11.65691],[4.69974,11.65921],[4.71354,11.66842],[4.72812,11.67609],[4.73886,11.67532],[4.74959,11.67455],[4.7542,11.67532],[4.75957,11.68069],[4.76494,11.68989],[4.77031,11.69219],[4.77874,11.6945],[4.78334,11.69833],[4.78565,11.7037],[4.78718,11.7106],[4.79102,11.71674],[4.79562,11.72518],[4.80482,11.72748],[4.81173,11.72518],[4.824,11.72288],[4.83244,11.71674],[4.84011,11.7106],[4.85008,11.71444],[4.86005,11.72058],[4.86695,11.72671],[4.87462,11.72901],[4.88766,11.72595],[4.88843,11.71904],[4.8938,11.71137],[4.90377,11.71367],[4.91221,11.71981],[4.92486,11.72058],[4.93254,11.71981],[4.94097,11.72595],[4.94295,11.73252],[4.94327,11.73362],[4.95861,11.73515],[4.96935,11.73668],[4.97702,11.74129],[4.99236,11.74129],[5.00387,11.73899],[5.01077,11.73515],[5.01567,11.72894],[5.02775,11.72987],[5.03415,11.73152],[5.0615,11.72548],[5.07564,11.72373],[5.08671,11.72595],[5.09975,11.72825],[5.11739,11.71981],[5.13887,11.72211],[5.14884,11.73362],[5.16418,11.73898],[5.17109,11.74129],[5.17569,11.74972],[5.17492,11.75816],[5.16955,11.7643],[5.16342,11.77273],[5.16572,11.77887],[5.17262,11.78347],[5.18259,11.78117],[5.19333,11.7758],[5.20484,11.77043],[5.20944,11.76046],[5.22171,11.75433],[5.22631,11.75739],[5.22938,11.76123],[5.23475,11.76967],[5.26006,11.77043],[5.28001,11.77043],[5.28768,11.7735],[5.29151,11.78117],[5.29842,11.78654],[5.30469,11.78426],[5.30685,11.78347],[5.30839,11.7758],[5.31069,11.77043],[5.31836,11.7666],[5.32219,11.762],[5.33063,11.74666],[5.33063,11.73899],[5.34137,11.72901],[5.34597,11.72058],[5.34597,11.71214],[5.35249,11.70489],[5.35288,11.70447],[5.36285,11.70984],[5.37237,11.70576],[5.37282,11.7083],[5.37742,11.7083],[5.38893,11.70754],[5.3989,11.70447],[5.4081,11.70293],[5.42421,11.70293],[5.43112,11.70447],[5.44339,11.70293],[5.45029,11.69756],[5.45489,11.68069],[5.45796,11.67225],[5.46181,11.66599],[5.46966,11.66861],[5.47637,11.66861],[5.48692,11.66861],[5.50226,11.66957],[5.51185,11.66861],[5.52431,11.66286],[5.54157,11.66573],[5.54541,11.67244],[5.55499,11.67532],[5.55691,11.68203],[5.55979,11.68587],[5.56554,11.68299],[5.57417,11.6782],[5.5828,11.67532],[5.59047,11.67053],[5.59335,11.66957],[5.60485,11.66861],[5.61156,11.66765],[5.61732,11.66765],[5.63937,11.66286],[5.64608,11.66286],[5.65854,11.66861],[5.67197,11.65998],[5.67964,11.66381],[5.6921,11.66765],[5.69881,11.67244],[5.70553,11.67628],[5.71128,11.68203],[5.71895,11.68491],[5.7247,11.68491],[5.7247,11.69162],[5.73045,11.6945],[5.73717,11.68874],[5.74484,11.68107],[5.7573,11.68203],[5.7573,11.68778],[5.76593,11.69354],[5.78223,11.67628],[5.80716,11.65806],[5.81931,11.64939],[5.8207,11.64929],[5.82066,11.64869],[5.8279,11.64638],[5.83926,11.63381],[5.8429,11.61014],[5.84394,11.60336],[5.84044,11.59066],[5.8234,11.56517],[5.8203,11.55247],[5.81723,11.53621],[5.81663,11.51364],[5.82,11.49545],[5.82413,11.48203],[5.82696,11.47968],[5.84021,11.47939],[5.85626,11.47953],[5.86908,11.48162],[5.91756,11.49034],[5.93602,11.49128],[5.95488,11.49065],[5.96653,11.48995],[5.99224,11.48699],[6.00915,11.4804],[6.02112,11.46941],[6.02985,11.45412],[6.06634,11.41869],[6.13057,11.37454],[6.14943,11.34579],[6.15504,11.30906],[6.12887,11.2537],[6.06245,11.24268],[6.05449,11.23999],[6.03602,11.22145],[6.03076,11.21353],[6.02291,11.19771],[6.01772,11.18191],[6.00852,11.14102],[6.00621,11.14198],[6.00059,11.14358],[5.99336,11.14599],[5.98533,11.14439],[5.97408,11.13636],[5.96204,11.12029],[5.96017,11.11786],[5.9516,11.10664],[5.94517,11.10021],[5.93553,11.08977],[5.9267,11.07692],[5.92107,11.07049],[5.91144,11.06487],[5.89377,11.06246],[5.87529,11.05925],[5.86325,11.05764],[5.84477,11.05684],[5.83334,11.05617],[5.83112,11.05604],[5.82068,11.05282],[5.80743,11.04585],[5.80542,11.04479],[5.79578,11.04399],[5.77971,11.03515],[5.76526,11.02873],[5.75481,11.01748],[5.74196,11.00383],[5.72108,10.995],[5.70421,10.99018],[5.69136,10.98214],[5.68012,10.97572],[5.66405,10.97331],[5.65683,10.96688],[5.63675,10.96206],[5.62229,10.96206],[5.60944,10.96528],[5.58936,10.96447],[5.5749,10.96528],[5.56285,10.96367],[5.53394,10.96126],[5.52591,10.96206],[5.51466,10.96206],[5.49217,10.95885],[5.4729,10.95644],[5.46567,10.95403],[5.45844,10.95323],[5.45282,10.95644],[5.44781,10.96696],[5.44478,10.97331],[5.44051,10.98544],[5.44072,10.98606],[5.43997,10.99821],[5.43595,11.00704],[5.42999,11.01681],[5.43113,11.01909],[5.42872,11.03997],[5.42876,11.04098],[5.41812,11.04082],[5.4099,11.04254],[5.40515,11.04354],[5.40399,11.04378],[5.40343,11.04399],[5.40278,11.04453],[5.40154,11.0455],[5.39792,11.0483],[5.39465,11.05083],[5.39296,11.05215],[5.38962,11.05473],[5.38753,11.05635],[5.38506,11.05886],[5.38434,11.05959],[5.38618,11.07568],[5.38724,11.08483],[5.38707,11.10186],[5.38704,11.10548],[5.38707,11.11033],[5.40127,11.12452],[5.40272,11.12584],[5.40953,11.13201],[5.41105,11.13339],[5.41192,11.13418],[5.41422,11.13626],[5.41714,11.13891],[5.41714,11.13957],[5.41697,11.15632],[5.41671,11.15706],[5.41463,11.16303],[5.41397,11.16492],[5.41238,11.16949],[5.40864,11.17089],[5.39418,11.17892],[5.38133,11.18615],[5.3741,11.19178],[5.36848,11.20543],[5.35804,11.22712],[5.35804,11.23274],[5.35884,11.24479],[5.35643,11.24961],[5.35322,11.25844],[5.35322,11.27129],[5.35322,11.27691],[5.35081,11.29619],[5.3476,11.30422],[5.34439,11.31547],[5.33876,11.32751],[5.33716,11.33314],[5.3369,11.33545],[5.33598,11.33576],[5.32573,11.33925],[5.31732,11.34205],[5.31624,11.3419],[5.30881,11.34084],[5.30065,11.33968],[5.29564,11.33897],[5.29501,11.33888],[5.29335,11.33864],[5.29176,11.33723],[5.28928,11.33501],[5.2846,11.33082],[5.28006,11.32675],[5.27961,11.32635],[5.27904,11.32584],[5.27821,11.32561],[5.27694,11.32525],[5.25346,11.31868],[5.24388,11.31599],[5.23917,11.3033],[5.2393,11.2932],[5.23935,11.28589],[5.23942,11.28509],[5.23975,11.28081],[5.2399,11.27885],[5.24016,11.27545],[5.24037,11.27251],[5.24047,11.27117],[5.24051,11.2706],[5.24061,11.26933],[5.24101,11.26382],[5.24117,11.26168],[5.24124,11.26073],[5.22934,11.25457],[5.22853,11.25407],[5.22165,11.24987],[5.21709,11.24709],[5.21191,11.24389],[5.19984,11.23643],[5.19376,11.23234],[5.18047,11.2234],[5.17801,11.22174],[5.17107,11.21703],[5.16829,11.21458],[5.16482,11.21153],[5.16172,11.20879],[5.16134,11.20845],[5.15977,11.20707],[5.1588,11.20622],[5.15586,11.20651],[5.15293,11.2068],[5.14905,11.20767],[5.13953,11.20843],[5.13772,11.21317],[5.13627,11.21698],[5.13545,11.21859],[5.13383,11.22172],[5.13214,11.22232],[5.13139,11.22256],[5.13019,11.22294],[5.12738,11.22384],[5.12685,11.22401],[5.12477,11.22495],[5.12409,11.22528],[5.12188,11.22635],[5.11364,11.23037],[5.11299,11.23357],[5.11599,11.23743],[5.12178,11.23749],[5.1232,11.23743],[5.12473,11.23737],[5.13042,11.23679],[5.13517,11.23451],[5.13843,11.23285],[5.13887,11.23259],[5.14462,11.22915],[5.1456,11.22855],[5.14739,11.22757],[5.15025,11.22641],[5.15168,11.22588],[5.15291,11.22543],[5.16826,11.23819],[5.17158,11.24094],[5.17684,11.24531],[5.17734,11.24565],[5.17776,11.24593],[5.19512,11.254],[5.19591,11.25462],[5.20907,11.26494],[5.21054,11.26886],[5.2156,11.28286],[5.21588,11.28362],[5.21588,11.28495],[5.21668,11.28896],[5.21668,11.29298],[5.21668,11.2994],[5.21427,11.30663],[5.21266,11.31225],[5.20945,11.32269],[5.20303,11.33073],[5.19339,11.33394],[5.18455,11.33956],[5.17652,11.34117],[5.16849,11.34197],[5.16206,11.34438],[5.15425,11.34661],[5.15082,11.34759],[5.14439,11.3492],[5.14038,11.35161],[5.13395,11.35322],[5.12592,11.35402],[5.11789,11.35563],[5.10504,11.35241],[5.10022,11.34599],[5.10022,11.33876],[5.10182,11.33073],[5.10423,11.32269],[5.10584,11.31466],[5.10584,11.30101],[5.10102,11.28575],[5.10022,11.27932],[5.09379,11.27049],[5.08978,11.26487],[5.08014,11.25523],[5.07371,11.24157],[5.0713,11.23756],[5.0713,11.23193],[5.0713,11.22712],[5.06889,11.2231],[5.06648,11.21668],[5.06247,11.20864],[5.05765,11.20463],[5.05283,11.20543],[5.04881,11.21105],[5.04881,11.21908],[5.04881,11.22792],[5.05283,11.23113],[5.05685,11.23756],[5.06247,11.24479],[5.06488,11.25442],[5.06247,11.26246],[5.05845,11.27049],[5.05203,11.2729],[5.0456,11.2729],[5.04078,11.27049],[5.03436,11.26487],[5.03275,11.26085],[5.02552,11.25603],[5.01669,11.25121],[5.01187,11.25201],[5.00544,11.25764],[5.00624,11.26246],[5.00865,11.26647],[5.01106,11.27049],[5.01026,11.2745],[5.00865,11.27932],[5.00062,11.28254],[4.99098,11.28655],[4.98857,11.29137],[4.98456,11.30422],[4.98135,11.31948],[4.97733,11.32912],[4.97251,11.33956],[4.97251,11.34759],[4.9709,11.35322],[4.96609,11.36205],[4.95886,11.36928],[4.95243,11.36928],[4.94761,11.36446],[4.94279,11.35723],[4.93396,11.35402],[4.92994,11.35723],[4.92352,11.36446],[4.91789,11.37089],[4.90585,11.3733],[4.89059,11.37089],[4.88014,11.36125],[4.87131,11.35322],[4.86488,11.35081],[4.84882,11.34358],[4.83757,11.33715],[4.82633,11.33555],[4.8199,11.33073],[4.80545,11.32109],[4.78296,11.31225],[4.76608,11.306],[4.76219,11.31345],[4.76146,11.31492],[4.76002,11.31347],[4.75866,11.31208],[4.75593,11.30931],[4.75488,11.30877],[4.75168,11.30715],[4.75117,11.3069],[4.74958,11.30613],[4.74802,11.30551],[4.74704,11.30499],[4.74646,11.30459],[4.74528,11.30379],[4.74276,11.30208],[4.74088,11.3008],[4.74057,11.2995],[4.74012,11.29763],[4.74034,11.29681],[4.74058,11.2959],[4.74097,11.29445],[4.74133,11.29346],[4.74178,11.29225],[4.74399,11.28634],[4.74548,11.28063],[4.74707,11.2745],[4.74717,11.27193],[4.74723,11.2702],[4.74727,11.26923],[4.74736,11.26687],[4.74743,11.26485],[4.74739,11.26423],[4.7473,11.26298],[4.74673,11.25841],[4.74613,11.25748],[4.74436,11.25469],[4.74376,11.25412],[4.74302,11.25367],[4.73622,11.24949],[4.70341,11.22854],[4.69922,11.22226],[4.69992,11.20341],[4.70201,11.19224],[4.71039,11.18037],[4.72159,11.17634],[4.74612,11.14759],[4.75762,11.14299],[4.76529,11.13686],[4.77943,11.13142],[4.78021,11.1287],[4.78579,11.12381],[4.78859,11.11893],[4.80255,11.11404],[4.81442,11.11613],[4.8178,11.11951],[4.83966,11.11386],[4.85039,11.10849],[4.86067,11.10335],[4.8633,11.10007],[4.87656,11.09169],[4.89821,11.08751],[4.90868,11.08192],[4.93451,11.08401],[4.94778,11.08262],[4.96035,11.08262],[4.97222,11.08052],[4.9799,11.08052],[4.99177,11.07005],[4.99107,11.06097],[4.99595,11.05399],[5.00922,11.0519],[5.02109,11.05399],[5.02737,11.0505],[5.03575,11.0519],[5.04064,11.0519],[5.04624,11.04169],[5.06297,11.01241],[5.06799,10.98982],[5.08137,10.9505],[5.08221,10.92708],[5.07552,10.91537],[5.0546,10.9045],[5.03453,10.89948],[5.02533,10.89027],[5.02616,10.87187],[5.02867,10.85932],[5.03871,10.8359],[5.04708,10.82502],[5.05879,10.82084],[5.08388,10.8175],[5.09978,10.80829],[5.10898,10.79575],[5.10731,10.78571],[5.10229,10.77232],[5.10088,10.75983],[5.0988,10.76056],[5.09643,10.75978],[5.0797,10.75559],[5.07468,10.7489],[5.06464,10.74723],[5.05711,10.7397],[5.04959,10.73803],[5.04038,10.73719],[5.03118,10.74472],[5.027,10.74806],[5.02031,10.74639],[5.01194,10.74054],[5.0086,10.73384],[5.0086,10.7213],[4.99521,10.71962],[4.98685,10.71711],[4.97932,10.71711],[4.97597,10.71377],[4.97346,10.71042],[4.96593,10.70707],[4.95589,10.70456],[4.94837,10.70122],[4.94669,10.69369],[4.94167,10.68867],[4.93163,10.68783],[4.92327,10.69369],[4.9149,10.68783],[4.90905,10.68783],[4.89399,10.69369],[4.89065,10.70122],[4.88144,10.70289],[4.86806,10.70038],[4.8622,10.70707],[4.84715,10.70456],[4.8438,10.69954],[4.83627,10.70038],[4.83125,10.70373],[4.81452,10.70456],[4.8095,10.69787],[4.80699,10.69285],[4.81452,10.67445],[4.81201,10.6619],[4.80281,10.6527],[4.79612,10.62928],[4.80197,10.61338],[4.81452,10.60418],[4.82372,10.59498],[4.82791,10.56988],[4.82205,10.55901],[4.81954,10.5381],[4.8187,10.5222],[4.8187,10.50714],[4.82623,10.49543],[4.83292,10.4879],[4.84505,10.4787],[4.85342,10.4603],[4.85258,10.4444],[4.84673,10.42098],[4.84422,10.38919],[4.84029,10.37151],[4.84712,10.34264],[4.85348,10.32025],[4.85632,10.30042],[4.85465,10.29436],[4.84856,10.29257],[4.84158,10.29249],[4.82934,10.29494],[4.81364,10.29476],[4.80317,10.29551],[4.80276,10.2963],[4.77646,10.2955],[4.74885,10.30554],[4.73129,10.31474],[4.71288,10.31056],[4.70535,10.30219],[4.70201,10.29383],[4.70201,10.27292],[4.70535,10.25284],[4.69699,10.24029],[4.67691,10.23025],[4.66938,10.22607],[4.67106,10.21185],[4.67858,10.19763],[4.69281,10.18006],[4.70535,10.17253],[4.71288,10.16166],[4.71288,10.15664],[4.71079,10.13154],[4.69992,10.11983],[4.68988,10.11397],[4.66813,10.11314],[4.64387,10.12067],[4.63634,10.12736],[4.63564,10.12758],[4.6267,10.12339],[4.61797,10.1229],[4.614,10.12246],[4.61001,10.12359],[4.58928,10.12964],[4.57936,10.13197],[4.57882,10.13179],[4.53763,10.11816],[4.52692,10.11426],[4.52749,10.14303],[4.55183,10.19485],[4.56744,10.22295],[4.56869,10.24605],[4.56606,10.24603],[4.56606,10.25684],[4.56,10.26809],[4.54182,10.28713],[4.51845,10.29838],[4.49075,10.31396],[4.48296,10.32868],[4.48383,10.34079],[4.48642,10.36849],[4.4795,10.42129],[4.48556,10.46976],[4.49854,10.51737],[4.51006,10.53517],[4.51086,10.53552],[4.52549,10.54203],[4.54737,10.55033],[4.58509,10.5639],[4.60697,10.57597],[4.62809,10.59408],[4.66128,10.62124],[4.68919,10.64236],[4.69749,10.66725],[4.69952,10.69363],[4.70051,10.70648],[4.70654,10.74118],[4.71484,10.7706],[4.72012,10.81586],[4.73747,10.85057],[4.742,10.8732],[4.73219,10.89734],[4.72456,10.90642],[4.71635,10.91619],[4.70764,10.9183],[4.70277,10.92449],[4.69705,10.93076],[4.68909,10.93341],[4.67443,10.93839],[4.66504,10.93931],[4.64491,10.94007],[4.63639,10.92826],[4.63337,10.92449],[4.62658,10.91544],[4.60168,10.91167],[4.58735,10.90639],[4.56849,10.90865],[4.5534,10.91544],[4.53983,10.91997],[4.52398,10.9162],[4.4923,10.91091],[4.47193,10.90337],[4.46774,10.90184],[4.45092,10.88832],[4.42909,10.88393],[4.41234,10.88888],[4.40143,10.89623],[4.39801,10.89658],[4.3799,10.90035],[4.37085,10.90035],[4.35576,10.91016],[4.34746,10.91167],[4.34367,10.91153],[4.34101,10.91553],[4.3357,10.91532],[4.31937,10.91467],[4.31071,10.92072],[4.28821,10.92852],[4.28388,10.93717],[4.28475,10.95362],[4.28821,10.98045],[4.27782,10.98651],[4.26311,10.98218],[4.25618,10.98564],[4.23887,11.00728],[4.22661,11.0187],[4.21377,11.03065],[4.18607,11.03238],[4.16703,11.02459],[4.13241,11.02546],[4.10038,11.02632],[4.06835,11.022],[3.99392,11.01767],[3.93765,11.03671],[3.89091,11.05402],[3.83638,11.08691],[3.81845,11.09789],[3.79397,11.11288],[3.75156,11.1276],[3.72213,11.1276],[3.72326,11.12511],[3.70475,11.12611],[3.68538,11.11532],[3.65361,11.11093],[3.62097,11.16548],[3.57989,11.21956],[3.56676,11.23045],[3.53631,11.25805],[3.51822,11.27328],[3.49728,11.29089],[3.49728,11.29755],[3.49824,11.30802],[3.50157,11.32134],[3.52459,11.42735],[3.51579,11.54121],[3.51489,11.60015],[3.51394,11.66301],[3.5652,11.69913],[3.62488,11.72794],[3.63378,11.73366],[3.64393,11.74303],[3.66266,11.77113],[3.66734,11.78518],[3.66734,11.80079],[3.665,11.80625],[3.64783,11.82264],[3.62988,11.83435],[3.62207,11.85075],[3.61739,11.91709],[3.62051,11.92724],[3.62988,11.93427],[3.6408,11.94676],[3.66266,11.96705],[3.6689,11.97954],[3.6689,11.99281],[3.64705,12.06774],[3.6408,12.08257],[3.6369,12.09428],[3.63456,12.10521],[3.62988,12.11224],[3.63144,12.15673],[3.63456,12.18171],[3.6369,12.19732],[3.64158,12.21215],[3.64783,12.23556],[3.65329,12.25664],[3.65642,12.28474],[3.65563,12.31752],[3.65329,12.33313],[3.65017,12.36436],[3.64939,12.38075],[3.64783,12.39714],[3.64783,12.40807],[3.64236,12.4791],[3.64236,12.5033],[3.64315,12.51188],[3.64393,12.52125],[3.65954,12.5353],[3.72979,12.59619],[3.77896,12.63599],[3.85351,12.6961],[3.91673,12.73981],[3.93469,12.75854],[3.94015,12.76245],[3.9823,12.83035],[4.0143,12.87641],[4.02992,12.90295],[4.04475,12.92558],[4.08143,12.9732],[4.09665,12.9974],[4.1029,13.01613],[4.1107,13.0614],[4.12007,13.10043],[4.12553,13.13243],[4.13022,13.15351],[4.1271,13.18942],[4.12866,13.22298],[4.12944,13.2581],[4.12944,13.26279],[4.15207,13.25264],[4.1669,13.25186],[4.18408,13.25186],[4.20203,13.25967],[4.21296,13.26747],[4.23247,13.26981],[4.25355,13.26045]]]]}},{"type":"Feature","id":"NG023","properties":{"admin1Pcod":"NG023","admin1Name":"Kogi","admin1RefN":"Kogi","admin0Pcod":"NG","admin0Name":"Nigeria"},"geometry":{"type":"MultiPolygon","coordinates":[[[[6.5127,8.39867],[6.5274,8.37569],[6.55131,8.36925],[6.56234,8.35363],[6.57153,8.3426],[6.5798,8.33065],[6.58808,8.32605],[6.59911,8.32421],[6.6083,8.3141],[6.61381,8.29939],[6.62668,8.28744],[6.63128,8.27641],[6.64139,8.25527],[6.65794,8.23596],[6.66529,8.22677],[6.67173,8.22034],[6.68368,8.21298],[6.68827,8.20195],[6.69011,8.1854],[6.69126,8.18301],[6.69976,8.18908],[6.71263,8.20195],[6.71447,8.22953],[6.71815,8.24332],[6.72422,8.24939],[6.7259,8.25066],[6.7235,8.2586],[6.72101,8.26588],[6.71999,8.27457],[6.7301,8.28376],[6.74389,8.26538],[6.7494,8.26354],[6.75584,8.26814],[6.76135,8.27273],[6.76319,8.28193],[6.76135,8.29296],[6.7494,8.29939],[6.75124,8.30491],[6.76043,8.30583],[6.76687,8.30858],[6.76963,8.31778],[6.77055,8.33065],[6.77238,8.33524],[6.77974,8.33157],[6.79077,8.33065],[6.8018,8.33892],[6.80732,8.3426],[6.81099,8.35179],[6.81467,8.35638],[6.82294,8.36742],[6.82662,8.37477],[6.82754,8.37936],[6.83214,8.38672],[6.83673,8.39132],[6.83765,8.39683],[6.83305,8.40143],[6.82478,8.40419],[6.83214,8.41705],[6.83214,8.42533],[6.82478,8.43268],[6.82506,8.43394],[6.82764,8.45345],[6.94614,8.45894],[6.98417,8.45938],[6.96956,8.39132],[6.95761,8.37477],[6.95577,8.35914],[6.95118,8.34627],[6.94199,8.32237],[6.93463,8.31042],[6.93463,8.30123],[6.94107,8.29296],[6.95302,8.28376],[6.95945,8.27549],[6.96497,8.26538],[6.97048,8.24516],[6.97232,8.22493],[6.97967,8.21114],[6.99254,8.19552],[7.00082,8.18173],[7.00266,8.16702],[6.99714,8.15323],[6.98335,8.11554],[6.98703,8.09256],[6.98703,8.07785],[6.97738,8.05027],[6.97094,8.03005],[6.97278,8.01994],[6.97921,8.00064],[6.9783,7.98593],[6.96359,7.96019],[6.96083,7.94272],[6.95715,7.92985],[6.95256,7.9179],[6.9544,7.90503],[6.95991,7.89676],[6.96267,7.88757],[6.96359,7.87929],[6.96629,7.88681],[6.97803,7.90161],[6.98784,7.90952],[6.99173,7.91936],[6.99465,7.92527],[7.00449,7.92827],[7.01534,7.92833],[7.05293,7.93228],[7.07285,7.94274],[7.11786,7.95903],[7.1959,7.99302],[7.25384,8.01505],[7.30555,8.02558],[7.39318,8.04186],[7.40449,8.04296],[7.43244,8.04569],[7.44579,8.04486],[7.451,8.04652],[7.50535,8.0472],[7.54271,8.04312],[7.58347,8.03769],[7.62491,8.02953],[7.66568,8.01934],[7.67723,8.01663],[7.67684,8.01447],[7.67111,7.98266],[7.66504,7.94017],[7.67756,7.94021],[7.6928,7.94135],[7.69717,7.93594],[7.69501,7.9316],[7.6798,7.92503],[7.66383,7.91435],[7.66364,7.90589],[7.66975,7.88483],[7.69285,7.83863],[7.72818,7.79243],[7.74469,7.76866],[7.75264,7.7442],[7.75264,7.70819],[7.75359,7.68806],[7.75399,7.67966],[7.75467,7.66132],[7.75467,7.64773],[7.75245,7.64778],[7.75245,7.62336],[7.75078,7.59418],[7.75198,7.57691],[7.74746,7.55859],[7.74096,7.54989],[7.73991,7.53796],[7.75592,7.52677],[7.75736,7.52391],[7.76501,7.512],[7.77158,7.49792],[7.77925,7.48276],[7.78578,7.48061],[7.79339,7.47847],[7.80098,7.485],[7.80748,7.4937],[7.81073,7.49588],[7.81834,7.49699],[7.82923,7.4916],[7.83578,7.48511],[7.83584,7.46532],[7.79686,7.41664],[7.79761,7.41586],[7.79399,7.41513],[7.79472,7.4047],[7.79541,7.38957],[7.7959,7.37867],[7.79814,7.35915],[7.78734,7.3385],[7.77471,7.30119],[7.77913,7.30068],[7.78997,7.29651],[7.79706,7.2936],[7.81081,7.29026],[7.81873,7.28693],[7.80665,7.25441],[7.79706,7.23315],[7.79447,7.22721],[7.79387,7.22583],[7.78997,7.21689],[7.78338,7.20603],[7.76715,7.20174],[7.73674,7.1973],[7.72371,7.19617],[7.7085,7.19612],[7.69219,7.19931],[7.68569,7.19387],[7.68642,7.19101],[7.64666,7.17203],[7.63365,7.16764],[7.6228,7.16326],[7.61847,7.1589],[7.60549,7.14475],[7.59146,7.12191],[7.58931,7.11431],[7.585,7.1067],[7.58074,7.08499],[7.58077,7.07739],[7.58406,7.06764],[7.58301,7.06004],[7.57868,7.05569],[7.56784,7.05131],[7.55917,7.04693],[7.54423,7.0399],[7.54358,7.04012],[7.53051,7.03228],[7.52982,7.0328],[7.52777,7.04822],[7.52629,7.05754],[7.50397,7.07037],[7.48663,7.09399],[7.46571,7.11184],[7.45708,7.11539],[7.44197,7.1182],[7.43048,7.11815],[7.41756,7.11379],[7.39816,7.11371],[7.38596,7.10935],[7.37526,7.09207],[7.36817,7.07123],[7.36707,7.06478],[7.36758,7.06263],[7.36747,7.05624],[7.36441,7.04872],[7.36694,7.04044],[7.36684,7.03987],[7.35394,7.03434],[7.32811,7.02446],[7.32849,7.01458],[7.32979,7.00702],[7.32982,7.00029],[7.32688,6.99944],[7.31679,6.99897],[7.31299,6.99972],[7.31014,7.004],[7.29328,6.99416],[7.25783,6.98077],[7.24129,6.97132],[7.23814,6.95793],[7.23892,6.94138],[7.24286,6.92799],[7.23814,6.92169],[7.23499,6.91066],[7.21923,6.90593],[7.20989,6.90282],[7.18772,6.90121],[7.1759,6.89648],[7.17039,6.88388],[7.15621,6.88309],[7.15227,6.876],[7.14676,6.86418],[7.13415,6.85473],[7.11997,6.84843],[7.11288,6.8374],[7.10107,6.82873],[7.09319,6.81928],[7.08137,6.80037],[7.07428,6.7988],[7.0601,6.79486],[7.05538,6.78619],[7.04199,6.78304],[7.03017,6.78541],[7.02072,6.78935],[7.00496,6.78541],[6.99078,6.78541],[6.98606,6.78856],[6.98527,6.7988],[6.98684,6.80668],[6.98763,6.81298],[6.98999,6.82322],[6.98999,6.83346],[6.98684,6.84449],[6.97818,6.85],[6.96321,6.84449],[6.96082,6.8409],[6.95218,6.82795],[6.95218,6.80825],[6.94903,6.78856],[6.94741,6.786],[6.93958,6.77359],[6.93207,6.76769],[6.93123,6.78803],[6.92339,6.80198],[6.91206,6.80067],[6.8968,6.79239],[6.88482,6.77278],[6.88308,6.76842],[6.87828,6.76058],[6.86826,6.75535],[6.85998,6.75317],[6.85301,6.74445],[6.84211,6.73051],[6.83383,6.72223],[6.81945,6.71264],[6.80638,6.70305],[6.80028,6.69347],[6.79897,6.67952],[6.80071,6.66993],[6.80289,6.65643],[6.80507,6.63682],[6.80899,6.6159],[6.80899,6.59803],[6.80812,6.58016],[6.79331,6.57232],[6.76411,6.5636],[6.74319,6.5575],[6.71704,6.55009],[6.68392,6.54312],[6.6647,6.53236],[6.66194,6.55268],[6.66194,6.57285],[6.66011,6.60861],[6.65278,6.63428],[6.62802,6.67462],[6.61794,6.70488],[6.6216,6.7223],[6.62619,6.73147],[6.62802,6.74889],[6.63169,6.76906],[6.62951,6.77551],[6.62736,6.78195],[6.62355,6.79075],[6.62361,6.7936],[6.62366,6.796],[6.62032,6.80013],[6.6176,6.80658],[6.61594,6.80952],[6.61377,6.8148],[6.61079,6.8221],[6.61415,6.83083],[6.62163,6.84153],[6.63447,6.86613],[6.64624,6.88538],[6.65266,6.90785],[6.67298,6.93566],[6.6794,6.96882],[6.67926,6.972],[6.67856,6.98806],[6.67833,6.99343],[6.67726,7.0084],[6.67726,7.03408],[6.68384,7.05161],[6.6901,7.06831],[6.71149,7.10468],[6.71577,7.12072],[6.71577,7.12282],[6.71577,7.1357],[6.71532,7.13703],[6.71149,7.14854],[6.70721,7.15923],[6.70343,7.17058],[6.70079,7.17849],[6.69758,7.20416],[6.6933,7.217],[6.69016,7.21957],[6.68532,7.22353],[6.68323,7.23039],[6.67811,7.23163],[6.67472,7.23344],[6.66916,7.24052],[6.63767,7.29477],[6.60771,7.27803],[6.59225,7.27622],[6.57507,7.27353],[6.57232,7.27608],[6.56952,7.27529],[6.55631,7.27482],[6.54426,7.27492],[6.53736,7.27381],[6.52988,7.2727],[6.52585,7.27157],[6.51488,7.267],[6.51144,7.26702],[6.50803,7.26997],[6.50807,7.27288],[6.50811,7.27638],[6.50587,7.28106],[6.50362,7.28458],[6.50136,7.28751],[6.4997,7.29219],[6.49976,7.29743],[6.49923,7.30093],[6.49985,7.30443],[6.49993,7.31084],[6.4983,7.31843],[6.4989,7.32076],[6.49951,7.32367],[6.49955,7.32716],[6.49733,7.33301],[6.49447,7.3342],[6.49221,7.33655],[6.48879,7.33891],[6.48576,7.342],[6.48087,7.3483],[6.47748,7.35299],[6.47579,7.35592],[6.47298,7.36061],[6.47037,7.3637],[6.46687,7.36532],[6.46326,7.3636],[6.45978,7.36071],[6.45515,7.35784],[6.45053,7.35554],[6.44251,7.35677],[6.43851,7.35797],[6.43566,7.35975],[6.4346,7.36733],[6.43468,7.37316],[6.43414,7.37666],[6.43246,7.37959],[6.42675,7.38197],[6.42335,7.38608],[6.42224,7.389],[6.43211,7.39766],[6.43216,7.40233],[6.42767,7.41052],[6.42658,7.41461],[6.42224,7.41683],[6.37814,7.39752],[6.3753,7.39988],[6.36791,7.40577],[6.36279,7.40931],[6.3593,7.41157],[6.35744,7.41107],[6.33663,7.43409],[6.32451,7.4443],[6.29576,7.49473],[6.29274,7.49881],[6.29099,7.49908],[6.2841,7.49913],[6.2766,7.4957],[6.27484,7.4928],[6.27307,7.48931],[6.27189,7.48641],[6.27014,7.48409],[6.26781,7.48178],[6.26377,7.48006],[6.25917,7.47893],[6.25572,7.47838],[6.25284,7.47782],[6.24479,7.47672],[6.23789,7.47561],[6.23327,7.4739],[6.22692,7.47104],[6.22532,7.4684],[6.22339,7.46407],[6.22105,7.46001],[6.21871,7.45653],[6.20887,7.44962],[6.20079,7.44619],[6.19327,7.44217],[6.18981,7.44044],[6.18692,7.43872],[6.18631,7.43581],[6.18627,7.4329],[6.18279,7.42943],[6.17992,7.43003],[6.17595,7.43415],[6.17427,7.43766],[6.17317,7.44116],[6.17091,7.4441],[6.1669,7.44471],[6.16348,7.44649],[6.15947,7.44769],[6.15431,7.44831],[6.14743,7.44895],[6.14285,7.44957],[6.13824,7.44786],[6.13306,7.44732],[6.12788,7.4462],[6.1187,7.44627],[6.11241,7.44866],[6.1102,7.45508],[6.10966,7.45859],[6.10915,7.46325],[6.10979,7.46908],[6.10874,7.47667],[6.1088,7.48133],[6.10826,7.48425],[6.10888,7.48832],[6.10834,7.49066],[6.1101,7.49414],[6.11243,7.49704],[6.11475,7.49877],[6.11822,7.50049],[6.12226,7.5022],[6.12572,7.50392],[6.12861,7.50506],[6.1315,7.50679],[6.13555,7.50967],[6.13786,7.51082],[6.14249,7.5137],[6.14654,7.51599],[6.15059,7.51888],[6.15408,7.52234],[6.15583,7.52525],[6.15828,7.5283],[6.15992,7.53046],[6.16226,7.53394],[6.1647,7.53832],[6.1658,7.54207],[6.16698,7.54497],[6.16588,7.54848],[6.16418,7.55024],[6.16074,7.55027],[6.15557,7.55031],[6.15328,7.55091],[6.14984,7.55094],[6.14639,7.55097],[6.14295,7.551],[6.13835,7.55045],[6.13357,7.55208],[6.13211,7.55633],[6.13044,7.56101],[6.12991,7.56451],[6.1288,7.56744],[6.12664,7.57298],[6.1257,7.5754],[6.12378,7.57913],[6.12268,7.58322],[6.11876,7.59142],[6.09873,7.5882],[6.0485,7.58012],[6.04339,7.57746],[6.04048,7.57457],[6.03586,7.57228],[6.03296,7.56938],[6.02889,7.56534],[6.02655,7.56186],[6.02536,7.55895],[6.02473,7.5543],[6.02295,7.54965],[6.0235,7.54731],[6.02117,7.54442],[6.01708,7.53862],[6.013,7.53341],[6.00413,7.52924],[6.00409,7.53557],[6.00339,7.5374],[6.0053,7.54816],[6.00571,7.55738],[6.00762,7.56176],[6.00903,7.5676],[6.009,7.57148],[6.00897,7.57536],[6.00894,7.57827],[6.00893,7.57973],[6.00794,7.58214],[6.004,7.58745],[5.98933,7.59655],[5.97659,7.6076],[5.97219,7.61048],[5.96388,7.61575],[5.95504,7.6249],[5.95018,7.63055],[5.94791,7.63406],[5.94418,7.63866],[5.94,7.64511],[5.93763,7.64878],[5.93664,7.65985],[5.93567,7.66723],[5.93379,7.67276],[5.93189,7.68014],[5.92998,7.69121],[5.92902,7.69582],[5.92714,7.70043],[5.92339,7.70779],[5.92244,7.7124],[5.92149,7.71609],[5.9224,7.71887],[5.92331,7.72257],[5.92513,7.72812],[5.92604,7.73182],[5.92788,7.73367],[5.92972,7.73738],[5.93062,7.74107],[5.9306,7.74477],[5.92874,7.7466],[5.92131,7.74933],[5.91945,7.75025],[5.91482,7.7493],[5.90833,7.74834],[5.9037,7.74739],[5.89815,7.74551],[5.88981,7.74362],[5.88334,7.74081],[5.87686,7.73893],[5.87038,7.73612],[5.86483,7.73425],[5.85743,7.73051],[5.85003,7.72862],[5.84261,7.72858],[5.83704,7.7304],[5.83239,7.73222],[5.82774,7.73404],[5.82219,7.73309],[5.81941,7.73122],[5.81644,7.72785],[5.80102,7.7333],[5.78024,7.74577],[5.77303,7.74732],[5.79162,7.78207],[5.76795,7.78764],[5.75578,7.79564],[5.74603,7.80503],[5.74116,7.81234],[5.73813,7.81918],[5.73729,7.82108],[5.72898,7.82835],[5.71019,7.83009],[5.68862,7.82974],[5.66844,7.82904],[5.65884,7.82768],[5.6566,7.82835],[5.64269,7.8287],[5.63051,7.83496],[5.6232,7.84296],[5.61415,7.86558],[5.61241,7.87637],[5.60858,7.91082],[5.60406,7.92648],[5.60197,7.94283],[5.59884,7.95188],[5.59884,7.95849],[5.60163,7.96371],[5.60963,7.96614],[5.61415,7.96232],[5.62703,7.9571],[5.63433,7.95849],[5.64547,7.96301],[5.64721,7.96614],[5.64756,7.97415],[5.64756,7.98616],[5.64957,7.98789],[5.65073,7.99074],[5.65695,7.99433],[5.66322,8.00024],[5.66809,8.00233],[5.66739,8.0086],[5.66252,8.01521],[5.65633,8.01958],[5.65069,8.02356],[5.64895,8.03261],[5.64721,8.04096],[5.64303,8.04826],[5.6399,8.05383],[5.64303,8.05905],[5.64582,8.06079],[5.65382,8.06427],[5.65974,8.06984],[5.65626,8.07471],[5.64895,8.07436],[5.64364,8.07397],[5.63955,8.07367],[5.62459,8.07262],[5.59919,8.07367],[5.57657,8.07123],[5.57274,8.06845],[5.55917,8.05801],[5.55503,8.05455],[5.55082,8.05105],[5.54526,8.04409],[5.5376,8.04061],[5.53168,8.03504],[5.52577,8.03087],[5.51603,8.02217],[5.50872,8.01764],[5.50593,8.01869],[5.50385,8.02356],[5.50454,8.02947],[5.50558,8.03233],[5.50733,8.03713],[5.50733,8.04548],[5.51046,8.06671],[5.51255,8.0768],[5.51359,8.08376],[5.51289,8.08967],[5.51394,8.09663],[5.51463,8.10498],[5.51394,8.11125],[5.50698,8.11125],[5.49796,8.11066],[5.49796,8.11467],[5.50448,8.1238],[5.51796,8.13119],[5.52622,8.13902],[5.53274,8.14684],[5.53665,8.15641],[5.53709,8.16336],[5.53839,8.17858],[5.53969,8.19069],[5.53936,8.19235],[5.53739,8.19844],[5.52698,8.20483],[5.51738,8.20588],[5.5101,8.20619],[5.50052,8.2061],[5.48823,8.20827],[5.48158,8.20733],[5.47753,8.2051],[5.47188,8.20423],[5.46623,8.20249],[5.45753,8.2064],[5.44232,8.21814],[5.43188,8.22466],[5.42232,8.22814],[5.41884,8.23553],[5.42232,8.25118],[5.42189,8.26161],[5.41971,8.2677],[5.42145,8.27379],[5.41841,8.28379],[5.4045,8.29205],[5.39711,8.29205],[5.38754,8.28335],[5.38102,8.27813],[5.37233,8.27422],[5.36276,8.27335],[5.35668,8.27466],[5.3532,8.28683],[5.35276,8.29813],[5.3532,8.30552],[5.3532,8.30987],[5.34755,8.31552],[5.3432,8.32161],[5.33581,8.32856],[5.33233,8.33117],[5.3245,8.33378],[5.32349,8.3371],[5.3215,8.34108],[5.32283,8.3444],[5.32747,8.34904],[5.33079,8.35567],[5.3419,8.37524],[5.34771,8.3827],[5.35931,8.39514],[5.37258,8.40924],[5.38087,8.42085],[5.39663,8.43826],[5.41238,8.45236],[5.43311,8.46645],[5.44638,8.47972],[5.45351,8.48629],[5.46572,8.4924],[5.47658,8.49986],[5.49014,8.51817],[5.49625,8.52903],[5.50303,8.53445],[5.51049,8.53513],[5.51456,8.53513],[5.51321,8.53852],[5.52411,8.53693],[5.53387,8.53042],[5.54444,8.5231],[5.5542,8.51253],[5.57453,8.50602],[5.58836,8.49708],[5.59975,8.48894],[5.64285,8.46292],[5.6583,8.45967],[5.68818,8.45285],[5.70466,8.44584],[5.7193,8.4434],[5.74858,8.43771],[5.76647,8.43283],[5.78274,8.42795],[5.79087,8.42713],[5.80551,8.42551],[5.81852,8.42713],[5.8291,8.42632],[5.84943,8.42225],[5.8657,8.42307],[5.88359,8.42307],[5.89741,8.42307],[5.91205,8.42388],[5.92507,8.41819],[5.94296,8.41249],[5.95679,8.40843],[5.97875,8.40518],[5.99094,8.40192],[6.01372,8.4003],[6.02022,8.39786],[6.04056,8.39298],[6.06007,8.39379],[6.07797,8.39786],[6.08266,8.40176],[6.09749,8.41412],[6.11131,8.4312],[6.11312,8.44147],[6.11375,8.44503],[6.11375,8.46129],[6.11701,8.48325],[6.11945,8.5109],[6.12351,8.53856],[6.12514,8.55564],[6.13327,8.56783],[6.13978,8.58085],[6.14791,8.5963],[6.15442,8.61745],[6.16255,8.63778],[6.16987,8.66299],[6.1837,8.68658],[6.20854,8.73237],[6.22451,8.73511],[6.24657,8.73879],[6.26772,8.73879],[6.30265,8.72776],[6.32379,8.71305],[6.3431,8.69742],[6.35872,8.68456],[6.37527,8.66157],[6.37987,8.6487],[6.3841,8.64426],[6.39825,8.6294],[6.4056,8.61193],[6.40804,8.60301],[6.41012,8.59539],[6.41388,8.5816],[6.42491,8.54943],[6.43134,8.51909],[6.43916,8.49335],[6.44927,8.45934],[6.45295,8.44831],[6.48144,8.42717],[6.5035,8.41246],[6.5127,8.39867]]]]}},{"type":"Feature","id":"NG024","properties":{"admin1Pcod":"NG024","admin1Name":"Kwara","admin1RefN":"Kwara","admin0Pcod":"NG","admin0Name":"Nigeria"},"geometry":{"type":"MultiPolygon","coordinates":[[[[3.73068,10.06829],[3.73651,10.06829],[3.73651,10.07484],[3.73432,10.07994],[3.73505,10.08794],[3.74306,10.0843],[3.74597,10.07702],[3.75034,10.06829],[3.75762,10.06319],[3.76199,10.05882],[3.76636,10.05373],[3.77145,10.04717],[3.77218,10.04062],[3.77509,10.03334],[3.78383,10.03116],[3.7882,10.03407],[3.7882,10.03844],[3.78456,10.04572],[3.78019,10.05227],[3.78456,10.06246],[3.79402,10.06246],[3.79693,10.0661],[3.79912,10.0712],[3.81805,10.06683],[3.82332,10.05431],[3.83303,10.04702],[3.85104,10.0552],[3.86413,10.05029],[3.87232,10.04211],[3.88214,10.03556],[3.89032,10.03065],[3.90342,10.01919],[3.89032,10.01592],[3.88705,10.00446],[3.88705,9.9881],[3.90996,9.98973],[3.92142,9.99955],[3.93452,9.99955],[3.94925,9.99137],[3.95416,9.98318],[3.95252,9.97828],[3.94106,9.97664],[3.93615,9.97336],[3.93452,9.97009],[3.93452,9.96682],[3.94106,9.96191],[3.94925,9.96191],[3.95907,9.96027],[3.96561,9.957],[3.97052,9.94881],[3.96889,9.94227],[3.9607,9.93736],[3.95907,9.93408],[3.9427,9.93245],[3.93452,9.92754],[3.93615,9.91608],[3.94597,9.90789],[3.95416,9.90789],[3.96234,9.90789],[3.96725,9.90298],[3.98002,9.90658],[3.98264,9.89873],[3.98526,9.89349],[3.99442,9.90004],[4.00228,9.90658],[4.01144,9.89873],[4.01275,9.88563],[4.01668,9.86861],[4.02061,9.86075],[4.02192,9.85683],[4.02716,9.85683],[4.03894,9.86468],[4.05204,9.86337],[4.05727,9.85683],[4.07037,9.85683],[4.07822,9.85421],[4.08084,9.85159],[4.08346,9.85159],[4.09525,9.8673],[4.09525,9.87778],[4.11489,9.88171],[4.12405,9.87516],[4.12274,9.86075],[4.11882,9.85552],[4.12798,9.85159],[4.14108,9.86075],[4.15286,9.86206],[4.17119,9.82016],[4.20655,9.78219],[4.20992,9.7783],[4.28249,9.69446],[4.35058,9.5884],[4.38725,9.56221],[4.44355,9.50983],[4.50117,9.44043],[4.57842,9.38805],[4.60973,9.36176],[4.61705,9.33044],[4.63931,9.30818],[4.68514,9.29247],[4.71395,9.27806],[4.73752,9.2689],[4.75454,9.24795],[4.75716,9.22438],[4.75192,9.1995],[4.75192,9.17986],[4.76455,9.14993],[4.76871,9.15353],[4.77246,9.14763],[4.78533,9.13529],[4.80089,9.13637],[4.81054,9.13637],[4.8159,9.13261],[4.82824,9.13422],[4.84808,9.14119],[4.8572,9.1487],[4.86525,9.15031],[4.87168,9.15514],[4.87607,9.15765],[4.87658,9.16124],[4.88608,9.16735],[4.89897,9.17006],[4.91118,9.17141],[4.92339,9.17616],[4.94171,9.1843],[4.96206,9.19312],[4.97155,9.20058],[4.99665,9.20737],[5.01632,9.20533],[5.0326,9.19787],[5.0482,9.18769],[5.06516,9.1626],[5.08484,9.15039],[5.1079,9.13546],[5.13096,9.12325],[5.15945,9.10697],[5.17166,9.0873],[5.19676,9.05406],[5.20897,9.03507],[5.22559,9.02693],[5.2378,9.01879],[5.25476,9.01675],[5.2724,9.01472],[5.28664,9.00997],[5.2975,9.00319],[5.30767,9.00047],[5.32327,8.99233],[5.33209,8.99572],[5.34837,8.99844],[5.37008,8.9964],[5.3755,8.9903],[5.39111,8.98284],[5.40806,8.97877],[5.42502,8.97877],[5.43655,8.97537],[5.44537,8.97266],[5.45758,8.96859],[5.46098,8.96249],[5.4664,8.95435],[5.47386,8.94756],[5.4854,8.94485],[5.49761,8.94417],[5.51185,8.94417],[5.52542,8.9401],[5.53956,8.93057],[5.54363,8.91674],[5.56315,8.89885],[5.57291,8.89234],[5.60137,8.87689],[5.60544,8.86794],[5.61927,8.85249],[5.64204,8.83541],[5.66562,8.83053],[5.69165,8.82809],[5.7128,8.82891],[5.72825,8.81996],[5.74207,8.798],[5.76078,8.7736],[5.77461,8.75327],[5.79575,8.74188],[5.82422,8.74269],[5.86488,8.74513],[5.88684,8.74676],[5.90148,8.75001],[5.92832,8.74269],[5.94377,8.74839],[5.97468,8.75652],[5.97874,8.75001],[5.99989,8.75164],[6.03324,8.75896],[6.05845,8.75896],[6.08447,8.76059],[6.11457,8.75815],[6.13165,8.75164],[6.14466,8.72968],[6.14954,8.72074],[6.16906,8.72155],[6.18532,8.72968],[6.20322,8.73456],[6.20854,8.73237],[6.1837,8.68658],[6.16987,8.66299],[6.16255,8.63778],[6.15442,8.61745],[6.14791,8.5963],[6.13978,8.58085],[6.13327,8.56783],[6.12514,8.55564],[6.12351,8.53856],[6.11945,8.5109],[6.11701,8.48325],[6.11375,8.46129],[6.11375,8.44503],[6.11312,8.44147],[6.11131,8.4312],[6.09749,8.41412],[6.08266,8.40176],[6.07797,8.39786],[6.06007,8.39379],[6.04056,8.39298],[6.02022,8.39786],[6.01372,8.4003],[5.99094,8.40192],[5.97875,8.40518],[5.95679,8.40843],[5.94296,8.41249],[5.92507,8.41819],[5.91205,8.42388],[5.89741,8.42307],[5.88359,8.42307],[5.8657,8.42307],[5.84943,8.42225],[5.8291,8.42632],[5.81852,8.42713],[5.80551,8.42551],[5.79087,8.42713],[5.78274,8.42795],[5.76647,8.43283],[5.74858,8.43771],[5.7193,8.4434],[5.70466,8.44584],[5.68818,8.45285],[5.6583,8.45967],[5.64285,8.46292],[5.59975,8.48894],[5.58836,8.49708],[5.57453,8.50602],[5.5542,8.51253],[5.54444,8.5231],[5.53387,8.53042],[5.52411,8.53693],[5.51321,8.53852],[5.51456,8.53513],[5.51049,8.53513],[5.50303,8.53445],[5.49625,8.52903],[5.49014,8.51817],[5.47658,8.49986],[5.46572,8.4924],[5.45351,8.48629],[5.44638,8.47972],[5.43311,8.46645],[5.41238,8.45236],[5.39663,8.43826],[5.38087,8.42085],[5.37258,8.40924],[5.35931,8.39514],[5.34771,8.3827],[5.3419,8.37524],[5.33079,8.35567],[5.32747,8.34904],[5.32283,8.3444],[5.3215,8.34108],[5.32349,8.3371],[5.3245,8.33378],[5.33233,8.33117],[5.33581,8.32856],[5.3432,8.32161],[5.34755,8.31552],[5.3532,8.30987],[5.3532,8.30552],[5.35276,8.29813],[5.3532,8.28683],[5.35668,8.27466],[5.36276,8.27335],[5.37233,8.27422],[5.38102,8.27813],[5.38754,8.28335],[5.39711,8.29205],[5.4045,8.29205],[5.41841,8.28379],[5.42145,8.27379],[5.41971,8.2677],[5.42189,8.26161],[5.42232,8.25118],[5.41884,8.23553],[5.42232,8.22814],[5.43188,8.22466],[5.44232,8.21814],[5.45753,8.2064],[5.46623,8.20249],[5.47188,8.20423],[5.47753,8.2051],[5.48158,8.20733],[5.48823,8.20827],[5.50052,8.2061],[5.5101,8.20619],[5.51738,8.20588],[5.52698,8.20483],[5.53739,8.19844],[5.53936,8.19235],[5.53969,8.19069],[5.53839,8.17858],[5.53709,8.16336],[5.53665,8.15641],[5.53274,8.14684],[5.52622,8.13902],[5.51796,8.13119],[5.50448,8.1238],[5.49796,8.11467],[5.49796,8.11066],[5.47503,8.10815],[5.44906,8.1059],[5.42121,8.10552],[5.39826,8.10364],[5.38734,8.10213],[5.37116,8.09649],[5.36401,8.09047],[5.36062,8.08294],[5.35874,8.07391],[5.35874,8.06337],[5.36025,8.05359],[5.36138,8.04342],[5.36062,8.03853],[5.35921,8.03611],[5.35799,8.03402],[5.35197,8.02574],[5.34595,8.02009],[5.3403,8.01558],[5.3324,8.00955],[5.31772,8.00767],[5.29778,8.00767],[5.28286,8.00847],[5.26955,8.01106],[5.2624,8.01294],[5.25676,8.01821],[5.24445,8.02054],[5.23079,8.02197],[5.22025,8.02084],[5.20294,8.01708],[5.19579,8.01821],[5.19165,8.02235],[5.18826,8.0295],[5.18187,8.03627],[5.17697,8.03891],[5.16493,8.04719],[5.16261,8.04951],[5.15703,8.05246],[5.15063,8.05584],[5.14235,8.06186],[5.12767,8.06299],[5.11789,8.06262],[5.11412,8.0581],[5.10585,8.04856],[5.10481,8.03991],[5.10486,8.03533],[5.10374,8.03264],[5.1007,8.0307],[5.0961,8.03065],[5.09,8.0283],[5.08733,8.02674],[5.08554,8.02573],[5.08439,8.02423],[5.07574,8.02498],[5.07235,8.03101],[5.06181,8.03816],[5.05763,8.03946],[5.05493,8.04919],[5.05344,8.05776],[5.04963,8.06462],[5.04429,8.06996],[5.03972,8.07187],[5.03705,8.07072],[5.03247,8.06806],[5.02904,8.06386],[5.02066,8.05929],[5.01494,8.05471],[5.00998,8.05014],[5.00541,8.04328],[5.00198,8.03413],[4.99588,8.03222],[4.9893,8.03404],[4.98749,8.03222],[4.98101,8.02574],[4.97339,8.01812],[4.96957,8.01735],[4.96711,8.02005],[4.96919,8.02422],[4.97072,8.0326],[4.96843,8.03756],[4.9669,8.04671],[4.96081,8.05243],[4.95674,8.05355],[4.94975,8.05548],[4.94518,8.06081],[4.93946,8.06806],[4.92688,8.07987],[4.91315,8.08559],[4.89541,8.08936],[4.88723,8.09093],[4.8777,8.09131],[4.86131,8.09474],[4.85407,8.0955],[4.85178,8.09169],[4.85483,8.08597],[4.85673,8.07911],[4.8575,8.07263],[4.85254,8.06806],[4.85038,8.06662],[4.84339,8.06196],[4.83005,8.05548],[4.81861,8.05357],[4.8129,8.05929],[4.80527,8.06386],[4.79949,8.06502],[4.79296,8.06654],[4.79245,8.06666],[4.78564,8.06844],[4.77916,8.06844],[4.77472,8.06831],[4.7662,8.06806],[4.75476,8.06501],[4.74561,8.06424],[4.73532,8.06348],[4.72121,8.06424],[4.71168,8.05967],[4.70559,8.05151],[4.70444,8.04823],[4.69961,8.0491],[4.69567,8.05243],[4.69224,8.05624],[4.68729,8.057],[4.68271,8.05471],[4.67966,8.05204],[4.67509,8.04976],[4.67356,8.04595],[4.66556,8.04328],[4.65946,8.04556],[4.65336,8.05052],[4.6484,8.05357],[4.64268,8.05319],[4.63735,8.05357],[4.63392,8.057],[4.63239,8.06119],[4.63414,8.06818],[4.63392,8.07149],[4.62896,8.07454],[4.62172,8.07568],[4.61295,8.07301],[4.60304,8.06806],[4.59808,8.06386],[4.59046,8.06234],[4.57902,8.05776],[4.569,8.05476],[4.55727,8.05867],[4.53349,8.07158],[4.50563,8.09196],[4.49544,8.1171],[4.49496,8.12278],[4.49408,8.13341],[4.49408,8.14971],[4.49408,8.1667],[4.49,8.18233],[4.48389,8.20271],[4.47709,8.21834],[4.4601,8.23601],[4.44176,8.25299],[4.42138,8.27046],[4.40381,8.27872],[4.38685,8.29189],[4.38256,8.29936],[4.38174,8.30143],[4.37562,8.31683],[4.37529,8.31819],[4.36764,8.35017],[4.36449,8.3585],[4.34814,8.3912],[4.25977,8.57501],[4.20914,8.68066],[4.21342,8.6826],[4.21035,8.69182],[4.20611,8.70382],[4.20112,8.71796],[4.19036,8.75331],[4.1904,8.75385],[4.1829,8.7652],[4.18263,8.78598],[4.18606,8.8056],[4.19498,8.81797],[4.20009,8.82506],[4.22111,8.86091],[4.258,8.90087],[4.32102,8.94237],[4.33485,8.95774],[4.33485,8.9808],[4.32901,8.98956],[4.32563,8.99463],[4.31641,8.99771],[4.29028,8.99156],[4.27337,8.97926],[4.25339,8.96697],[4.21046,8.97003],[4.13349,8.99463],[4.07201,9.01462],[4.01206,9.0346],[3.99054,9.04843],[3.9721,9.07764],[3.94443,9.14835],[3.92137,9.17294],[3.86296,9.18831],[3.82607,9.18216],[3.81025,9.17346],[3.79533,9.16525],[3.77073,9.14681],[3.75383,9.12068],[3.75229,9.08686],[3.74307,9.0469],[3.72001,9.01308],[3.68218,8.99417],[3.65545,8.9808],[3.60377,8.96013],[3.5248,8.92854],[3.42129,8.86341],[3.41613,8.86017],[3.38799,8.84246],[3.33881,8.82555],[3.28193,8.80403],[3.23736,8.78251],[3.19739,8.79635],[3.18356,8.81172],[3.16358,8.80865],[3.1313,8.7779],[3.10363,8.75023],[3.05137,8.72872],[3.01448,8.71027],[2.94223,8.63803],[2.92071,8.6119],[2.88844,8.60882],[2.84078,8.61036],[2.80236,8.61036],[2.77623,8.59038],[2.76123,8.57006],[2.75813,8.56115],[2.75549,8.56709],[2.75039,8.57874],[2.7493,8.59549],[2.7493,8.61223],[2.75003,8.63698],[2.74566,8.6479],[2.73838,8.65082],[2.73765,8.65737],[2.74275,8.66392],[2.74493,8.66975],[2.74129,8.67411],[2.74348,8.68431],[2.74857,8.69304],[2.7493,8.70178],[2.74566,8.70979],[2.7442,8.71998],[2.74712,8.73745],[2.74202,8.74546],[2.7311,8.76221],[2.72964,8.77385],[2.73328,8.78259],[2.73765,8.78841],[2.73984,8.79788],[2.74712,8.80079],[2.75367,8.80079],[2.75804,8.8037],[2.76241,8.80589],[2.76168,8.81171],[2.76022,8.81754],[2.75949,8.82117],[2.75949,8.82918],[2.76022,8.83646],[2.76095,8.84229],[2.76095,8.85175],[2.75804,8.85758],[2.75949,8.86486],[2.76677,8.86704],[2.76969,8.87068],[2.77187,8.88815],[2.7726,8.89252],[2.77187,8.8998],[2.76677,8.90344],[2.76313,8.90126],[2.75877,8.90344],[2.75877,8.90635],[2.76459,8.91436],[2.76677,8.91655],[2.77041,8.91873],[2.7726,8.92456],[2.77478,8.92892],[2.77842,8.9362],[2.78061,8.94348],[2.77915,8.94858],[2.77405,8.95149],[2.77187,8.95368],[2.77769,8.95804],[2.78716,8.96314],[2.78789,8.96969],[2.7857,8.97479],[2.78352,8.98061],[2.78425,8.9828],[2.78716,8.98789],[2.78425,8.99008],[2.77915,8.99226],[2.77915,8.99809],[2.78061,9.00318],[2.77769,9.00682],[2.77333,9.00755],[2.77333,9.01119],[2.78279,9.01483],[2.78352,9.01774],[2.78206,9.02211],[2.77842,9.02211],[2.77478,9.02502],[2.77988,9.02793],[2.78279,9.03085],[2.78352,9.0374],[2.78352,9.04614],[2.77842,9.05269],[2.77988,9.06506],[2.82793,9.06579],[2.86433,9.06288],[2.87088,9.06288],[2.87816,9.06361],[2.88107,9.06943],[2.88617,9.07671],[2.89782,9.08399],[2.91238,9.08909],[2.9546,9.09127],[2.9597,9.08691],[2.9648,9.07962],[2.97645,9.07599],[2.98664,9.07162],[2.99974,9.07307],[3.01649,9.07598],[3.03032,9.08108],[3.04998,9.08691],[3.07837,9.09564],[3.08783,9.10292],[3.09075,9.11821],[3.09439,9.13932],[3.10967,9.16408],[3.12059,9.18883],[3.12448,9.19175],[3.12205,9.20849],[3.12132,9.23906],[3.12933,9.25872],[3.14608,9.26818],[3.15845,9.28566],[3.15336,9.30459],[3.15117,9.33443],[3.15117,9.35336],[3.15336,9.36938],[3.14462,9.39049],[3.13152,9.43709],[3.13152,9.45165],[3.14608,9.48004],[3.15845,9.49387],[3.1752,9.50261],[3.19121,9.51062],[3.19922,9.52299],[3.21087,9.54702],[3.22179,9.56304],[3.23271,9.57468],[3.25018,9.60308],[3.25382,9.61327],[3.25674,9.64239],[3.26766,9.65768],[3.28877,9.66132],[3.30697,9.65768],[3.31716,9.65986],[3.33172,9.67151],[3.34847,9.68607],[3.35211,9.69845],[3.3492,9.70354],[3.3466,9.71081],[3.339,9.72611],[3.32444,9.7596],[3.32371,9.77999],[3.33172,9.80256],[3.35356,9.82367],[3.37832,9.83313],[3.41836,9.84988],[3.44748,9.85789],[3.46786,9.86371],[3.48606,9.8608],[3.49917,9.8557],[3.513,9.85716],[3.51591,9.86153],[3.52683,9.8608],[3.53484,9.86517],[3.55159,9.88046],[3.56396,9.8972],[3.56324,9.91686],[3.57561,9.92996],[3.60037,9.95399],[3.60692,9.97],[3.60983,9.99403],[3.61201,10.02315],[3.61201,10.04499],[3.61056,10.06465],[3.61711,10.07993],[3.62585,10.09231],[3.63968,10.09814],[3.64769,10.1025],[3.66006,10.1025],[3.66516,10.10978],[3.67098,10.1258],[3.6739,10.13891],[3.67754,10.15419],[3.67899,10.16657],[3.67645,10.1786],[3.68482,10.17021],[3.68846,10.16147],[3.69282,10.15783],[3.70302,10.15274],[3.70739,10.14327],[3.70739,10.13235],[3.70739,10.11706],[3.71248,10.10833],[3.71467,10.10178],[3.71539,10.0894],[3.73068,10.06829]]]]}},{"type":"Feature","id":"NG025","properties":{"admin1Pcod":"NG025","admin1Name":"Lagos","admin1RefN":"Lagos","admin0Pcod":"NG","admin0Name":"Nigeria"},"geometry":{"type":"MultiPolygon","coordinates":[[[[3.32387,6.67388],[3.32879,6.67337],[3.335,6.67361],[3.3428,6.67374],[3.34484,6.67276],[3.34764,6.66919],[3.35265,6.65872],[3.35286,6.65828],[3.35696,6.65473],[3.35988,6.65319],[3.36558,6.64894],[3.36943,6.64293],[3.37013,6.64118],[3.38033,6.64083],[3.38342,6.6399],[3.3863,6.63889],[3.38735,6.63861],[3.43469,6.63914],[3.44828,6.64058],[3.45766,6.63943],[3.45641,6.64191],[3.45429,6.64448],[3.45257,6.65225],[3.44947,6.65784],[3.44449,6.6649],[3.44217,6.66724],[3.4422,6.67014],[3.44259,6.67162],[3.44583,6.67341],[3.44692,6.67321],[3.44994,6.67543],[3.45102,6.67567],[3.45341,6.67105],[3.45565,6.66837],[3.46459,6.66895],[3.46426,6.67182],[3.46539,6.67374],[3.46797,6.67933],[3.46366,6.68396],[3.45911,6.68732],[3.53306,6.68974],[3.58549,6.6829],[3.58602,6.68247],[3.59642,6.68234],[3.69996,6.68237],[3.70787,6.68303],[3.81537,6.68211],[3.91684,6.6807],[3.91934,6.68066],[3.94723,6.68018],[3.97913,6.68242],[4.0197,6.67994],[4.05018,6.68003],[4.07316,6.67925],[4.07853,6.67918],[4.09148,6.67899],[4.0913,6.67696],[4.0924,6.67511],[4.09277,6.67253],[4.09425,6.67068],[4.09185,6.66791],[4.09037,6.66607],[4.09148,6.66237],[4.09185,6.66034],[4.09333,6.65868],[4.09259,6.65646],[4.09523,6.65152],[4.09148,6.65258],[4.09056,6.65074],[4.08963,6.64834],[4.08797,6.64483],[4.08539,6.6428],[4.08446,6.63984],[4.08151,6.63762],[4.07892,6.63744],[4.07671,6.63707],[4.07456,6.63564],[4.07043,6.63319],[4.0684,6.63319],[4.06669,6.63489],[4.06433,6.63615],[4.06156,6.6367],[4.05879,6.63596],[4.05787,6.63393],[4.05861,6.62987],[4.05768,6.62747],[4.05658,6.6247],[4.05381,6.621],[4.05048,6.61916],[4.0514,6.61602],[4.05381,6.61435],[4.05653,6.61108],[4.05602,6.60888],[4.05593,6.60566],[4.05588,6.60355],[4.05757,6.59949],[4.0575,6.59644],[4.05926,6.59428],[4.06112,6.58845],[4.06208,6.58616],[4.0632,6.58268],[4.06489,6.58056],[4.0661,6.57569],[4.06628,6.57155],[4.06706,6.56955],[4.06544,6.56671],[4.06494,6.5624],[4.06823,6.56355],[4.07172,6.56244],[4.07437,6.5623],[4.07634,6.56162],[4.08027,6.5604],[4.08293,6.55918],[4.08643,6.55942],[4.08719,6.56091],[4.08861,6.56264],[4.09064,6.56183],[4.09117,6.55851],[4.08962,6.55596],[4.09197,6.55528],[4.09537,6.55073],[4.09358,6.54929],[4.09442,6.54689],[4.10168,6.54747],[4.10948,6.54843],[4.10948,6.55226],[4.1106,6.55561],[4.1106,6.55829],[4.1164,6.56342],[4.11998,6.56499],[4.12221,6.56633],[4.12467,6.56856],[4.12886,6.57099],[4.13053,6.57208],[4.13181,6.57322],[4.1336,6.57415],[4.13914,6.57664],[4.14188,6.57781],[4.1448,6.57875],[4.15096,6.5813],[4.15562,6.58675],[4.15972,6.59059],[4.16224,6.59218],[4.16634,6.59337],[4.16915,6.59235],[4.17156,6.59156],[4.17491,6.58977],[4.17826,6.58866],[4.1796,6.58642],[4.18675,6.58486],[4.19412,6.58553],[4.19881,6.58575],[4.19959,6.58847],[4.20149,6.58687],[4.20439,6.58553],[4.20752,6.58397],[4.21176,6.58174],[4.21265,6.57861],[4.21533,6.57771],[4.21741,6.5724],[4.21801,6.56968],[4.22004,6.56752],[4.22198,6.56544],[4.22311,6.56196],[4.22538,6.56119],[4.22873,6.55762],[4.2265,6.5536],[4.22762,6.55159],[4.22471,6.5431],[4.22226,6.53774],[4.21444,6.53193],[4.21114,6.52809],[4.2061,6.52526],[4.20332,6.52424],[4.20112,6.52332],[4.19834,6.52231],[4.19401,6.5199],[4.1918,6.51897],[4.18503,6.51733],[4.18111,6.51614],[4.17833,6.51513],[4.17637,6.51251],[4.1749,6.51054],[4.174,6.50867],[4.16771,6.50363],[4.1655,6.50271],[4.16058,6.50064],[4.15615,6.49878],[4.15501,6.49664],[4.15701,6.49221],[4.15838,6.48977],[4.15944,6.48721],[4.16001,6.48178],[4.16095,6.47682],[4.16107,6.47472],[4.16487,6.47463],[4.1683,6.4742],[4.17202,6.47363],[4.17473,6.47206],[4.17745,6.47006],[4.18288,6.46848],[4.18603,6.46706],[4.1896,6.46648],[4.19217,6.46548],[4.19374,6.4632],[4.20046,6.4632],[4.20346,6.46191],[4.20575,6.46305],[4.20779,6.46418],[4.21339,6.46447],[4.21518,6.46334],[4.21733,6.46305],[4.21875,6.45977],[4.21997,6.45548],[4.22183,6.45048],[4.22379,6.44861],[4.22583,6.44562],[4.22797,6.44476],[4.23069,6.44547],[4.2334,6.44547],[4.23569,6.44476],[4.23741,6.4419],[4.23688,6.43817],[4.24341,6.43618],[4.24527,6.43447],[4.24998,6.43375],[4.25327,6.43433],[4.25396,6.4362],[4.25334,6.43904],[4.25434,6.44133],[4.25915,6.44246],[4.26381,6.44356],[4.26571,6.4429],[4.26842,6.44247],[4.27242,6.44276],[4.27514,6.4419],[4.27628,6.43961],[4.279,6.4379],[4.28128,6.43876],[4.284,6.43676],[4.28757,6.43604],[4.29115,6.43661],[4.29558,6.43461],[4.29872,6.43518],[4.30194,6.4388],[4.30394,6.43947],[4.30923,6.43947],[4.31662,6.43804],[4.32406,6.43779],[4.33274,6.43953],[4.3372,6.43953],[4.3434,6.43581],[4.34464,6.43382],[4.34761,6.43135],[4.35009,6.42986],[4.35084,6.42763],[4.35084,6.42168],[4.35084,6.41535],[4.35084,6.38973],[4.35084,6.37737],[4.35084,6.37104],[4.34662,6.37084],[4.32961,6.37282],[4.30186,6.37605],[4.27707,6.37828],[4.2488,6.38125],[4.2411,6.3823],[4.19771,6.3882],[4.15085,6.39712],[4.10671,6.40531],[4.07621,6.41176],[4.05141,6.41622],[4.03903,6.41794],[4.03574,6.41794],[4.02265,6.42048],[4.00338,6.42412],[3.9971,6.42519],[3.98629,6.42703],[3.96339,6.43103],[3.95967,6.43138],[3.94448,6.43284],[3.91758,6.43466],[3.90667,6.43684],[3.89031,6.43721],[3.87177,6.43684],[3.85504,6.43757],[3.83541,6.43793],[3.82123,6.43793],[3.81033,6.43793],[3.79905,6.43757],[3.78415,6.43539],[3.76597,6.43357],[3.76052,6.43139],[3.74852,6.42994],[3.7347,6.42775],[3.72561,6.42739],[3.6998,6.42594],[3.67908,6.42303],[3.66162,6.42339],[3.64199,6.42266],[3.6308,6.42257],[3.618,6.4223],[3.57473,6.42121],[3.53983,6.42157],[3.50892,6.41939],[3.48784,6.42012],[3.46748,6.42012],[3.44675,6.41939],[3.41912,6.41866],[3.41294,6.41721],[3.40529,6.41212],[3.40486,6.40933],[3.4047,6.4064],[3.40379,6.40453],[3.40235,6.40069],[3.405,6.39604],[3.40541,6.39321],[3.40637,6.39018],[3.39949,6.39031],[3.39585,6.3914],[3.38271,6.39244],[3.37004,6.39467],[3.33841,6.3983],[3.31296,6.40012],[3.26642,6.40085],[3.23552,6.40085],[3.20498,6.40085],[3.20215,6.40077],[3.20051,6.40072],[3.18062,6.40012],[3.16499,6.39976],[3.15081,6.39867],[3.12936,6.3983],[3.11372,6.39867],[3.09518,6.39721],[3.0769,6.39685],[3.07273,6.39937],[3.06899,6.39661],[3.06246,6.39612],[3.04705,6.39556],[3.04246,6.3954],[3.02319,6.39467],[3.00538,6.3954],[2.99411,6.39576],[2.97011,6.39612],[2.95121,6.3954],[2.92321,6.39358],[2.90103,6.39358],[2.87813,6.39249],[2.8505,6.39176],[2.83595,6.38885],[2.81232,6.3874],[2.78942,6.3834],[2.7716,6.38231],[2.75524,6.38013],[2.73524,6.37613],[2.71379,6.37358],[2.70398,6.3726],[2.70406,6.37564],[2.70349,6.3796],[2.70358,6.38308],[2.70375,6.386],[2.70384,6.38949],[2.70335,6.39289],[2.70295,6.39572],[2.7032,6.39807],[2.70279,6.4009],[2.70304,6.40326],[2.70321,6.40617],[2.70281,6.40901],[2.70216,6.41353],[2.70241,6.41589],[2.70266,6.41824],[2.70291,6.42059],[2.70283,6.42521],[2.70251,6.42748],[2.70268,6.4304],[2.70227,6.43323],[2.70244,6.43615],[2.70269,6.4385],[2.70286,6.44142],[2.70254,6.44368],[2.70254,6.44774],[2.70261,6.45238],[2.71016,6.45611],[2.71379,6.45902],[2.71961,6.45938],[2.72288,6.45866],[2.7327,6.45793],[2.73545,6.45793],[2.73961,6.45444],[2.74441,6.44908],[2.74794,6.44936],[2.75261,6.45119],[2.75868,6.45204],[2.76363,6.45176],[2.76871,6.45134],[2.7738,6.45247],[2.77592,6.45247],[2.77917,6.45204],[2.78411,6.45275],[2.78637,6.45501],[2.78991,6.45741],[2.79415,6.45939],[2.79923,6.4601],[2.8063,6.45882],[2.81308,6.456],[2.81831,6.45459],[2.82368,6.45148],[2.82848,6.44681],[2.83159,6.44484],[2.833,6.44314],[2.84219,6.44399],[2.85255,6.44997],[2.85385,6.4517],[2.85475,6.45358],[2.8559,6.45781],[2.85781,6.46004],[2.85959,6.46775],[2.86649,6.47138],[2.86868,6.47175],[2.87377,6.47066],[2.87995,6.46993],[2.8854,6.47356],[2.8894,6.47611],[2.89303,6.48011],[2.89527,6.48485],[2.89667,6.48774],[2.89667,6.49174],[2.89631,6.49501],[2.89449,6.49901],[2.89227,6.50196],[2.89,6.50602],[2.88886,6.50834],[2.88693,6.51095],[2.8982,6.51114],[2.90193,6.51089],[2.90564,6.5122],[2.91213,6.51417],[2.92149,6.51246],[2.92338,6.51094],[2.92711,6.51038],[2.93455,6.51206],[2.94045,6.51215],[2.94855,6.51104],[2.95568,6.51178],[2.96999,6.51109],[2.98554,6.51072],[2.9921,6.50834],[3.00983,6.50739],[3.02355,6.50481],[3.0244,6.50409],[3.03014,6.50319],[3.04627,6.5027],[3.06428,6.50392],[3.07361,6.50376],[3.082,6.50359],[3.09165,6.5025],[3.09472,6.50149],[3.0959,6.5017],[3.10061,6.50069],[3.10154,6.49949],[3.10395,6.49946],[3.10911,6.50084],[3.11139,6.5012],[3.11433,6.50108],[3.11841,6.50114],[3.12166,6.50011],[3.12372,6.50081],[3.13016,6.50066],[3.13343,6.50233],[3.13621,6.50334],[3.14078,6.50406],[3.14363,6.5045],[3.14751,6.50292],[3.15565,6.50181],[3.15702,6.50486],[3.15987,6.5053],[3.16322,6.50641],[3.16657,6.50751],[3.16878,6.50843],[3.17106,6.50879],[3.17461,6.50749],[3.17707,6.50847],[3.17952,6.50985],[3.18246,6.5139],[3.18481,6.51679],[3.18657,6.5191],[3.1894,6.52142],[3.19124,6.52294],[3.19457,6.52363],[3.19707,6.52486],[3.2,6.52775],[3.20396,6.52948],[3.20497,6.53318],[3.20514,6.5361],[3.20522,6.53959],[3.20482,6.54242],[3.20392,6.54459],[3.20393,6.54719],[3.20174,6.55218],[3.20156,6.5554],[3.20084,6.55916],[3.19744,6.56633],[3.19638,6.57062],[3.19618,6.57332],[3.1969,6.57619],[3.19941,6.58031],[3.20747,6.58838],[3.21607,6.59501],[3.22972,6.60104],[3.23328,6.60585],[3.23531,6.60984],[3.23748,6.61412],[3.24001,6.61603],[3.24059,6.6181],[3.24112,6.62313],[3.24144,6.62533],[3.24148,6.62863],[3.23934,6.63073],[3.23937,6.63399],[3.23885,6.64001],[3.23929,6.64224],[3.24001,6.64587],[3.24047,6.6482],[3.24138,6.65418],[3.24184,6.65987],[3.24432,6.66432],[3.24659,6.66758],[3.2483,6.67003],[3.24951,6.67215],[3.25198,6.67646],[3.25436,6.68167],[3.25944,6.69023],[3.25986,6.69093],[3.26113,6.69312],[3.26254,6.69592],[3.2625,6.6964],[3.262,6.69791],[3.26243,6.69835],[3.2646,6.69824],[3.26794,6.69728],[3.27185,6.69662],[3.27417,6.69593],[3.28235,6.69072],[3.28786,6.68703],[3.28848,6.68662],[3.29052,6.68579],[3.29605,6.68327],[3.29837,6.68244],[3.30244,6.68091],[3.31131,6.67758],[3.31466,6.67547],[3.32387,6.67388]]]]}},{"type":"Feature","id":"NG026","properties":{"admin1Pcod":"NG026","admin1Name":"Nasarawa","admin1RefN":"Nasarawa","admin0Pcod":"NG","admin0Name":"Nigeria"},"geometry":{"type":"MultiPolygon","coordinates":[[[[7.99731,9.31436],[8.00084,9.30643],[8.00606,9.30309],[8.01578,9.29687],[8.02286,9.29233],[8.02548,9.29062],[8.03112,9.28694],[8.04024,9.28097],[8.04577,9.27736],[8.0593,9.27308],[8.06109,9.27252],[8.06165,9.27234],[8.06357,9.27223],[8.07272,9.26235],[8.0764,9.25844],[8.08486,9.25008],[8.08817,9.24681],[8.09331,9.24183],[8.09364,9.24151],[8.09564,9.24008],[8.11109,9.22906],[8.11491,9.22435],[8.115,9.22272],[8.11493,9.22117],[8.1145,9.21107],[8.11445,9.21004],[8.11413,9.20255],[8.11109,9.19152],[8.10803,9.1804],[8.10752,9.17855],[8.10613,9.17381],[8.1019,9.16718],[8.09916,9.16339],[8.09859,9.16278],[8.09896,9.15125],[8.09907,9.14786],[8.0997,9.12363],[8.09995,9.11438],[8.10043,9.09603],[8.1007,9.08569],[8.10083,9.0809],[8.10137,9.07545],[8.10259,9.06328],[8.10788,9.05271],[8.12814,9.04919],[8.13528,9.05171],[8.13998,9.05337],[8.14312,9.05447],[8.14935,9.05885],[8.15538,9.06307],[8.16042,9.0666],[8.1648,9.07061],[8.16541,9.07116],[8.17539,9.08026],[8.18188,9.08619],[8.18607,9.09038],[8.20107,9.10538],[8.20623,9.11054],[8.21535,9.11966],[8.22349,9.12687],[8.22994,9.13257],[8.2316,9.13403],[8.23826,9.13993],[8.23985,9.1447],[8.24119,9.14872],[8.24355,9.15578],[8.25147,9.16371],[8.25228,9.16694],[8.25412,9.17428],[8.25588,9.17869],[8.24814,9.18225],[8.25102,9.19098],[8.25324,9.19262],[8.25517,9.194],[8.25566,9.19434],[8.25786,9.19591],[8.26178,9.1987],[8.26364,9.19936],[8.2642,9.19955],[8.26474,9.19975],[8.26894,9.20123],[8.27184,9.20225],[8.27428,9.20312],[8.27581,9.20367],[8.27771,9.20434],[8.27821,9.20452],[8.27875,9.20471],[8.28085,9.20547],[8.28246,9.20559],[8.28491,9.20578],[8.28656,9.20556],[8.28917,9.20523],[8.29086,9.20502],[8.29286,9.20477],[8.29441,9.20457],[8.29626,9.20399],[8.29804,9.20343],[8.29978,9.20288],[8.30284,9.20191],[8.30616,9.20086],[8.30823,9.20021],[8.30982,9.19972],[8.31201,9.19905],[8.31526,9.19805],[8.31866,9.19701],[8.32248,9.19584],[8.32459,9.19519],[8.32737,9.19434],[8.33169,9.19302],[8.33268,9.19285],[8.33378,9.19266],[8.33513,9.19243],[8.33951,9.18896],[8.36662,9.18354],[8.38067,9.18179],[8.38149,9.18109],[8.38777,9.17569],[8.39583,9.16223],[8.40955,9.1507],[8.41821,9.14169],[8.423,9.13559],[8.43075,9.12583],[8.43697,9.12065],[8.44197,9.11648],[8.44661,9.11262],[8.45432,9.10139],[8.4563,9.09852],[8.46233,9.08977],[8.4667,9.08344],[8.47142,9.0766],[8.47392,9.07297],[8.47437,9.06997],[8.47656,9.05535],[8.47908,9.0522],[8.48662,9.04279],[8.49066,9.03774],[8.49418,9.02364],[8.49859,9.01131],[8.50435,9.00143],[8.50894,9.00064],[8.51404,9.00065],[8.52172,9.0019],[8.53326,9.00438],[8.54109,9.01052],[8.54757,9.01422],[8.55413,9.02036],[8.55949,9.02895],[8.55968,9.03508],[8.56245,9.04244],[8.56402,9.05225],[8.56683,9.06083],[8.57073,9.06329],[8.57605,9.07066],[8.57999,9.07434],[8.58662,9.08294],[8.59452,9.09154],[8.60498,9.10014],[8.61022,9.10505],[8.61117,9.10594],[8.61755,9.12394],[8.62425,9.14957],[8.62647,9.17407],[8.62645,9.19189],[8.64438,9.20082],[8.65111,9.2064],[8.65334,9.21419],[8.65334,9.21976],[8.6571,9.2265],[8.65974,9.22355],[8.6575,9.21836],[8.65666,9.21642],[8.65693,9.21064],[8.65781,9.20769],[8.66148,9.19539],[8.6635,9.19355],[8.66752,9.18987],[8.67329,9.19013],[8.67731,9.18644],[8.68116,9.18661],[8.68702,9.18494],[8.69077,9.18704],[8.69633,9.1871],[8.70808,9.18781],[8.71201,9.18605],[8.72172,9.18456],[8.73343,9.18121],[8.7394,9.18013],[8.74622,9.17864],[8.74899,9.17804],[8.75503,9.17252],[8.76106,9.167],[8.765,9.16524],[8.76755,9.15742],[8.76771,9.14992],[8.7679,9.14414],[8.76752,9.13629],[8.76477,9.12855],[8.76128,9.12067],[8.76146,9.11682],[8.76164,9.11297],[8.76007,9.10518],[8.76409,9.10149],[8.76851,9.09786],[8.76885,9.09531],[8.77415,9.09229],[8.77818,9.08861],[8.78019,9.08677],[8.78412,9.08501],[8.7919,9.08342],[8.79566,9.07564],[8.79944,9.07116],[8.79655,9.06626],[8.79481,9.06232],[8.79306,9.05838],[8.78948,9.05243],[8.78975,9.04665],[8.78993,9.0428],[8.79404,9.03719],[8.79815,9.03158],[8.80603,9.03274],[8.81173,9.0303],[8.82324,9.03076],[8.83871,9.02952],[8.84448,9.02977],[8.85025,9.03003],[8.86196,9.02669],[8.86581,9.02686],[8.87551,9.02536],[8.88536,9.02161],[8.88839,9.02207],[8.89492,9.02236],[8.89816,9.02105],[8.90739,9.01932],[8.91634,9.01752],[8.9228,9.0162],[8.92412,9.01594],[8.92727,9.01608],[8.92989,9.01619],[8.94302,9.01558],[8.95113,9.0152],[8.95488,9.0173],[8.96074,9.01563],[8.96375,9.01576],[8.96682,9.01504],[8.96953,9.01602],[8.9742,9.01623],[8.97766,9.01654],[8.98361,9.01769],[8.9895,9.01884],[8.99265,9.01894],[8.99529,9.01902],[8.99867,9.02037],[9.00094,9.02128],[9.00434,9.02106],[9.00889,9.02077],[9.01228,9.02179],[9.01633,9.02198],[9.02017,9.02213],[9.02393,9.02423],[9.02777,9.0244],[9.03922,9.02684],[9.04499,9.02709],[9.04956,9.02616],[9.05277,9.02551],[9.05671,9.02375],[9.06015,9.0206],[9.06274,9.01823],[9.06696,9.00793],[9.06908,8.99775],[9.06975,8.99542],[9.06984,8.99187],[9.07074,8.98784],[9.06837,8.97987],[9.06707,8.9663],[9.06908,8.96446],[9.07118,8.96069],[9.07346,8.95307],[9.07189,8.94528],[9.06823,8.94125],[9.06255,8.93907],[9.05329,8.93094],[9.04596,8.92289],[9.0443,8.91702],[9.04448,8.91317],[9.04081,8.90915],[9.03907,8.90521],[9.03182,8.89524],[9.02851,8.88351],[9.02676,8.87957],[9.0252,8.87177],[9.02354,8.86591],[9.01804,8.85987],[9.01621,8.85786],[9.01062,8.85375],[9.00301,8.85149],[8.99908,8.85324],[8.98955,8.85089],[8.98562,8.85264],[8.97399,8.85406],[8.96639,8.85179],[8.95879,8.84952],[8.95704,8.84558],[8.9553,8.84164],[8.9498,8.83561],[8.95007,8.82983],[8.9511,8.82714],[8.95097,8.82419],[8.9506,8.81578],[8.94903,8.81048],[8.94515,8.79956],[8.93833,8.79367],[8.93271,8.78551],[8.92904,8.78449],[8.92397,8.78249],[8.91915,8.7833],[8.91697,8.78366],[8.91155,8.77982],[8.9072,8.77597],[8.90357,8.77067],[8.90163,8.76513],[8.90109,8.76395],[8.90469,8.75813],[8.90441,8.75503],[8.89937,8.75097],[8.89603,8.74828],[8.89193,8.74035],[8.89214,8.73293],[8.89689,8.72727],[8.90284,8.71933],[8.90766,8.71022],[8.91074,8.70299],[8.91181,8.69877],[8.91395,8.68618],[8.91983,8.68169],[8.92571,8.6772],[8.92922,8.67318],[8.93222,8.6714],[8.9348,8.66788],[8.94024,8.66723],[8.94046,8.66257],[8.94102,8.65961],[8.94179,8.65558],[8.94228,8.65219],[8.9445,8.64667],[8.94732,8.63965],[8.94976,8.63394],[8.95118,8.62131],[8.95831,8.61225],[8.96417,8.60891],[8.97002,8.60557],[8.97779,8.60519],[8.98053,8.60117],[8.98343,8.59658],[8.98318,8.58511],[8.98102,8.5782],[8.98241,8.5743],[8.98322,8.57203],[8.98631,8.56647],[8.98738,8.56452],[8.98607,8.56198],[8.98409,8.55816],[8.98402,8.55323],[8.97846,8.54924],[8.97497,8.54136],[8.97514,8.53751],[8.979,8.53058],[8.98246,8.52725],[8.98826,8.52289],[8.99062,8.52111],[8.99474,8.51957],[8.99728,8.51725],[9.00514,8.51374],[9.01028,8.51527],[9.01364,8.51206],[9.01947,8.50988],[9.02639,8.51275],[9.03215,8.51301],[9.03678,8.51251],[9.0402,8.51488],[9.04338,8.51836],[9.04936,8.51967],[9.05413,8.51607],[9.05916,8.51228],[9.05952,8.50457],[9.05987,8.49687],[9.06379,8.49348],[9.06635,8.49252],[9.06993,8.48766],[9.07579,8.48599],[9.08011,8.48805],[9.08329,8.48632],[9.0883,8.4836],[9.09537,8.47799],[9.10141,8.47361],[9.10212,8.46986],[9.10319,8.46423],[9.1002,8.45812],[9.09846,8.45418],[9.0968,8.44831],[9.09716,8.44061],[9.10109,8.43885],[9.11124,8.43802],[9.11843,8.43816],[9.12153,8.43822],[9.12443,8.4341],[9.12754,8.43374],[9.12846,8.43041],[9.13239,8.42866],[9.13676,8.43545],[9.1386,8.43831],[9.14582,8.44339],[9.1489,8.44677],[9.15248,8.45272],[9.15623,8.45481],[9.15807,8.45683],[9.17493,8.46723],[9.17703,8.46346],[9.18262,8.46757],[9.18463,8.46573],[9.20229,8.45879],[9.21199,8.45729],[9.21584,8.45746],[9.23315,8.45823],[9.24468,8.45874],[9.2543,8.45917],[9.2619,8.46144],[9.26391,8.45959],[9.27335,8.46387],[9.27454,8.46363],[9.28622,8.46898],[9.2928,8.47085],[9.30127,8.47505],[9.31021,8.48253],[9.31867,8.48673],[9.33654,8.48906],[9.34595,8.49185],[9.3624,8.48997],[9.37792,8.48574],[9.39765,8.4759],[9.42067,8.4623],[9.49162,8.43087],[9.50854,8.42617],[9.52969,8.4238],[9.54591,8.42612],[9.5605,8.43124],[9.57177,8.42888],[9.576,8.42373],[9.60887,8.40216],[9.62107,8.38951],[9.62148,8.38899],[9.61851,8.38732],[9.6207,8.38541],[9.6228,8.38359],[9.6183,8.37777],[9.62112,8.37069],[9.62404,8.3606],[9.62452,8.35573],[9.62469,8.35459],[9.6237,8.3515],[9.62223,8.34955],[9.61994,8.34923],[9.61197,8.35024],[9.61211,8.3408],[9.61233,8.33045],[9.61375,8.31782],[9.61753,8.30293],[9.61539,8.29484],[9.60967,8.29127],[9.60037,8.29339],[9.5922,8.29668],[9.58408,8.29768],[9.56665,8.30079],[9.56197,8.303],[9.54689,8.305],[9.54344,8.30379],[9.53534,8.30363],[9.52493,8.30342],[9.51801,8.30214],[9.5122,8.30317],[9.50406,8.30532],[9.4983,8.30405],[9.49251,8.30394],[9.48321,8.30606],[9.47504,8.30935],[9.46687,8.31264],[9.45284,8.31927],[9.44351,8.32254],[9.43182,8.32807],[9.42016,8.33244],[9.40844,8.33912],[9.40141,8.34358],[9.38972,8.34911],[9.38275,8.35012],[9.37697,8.35001],[9.36783,8.34408],[9.36328,8.34054],[9.35995,8.33357],[9.35662,8.3266],[9.35455,8.31505],[9.35018,8.30231],[9.34686,8.29534],[9.34247,8.28374],[9.33569,8.27556],[9.33003,8.26969],[9.32552,8.26385],[9.32342,8.25345],[9.3259,8.24544],[9.32957,8.23631],[9.33617,8.23256],[9.34146,8.22934],[9.34675,8.22612],[9.35375,8.22297],[9.35896,8.22148],[9.36425,8.21825],[9.37125,8.21511],[9.37483,8.21181],[9.38012,8.20859],[9.38214,8.20582],[9.38436,8.20476],[9.39047,8.20183],[9.39753,8.19621],[9.40582,8.18717],[9.41182,8.17693],[9.40628,8.16531],[9.40061,8.15945],[9.39143,8.15582],[9.38695,8.14883],[9.39191,8.13281],[9.39222,8.11786],[9.39256,8.10175],[9.39504,8.09375],[9.39865,8.08691],[9.40342,8.0801],[9.41403,8.0711],[9.41538,8.06193],[9.40414,8.04559],[9.39616,8.03968],[9.38705,8.0326],[9.37905,8.02784],[9.36883,8.01844],[9.35969,8.0125],[9.35171,8.00659],[9.34603,8.00188],[9.33932,7.99024],[9.33552,7.98551],[9.31912,7.97653],[9.31459,7.97405],[9.30536,7.96901],[9.28108,7.95585],[9.25073,7.94473],[9.22037,7.92651],[9.20975,7.92177],[9.18679,7.91151],[9.17913,7.90808],[9.17373,7.90521],[9.17296,7.90628],[9.16422,7.91131],[9.15683,7.91601],[9.13565,7.92473],[9.13094,7.93076],[9.06339,8.05207],[9.06339,8.05944],[9.06339,8.06346],[9.06339,8.06748],[9.06171,8.07083],[9.05697,8.07765],[9.05599,8.07728],[9.05018,8.0752],[9.02538,8.06258],[8.97127,8.05762],[8.91085,8.05626],[8.84186,8.06709],[8.81976,8.07024],[8.78054,8.0752],[8.69667,8.09639],[8.63715,8.11623],[8.62165,8.12021],[8.59502,8.15282],[8.58849,8.15607],[8.56561,8.15387],[8.55363,8.15169],[8.5424,8.14873],[8.52442,8.15727],[8.51268,8.15778],[8.50368,8.15817],[8.4861,8.14915],[8.47274,8.14247],[8.46626,8.13923],[8.42658,8.11218],[8.39051,8.07791],[8.37112,8.04634],[8.36345,8.01658],[8.3603,7.98728],[8.3603,7.96067],[8.36345,7.94624],[8.36712,7.93892],[8.3645,7.92577],[8.36451,7.92035],[8.36887,7.9171],[8.3785,7.91616],[8.37878,7.91558],[8.39772,7.87996],[8.40539,7.86102],[8.40466,7.83676],[8.39664,7.82945],[8.39292,7.82014],[8.39385,7.80991],[8.40129,7.79595],[8.40688,7.78712],[8.41199,7.77642],[8.41199,7.76851],[8.40316,7.76618],[8.38548,7.76804],[8.37216,7.77],[8.36222,7.77456],[8.34547,7.78433],[8.32872,7.79177],[8.30174,7.80247],[8.27476,7.81456],[8.2515,7.82247],[8.21522,7.83457],[8.19103,7.84899],[8.18545,7.85224],[8.18312,7.85317],[8.18036,7.85258],[8.17568,7.85503],[8.15986,7.85969],[8.13939,7.86155],[8.11381,7.86387],[8.10198,7.86712],[8.13925,7.8906],[8.14468,7.8982],[8.14357,7.90362],[8.13922,7.9047],[8.12072,7.90357],[8.10004,7.90352],[8.09241,7.90459],[8.08586,7.91216],[8.0804,7.91866],[8.06336,7.9256],[8.06292,7.92699],[7.9649,7.95958],[7.91804,7.97571],[7.87991,7.98536],[7.87035,7.98533],[7.86726,7.98622],[7.83842,7.98529],[7.81097,7.99133],[7.7826,7.99878],[7.76073,8.00343],[7.7384,8.00622],[7.69747,8.01366],[7.67684,8.01447],[7.67723,8.01663],[7.66568,8.01934],[7.62491,8.02953],[7.58347,8.03769],[7.54271,8.04312],[7.50535,8.0472],[7.451,8.04652],[7.44579,8.04486],[7.43244,8.04569],[7.40449,8.04296],[7.39318,8.04186],[7.30555,8.02558],[7.25384,8.01505],[7.1959,7.99302],[7.11786,7.95903],[7.07285,7.94274],[7.05293,7.93228],[7.01534,7.92833],[7.00449,7.92827],[6.99465,7.92527],[6.99173,7.91936],[6.98784,7.90952],[6.97803,7.90161],[6.96629,7.88681],[6.96359,7.87929],[6.96267,7.88757],[6.95991,7.89676],[6.9544,7.90503],[6.95256,7.9179],[6.95715,7.92985],[6.96083,7.94272],[6.96359,7.96019],[6.9783,7.98593],[6.97921,8.00064],[6.97278,8.01994],[6.97094,8.03005],[6.97738,8.05027],[6.98703,8.07785],[6.98703,8.09256],[6.98335,8.11554],[6.99714,8.15323],[7.00266,8.16702],[7.00082,8.18173],[6.99254,8.19552],[6.97967,8.21114],[6.97232,8.22493],[6.97048,8.24516],[6.96497,8.26538],[6.95945,8.27549],[6.95302,8.28376],[6.94107,8.29296],[6.93463,8.30123],[6.93463,8.31042],[6.94199,8.32237],[6.95118,8.34627],[6.95577,8.35914],[6.95761,8.37477],[6.96956,8.39132],[6.98417,8.45938],[6.99144,8.45982],[7.02526,8.46165],[7.05712,8.46296],[7.08421,8.46368],[7.11674,8.46622],[7.16299,8.47334],[7.21077,8.48096],[7.27118,8.49247],[7.31241,8.50078],[7.33668,8.5086],[7.34189,8.50845],[7.35569,8.51244],[7.37143,8.52528],[7.39761,8.55262],[7.41813,8.5699],[7.44303,8.59328],[7.47762,8.63133],[7.47926,8.63278],[7.49323,8.65074],[7.496,8.6543],[7.50198,8.66865],[7.5185,8.69869],[7.54144,8.7404],[7.5653,8.78528],[7.59167,8.83488],[7.59466,8.8564],[7.59227,8.92456],[7.58906,9.10765],[7.58868,9.12906],[7.60332,9.16144],[7.66761,9.30365],[7.72713,9.33064],[7.72987,9.33188],[7.73181,9.33578],[7.73779,9.34779],[7.74075,9.34878],[7.74637,9.34546],[7.7489,9.34396],[7.75071,9.34299],[7.75133,9.34265],[7.75217,9.34231],[7.75736,9.34021],[7.76758,9.33629],[7.76849,9.33603],[7.76993,9.33563],[7.77738,9.33403],[7.78273,9.33287],[7.78925,9.33111],[7.79752,9.32753],[7.80054,9.32616],[7.80219,9.32544],[7.80293,9.32498],[7.81506,9.3176],[7.82063,9.31302],[7.82107,9.31281],[7.82326,9.31176],[7.82444,9.31126],[7.82727,9.31007],[7.82816,9.30972],[7.83117,9.31033],[7.83388,9.31078],[7.8381,9.31289],[7.84,9.31384],[7.84378,9.31568],[7.84464,9.3161],[7.84666,9.31689],[7.85463,9.32],[7.85812,9.32493],[7.86587,9.33698],[7.87844,9.35653],[7.88191,9.36193],[7.88391,9.36504],[7.88984,9.37426],[7.90164,9.38902],[7.90393,9.39188],[7.9148,9.40046],[7.92067,9.4051],[7.93829,9.40334],[7.94408,9.39888],[7.98058,9.37074],[7.98718,9.36477],[7.99323,9.35929],[7.99908,9.354],[8.00172,9.34079],[7.99834,9.32863],[7.99731,9.32493],[7.99732,9.31778],[7.99731,9.31436]]]]}},{"type":"Feature","id":"NG027","properties":{"admin1Pcod":"NG027","admin1Name":"Niger","admin1RefN":"Niger","admin0Pcod":"NG","admin0Name":"Nigeria"},"geometry":{"type":"MultiPolygon","coordinates":[[[[4.92994,11.35723],[4.93396,11.35402],[4.94279,11.35723],[4.94761,11.36446],[4.95243,11.36928],[4.95886,11.36928],[4.96609,11.36205],[4.9709,11.35322],[4.97251,11.34759],[4.97251,11.33956],[4.97733,11.32912],[4.98135,11.31948],[4.98456,11.30422],[4.98857,11.29137],[4.99098,11.28655],[5.00062,11.28254],[5.00865,11.27932],[5.01026,11.2745],[5.01106,11.27049],[5.00865,11.26647],[5.00624,11.26246],[5.00544,11.25764],[5.01187,11.25201],[5.01669,11.25121],[5.02552,11.25603],[5.03275,11.26085],[5.03436,11.26487],[5.04078,11.27049],[5.0456,11.2729],[5.05203,11.2729],[5.05845,11.27049],[5.06247,11.26246],[5.06488,11.25442],[5.06247,11.24479],[5.05685,11.23756],[5.05283,11.23113],[5.04881,11.22792],[5.04881,11.21908],[5.04881,11.21105],[5.05283,11.20543],[5.05765,11.20463],[5.06247,11.20864],[5.06648,11.21668],[5.06889,11.2231],[5.0713,11.22712],[5.0713,11.23193],[5.0713,11.23756],[5.07371,11.24157],[5.08014,11.25523],[5.08978,11.26487],[5.09379,11.27049],[5.10022,11.27932],[5.10102,11.28575],[5.10584,11.30101],[5.10584,11.31466],[5.10423,11.32269],[5.10182,11.33073],[5.10022,11.33876],[5.10022,11.34599],[5.10504,11.35241],[5.11789,11.35563],[5.12592,11.35402],[5.13395,11.35322],[5.14038,11.35161],[5.14439,11.3492],[5.15082,11.34759],[5.15425,11.34661],[5.16206,11.34438],[5.16849,11.34197],[5.17652,11.34117],[5.18455,11.33956],[5.19339,11.33394],[5.20303,11.33073],[5.20945,11.32269],[5.21266,11.31225],[5.21427,11.30663],[5.21668,11.2994],[5.21668,11.29298],[5.21668,11.28896],[5.21588,11.28495],[5.21588,11.28362],[5.2156,11.28286],[5.21054,11.26886],[5.20907,11.26494],[5.19591,11.25462],[5.19512,11.254],[5.17776,11.24593],[5.17734,11.24565],[5.17684,11.24531],[5.17158,11.24094],[5.16826,11.23819],[5.15291,11.22543],[5.15168,11.22588],[5.15025,11.22641],[5.14739,11.22757],[5.1456,11.22855],[5.14462,11.22915],[5.13887,11.23259],[5.13843,11.23285],[5.13517,11.23451],[5.13042,11.23679],[5.12473,11.23737],[5.1232,11.23743],[5.12178,11.23749],[5.11599,11.23743],[5.11299,11.23357],[5.11364,11.23037],[5.12188,11.22635],[5.12409,11.22528],[5.12477,11.22495],[5.12685,11.22401],[5.12738,11.22384],[5.13019,11.22294],[5.13139,11.22256],[5.13214,11.22232],[5.13383,11.22172],[5.13545,11.21859],[5.13627,11.21698],[5.13772,11.21317],[5.13953,11.20843],[5.14905,11.20767],[5.15293,11.2068],[5.15586,11.20651],[5.1588,11.20622],[5.15977,11.20707],[5.16134,11.20845],[5.16172,11.20879],[5.16482,11.21153],[5.16829,11.21458],[5.17107,11.21703],[5.17801,11.22174],[5.18047,11.2234],[5.19376,11.23234],[5.19984,11.23643],[5.21191,11.24389],[5.21709,11.24709],[5.22165,11.24987],[5.22853,11.25407],[5.22934,11.25457],[5.24124,11.26073],[5.24117,11.26168],[5.24101,11.26382],[5.24061,11.26933],[5.24051,11.2706],[5.24047,11.27117],[5.24037,11.27251],[5.24016,11.27545],[5.2399,11.27885],[5.23975,11.28081],[5.23942,11.28509],[5.23935,11.28589],[5.2393,11.2932],[5.23917,11.3033],[5.24388,11.31599],[5.25346,11.31868],[5.27694,11.32525],[5.27821,11.32561],[5.27904,11.32584],[5.27961,11.32635],[5.28006,11.32675],[5.2846,11.33082],[5.28928,11.33501],[5.29176,11.33723],[5.29335,11.33864],[5.29501,11.33888],[5.29564,11.33897],[5.30065,11.33968],[5.30881,11.34084],[5.31624,11.3419],[5.31732,11.34205],[5.32573,11.33925],[5.33598,11.33576],[5.3369,11.33545],[5.33716,11.33314],[5.33876,11.32751],[5.34439,11.31547],[5.3476,11.30422],[5.35081,11.29619],[5.35322,11.27691],[5.35322,11.27129],[5.35322,11.25844],[5.35643,11.24961],[5.35884,11.24479],[5.35804,11.23274],[5.35804,11.22712],[5.36848,11.20543],[5.3741,11.19178],[5.38133,11.18615],[5.39418,11.17892],[5.40864,11.17089],[5.41238,11.16949],[5.41397,11.16492],[5.41463,11.16303],[5.41671,11.15706],[5.41697,11.15632],[5.41714,11.13957],[5.41714,11.13891],[5.41422,11.13626],[5.41192,11.13418],[5.41105,11.13339],[5.40953,11.13201],[5.40272,11.12584],[5.40127,11.12452],[5.38707,11.11033],[5.38704,11.10548],[5.38707,11.10186],[5.38724,11.08483],[5.38618,11.07568],[5.38434,11.05959],[5.38506,11.05886],[5.38753,11.05635],[5.38962,11.05473],[5.39296,11.05215],[5.39465,11.05083],[5.39792,11.0483],[5.40154,11.0455],[5.40278,11.04453],[5.40343,11.04399],[5.40399,11.04378],[5.40515,11.04354],[5.4099,11.04254],[5.41812,11.04082],[5.42876,11.04098],[5.42872,11.03997],[5.43113,11.01909],[5.42999,11.01681],[5.43595,11.00704],[5.43997,10.99821],[5.44072,10.98606],[5.44051,10.98544],[5.44478,10.97331],[5.44781,10.96696],[5.45282,10.95644],[5.45844,10.95323],[5.46567,10.95403],[5.4729,10.95644],[5.49217,10.95885],[5.51466,10.96206],[5.52591,10.96206],[5.53394,10.96126],[5.56285,10.96367],[5.5749,10.96528],[5.58936,10.96447],[5.60944,10.96528],[5.62229,10.96206],[5.63675,10.96206],[5.65683,10.96688],[5.66405,10.97331],[5.68012,10.97572],[5.69136,10.98214],[5.70421,10.99018],[5.72108,10.995],[5.74196,11.00383],[5.75481,11.01748],[5.76526,11.02873],[5.77971,11.03515],[5.79578,11.04399],[5.80542,11.04479],[5.80743,11.04585],[5.82068,11.05282],[5.83112,11.05604],[5.83334,11.05617],[5.84477,11.05684],[5.86325,11.05764],[5.87529,11.05925],[5.89377,11.06246],[5.91144,11.06487],[5.92107,11.07049],[5.9267,11.07692],[5.93553,11.08977],[5.94517,11.10021],[5.9516,11.10664],[5.96017,11.11786],[5.96204,11.12029],[5.97408,11.13636],[5.98533,11.14439],[5.99336,11.14599],[6.00059,11.14358],[6.00621,11.14198],[6.00852,11.14102],[6.01585,11.13796],[6.02147,11.12591],[6.02629,11.11387],[6.02629,11.10102],[6.03111,11.08415],[6.03272,11.07531],[6.03995,11.06648],[6.04637,11.05443],[6.0528,11.04319],[6.06485,11.03194],[6.07609,11.02552],[6.09456,11.01266],[6.10661,11.00785],[6.11464,11.00142],[6.11946,10.9958],[6.13151,10.97893],[6.13472,10.9717],[6.14034,10.96367],[6.14597,10.95724],[6.14838,10.95002],[6.14998,10.93957],[6.15239,10.92994],[6.15962,10.92592],[6.16123,10.91709],[6.16042,10.90905],[6.16042,10.90263],[6.16364,10.89058],[6.16444,10.88175],[6.16444,10.87291],[6.16283,10.86889],[6.1613,10.86613],[6.16001,10.86381],[6.15882,10.86167],[6.15456,10.85539],[6.14998,10.85283],[6.14356,10.85283],[6.14091,10.8525],[6.13713,10.85203],[6.12267,10.8448],[6.11866,10.83757],[6.12107,10.83516],[6.12589,10.83355],[6.13026,10.82846],[6.1311,10.82404],[6.1291,10.82151],[6.12508,10.81829],[6.12107,10.81428],[6.11545,10.81347],[6.10822,10.81347],[6.10741,10.80946],[6.11063,10.80384],[6.11063,10.80114],[6.11063,10.79661],[6.10822,10.79098],[6.10581,10.78456],[6.10368,10.77973],[6.10179,10.77572],[6.09938,10.77091],[6.10259,10.76448],[6.10645,10.76117],[6.10822,10.75966],[6.10913,10.75301],[6.10982,10.74761],[6.11093,10.74484],[6.11304,10.73958],[6.11024,10.73586],[6.10822,10.73316],[6.10581,10.72512],[6.1034,10.7187],[6.09778,10.71549],[6.09135,10.70826],[6.09135,10.70022],[6.09537,10.69781],[6.1042,10.69942],[6.11143,10.69541],[6.11384,10.68978],[6.11866,10.68416],[6.13223,10.67899],[6.13553,10.67774],[6.13713,10.6697],[6.13392,10.66167],[6.13216,10.65962],[6.1291,10.65605],[6.12508,10.64962],[6.12465,10.64617],[6.12428,10.6432],[6.12367,10.64044],[6.12267,10.63597],[6.12026,10.62714],[6.11304,10.61268],[6.11223,10.60545],[6.11464,10.59902],[6.12749,10.5934],[6.1291,10.58055],[6.12749,10.56931],[6.12348,10.56208],[6.12107,10.55324],[6.11464,10.54923],[6.10741,10.54682],[6.09858,10.54601],[6.09296,10.54601],[6.09055,10.53798],[6.09135,10.52272],[6.08653,10.51549],[6.09055,10.48095],[6.08974,10.47533],[6.09474,10.47387],[6.09648,10.47074],[6.10019,10.46409],[6.105,10.45686],[6.11278,10.45945],[6.11705,10.46088],[6.12973,10.46355],[6.13231,10.46409],[6.14034,10.45847],[6.14739,10.45207],[6.14918,10.45043],[6.15034,10.44309],[6.15159,10.43517],[6.15252,10.4282],[6.1532,10.42313],[6.1541,10.40997],[6.15526,10.4072],[6.15801,10.40064],[6.16393,10.39107],[6.1674,10.38548],[6.16846,10.38377],[6.17107,10.38402],[6.19083,10.38595],[6.20139,10.38698],[6.21501,10.39377],[6.21688,10.39471],[6.22648,10.41012],[6.2287,10.4175],[6.23914,10.42077],[6.24155,10.42152],[6.24958,10.42152],[6.25063,10.42571],[6.25121,10.42805],[6.25279,10.43437],[6.2544,10.4432],[6.26182,10.45467],[6.26323,10.45686],[6.27791,10.46114],[6.28251,10.46248],[6.28552,10.46398],[6.29857,10.47051],[6.30035,10.4746],[6.30357,10.48201],[6.3066,10.48899],[6.31189,10.49339],[6.32588,10.50505],[6.34461,10.51663],[6.36529,10.52941],[6.37006,10.53236],[6.37443,10.53726],[6.38797,10.55242],[6.39014,10.55485],[6.39092,10.557],[6.39254,10.56146],[6.39482,10.56774],[6.39656,10.57252],[6.40172,10.57348],[6.41825,10.57653],[6.42708,10.58537],[6.42919,10.58663],[6.43322,10.58905],[6.43913,10.5926],[6.45038,10.59501],[6.4576,10.59822],[6.46914,10.60297],[6.47126,10.60384],[6.47488,10.60615],[6.48009,10.60946],[6.48212,10.61018],[6.49375,10.61428],[6.5041,10.6104],[6.5066,10.60946],[6.51179,10.60658],[6.51383,10.60545],[6.51969,10.59959],[6.52427,10.59501],[6.52185,10.58532],[6.52106,10.58216],[6.52159,10.57283],[6.52507,10.56449],[6.5323,10.55324],[6.53473,10.55081],[6.54033,10.54521],[6.54917,10.54521],[6.55159,10.54556],[6.5561,10.54694],[6.56121,10.55083],[6.56655,10.5535],[6.5694,10.55492],[6.57407,10.55726],[6.57778,10.56263],[6.58129,10.5677],[6.58318,10.56986],[6.58692,10.57412],[6.59702,10.57716],[6.60298,10.57894],[6.60624,10.58011],[6.61078,10.58173],[6.61423,10.58296],[6.61811,10.58419],[6.62411,10.58608],[6.63051,10.58811],[6.6365,10.59001],[6.64707,10.59343],[6.65329,10.5928],[6.66857,10.59126],[6.67123,10.59087],[6.67778,10.58986],[6.68089,10.58939],[6.68618,10.58994],[6.69615,10.59099],[6.70049,10.58902],[6.70523,10.58827],[6.70985,10.58754],[6.72587,10.58939],[6.72931,10.5938],[6.73149,10.59661],[6.72988,10.60304],[6.72667,10.60866],[6.72507,10.61453],[6.72426,10.6175],[6.71944,10.62473],[6.71749,10.62807],[6.71382,10.63436],[6.7159,10.63852],[6.71703,10.64079],[6.72266,10.64561],[6.72689,10.64772],[6.72908,10.64882],[6.73477,10.64825],[6.74232,10.6475],[6.74478,10.64725],[6.75005,10.64663],[6.7588,10.64561],[6.76536,10.64364],[6.77486,10.64079],[6.78228,10.63965],[6.7853,10.63918],[6.79494,10.64079],[6.79923,10.64208],[6.80297,10.6432],[6.81444,10.63915],[6.81663,10.63838],[6.8191,10.63575],[6.8235,10.63108],[6.82948,10.62473],[6.83009,10.61496],[6.83028,10.61187],[6.82979,10.60451],[6.82948,10.59983],[6.8351,10.59581],[6.83607,10.59302],[6.83872,10.58537],[6.84138,10.57469],[6.84193,10.57252],[6.84165,10.56727],[6.84113,10.55726],[6.83952,10.54923],[6.8355,10.53798],[6.83952,10.53156],[6.84434,10.52834],[6.84916,10.53075],[6.85639,10.53798],[6.86121,10.55083],[6.86313,10.55194],[6.8691,10.55536],[6.8743,10.55326],[6.88209,10.55083],[6.88932,10.54682],[6.89573,10.54438],[6.90024,10.54267],[6.90526,10.54077],[6.91261,10.53798],[6.91432,10.53605],[6.91903,10.53075],[6.92266,10.52423],[6.92707,10.5163],[6.92917,10.51248],[6.9359,10.50023],[6.94795,10.4914],[6.95352,10.48218],[6.95413,10.46805],[6.95437,10.46248],[6.95042,10.45656],[6.94901,10.45443],[6.94634,10.45043],[6.94256,10.44248],[6.93831,10.43357],[6.93767,10.43143],[6.93349,10.4175],[6.92843,10.40304],[6.92305,10.38216],[6.92477,10.37572],[6.92626,10.37012],[6.93021,10.36577],[6.9343,10.36128],[6.94059,10.36093],[6.94875,10.36048],[6.95118,10.3608],[6.9608,10.36208],[6.96506,10.3628],[6.97721,10.36483],[6.98628,10.36146],[6.98891,10.36048],[6.9912,10.35933],[6.99694,10.35646],[7.00039,10.35655],[7.00338,10.35663],[7.00639,10.35617],[7.02024,10.35405],[7.02477,10.35059],[7.02911,10.34727],[7.03389,10.34361],[7.04353,10.32674],[7.04663,10.32261],[7.05076,10.3171],[7.04995,10.31068],[7.04915,10.30104],[7.04594,10.2914],[7.04032,10.28899],[7.03228,10.28739],[7.02586,10.28016],[7.01943,10.27373],[7.01713,10.26605],[7.00979,10.25044],[7.00913,10.24711],[7.00819,10.24241],[7.00337,10.2416],[7.0029,10.24492],[7.00257,10.24723],[6.99614,10.24482],[6.9905,10.24084],[6.98731,10.23679],[6.98489,10.23681],[6.98409,10.24],[6.98249,10.24401],[6.97847,10.24],[6.97044,10.23277],[6.96723,10.22233],[6.96562,10.2151],[6.9608,10.20707],[6.95919,10.20225],[6.95447,10.192],[6.94715,10.18538],[6.94233,10.18056],[6.93992,10.18056],[6.93671,10.18056],[6.92867,10.18056],[6.92707,10.18619],[6.92364,10.18913],[6.92144,10.191],[6.91502,10.18859],[6.911,10.17896],[6.90546,10.17095],[6.90377,10.16852],[6.89494,10.15807],[6.88835,10.15313],[6.8853,10.15084],[6.88209,10.11711],[6.89253,10.09302],[6.90118,10.07638],[6.90433,10.07784],[6.90636,10.07784],[6.91442,10.07784],[6.9262,10.06774],[6.9405,10.06101],[6.95227,10.04756],[6.96237,10.04671],[6.9834,10.04587],[7.00779,10.04503],[7.01872,10.0383],[7.03386,10.04419],[7.06499,10.04251],[7.08517,10.03662],[7.0919,10.03241],[7.10031,10.02989],[7.10368,10.03157],[7.10536,10.02653],[7.11209,10.02653],[7.12303,10.02989],[7.12555,10.0341],[7.13817,10.03578],[7.14994,10.03494],[7.15667,10.0341],[7.16676,10.03326],[7.17938,10.02737],[7.18863,10.02737],[7.19368,10.02989],[7.20041,10.03326],[7.20714,10.04167],[7.21387,10.03998],[7.21602,10.03741],[7.22213,10.03726],[7.22669,10.03884],[7.22909,10.03842],[7.23237,10.04335],[7.24079,10.03998],[7.25073,10.03942],[7.25407,10.03923],[7.25845,10.03662],[7.26465,10.03219],[7.27022,10.02821],[7.27324,10.02351],[7.2778,10.01643],[7.27864,10.01054],[7.27991,10.00228],[7.28032,9.99961],[7.28108,9.99374],[7.28032,9.98904],[7.28032,9.98363],[7.28032,9.97353],[7.28054,9.97108],[7.28108,9.96499],[7.28314,9.96055],[7.28452,9.95755],[7.28621,9.94998],[7.28577,9.94115],[7.28547,9.93518],[7.28537,9.93316],[7.28714,9.92607],[7.28789,9.92307],[7.29378,9.90793],[7.29798,9.89867],[7.29546,9.88774],[7.29546,9.88],[7.29546,9.87176],[7.2965,9.86985],[7.30051,9.8625],[7.29966,9.85662],[7.2949,9.85305],[7.29294,9.85157],[7.28873,9.84063],[7.29108,9.82886],[7.29209,9.82381],[7.29294,9.81119],[7.29125,9.80026],[7.28537,9.78932],[7.27864,9.7868],[7.27359,9.78344],[7.2677,9.78344],[7.26013,9.7868],[7.25677,9.79016],[7.25172,9.79437],[7.23153,9.79101],[7.22396,9.78764],[7.22084,9.78588],[7.21491,9.78255],[7.2105,9.78007],[7.20755,9.7689],[7.20673,9.7658],[7.20474,9.7583],[7.21471,9.74895],[7.2248,9.73886],[7.24499,9.73213],[7.26849,9.73213],[7.27107,9.73213],[7.28032,9.72456],[7.28329,9.71802],[7.28607,9.71191],[7.28873,9.70605],[7.2867,9.70173],[7.28383,9.69565],[7.282,9.69175],[7.28284,9.68418],[7.29041,9.68166],[7.29468,9.6791],[7.29938,9.67628],[7.30407,9.67346],[7.31144,9.66904],[7.3144,9.66439],[7.31733,9.65979],[7.32256,9.65421],[7.32694,9.64953],[7.33873,9.63696],[7.33947,9.63541],[7.34111,9.63198],[7.34215,9.62968],[7.34301,9.62535],[7.34352,9.62265],[7.34139,9.61838],[7.33706,9.61403],[7.33367,9.60666],[7.32511,9.6027],[7.31582,9.60141],[7.31511,9.60131],[7.31145,9.60004],[7.29406,9.5941],[7.29367,9.593],[7.29323,9.59122],[7.29268,9.58869],[7.29003,9.57633],[7.28731,9.56369],[7.28569,9.55616],[7.28558,9.55562],[7.28539,9.55512],[7.28517,9.55421],[7.28423,9.55314],[7.28334,9.55214],[7.27694,9.54492],[7.27269,9.54012],[7.26776,9.53455],[7.26345,9.52968],[7.26097,9.52689],[7.25388,9.52413],[7.25144,9.52319],[7.24654,9.52132],[7.24419,9.52042],[7.2391,9.51848],[7.23406,9.50922],[7.22733,9.49492],[7.22278,9.49549],[7.2206,9.49577],[7.21555,9.50334],[7.2113,9.50089],[7.21239,9.49223],[7.21308,9.4877],[7.21347,9.48519],[7.21491,9.48184],[7.21734,9.47616],[7.21834,9.47381],[7.21944,9.47133],[7.22133,9.46702],[7.2243,9.46027],[7.22282,9.45344],[7.22159,9.44782],[7.22795,9.44358],[7.23784,9.43699],[7.24109,9.43753],[7.24705,9.43915],[7.25463,9.44132],[7.25782,9.44065],[7.26112,9.43995],[7.26492,9.43915],[7.2674,9.43956],[7.27467,9.44078],[7.2766,9.43863],[7.27954,9.43536],[7.28503,9.42987],[7.28951,9.42544],[7.28976,9.41283],[7.28983,9.40936],[7.28492,9.40585],[7.28225,9.40395],[7.28039,9.40216],[7.27575,9.39773],[7.2698,9.39203],[7.26547,9.38684],[7.25928,9.37942],[7.25626,9.37579],[7.25501,9.36586],[7.25463,9.36279],[7.25777,9.35936],[7.26059,9.35629],[7.26289,9.35456],[7.26496,9.35301],[7.26709,9.35141],[7.2703,9.34941],[7.27327,9.34985],[7.28009,9.35087],[7.28265,9.35194],[7.29073,9.35529],[7.29832,9.35844],[7.30879,9.36279],[7.31496,9.36468],[7.32124,9.3666],[7.32839,9.36384],[7.33533,9.36116],[7.34376,9.36317],[7.3467,9.36387],[7.35024,9.36469],[7.36039,9.36702],[7.37649,9.36333],[7.38817,9.34982],[7.24976,9.15572],[7.24639,9.15098],[7.23397,9.1335],[7.22002,9.11388],[7.22056,9.11367],[7.22241,9.11288],[7.22194,9.11049],[7.2217,9.11004],[7.21898,9.10158],[7.2115,9.10487],[7.17575,9.132],[7.15618,9.14685],[7.04587,9.2305],[7.04364,9.23215],[7.03108,9.22991],[7.00955,9.22702],[6.9868,9.2263],[6.96164,9.22603],[6.95337,9.22599],[6.80029,9.22511],[6.79553,9.11239],[6.78225,8.798],[6.78076,8.79441],[6.78017,8.77152],[6.77865,8.74036],[6.77955,8.59311],[6.78011,8.59287],[6.77852,8.45755],[6.77867,8.45383],[6.82764,8.45345],[6.82506,8.43394],[6.82478,8.43268],[6.83214,8.42533],[6.83214,8.41705],[6.82478,8.40419],[6.83305,8.40143],[6.83765,8.39683],[6.83673,8.39132],[6.83214,8.38672],[6.82754,8.37936],[6.82662,8.37477],[6.82294,8.36742],[6.81467,8.35638],[6.81099,8.35179],[6.80732,8.3426],[6.8018,8.33892],[6.79077,8.33065],[6.77974,8.33157],[6.77238,8.33524],[6.77055,8.33065],[6.76963,8.31778],[6.76687,8.30858],[6.76043,8.30583],[6.75124,8.30491],[6.7494,8.29939],[6.76135,8.29296],[6.76319,8.28193],[6.76135,8.27273],[6.75584,8.26814],[6.7494,8.26354],[6.74389,8.26538],[6.7301,8.28376],[6.71999,8.27457],[6.72101,8.26588],[6.7235,8.2586],[6.7259,8.25066],[6.72422,8.24939],[6.71815,8.24332],[6.71447,8.22953],[6.71263,8.20195],[6.69976,8.18908],[6.69126,8.18301],[6.69011,8.1854],[6.68827,8.20195],[6.68368,8.21298],[6.67173,8.22034],[6.66529,8.22677],[6.65794,8.23596],[6.64139,8.25527],[6.63128,8.27641],[6.62668,8.28744],[6.61381,8.29939],[6.6083,8.3141],[6.59911,8.32421],[6.58808,8.32605],[6.5798,8.33065],[6.57153,8.3426],[6.56234,8.35363],[6.55131,8.36925],[6.5274,8.37569],[6.5127,8.39867],[6.5035,8.41246],[6.48144,8.42717],[6.45295,8.44831],[6.44927,8.45934],[6.43916,8.49335],[6.43134,8.51909],[6.42491,8.54943],[6.41388,8.5816],[6.41012,8.59539],[6.40804,8.60301],[6.4056,8.61193],[6.39825,8.6294],[6.3841,8.64426],[6.37987,8.6487],[6.37527,8.66157],[6.35872,8.68456],[6.3431,8.69742],[6.32379,8.71305],[6.30265,8.72776],[6.26772,8.73879],[6.24657,8.73879],[6.22451,8.73511],[6.20854,8.73237],[6.20322,8.73456],[6.18532,8.72968],[6.16906,8.72155],[6.14954,8.72074],[6.14466,8.72968],[6.13165,8.75164],[6.11457,8.75815],[6.08447,8.76059],[6.05845,8.75896],[6.03324,8.75896],[5.99989,8.75164],[5.97874,8.75001],[5.97468,8.75652],[5.94377,8.74839],[5.92832,8.74269],[5.90148,8.75001],[5.88684,8.74676],[5.86488,8.74513],[5.82422,8.74269],[5.79575,8.74188],[5.77461,8.75327],[5.76078,8.7736],[5.74207,8.798],[5.72825,8.81996],[5.7128,8.82891],[5.69165,8.82809],[5.66562,8.83053],[5.64204,8.83541],[5.61927,8.85249],[5.60544,8.86794],[5.60137,8.87689],[5.57291,8.89234],[5.56315,8.89885],[5.54363,8.91674],[5.53956,8.93057],[5.52542,8.9401],[5.51185,8.94417],[5.49761,8.94417],[5.4854,8.94485],[5.47386,8.94756],[5.4664,8.95435],[5.46098,8.96249],[5.45758,8.96859],[5.44537,8.97266],[5.43655,8.97537],[5.42502,8.97877],[5.40806,8.97877],[5.39111,8.98284],[5.3755,8.9903],[5.37008,8.9964],[5.34837,8.99844],[5.33209,8.99572],[5.32327,8.99233],[5.30767,9.00047],[5.2975,9.00319],[5.28664,9.00997],[5.2724,9.01472],[5.25476,9.01675],[5.2378,9.01879],[5.22559,9.02693],[5.20897,9.03507],[5.19676,9.05406],[5.17166,9.0873],[5.15945,9.10697],[5.13096,9.12325],[5.1079,9.13546],[5.08484,9.15039],[5.06516,9.1626],[5.0482,9.18769],[5.0326,9.19787],[5.01632,9.20533],[4.99665,9.20737],[4.97155,9.20058],[4.96206,9.19312],[4.94171,9.1843],[4.92339,9.17616],[4.91118,9.17141],[4.89897,9.17006],[4.88608,9.16735],[4.87658,9.16124],[4.87607,9.15765],[4.87168,9.15514],[4.86525,9.15031],[4.8572,9.1487],[4.84808,9.14119],[4.82824,9.13422],[4.8159,9.13261],[4.81054,9.13637],[4.80089,9.13637],[4.78533,9.13529],[4.77246,9.14763],[4.76871,9.15353],[4.76455,9.14993],[4.75192,9.17986],[4.75192,9.1995],[4.75716,9.22438],[4.75454,9.24795],[4.73752,9.2689],[4.71395,9.27806],[4.68514,9.29247],[4.63931,9.30818],[4.61705,9.33044],[4.60973,9.36176],[4.57842,9.38805],[4.50117,9.44043],[4.44355,9.50983],[4.38725,9.56221],[4.35058,9.5884],[4.28249,9.69446],[4.20992,9.7783],[4.20655,9.78219],[4.17119,9.82016],[4.15286,9.86206],[4.14108,9.86075],[4.12798,9.85159],[4.11882,9.85552],[4.12274,9.86075],[4.12405,9.87516],[4.11489,9.88171],[4.09525,9.87778],[4.09525,9.8673],[4.08346,9.85159],[4.08084,9.85159],[4.07822,9.85421],[4.07037,9.85683],[4.05727,9.85683],[4.05204,9.86337],[4.03894,9.86468],[4.02716,9.85683],[4.02192,9.85683],[4.02061,9.86075],[4.01668,9.86861],[4.01275,9.88563],[4.01144,9.89873],[4.00228,9.90658],[3.99442,9.90004],[3.98526,9.89349],[3.98264,9.89873],[3.98002,9.90658],[3.96725,9.90298],[3.96234,9.90789],[3.95416,9.90789],[3.94597,9.90789],[3.93615,9.91608],[3.93452,9.92754],[3.9427,9.93245],[3.95907,9.93408],[3.9607,9.93736],[3.96889,9.94227],[3.97052,9.94881],[3.96561,9.957],[3.95907,9.96027],[3.94925,9.96191],[3.94106,9.96191],[3.93452,9.96682],[3.93452,9.97009],[3.93615,9.97336],[3.94106,9.97664],[3.95252,9.97828],[3.95416,9.98318],[3.94925,9.99137],[3.93452,9.99955],[3.92142,9.99955],[3.90996,9.98973],[3.88705,9.9881],[3.88705,10.00446],[3.89032,10.01592],[3.90342,10.01919],[3.89032,10.03065],[3.88214,10.03556],[3.87232,10.04211],[3.86413,10.05029],[3.85104,10.0552],[3.83303,10.04702],[3.82332,10.05431],[3.81805,10.06683],[3.79912,10.0712],[3.79693,10.0661],[3.79402,10.06246],[3.78456,10.06246],[3.78019,10.05227],[3.78456,10.04572],[3.7882,10.03844],[3.7882,10.03407],[3.78383,10.03116],[3.77509,10.03334],[3.77218,10.04062],[3.77145,10.04717],[3.76636,10.05373],[3.76199,10.05882],[3.75762,10.06319],[3.75034,10.06829],[3.74597,10.07702],[3.74306,10.0843],[3.73505,10.08794],[3.73432,10.07994],[3.73651,10.07484],[3.73651,10.06829],[3.73068,10.06829],[3.71539,10.0894],[3.71467,10.10178],[3.71248,10.10833],[3.70739,10.11706],[3.70739,10.13235],[3.70739,10.14327],[3.70302,10.15274],[3.69282,10.15783],[3.68846,10.16147],[3.68482,10.17021],[3.67645,10.1786],[3.67489,10.18016],[3.67341,10.18299],[3.65281,10.18424],[3.64407,10.19048],[3.63408,10.20234],[3.62596,10.21171],[3.6141,10.21983],[3.60785,10.22669],[3.60099,10.23668],[3.5935,10.25104],[3.5871,10.26722],[3.58537,10.28107],[3.60181,10.31742],[3.61393,10.35205],[3.63124,10.38407],[3.63384,10.40831],[3.63644,10.42735],[3.64942,10.43687],[3.68145,10.45245],[3.69183,10.45765],[3.73078,10.43341],[3.76021,10.41956],[3.7706,10.41437],[3.78185,10.40571],[3.78705,10.40571],[3.80003,10.44207],[3.80263,10.46544],[3.80263,10.48535],[3.81821,10.53728],[3.83292,10.56844],[3.85196,10.59441],[3.8511,10.61864],[3.8485,10.65846],[3.84504,10.67404],[3.84338,10.69888],[3.83811,10.70606],[3.80782,10.72597],[3.79137,10.73982],[3.78099,10.76233],[3.76973,10.78916],[3.75069,10.81859],[3.74723,10.8359],[3.76108,10.87225],[3.7706,10.90255],[3.77146,10.92505],[3.76454,10.97439],[3.75935,10.99689],[3.75069,11.01161],[3.73598,11.02027],[3.7204,11.02286],[3.71693,11.02806],[3.72126,11.0445],[3.72559,11.05143],[3.71953,11.07826],[3.72386,11.10163],[3.72646,11.11807],[3.72326,11.12511],[3.72213,11.1276],[3.75156,11.1276],[3.79397,11.11288],[3.81845,11.09789],[3.83638,11.08691],[3.89091,11.05402],[3.93765,11.03671],[3.99392,11.01767],[4.06835,11.022],[4.10038,11.02632],[4.13241,11.02546],[4.16703,11.02459],[4.18607,11.03238],[4.21377,11.03065],[4.22661,11.0187],[4.23887,11.00728],[4.25618,10.98564],[4.26311,10.98218],[4.27782,10.98651],[4.28821,10.98045],[4.28475,10.95362],[4.28388,10.93717],[4.28821,10.92852],[4.31071,10.92072],[4.31937,10.91467],[4.3357,10.91532],[4.34101,10.91553],[4.34367,10.91153],[4.34746,10.91167],[4.35576,10.91016],[4.37085,10.90035],[4.3799,10.90035],[4.39801,10.89658],[4.40143,10.89623],[4.41234,10.88888],[4.42909,10.88393],[4.45092,10.88832],[4.46774,10.90184],[4.47193,10.90337],[4.4923,10.91091],[4.52398,10.9162],[4.53983,10.91997],[4.5534,10.91544],[4.56849,10.90865],[4.58735,10.90639],[4.60168,10.91167],[4.62658,10.91544],[4.63337,10.92449],[4.63639,10.92826],[4.64491,10.94007],[4.66504,10.93931],[4.67443,10.93839],[4.68909,10.93341],[4.69705,10.93076],[4.70277,10.92449],[4.70764,10.9183],[4.71635,10.91619],[4.72456,10.90642],[4.73219,10.89734],[4.742,10.8732],[4.73747,10.85057],[4.72012,10.81586],[4.71484,10.7706],[4.70654,10.74118],[4.70051,10.70648],[4.69952,10.69363],[4.69749,10.66725],[4.68919,10.64236],[4.66128,10.62124],[4.62809,10.59408],[4.60697,10.57597],[4.58509,10.5639],[4.54737,10.55033],[4.52549,10.54203],[4.51086,10.53552],[4.51006,10.53517],[4.49854,10.51737],[4.48556,10.46976],[4.4795,10.42129],[4.48642,10.36849],[4.48383,10.34079],[4.48296,10.32868],[4.49075,10.31396],[4.51845,10.29838],[4.54182,10.28713],[4.56,10.26809],[4.56606,10.25684],[4.56606,10.24603],[4.56869,10.24605],[4.56744,10.22295],[4.55183,10.19485],[4.52749,10.14303],[4.52692,10.11426],[4.53763,10.11816],[4.57882,10.13179],[4.57936,10.13197],[4.58928,10.12964],[4.61001,10.12359],[4.614,10.12246],[4.61797,10.1229],[4.6267,10.12339],[4.63564,10.12758],[4.63634,10.12736],[4.64387,10.12067],[4.66813,10.11314],[4.68988,10.11397],[4.69992,10.11983],[4.71079,10.13154],[4.71288,10.15664],[4.71288,10.16166],[4.70535,10.17253],[4.69281,10.18006],[4.67858,10.19763],[4.67106,10.21185],[4.66938,10.22607],[4.67691,10.23025],[4.69699,10.24029],[4.70535,10.25284],[4.70201,10.27292],[4.70201,10.29383],[4.70535,10.30219],[4.71288,10.31056],[4.73129,10.31474],[4.74885,10.30554],[4.77646,10.2955],[4.80276,10.2963],[4.80317,10.29551],[4.81364,10.29476],[4.82934,10.29494],[4.84158,10.29249],[4.84856,10.29257],[4.85465,10.29436],[4.85632,10.30042],[4.85348,10.32025],[4.84712,10.34264],[4.84029,10.37151],[4.84422,10.38919],[4.84673,10.42098],[4.85258,10.4444],[4.85342,10.4603],[4.84505,10.4787],[4.83292,10.4879],[4.82623,10.49543],[4.8187,10.50714],[4.8187,10.5222],[4.81954,10.5381],[4.82205,10.55901],[4.82791,10.56988],[4.82372,10.59498],[4.81452,10.60418],[4.80197,10.61338],[4.79612,10.62928],[4.80281,10.6527],[4.81201,10.6619],[4.81452,10.67445],[4.80699,10.69285],[4.8095,10.69787],[4.81452,10.70456],[4.83125,10.70373],[4.83627,10.70038],[4.8438,10.69954],[4.84715,10.70456],[4.8622,10.70707],[4.86806,10.70038],[4.88144,10.70289],[4.89065,10.70122],[4.89399,10.69369],[4.90905,10.68783],[4.9149,10.68783],[4.92327,10.69369],[4.93163,10.68783],[4.94167,10.68867],[4.94669,10.69369],[4.94837,10.70122],[4.95589,10.70456],[4.96593,10.70707],[4.97346,10.71042],[4.97597,10.71377],[4.97932,10.71711],[4.98685,10.71711],[4.99521,10.71962],[5.0086,10.7213],[5.0086,10.73384],[5.01194,10.74054],[5.02031,10.74639],[5.027,10.74806],[5.03118,10.74472],[5.04038,10.73719],[5.04959,10.73803],[5.05711,10.7397],[5.06464,10.74723],[5.07468,10.7489],[5.0797,10.75559],[5.09643,10.75978],[5.0988,10.76056],[5.10088,10.75983],[5.10229,10.77232],[5.10731,10.78571],[5.10898,10.79575],[5.09978,10.80829],[5.08388,10.8175],[5.05879,10.82084],[5.04708,10.82502],[5.03871,10.8359],[5.02867,10.85932],[5.02616,10.87187],[5.02533,10.89027],[5.03453,10.89948],[5.0546,10.9045],[5.07552,10.91537],[5.08221,10.92708],[5.08137,10.9505],[5.06799,10.98982],[5.06297,11.01241],[5.04624,11.04169],[5.04064,11.0519],[5.03575,11.0519],[5.02737,11.0505],[5.02109,11.05399],[5.00922,11.0519],[4.99595,11.05399],[4.99107,11.06097],[4.99177,11.07005],[4.9799,11.08052],[4.97222,11.08052],[4.96035,11.08262],[4.94778,11.08262],[4.93451,11.08401],[4.90868,11.08192],[4.89821,11.08751],[4.87656,11.09169],[4.8633,11.10007],[4.86067,11.10335],[4.85039,11.10849],[4.83966,11.11386],[4.8178,11.11951],[4.81442,11.11613],[4.80255,11.11404],[4.78859,11.11893],[4.78579,11.12381],[4.78021,11.1287],[4.77943,11.13142],[4.76529,11.13686],[4.75762,11.14299],[4.74612,11.14759],[4.72159,11.17634],[4.71039,11.18037],[4.70201,11.19224],[4.69992,11.20341],[4.69922,11.22226],[4.70341,11.22854],[4.73622,11.24949],[4.74302,11.25367],[4.74376,11.25412],[4.74436,11.25469],[4.74613,11.25748],[4.74673,11.25841],[4.7473,11.26298],[4.74739,11.26423],[4.74743,11.26485],[4.74736,11.26687],[4.74727,11.26923],[4.74723,11.2702],[4.74717,11.27193],[4.74707,11.2745],[4.74548,11.28063],[4.74399,11.28634],[4.74178,11.29225],[4.74133,11.29346],[4.74097,11.29445],[4.74058,11.2959],[4.74034,11.29681],[4.74012,11.29763],[4.74057,11.2995],[4.74088,11.3008],[4.74276,11.30208],[4.74528,11.30379],[4.74646,11.30459],[4.74704,11.30499],[4.74802,11.30551],[4.74958,11.30613],[4.75117,11.3069],[4.75168,11.30715],[4.75488,11.30877],[4.75593,11.30931],[4.75866,11.31208],[4.76002,11.31347],[4.76146,11.31492],[4.76219,11.31345],[4.76608,11.306],[4.78296,11.31225],[4.80545,11.32109],[4.8199,11.33073],[4.82633,11.33555],[4.83757,11.33715],[4.84882,11.34358],[4.86488,11.35081],[4.87131,11.35322],[4.88014,11.36125],[4.89059,11.37089],[4.90585,11.3733],[4.91789,11.37089],[4.92352,11.36446],[4.92994,11.35723]]]]}},{"type":"Feature","id":"NG028","properties":{"admin1Pcod":"NG028","admin1Name":"Ogun","admin1RefN":"Ogun","admin0Pcod":"NG","admin0Name":"Nigeria"},"geometry":{"type":"MultiPolygon","coordinates":[[[[2.84613,7.92988],[2.85077,7.92932],[2.85367,7.92933],[2.85947,7.92878],[2.86237,7.92821],[2.86585,7.92707],[2.86933,7.9265],[2.87224,7.92651],[2.87862,7.9248],[2.88384,7.92482],[2.88616,7.92483],[2.88964,7.92485],[2.89313,7.92544],[2.89661,7.92604],[2.89952,7.92663],[2.90184,7.92664],[2.90532,7.92665],[2.90822,7.92666],[2.91287,7.92668],[2.91751,7.92612],[2.91982,7.92382],[2.91865,7.92149],[2.91575,7.92032],[2.91342,7.91916],[2.91052,7.91799],[2.90702,7.91392],[2.90295,7.91158],[2.89655,7.9075],[2.89481,7.90576],[2.89131,7.89995],[2.89071,7.89647],[2.88954,7.89299],[2.88837,7.88951],[2.8872,7.88545],[2.88544,7.88139],[2.88427,7.87733],[2.88368,7.87385],[2.88309,7.87038],[2.88191,7.86574],[2.88132,7.86284],[2.88131,7.85936],[2.88246,7.85532],[2.88302,7.8501],[2.88301,7.84605],[2.88241,7.84199],[2.88182,7.83909],[2.88123,7.83562],[2.88122,7.83098],[2.88004,7.82692],[2.87945,7.82287],[2.87944,7.81939],[2.88001,7.8165],[2.88232,7.81187],[2.88405,7.81014],[2.88695,7.80842],[2.89043,7.80612],[2.89448,7.8044],[2.89738,7.80267],[2.90028,7.80095],[2.90434,7.80038],[2.90897,7.79809],[2.91129,7.79578],[2.91244,7.79231],[2.91532,7.78537],[2.91589,7.78248],[2.91529,7.77842],[2.91529,7.77552],[2.91469,7.77147],[2.9141,7.76799],[2.91351,7.76451],[2.91292,7.76161],[2.91233,7.75929],[2.91174,7.75697],[2.91173,7.75292],[2.91463,7.75061],[2.91869,7.75179],[2.92102,7.75354],[2.92451,7.75529],[2.92683,7.75646],[2.92916,7.75878],[2.93207,7.76111],[2.93498,7.76402],[2.93731,7.76577],[2.9408,7.7681],[2.94371,7.77043],[2.9472,7.77334],[2.95011,7.77625],[2.95245,7.77973],[2.95537,7.78669],[2.95712,7.7896],[2.96178,7.79541],[2.96528,7.8018],[2.96821,7.8076],[2.97112,7.81282],[2.97288,7.81631],[2.97405,7.81979],[2.97522,7.82327],[2.97582,7.82848],[2.97699,7.83196],[2.97758,7.83486],[2.97817,7.83776],[2.97818,7.84123],[2.97819,7.84355],[2.97878,7.84761],[2.97937,7.84993],[2.98054,7.85341],[2.98171,7.85573],[2.98288,7.85805],[2.98578,7.85922],[2.98983,7.85518],[2.99156,7.85056],[2.99271,7.84767],[2.99328,7.84477],[2.99733,7.839],[2.99906,7.83611],[3.00485,7.83208],[3.00658,7.82977],[3.00889,7.82572],[3.01178,7.81994],[3.01293,7.81763],[3.01408,7.81532],[3.01581,7.81243],[3.01812,7.80781],[3.01985,7.80376],[3.02158,7.80029],[3.02331,7.79567],[3.02596,7.7918],[3.02503,7.78872],[3.02212,7.78871],[3.01923,7.78986],[3.01921,7.78522],[3.01978,7.78291],[3.02035,7.78002],[3.02208,7.77655],[3.02091,7.77249],[3.02031,7.76669],[3.02552,7.76266],[3.02609,7.75861],[3.0255,7.75571],[3.02375,7.75281],[3.022,7.7499],[3.02083,7.747],[3.02024,7.74411],[3.01907,7.74178],[3.01732,7.73946],[3.01615,7.73656],[3.01497,7.7296],[3.0138,7.72554],[3.0103,7.72147],[3.00797,7.71915],[3.0068,7.71683],[3.00621,7.71393],[3.00736,7.70988],[3.01084,7.707],[3.01198,7.70295],[3.01198,7.70063],[3.00849,7.69946],[3.00153,7.70117],[2.99688,7.69883],[2.99918,7.69247],[3.0015,7.69132],[3.00265,7.68785],[2.998,7.68667],[2.99452,7.68608],[2.99277,7.68433],[2.98985,7.67911],[2.99333,7.67681],[2.99623,7.67682],[2.99971,7.67567],[3.00202,7.67337],[3.00026,7.66757],[2.99561,7.66523],[2.99328,7.66117],[2.99675,7.65771],[2.99789,7.65192],[2.9973,7.6496],[2.99379,7.64032],[2.99262,7.638],[2.9908,7.63408],[2.98902,7.63061],[2.98727,7.62946],[2.98435,7.62715],[2.98143,7.62542],[2.97734,7.62311],[2.97499,7.62022],[2.97263,7.61617],[2.97257,7.61038],[2.9737,7.6069],[2.97541,7.604],[2.97653,7.60052],[2.97765,7.59647],[2.97876,7.59125],[2.98046,7.58719],[2.98275,7.58429],[2.98676,7.57964],[2.99079,7.57616],[2.99539,7.57267],[2.99767,7.56861],[3.00054,7.56512],[3.00399,7.56222],[3.00683,7.55584],[3.01088,7.55525],[3.01435,7.55408],[3.02072,7.5529],[3.02535,7.55231],[3.02591,7.5522],[3.02825,7.55172],[3.03345,7.54997],[3.03689,7.54591],[3.0432,7.53894],[3.04432,7.5343],[3.05066,7.53023],[3.05411,7.5279],[3.05816,7.52673],[3.06046,7.52441],[3.06447,7.51977],[3.06731,7.51339],[3.06899,7.50759],[3.07358,7.50236],[3.07528,7.4983],[3.07695,7.49135],[3.07634,7.48845],[3.07458,7.48672],[3.07337,7.48209],[3.06925,7.47573],[3.06919,7.47052],[3.07089,7.46588],[3.07318,7.46298],[3.07427,7.45602],[3.07538,7.45139],[3.07766,7.4479],[3.07938,7.445],[3.0805,7.44153],[3.08221,7.43862],[3.08626,7.43745],[3.09031,7.43628],[3.09434,7.43338],[3.09779,7.43047],[3.09847,7.42941],[3.10407,7.42061],[3.10728,7.41619],[3.11325,7.41016],[3.11529,7.40809],[3.12363,7.40433],[3.12825,7.402],[3.13229,7.40026],[3.1369,7.39735],[3.14037,7.3956],[3.1439,7.39094],[3.14609,7.38805],[3.14838,7.38515],[3.15114,7.38236],[3.15527,7.37818],[3.16162,7.37527],[3.16799,7.37351],[3.1732,7.37234],[3.17841,7.37117],[3.18304,7.36999],[3.19811,7.36879],[3.20623,7.36935],[3.21262,7.36991],[3.22074,7.36989],[3.23002,7.36986],[3.23697,7.36868],[3.24914,7.36749],[3.25664,7.36342],[3.2572,7.36052],[3.26007,7.35761],[3.2641,7.35471],[3.28017,7.33786],[3.28247,7.33554],[3.287,7.32452],[3.2916,7.32104],[3.29621,7.31813],[3.30661,7.31404],[3.31125,7.31403],[3.31938,7.31401],[3.32403,7.31515],[3.32819,7.32499],[3.32996,7.32846],[3.33114,7.33019],[3.33292,7.33424],[3.33469,7.33713],[3.33941,7.34465],[3.34352,7.34927],[3.34471,7.35274],[3.34708,7.35737],[3.35004,7.36316],[3.35356,7.36662],[3.35708,7.37067],[3.35944,7.37414],[3.36353,7.37702],[3.36938,7.38222],[3.37581,7.38683],[3.37758,7.38972],[3.37935,7.39261],[3.38054,7.39609],[3.38347,7.3984],[3.38582,7.40128],[3.38585,7.40476],[3.38303,7.41288],[3.38132,7.41578],[3.38251,7.41867],[3.38428,7.42098],[3.38315,7.42388],[3.38143,7.4262],[3.38148,7.43084],[3.38266,7.43315],[3.385,7.43546],[3.38734,7.43719],[3.39317,7.43949],[3.39608,7.44064],[3.39901,7.44411],[3.40023,7.44932],[3.39389,7.45397],[3.39308,7.45583],[3.39569,7.45918],[3.39861,7.46091],[3.40154,7.4638],[3.4068,7.46784],[3.41147,7.4713],[3.4173,7.47418],[3.42139,7.47649],[3.42664,7.47995],[3.43249,7.48398],[3.43893,7.48976],[3.44243,7.49207],[3.44593,7.49379],[3.45348,7.49493],[3.45344,7.4903],[3.45223,7.48625],[3.45569,7.48334],[3.45912,7.47928],[3.46198,7.47521],[3.46658,7.47115],[3.46597,7.46825],[3.46536,7.46536],[3.46358,7.46073],[3.46064,7.45726],[3.46001,7.45263],[3.4594,7.44973],[3.4663,7.44276],[3.4686,7.44102],[3.47148,7.4387],[3.47261,7.43638],[3.47488,7.43116],[3.47773,7.42651],[3.48058,7.42129],[3.48286,7.41723],[3.48223,7.41202],[3.48101,7.40681],[3.47924,7.40392],[3.47749,7.40219],[3.47572,7.3993],[3.47337,7.39641],[3.47273,7.3912],[3.47445,7.38887],[3.4791,7.38944],[3.48201,7.39117],[3.48377,7.39232],[3.48609,7.3929],[3.48899,7.39289],[3.4919,7.39346],[3.49423,7.39403],[3.49771,7.3946],[3.49947,7.39633],[3.50123,7.39807],[3.50298,7.39922],[3.50649,7.40211],[3.50884,7.40442],[3.51175,7.40615],[3.51584,7.40903],[3.5182,7.4125],[3.51996,7.41423],[3.52229,7.41538],[3.52466,7.42059],[3.52934,7.42405],[3.53226,7.42636],[3.53345,7.42925],[3.53522,7.43215],[3.53699,7.43446],[3.53876,7.43735],[3.54052,7.43966],[3.54575,7.4408],[3.54923,7.44079],[3.55504,7.44136],[3.57186,7.44131],[3.57883,7.44187],[3.58637,7.44185],[3.59102,7.44242],[3.59856,7.4424],[3.60379,7.44296],[3.61191,7.44294],[3.61887,7.44292],[3.63338,7.44346],[3.64034,7.44344],[3.64614,7.44342],[3.65716,7.44339],[3.6653,7.4451],[3.67401,7.44566],[3.6827,7.44506],[3.68793,7.44562],[3.69142,7.44619],[3.69955,7.44733],[3.7042,7.44789],[3.70709,7.44731],[3.70765,7.44499],[3.70761,7.44093],[3.70757,7.43746],[3.70695,7.43282],[3.70631,7.42761],[3.70684,7.4224],[3.7068,7.41892],[3.70678,7.41603],[3.70673,7.41197],[3.7067,7.40908],[3.70609,7.4056],[3.70546,7.40097],[3.70484,7.39692],[3.70537,7.39228],[3.70824,7.38938],[3.71057,7.38995],[3.71406,7.39052],[3.71753,7.38993],[3.71983,7.38761],[3.71979,7.38413],[3.72035,7.38182],[3.72032,7.37892],[3.71971,7.37545],[3.71968,7.37255],[3.71961,7.3656],[3.71898,7.36097],[3.71893,7.35575],[3.7189,7.35344],[3.71822,7.34359],[3.71761,7.34012],[3.71757,7.33664],[3.71754,7.33317],[3.71748,7.32795],[3.71622,7.31811],[3.71561,7.31464],[3.71524,7.31049],[3.71438,7.30827],[3.71435,7.30479],[3.71548,7.30247],[3.71837,7.30131],[3.72243,7.3013],[3.72591,7.30129],[3.73055,7.30069],[3.73635,7.30068],[3.7404,7.30009],[3.74678,7.29949],[3.74969,7.30006],[3.75491,7.30063],[3.76014,7.30119],[3.76189,7.30097],[3.76284,7.29673],[3.76246,7.29216],[3.7598,7.28112],[3.76018,7.27503],[3.76056,7.27008],[3.76114,7.26715],[3.7617,7.26437],[3.7617,7.25789],[3.76208,7.24761],[3.76246,7.23886],[3.76358,7.23065],[3.7636,7.23048],[3.76893,7.22363],[3.77502,7.21069],[3.78035,7.20269],[3.77769,7.19203],[3.77731,7.18061],[3.78264,7.17223],[3.78721,7.16386],[3.78992,7.1527],[3.79063,7.14977],[3.79304,7.14484],[3.79444,7.13949],[3.79292,7.13226],[3.7815,7.12122],[3.75256,7.10789],[3.73848,7.10332],[3.72743,7.09685],[3.72477,7.08772],[3.7276,7.08358],[3.73121,7.08065],[3.74,7.08162],[3.75865,7.08086],[3.78378,7.0801],[3.79749,7.08086],[3.81652,7.08277],[3.82361,7.08281],[3.84282,7.08294],[3.8742,7.08315],[3.89019,7.08391],[3.91608,7.08353],[3.93892,7.08391],[3.95339,7.0881],[3.96024,7.09228],[3.96138,7.09799],[3.96557,7.1098],[3.96976,7.11132],[3.97813,7.11589],[3.99538,7.12502],[3.99755,7.12617],[4.00555,7.12845],[4.01276,7.12627],[4.01925,7.12464],[4.02687,7.12845],[4.0459,7.13835],[4.0577,7.13721],[4.06913,7.13226],[4.08511,7.13188],[4.08836,7.13345],[4.09692,7.13759],[4.11595,7.14635],[4.13956,7.15701],[4.15669,7.165],[4.16202,7.17109],[4.16897,7.17399],[4.17116,7.17071],[4.17255,7.1615],[4.17306,7.15815],[4.17763,7.13454],[4.18296,7.11132],[4.186,7.08543],[4.19019,7.06982],[4.19491,7.06151],[4.19508,7.05786],[4.19563,7.05496],[4.19789,7.04916],[4.20078,7.04742],[4.20363,7.04603],[4.20597,7.04509],[4.21003,7.04507],[4.21352,7.04564],[4.21877,7.04712],[4.22346,7.05315],[4.22754,7.05545],[4.23337,7.05833],[4.2363,7.06064],[4.2404,7.06468],[4.2445,7.06815],[4.24743,7.07103],[4.25036,7.07392],[4.2527,7.07623],[4.25621,7.07912],[4.26148,7.08374],[4.26498,7.08605],[4.26849,7.08835],[4.27255,7.08892],[4.27605,7.09007],[4.28476,7.09178],[4.28766,7.09178],[4.2923,7.09118],[4.29751,7.09059],[4.31137,7.08418],[4.3154,7.08127],[4.33444,7.07079],[4.3408,7.06846],[4.34774,7.0667],[4.35295,7.06495],[4.35757,7.0632],[4.36103,7.06087],[4.36508,7.0597],[4.36855,7.05911],[4.37026,7.05621],[4.37022,7.05216],[4.37018,7.0481],[4.37016,7.04579],[4.37069,7.04115],[4.37006,7.03652],[4.37118,7.03246],[4.37694,7.02839],[4.37866,7.02607],[4.37631,7.02318],[4.37103,7.01798],[4.37099,7.01393],[4.37154,7.01103],[4.37266,7.00697],[4.37377,7.00233],[4.37432,6.99886],[4.37602,6.9948],[4.38294,6.9913],[4.38641,6.98955],[4.39038,6.98085],[4.40054,6.98073],[4.40967,6.98759],[4.41691,6.99406],[4.42452,7.00244],[4.43823,7.00472],[4.45422,7.00091],[4.46335,6.9933],[4.48011,6.99063],[4.48886,6.99178],[4.49648,7.00129],[4.50904,7.01348],[4.51627,7.02261],[4.52236,7.02452],[4.52655,7.02337],[4.53417,7.02376],[4.54254,7.02109],[4.55929,7.02147],[4.57719,7.02337],[4.59242,7.0287],[4.6046,7.03137],[4.60959,7.03108],[4.60682,7.02737],[4.60221,7.02365],[4.59574,7.01992],[4.5902,7.0162],[4.58478,7.01398],[4.58114,7.01121],[4.57916,7.0096],[4.57429,7.00618],[4.57264,7.00502],[4.56895,7.00131],[4.56435,6.99574],[4.56161,6.98834],[4.56071,6.98372],[4.55889,6.97724],[4.558,6.96985],[4.55711,6.96431],[4.55621,6.95876],[4.55717,6.9523],[4.5572,6.94676],[4.55723,6.94215],[4.55633,6.93752],[4.55641,6.92367],[4.55737,6.91722],[4.55649,6.9089],[4.55745,6.90244],[4.55748,6.89783],[4.5575,6.89321],[4.55752,6.88952],[4.55477,6.88396],[4.55387,6.87934],[4.55204,6.87471],[4.55024,6.86547],[4.54934,6.86085],[4.5494,6.84977],[4.54832,6.84422],[4.5476,6.84052],[4.54206,6.83587],[4.53744,6.83308],[4.53374,6.83121],[4.52911,6.82934],[4.5245,6.82562],[4.51988,6.82282],[4.51526,6.82003],[4.5023,6.81626],[4.4986,6.8144],[4.49305,6.8116],[4.48751,6.80787],[4.47641,6.80227],[4.47272,6.79948],[4.46718,6.79576],[4.45425,6.78645],[4.44502,6.77809],[4.43948,6.77436],[4.43393,6.77156],[4.42561,6.76782],[4.42284,6.76504],[4.41823,6.7604],[4.41549,6.75392],[4.41458,6.75022],[4.41368,6.74467],[4.41093,6.74004],[4.40724,6.73541],[4.40357,6.72984],[4.39803,6.72427],[4.3925,6.7187],[4.38974,6.71592],[4.38882,6.71314],[4.38885,6.7076],[4.38888,6.70206],[4.38892,6.69652],[4.38895,6.69006],[4.38898,6.68452],[4.38994,6.67898],[4.38904,6.67436],[4.38721,6.66974],[4.38444,6.66787],[4.37981,6.666],[4.37612,6.66321],[4.37615,6.65767],[4.37618,6.65305],[4.3762,6.64844],[4.37706,6.64512],[4.37996,6.63922],[4.38277,6.63462],[4.38743,6.63003],[4.39022,6.6282],[4.39394,6.6273],[4.40322,6.62458],[4.40694,6.62275],[4.41066,6.62093],[4.41345,6.6191],[4.41811,6.61635],[4.42461,6.61362],[4.42647,6.6127],[4.45432,6.60732],[4.45805,6.60272],[4.45993,6.59812],[4.46088,6.5935],[4.46277,6.58705],[4.46522,6.58214],[4.46469,6.5769],[4.46657,6.57138],[4.46752,6.56676],[4.47035,6.55939],[4.47317,6.5511],[4.47506,6.54464],[4.47694,6.54004],[4.47882,6.53543],[4.48257,6.52807],[4.48632,6.5207],[4.48914,6.51425],[4.49103,6.50872],[4.49661,6.50506],[4.49938,6.50692],[4.49983,6.50875],[4.50457,6.51473],[4.50867,6.52019],[4.51712,6.53184],[4.51939,6.5471],[4.5217,6.55965],[4.52561,6.57952],[4.52596,6.5801],[4.52644,6.58089],[4.52861,6.58649],[4.5323,6.59021],[4.53504,6.59669],[4.53738,6.60061],[4.53769,6.60113],[4.54241,6.60688],[4.547,6.61337],[4.55162,6.61801],[4.55529,6.62357],[4.56043,6.62809],[4.56175,6.63007],[4.56451,6.63378],[4.56727,6.63657],[4.5723,6.63911],[4.5816,6.63307],[4.58282,6.6167],[4.57792,6.59924],[4.57509,6.57874],[4.5815,6.5563],[4.58892,6.54319],[4.58826,6.53608],[4.58825,6.53236],[4.59479,6.52315],[4.5976,6.51855],[4.59948,6.51394],[4.60417,6.50381],[4.60605,6.4992],[4.60522,6.49216],[4.60332,6.49088],[4.59344,6.49293],[4.58697,6.49427],[4.56433,6.49897],[4.56527,6.49621],[4.56529,6.49251],[4.56624,6.48975],[4.56626,6.48513],[4.56628,6.48144],[4.56631,6.47682],[4.5654,6.47312],[4.5645,6.46942],[4.56359,6.4648],[4.56268,6.46203],[4.56178,6.45741],[4.55996,6.45093],[4.5563,6.4426],[4.55446,6.43982],[4.54986,6.43333],[4.54618,6.42777],[4.54251,6.42221],[4.54159,6.42036],[4.53975,6.41666],[4.53878,6.41469],[4.53793,6.41398],[4.53663,6.41317],[4.53497,6.41245],[4.53365,6.41235],[4.53171,6.4132],[4.53027,6.41547],[4.52911,6.41739],[4.52856,6.41861],[4.52767,6.41983],[4.52599,6.42096],[4.52537,6.42077],[4.52432,6.42067],[4.52195,6.42047],[4.51915,6.41999],[4.51214,6.4178],[4.50917,6.41671],[4.50742,6.41633],[4.5041,6.41553],[4.5036,6.41553],[4.50082,6.41459],[4.4962,6.41272],[4.48971,6.41176],[4.47982,6.40905],[4.47862,6.40524],[4.47586,6.40245],[4.47494,6.39968],[4.47313,6.3932],[4.47468,6.38833],[4.47751,6.38758],[4.48006,6.3869],[4.48243,6.38679],[4.48706,6.38774],[4.49169,6.38961],[4.49539,6.39148],[4.49909,6.39335],[4.50464,6.39522],[4.50927,6.39617],[4.51483,6.39713],[4.51761,6.39622],[4.52133,6.39532],[4.52412,6.39441],[4.53154,6.3926],[4.53526,6.39078],[4.53991,6.38896],[4.54641,6.38715],[4.55546,6.38574],[4.56085,6.38256],[4.56719,6.38256],[4.57576,6.38098],[4.5821,6.37812],[4.58591,6.3759],[4.59003,6.37178],[4.59416,6.36924],[4.59669,6.36829],[4.59845,6.3662],[4.59755,6.36157],[4.59757,6.35788],[4.59759,6.35326],[4.59763,6.34772],[4.59584,6.33571],[4.59493,6.33294],[4.59309,6.32923],[4.59034,6.3246],[4.58759,6.31904],[4.58482,6.31534],[4.58206,6.31163],[4.57847,6.30842],[4.57561,6.3042],[4.57191,6.30326],[4.56727,6.30323],[4.56356,6.30414],[4.55984,6.30596],[4.55612,6.30779],[4.55148,6.30961],[4.54867,6.31329],[4.54588,6.31604],[4.54309,6.31695],[4.53563,6.3243],[4.53098,6.32796],[4.52817,6.33164],[4.51885,6.34175],[4.51325,6.34726],[4.49742,6.35917],[4.49094,6.35821],[4.48631,6.35634],[4.48168,6.35539],[4.4789,6.35445],[4.47011,6.34972],[4.46504,6.34699],[4.46319,6.34606],[4.46048,6.34333],[4.44086,6.34921],[4.4154,6.35812],[4.39419,6.36279],[4.37361,6.36682],[4.35495,6.36979],[4.35084,6.37104],[4.35084,6.37737],[4.35084,6.38973],[4.35084,6.41535],[4.35084,6.42168],[4.35084,6.42763],[4.35009,6.42986],[4.34761,6.43135],[4.34464,6.43382],[4.3434,6.43581],[4.3372,6.43953],[4.33274,6.43953],[4.32406,6.43779],[4.31662,6.43804],[4.30923,6.43947],[4.30394,6.43947],[4.30194,6.4388],[4.29872,6.43518],[4.29558,6.43461],[4.29115,6.43661],[4.28757,6.43604],[4.284,6.43676],[4.28128,6.43876],[4.279,6.4379],[4.27628,6.43961],[4.27514,6.4419],[4.27242,6.44276],[4.26842,6.44247],[4.26571,6.4429],[4.26381,6.44356],[4.25915,6.44246],[4.25434,6.44133],[4.25334,6.43904],[4.25396,6.4362],[4.25327,6.43433],[4.24998,6.43375],[4.24527,6.43447],[4.24341,6.43618],[4.23688,6.43817],[4.23741,6.4419],[4.23569,6.44476],[4.2334,6.44547],[4.23069,6.44547],[4.22797,6.44476],[4.22583,6.44562],[4.22379,6.44861],[4.22183,6.45048],[4.21997,6.45548],[4.21875,6.45977],[4.21733,6.46305],[4.21518,6.46334],[4.21339,6.46447],[4.20779,6.46418],[4.20575,6.46305],[4.20346,6.46191],[4.20046,6.4632],[4.19374,6.4632],[4.19217,6.46548],[4.1896,6.46648],[4.18603,6.46706],[4.18288,6.46848],[4.17745,6.47006],[4.17473,6.47206],[4.17202,6.47363],[4.1683,6.4742],[4.16487,6.47463],[4.16107,6.47472],[4.16095,6.47682],[4.16001,6.48178],[4.15944,6.48721],[4.15838,6.48977],[4.15701,6.49221],[4.15501,6.49664],[4.15615,6.49878],[4.16058,6.50064],[4.1655,6.50271],[4.16771,6.50363],[4.174,6.50867],[4.1749,6.51054],[4.17637,6.51251],[4.17833,6.51513],[4.18111,6.51614],[4.18503,6.51733],[4.1918,6.51897],[4.19401,6.5199],[4.19834,6.52231],[4.20112,6.52332],[4.20332,6.52424],[4.2061,6.52526],[4.21114,6.52809],[4.21444,6.53193],[4.22226,6.53774],[4.22471,6.5431],[4.22762,6.55159],[4.2265,6.5536],[4.22873,6.55762],[4.22538,6.56119],[4.22311,6.56196],[4.22198,6.56544],[4.22004,6.56752],[4.21801,6.56968],[4.21741,6.5724],[4.21533,6.57771],[4.21265,6.57861],[4.21176,6.58174],[4.20752,6.58397],[4.20439,6.58553],[4.20149,6.58687],[4.19959,6.58847],[4.19881,6.58575],[4.19412,6.58553],[4.18675,6.58486],[4.1796,6.58642],[4.17826,6.58866],[4.17491,6.58977],[4.17156,6.59156],[4.16915,6.59235],[4.16634,6.59337],[4.16224,6.59218],[4.15972,6.59059],[4.15562,6.58675],[4.15096,6.5813],[4.1448,6.57875],[4.14188,6.57781],[4.13914,6.57664],[4.1336,6.57415],[4.13181,6.57322],[4.13053,6.57208],[4.12886,6.57099],[4.12467,6.56856],[4.12221,6.56633],[4.11998,6.56499],[4.1164,6.56342],[4.1106,6.55829],[4.1106,6.55561],[4.10948,6.55226],[4.10948,6.54843],[4.10168,6.54747],[4.09442,6.54689],[4.09358,6.54929],[4.09537,6.55073],[4.09197,6.55528],[4.08962,6.55596],[4.09117,6.55851],[4.09064,6.56183],[4.08861,6.56264],[4.08719,6.56091],[4.08643,6.55942],[4.08293,6.55918],[4.08027,6.5604],[4.07634,6.56162],[4.07437,6.5623],[4.07172,6.56244],[4.06823,6.56355],[4.06494,6.5624],[4.06544,6.56671],[4.06706,6.56955],[4.06628,6.57155],[4.0661,6.57569],[4.06489,6.58056],[4.0632,6.58268],[4.06208,6.58616],[4.06112,6.58845],[4.05926,6.59428],[4.0575,6.59644],[4.05757,6.59949],[4.05588,6.60355],[4.05593,6.60566],[4.05602,6.60888],[4.05653,6.61108],[4.05381,6.61435],[4.0514,6.61602],[4.05048,6.61916],[4.05381,6.621],[4.05658,6.6247],[4.05768,6.62747],[4.05861,6.62987],[4.05787,6.63393],[4.05879,6.63596],[4.06156,6.6367],[4.06433,6.63615],[4.06669,6.63489],[4.0684,6.63319],[4.07043,6.63319],[4.07456,6.63564],[4.07671,6.63707],[4.07892,6.63744],[4.08151,6.63762],[4.08446,6.63984],[4.08539,6.6428],[4.08797,6.64483],[4.08963,6.64834],[4.09056,6.65074],[4.09148,6.65258],[4.09523,6.65152],[4.09259,6.65646],[4.09333,6.65868],[4.09185,6.66034],[4.09148,6.66237],[4.09037,6.66607],[4.09185,6.66791],[4.09425,6.67068],[4.09277,6.67253],[4.0924,6.67511],[4.0913,6.67696],[4.09148,6.67899],[4.07853,6.67918],[4.07316,6.67925],[4.05018,6.68003],[4.0197,6.67994],[3.97913,6.68242],[3.94723,6.68018],[3.91934,6.68066],[3.91684,6.6807],[3.81537,6.68211],[3.70787,6.68303],[3.69996,6.68237],[3.59642,6.68234],[3.58602,6.68247],[3.58549,6.6829],[3.53306,6.68974],[3.45911,6.68732],[3.46366,6.68396],[3.46797,6.67933],[3.46539,6.67374],[3.46426,6.67182],[3.46459,6.66895],[3.45565,6.66837],[3.45341,6.67105],[3.45102,6.67567],[3.44994,6.67543],[3.44692,6.67321],[3.44583,6.67341],[3.44259,6.67162],[3.4422,6.67014],[3.44217,6.66724],[3.44449,6.6649],[3.44947,6.65784],[3.45257,6.65225],[3.45429,6.64448],[3.45641,6.64191],[3.45766,6.63943],[3.44828,6.64058],[3.43469,6.63914],[3.38735,6.63861],[3.3863,6.63889],[3.38342,6.6399],[3.38033,6.64083],[3.37013,6.64118],[3.36943,6.64293],[3.36558,6.64894],[3.35988,6.65319],[3.35696,6.65473],[3.35286,6.65828],[3.35265,6.65872],[3.34764,6.66919],[3.34484,6.67276],[3.3428,6.67374],[3.335,6.67361],[3.32879,6.67337],[3.32387,6.67388],[3.31466,6.67547],[3.31131,6.67758],[3.30244,6.68091],[3.29837,6.68244],[3.29605,6.68327],[3.29052,6.68579],[3.28848,6.68662],[3.28786,6.68703],[3.28235,6.69072],[3.27417,6.69593],[3.27185,6.69662],[3.26794,6.69728],[3.2646,6.69824],[3.26243,6.69835],[3.262,6.69791],[3.2625,6.6964],[3.26254,6.69592],[3.26113,6.69312],[3.25986,6.69093],[3.25944,6.69023],[3.25436,6.68167],[3.25198,6.67646],[3.24951,6.67215],[3.2483,6.67003],[3.24659,6.66758],[3.24432,6.66432],[3.24184,6.65987],[3.24138,6.65418],[3.24047,6.6482],[3.24001,6.64587],[3.23929,6.64224],[3.23885,6.64001],[3.23937,6.63399],[3.23934,6.63073],[3.24148,6.62863],[3.24144,6.62533],[3.24112,6.62313],[3.24059,6.6181],[3.24001,6.61603],[3.23748,6.61412],[3.23531,6.60984],[3.23328,6.60585],[3.22972,6.60104],[3.21607,6.59501],[3.20747,6.58838],[3.19941,6.58031],[3.1969,6.57619],[3.19618,6.57332],[3.19638,6.57062],[3.19744,6.56633],[3.20084,6.55916],[3.20156,6.5554],[3.20174,6.55218],[3.20393,6.54719],[3.20392,6.54459],[3.20482,6.54242],[3.20522,6.53959],[3.20514,6.5361],[3.20497,6.53318],[3.20396,6.52948],[3.2,6.52775],[3.19707,6.52486],[3.19457,6.52363],[3.19124,6.52294],[3.1894,6.52142],[3.18657,6.5191],[3.18481,6.51679],[3.18246,6.5139],[3.17952,6.50985],[3.17707,6.50847],[3.17461,6.50749],[3.17106,6.50879],[3.16878,6.50843],[3.16657,6.50751],[3.16322,6.50641],[3.15987,6.5053],[3.15702,6.50486],[3.15565,6.50181],[3.14751,6.50292],[3.14363,6.5045],[3.14078,6.50406],[3.13621,6.50334],[3.13343,6.50233],[3.13016,6.50066],[3.12372,6.50081],[3.12166,6.50011],[3.11841,6.50114],[3.11433,6.50108],[3.11139,6.5012],[3.10911,6.50084],[3.10395,6.49946],[3.10154,6.49949],[3.10061,6.50069],[3.0959,6.5017],[3.09472,6.50149],[3.09165,6.5025],[3.082,6.50359],[3.07361,6.50376],[3.06428,6.50392],[3.04627,6.5027],[3.03014,6.50319],[3.0244,6.50409],[3.02355,6.50481],[3.00983,6.50739],[2.9921,6.50834],[2.98554,6.51072],[2.96999,6.51109],[2.95568,6.51178],[2.94855,6.51104],[2.94045,6.51215],[2.93455,6.51206],[2.92711,6.51038],[2.92338,6.51094],[2.92149,6.51246],[2.91213,6.51417],[2.90564,6.5122],[2.90193,6.51089],[2.8982,6.51114],[2.88693,6.51095],[2.88886,6.50834],[2.89,6.50602],[2.89227,6.50196],[2.89449,6.49901],[2.89631,6.49501],[2.89667,6.49174],[2.89667,6.48774],[2.89527,6.48485],[2.89303,6.48011],[2.8894,6.47611],[2.8854,6.47356],[2.87995,6.46993],[2.87377,6.47066],[2.86868,6.47175],[2.86649,6.47138],[2.85959,6.46775],[2.85781,6.46004],[2.8559,6.45781],[2.85475,6.45358],[2.85385,6.4517],[2.85255,6.44997],[2.84219,6.44399],[2.833,6.44314],[2.83159,6.44484],[2.82848,6.44681],[2.82368,6.45148],[2.81831,6.45459],[2.81308,6.456],[2.8063,6.45882],[2.79923,6.4601],[2.79415,6.45939],[2.78991,6.45741],[2.78637,6.45501],[2.78411,6.45275],[2.77917,6.45204],[2.77592,6.45247],[2.7738,6.45247],[2.76871,6.45134],[2.76363,6.45176],[2.75868,6.45204],[2.75261,6.45119],[2.74794,6.44936],[2.74441,6.44908],[2.73961,6.45444],[2.73545,6.45793],[2.7327,6.45793],[2.72288,6.45866],[2.71961,6.45938],[2.71379,6.45902],[2.71016,6.45611],[2.70261,6.45238],[2.70325,6.45667],[2.7052,6.46111],[2.70451,6.46368],[2.70626,6.46541],[2.70919,6.4683],[2.71154,6.47061],[2.71273,6.47408],[2.71395,6.47987],[2.71341,6.48393],[2.71054,6.48625],[2.71058,6.49031],[2.7112,6.49436],[2.70947,6.49552],[2.70198,6.50018],[2.70086,6.50424],[2.70032,6.50829],[2.70152,6.51234],[2.70329,6.51523],[2.70447,6.51755],[2.70682,6.52044],[2.70916,6.52217],[2.71675,6.52678],[2.72026,6.52967],[2.72319,6.53256],[2.72439,6.53661],[2.72617,6.54008],[2.72793,6.54239],[2.73027,6.5447],[2.73262,6.54701],[2.73439,6.5499],[2.73733,6.55395],[2.74027,6.55799],[2.74323,6.5632],[2.74325,6.56552],[2.74211,6.56784],[2.73983,6.57132],[2.73871,6.57537],[2.73703,6.58117],[2.73534,6.58639],[2.73365,6.59103],[2.73311,6.59508],[2.73201,6.60088],[2.73145,6.60378],[2.73092,6.60783],[2.73038,6.61189],[2.72983,6.61479],[2.72928,6.61768],[2.72814,6.62058],[2.72818,6.62406],[2.72994,6.62637],[2.73231,6.63042],[2.7341,6.63621],[2.73647,6.64083],[2.73885,6.64604],[2.74121,6.65067],[2.74358,6.65529],[2.74535,6.65819],[2.74829,6.66165],[2.7518,6.66512],[2.75648,6.66916],[2.75942,6.67263],[2.76352,6.67609],[2.76645,6.67898],[2.76937,6.68129],[2.77229,6.6836],[2.77523,6.68706],[2.77818,6.69169],[2.77995,6.69516],[2.77999,6.69921],[2.77946,6.70327],[2.7795,6.7079],[2.77956,6.7137],[2.77961,6.71833],[2.78024,6.72354],[2.78203,6.72817],[2.7838,6.73164],[2.78385,6.73569],[2.78449,6.74149],[2.78569,6.74612],[2.78689,6.75017],[2.78461,6.75365],[2.78231,6.75597],[2.77768,6.75656],[2.7655,6.75718],[2.76317,6.75603],[2.75911,6.75604],[2.75217,6.75837],[2.74812,6.75954],[2.74293,6.76245],[2.74063,6.7642],[2.7366,6.76711],[2.73255,6.76885],[2.72911,6.77234],[2.72683,6.7764],[2.72398,6.78162],[2.72344,6.7851],[2.72407,6.79031],[2.72411,6.79436],[2.72591,6.80015],[2.7277,6.80536],[2.72949,6.80999],[2.7307,6.81462],[2.73131,6.81809],[2.73311,6.8233],[2.73546,6.82677],[2.73721,6.82792],[2.73839,6.82966],[2.74018,6.83429],[2.7408,6.83834],[2.74208,6.846],[2.74148,6.84818],[2.74095,6.85304],[2.74098,6.85629],[2.74101,6.85933],[2.74103,6.86093],[2.74106,6.8644],[2.73941,6.87252],[2.73772,6.87773],[2.73777,6.88237],[2.739,6.88932],[2.7402,6.89337],[2.74082,6.89742],[2.74087,6.90205],[2.74034,6.90727],[2.73924,6.91306],[2.73987,6.9177],[2.73758,6.92118],[2.73527,6.92176],[2.73123,6.92409],[2.72661,6.92642],[2.72373,6.92875],[2.71742,6.93571],[2.71456,6.93978],[2.71228,6.94326],[2.71174,6.94731],[2.7118,6.95311],[2.71304,6.96121],[2.71423,6.96411],[2.71543,6.96816],[2.71663,6.97163],[2.7167,6.97858],[2.71618,6.98437],[2.7192,6.99595],[2.7204,7.00058],[2.72101,7.00347],[2.72398,7.00984],[2.72867,7.01504],[2.73395,7.02024],[2.73804,7.02312],[2.74621,7.02831],[2.75146,7.03119],[2.7602,7.03464],[2.7672,7.03868],[2.77249,7.04561],[2.77194,7.04851],[2.76966,7.05199],[2.76678,7.05432],[2.76103,7.05897],[2.75872,7.06071],[2.75641,7.06188],[2.75295,7.06362],[2.75009,7.06711],[2.74953,7.06943],[2.75189,7.07347],[2.75423,7.07521],[2.75659,7.07867],[2.75837,7.08272],[2.75959,7.08851],[2.75847,7.09315],[2.75562,7.09779],[2.75333,7.10069],[2.75103,7.10302],[2.74759,7.1065],[2.74241,7.11115],[2.73729,7.12101],[2.73734,7.12623],[2.73855,7.13028],[2.73977,7.13664],[2.74097,7.1407],[2.74218,7.1459],[2.74339,7.15054],[2.74577,7.15632],[2.74756,7.16095],[2.74991,7.16384],[2.75631,7.16614],[2.75981,7.16729],[2.7668,7.17016],[2.76855,7.17132],[2.76915,7.17363],[2.76977,7.17769],[2.77099,7.18347],[2.77221,7.18868],[2.77168,7.1939],[2.77057,7.19911],[2.77061,7.20317],[2.77066,7.2078],[2.77016,7.21533],[2.76848,7.22171],[2.76564,7.22751],[2.76279,7.23273],[2.75993,7.23679],[2.75765,7.24028],[2.75536,7.24376],[2.75308,7.24724],[2.7468,7.25768],[2.74628,7.26348],[2.74634,7.26927],[2.74642,7.2768],[2.74591,7.28375],[2.74541,7.29186],[2.74549,7.29997],[2.74556,7.30692],[2.74621,7.31387],[2.74632,7.3243],[2.74695,7.32893],[2.747,7.33472],[2.74666,7.3386],[2.74648,7.34051],[2.74598,7.34805],[2.74603,7.35268],[2.7455,7.35789],[2.74617,7.36716],[2.74568,7.37527],[2.74572,7.3799],[2.74578,7.38512],[2.74584,7.39183],[2.74592,7.39902],[2.74655,7.40423],[2.74656,7.40482],[2.745,7.40717],[2.74315,7.40984],[2.74263,7.41389],[2.74249,7.42154],[2.74337,7.42335],[2.74786,7.42433],[2.75507,7.4249],[2.75633,7.42464],[2.75978,7.42504],[2.76674,7.42507],[2.76906,7.42392],[2.7737,7.42278],[2.77776,7.42222],[2.78356,7.42166],[2.78705,7.42168],[2.79169,7.42286],[2.79519,7.42634],[2.79637,7.43214],[2.79638,7.43793],[2.7964,7.44373],[2.79584,7.44778],[2.79527,7.45241],[2.79587,7.45762],[2.79588,7.46226],[2.79648,7.46863],[2.79592,7.47442],[2.79478,7.47963],[2.79479,7.48253],[2.79423,7.48947],[2.79366,7.49295],[2.79193,7.49699],[2.78674,7.50856],[2.78559,7.51145],[2.78386,7.51434],[2.78038,7.51606],[2.77516,7.51777],[2.76995,7.52007],[2.76531,7.52237],[2.76358,7.52526],[2.75779,7.52871],[2.75431,7.53101],[2.75084,7.53389],[2.74852,7.53562],[2.74796,7.54199],[2.7485,7.54719],[2.74808,7.54896],[2.74757,7.55097],[2.74695,7.55262],[2.74585,7.55379],[2.74429,7.55484],[2.74284,7.556],[2.74223,7.55659],[2.74185,7.55777],[2.74158,7.55955],[2.74121,7.56036],[2.74106,7.56049],[2.73874,7.56338],[2.73296,7.56857],[2.7295,7.5755],[2.72894,7.58477],[2.72897,7.5923],[2.72841,7.59983],[2.72901,7.60678],[2.72904,7.61605],[2.72791,7.62299],[2.72677,7.63167],[2.72679,7.63573],[2.72739,7.6421],[2.72798,7.64732],[2.728,7.65369],[2.72861,7.6618],[2.72979,7.66934],[2.73097,7.67455],[2.73157,7.67861],[2.73333,7.68557],[2.73509,7.69195],[2.73743,7.69775],[2.73919,7.70239],[2.74036,7.70703],[2.73923,7.71455],[2.7375,7.71976],[2.73404,7.72785],[2.73233,7.73595],[2.73177,7.74232],[2.73179,7.74869],[2.73238,7.75159],[2.73413,7.75623],[2.73473,7.76087],[2.73649,7.76667],[2.73766,7.77015],[2.73825,7.77363],[2.73827,7.77884],[2.7377,7.78173],[2.73597,7.78636],[2.73483,7.79099],[2.73426,7.79562],[2.73311,7.80025],[2.73255,7.80372],[2.73256,7.80835],[2.73083,7.8124],[2.72561,7.81412],[2.72155,7.81526],[2.71866,7.8164],[2.71634,7.81755],[2.71403,7.82044],[2.71348,7.83028],[2.7135,7.83666],[2.7112,7.84302],[2.71004,7.84591],[2.70832,7.84995],[2.706,7.85284],[2.70137,7.8563],[2.69848,7.8586],[2.69443,7.86322],[2.69328,7.86843],[2.69561,7.87075],[2.70027,7.87367],[2.70608,7.87601],[2.71363,7.87894],[2.71828,7.87896],[2.72118,7.87955],[2.72583,7.88073],[2.72874,7.88305],[2.73339,7.88655],[2.73921,7.89121],[2.7427,7.89296],[2.74677,7.89529],[2.75025,7.89647],[2.75316,7.89764],[2.75665,7.89997],[2.76014,7.90346],[2.76247,7.9052],[2.76538,7.90811],[2.76771,7.9116],[2.77006,7.9203],[2.77066,7.92377],[2.77125,7.92899],[2.77301,7.93305],[2.77418,7.93595],[2.77593,7.94059],[2.77711,7.94465],[2.78118,7.94756],[2.78467,7.94932],[2.79164,7.95108],[2.79396,7.95167],[2.79686,7.95226],[2.80035,7.95286],[2.80441,7.95229],[2.80789,7.95173],[2.81021,7.95058],[2.81311,7.94943],[2.81774,7.9454],[2.81947,7.94309],[2.8212,7.93904],[2.82293,7.93673],[2.82757,7.93386],[2.83163,7.93329],[2.83511,7.93215],[2.83859,7.93101],[2.84207,7.93044],[2.84613,7.92988]]]]}},{"type":"Feature","id":"NG029","properties":{"admin1Pcod":"NG029","admin1Name":"Ondo","admin1RefN":"Ondo","admin0Pcod":"NG","admin0Name":"Nigeria"},"geometry":{"type":"MultiPolygon","coordinates":[[[[5.92604,7.73182],[5.92513,7.72812],[5.92331,7.72257],[5.9224,7.71887],[5.92149,7.71609],[5.92244,7.7124],[5.92339,7.70779],[5.92714,7.70043],[5.92902,7.69582],[5.92998,7.69121],[5.93189,7.68014],[5.93379,7.67276],[5.93567,7.66723],[5.93664,7.65985],[5.93763,7.64878],[5.94,7.64511],[5.94418,7.63866],[5.94791,7.63406],[5.95018,7.63055],[5.95504,7.6249],[5.96388,7.61575],[5.97219,7.61048],[5.97659,7.6076],[5.98933,7.59655],[6.004,7.58745],[6.00794,7.58214],[6.00893,7.57973],[6.00894,7.57827],[6.00897,7.57536],[6.009,7.57148],[6.00903,7.5676],[6.00762,7.56176],[6.00571,7.55738],[6.0053,7.54816],[6.00339,7.5374],[6.00409,7.53557],[6.00413,7.52924],[6.00203,7.52825],[5.99455,7.52714],[5.98941,7.52894],[5.98712,7.52954],[5.98253,7.53016],[5.97909,7.53019],[5.97564,7.53021],[5.9733,7.52615],[5.97096,7.52326],[5.96919,7.51861],[5.96743,7.51571],[5.96511,7.51398],[5.9628,7.51283],[5.95995,7.51402],[5.95422,7.51523],[5.95303,7.51174],[5.95297,7.50708],[5.95117,7.50122],[5.94882,7.49604],[5.94813,7.4873],[5.95326,7.48376],[5.95493,7.47967],[5.95661,7.47616],[5.95771,7.47265],[5.9633,7.46036],[5.96617,7.46034],[5.97134,7.4603],[5.97534,7.4591],[5.97877,7.45791],[5.98449,7.45611],[5.98671,7.45026],[5.98726,7.44793],[5.98722,7.44443],[5.98718,7.44152],[5.98487,7.44037],[5.98141,7.43865],[5.97966,7.43691],[5.97734,7.4346],[5.97559,7.43228],[5.9744,7.42938],[5.97379,7.42647],[5.9726,7.42298],[5.97141,7.41949],[5.96848,7.41485],[5.96901,7.41077],[5.97013,7.40843],[5.97466,7.40373],[5.97405,7.40082],[5.97571,7.39556],[5.97856,7.39379],[5.97968,7.39145],[5.9785,7.38912],[5.97732,7.38622],[5.97497,7.38216],[5.97492,7.37808],[5.97489,7.37516],[5.976,7.37224],[5.97824,7.36814],[5.98109,7.36637],[5.9868,7.36341],[5.98734,7.36107],[5.98673,7.35816],[5.98669,7.35525],[5.98088,7.34888],[5.97857,7.34774],[5.97511,7.34718],[5.97166,7.34663],[5.96879,7.34607],[5.96476,7.34552],[5.95865,7.34448],[5.9577,7.34432],[5.95669,7.34302],[5.95606,7.34162],[5.95582,7.34009],[5.95571,7.33844],[5.95573,7.3364],[5.95599,7.33475],[5.95793,7.33133],[5.96114,7.32932],[5.96421,7.32757],[5.96677,7.32593],[5.96946,7.32456],[5.97278,7.32331],[5.97521,7.32231],[5.97815,7.32081],[5.97931,7.31968],[5.97932,7.31841],[5.97934,7.31637],[5.97871,7.31497],[5.97592,7.31367],[5.97313,7.31225],[5.9683,7.31094],[5.96231,7.31025],[5.95043,7.30697],[5.94509,7.30553],[5.94154,7.30359],[5.93633,7.30088],[5.93087,7.29854],[5.92681,7.29736],[5.92402,7.29594],[5.92349,7.29559],[5.92163,7.29282],[5.91699,7.28878],[5.91407,7.28473],[5.9123,7.28066],[5.90939,7.27777],[5.90837,7.2765],[5.90706,7.27487],[5.90529,7.27081],[5.90465,7.26556],[5.9029,7.26325],[5.9,7.26094],[5.89652,7.25805],[5.89589,7.2534],[5.89813,7.24871],[5.89866,7.24521],[5.89854,7.23589],[5.89734,7.23123],[5.90127,7.22421],[5.9041,7.22069],[5.90348,7.21719],[5.89941,7.21315],[5.89594,7.21084],[5.89362,7.20853],[5.88897,7.20449],[5.88433,7.19986],[5.88367,7.19287],[5.89047,7.18905],[5.89391,7.18579],[5.89388,7.18288],[5.88984,7.18116],[5.88694,7.17944],[5.88231,7.17598],[5.87882,7.17251],[5.87706,7.16961],[5.87472,7.16555],[5.87296,7.16265],[5.87291,7.15857],[5.8717,7.15333],[5.86817,7.14695],[5.86757,7.14462],[5.86753,7.14112],[5.86633,7.13705],[5.86514,7.13357],[5.86278,7.12834],[5.86046,7.12603],[5.85758,7.12547],[5.85469,7.12432],[5.85065,7.12261],[5.84662,7.12148],[5.84431,7.12033],[5.84256,7.11801],[5.84196,7.11568],[5.84303,7.10985],[5.84587,7.10691],[5.84814,7.10514],[5.85098,7.1022],[5.85324,7.09927],[5.85484,7.09649],[5.85492,7.09634],[5.85258,7.094],[5.84971,7.09231],[5.84625,7.09117],[5.84105,7.0883],[5.83815,7.08657],[5.83526,7.08485],[5.82949,7.08198],[5.82374,7.08144],[5.82199,7.07912],[5.81558,7.0716],[5.81439,7.06811],[5.81319,7.06346],[5.81199,7.05939],[5.81022,7.0559],[5.80959,7.05125],[5.80426,7.04854],[5.80283,7.04508],[5.80102,7.03676],[5.79931,7.03242],[5.79836,7.03001],[5.79737,7.0275],[5.79618,7.02429],[5.79258,7.02166],[5.79401,7.01562],[5.79374,7.01363],[5.79376,7.00997],[5.79378,7.00532],[5.79104,6.99792],[5.78922,6.99237],[5.78924,6.98775],[5.78836,6.98036],[5.78564,6.96834],[5.78846,6.96097],[5.7922,6.95545],[5.79317,6.94807],[5.79505,6.94346],[5.79601,6.93885],[5.7979,6.9324],[5.79885,6.92779],[5.79981,6.92133],[5.7991,6.91881],[5.79799,6.91486],[5.7934,6.90652],[5.78973,6.90096],[5.78791,6.89449],[5.78794,6.88802],[5.78706,6.87971],[5.78711,6.8714],[5.78563,6.86962],[5.7825,6.86583],[5.77884,6.85842],[5.77423,6.85378],[5.77148,6.8473],[5.76967,6.83991],[5.77155,6.83438],[5.77342,6.83162],[5.7753,6.82701],[5.77718,6.82333],[5.77813,6.81779],[5.77084,6.79651],[5.76715,6.79188],[5.75792,6.78444],[5.75159,6.78164],[5.74312,6.77789],[5.72648,6.76949],[5.72366,6.76665],[5.7191,6.76206],[5.71449,6.75742],[5.71144,6.75198],[5.70256,6.73612],[5.66737,6.72761],[5.65993,6.73126],[5.65435,6.73493],[5.64969,6.73952],[5.64037,6.74685],[5.63667,6.74683],[5.62925,6.74587],[5.62,6.74212],[5.61262,6.73562],[5.60524,6.72912],[5.59601,6.72075],[5.58956,6.71425],[5.58588,6.70962],[5.5822,6.70406],[5.57663,6.70403],[5.57384,6.70678],[5.57103,6.7123],[5.56449,6.72058],[5.56166,6.7298],[5.56252,6.74088],[5.56153,6.75196],[5.56322,6.76238],[5.56188,6.76714],[5.56142,6.77227],[5.55953,6.7778],[5.55577,6.78701],[5.5511,6.79437],[5.54986,6.79721],[5.54742,6.80281],[5.54584,6.80429],[5.54452,6.81003],[5.54358,6.8128],[5.54356,6.81649],[5.54351,6.8248],[5.54627,6.82943],[5.54903,6.83314],[5.55365,6.83594],[5.55921,6.83689],[5.56384,6.83784],[5.56661,6.8397],[5.57121,6.84527],[5.57209,6.85451],[5.57015,6.86927],[5.56785,6.87262],[5.56552,6.87602],[5.56175,6.87938],[5.55524,6.88304],[5.54744,6.88379],[5.53706,6.8848],[5.45975,6.88598],[5.27241,6.88886],[5.25482,6.88322],[5.24379,6.86562],[5.23645,6.85265],[5.23277,6.84709],[5.22633,6.83874],[5.22357,6.83503],[5.21897,6.82762],[5.2153,6.82114],[5.21346,6.81836],[5.21162,6.81465],[5.20887,6.81002],[5.20705,6.80447],[5.20614,6.80077],[5.20523,6.79707],[5.20433,6.79338],[5.2025,6.78875],[5.20253,6.78321],[5.20162,6.78043],[5.19702,6.77394],[5.19054,6.77206],[5.18591,6.76927],[5.18037,6.76647],[5.17297,6.76273],[5.16651,6.75808],[5.15635,6.74971],[5.15081,6.74599],[5.14529,6.73765],[5.14069,6.73116],[5.13794,6.72653],[5.13519,6.72005],[5.13152,6.71264],[5.12602,6.70153],[5.12233,6.69874],[5.12235,6.69505],[5.1196,6.68949],[5.11778,6.68394],[5.11596,6.67747],[5.11415,6.66915],[5.11326,6.66175],[5.11237,6.65621],[5.1124,6.65067],[5.11243,6.64421],[5.11154,6.63774],[5.11158,6.63035],[5.11253,6.62666],[5.11442,6.62113],[5.11723,6.61561],[5.11911,6.611],[5.12098,6.60732],[5.1238,6.60087],[5.12567,6.59811],[5.12755,6.5935],[5.12805,6.58816],[5.13223,6.58614],[5.13317,6.58338],[5.13691,6.57786],[5.13877,6.57602],[5.14064,6.57419],[5.14716,6.56961],[5.15458,6.5678],[5.16065,6.56311],[5.16211,6.56197],[5.16193,6.5593],[5.16425,6.55449],[5.16229,6.55218],[5.16069,6.54986],[5.16229,6.54648],[5.16122,6.54381],[5.16033,6.53918],[5.15713,6.53615],[5.15517,6.53312],[5.15481,6.52902],[5.15481,6.51887],[5.15303,6.51549],[5.15036,6.51175],[5.15018,6.5089],[5.15018,6.50462],[5.15214,6.50355],[5.15374,6.50106],[5.15339,6.49803],[5.15107,6.49394],[5.14858,6.49216],[5.14733,6.48931],[5.14537,6.48877],[5.14359,6.48646],[5.13949,6.48004],[5.13575,6.47702],[5.13362,6.47256],[5.12881,6.46847],[5.12346,6.46277],[5.11741,6.45903],[5.11402,6.45333],[5.11046,6.44905],[5.10601,6.44603],[5.10298,6.44229],[5.1028,6.43872],[5.10512,6.4373],[5.10779,6.43587],[5.10761,6.43338],[5.10458,6.43178],[5.10441,6.42786],[5.10369,6.42483],[5.10387,6.42216],[5.10726,6.41913],[5.1085,6.41717],[5.10975,6.41468],[5.10957,6.41254],[5.1069,6.40951],[5.10369,6.40221],[5.09888,6.3974],[5.09158,6.39224],[5.08604,6.38921],[5.08327,6.3855],[5.07929,6.3812],[5.07573,6.37728],[5.07128,6.37656],[5.06611,6.37656],[5.06255,6.37781],[5.05739,6.38137],[5.05282,6.38415],[5.04919,6.38244],[5.04808,6.37792],[5.04812,6.37532],[5.04723,6.37211],[5.04385,6.36659],[5.03922,6.3641],[5.03239,6.36491],[5.02925,6.36356],[5.02871,6.36027],[5.02836,6.35804],[5.02818,6.35092],[5.02782,6.34522],[5.02871,6.34183],[5.03174,6.33756],[5.03495,6.33293],[5.0353,6.32848],[5.03014,6.32313],[5.02152,6.31868],[5.01968,6.3159],[5.01536,6.30897],[5.0129,6.3021],[5.01307,6.29858],[5.01562,6.29235],[5.02153,6.28536],[5.02964,6.27919],[5.03506,6.27801],[5.03775,6.27743],[5.04104,6.27428],[5.04797,6.26491],[5.04903,6.26027],[5.04971,6.25143],[5.05345,6.24683],[5.05749,6.24764],[5.06057,6.248],[5.06348,6.24835],[5.0663,6.24553],[5.06947,6.24253],[5.07335,6.23953],[5.07335,6.23478],[5.07293,6.23119],[5.07374,6.22885],[5.07585,6.22674],[5.07881,6.22262],[5.07793,6.22015],[5.07455,6.21769],[5.07562,6.21343],[5.08181,6.21803],[5.08518,6.21609],[5.08724,6.21453],[5.08614,6.20784],[5.08847,6.20434],[5.0892,6.20106],[5.09242,6.19828],[5.09584,6.19709],[5.09823,6.19814],[5.09982,6.20218],[5.10316,6.20218],[5.10483,6.20003],[5.10994,6.19543],[5.11283,6.19547],[5.11386,6.19982],[5.11549,6.20611],[5.11763,6.20695],[5.11992,6.20701],[5.12247,6.20587],[5.1224,6.20128],[5.12711,6.19703],[5.12869,6.19389],[5.12869,6.18966],[5.13133,6.18895],[5.13326,6.18822],[5.13591,6.18666],[5.13574,6.18226],[5.13204,6.18085],[5.13715,6.17626],[5.13768,6.17309],[5.13345,6.17221],[5.13505,6.16982],[5.12696,6.16395],[5.11904,6.14999],[5.10112,6.12488],[5.08788,6.1013],[5.07593,6.07805],[5.06269,6.04898],[5.053,6.02767],[5.04173,6.00509],[5.03969,6.00018],[5.03128,5.98254],[5.02632,5.97159],[5.01847,5.95319],[5.0164,5.94864],[5.01268,5.94224],[4.99921,5.92178],[4.98386,5.89848],[4.98085,5.90152],[4.98064,5.9073],[4.97773,5.91002],[4.97506,5.91226],[4.97547,5.91909],[4.97616,5.92347],[4.97187,5.92533],[4.97027,5.92405],[4.96659,5.92591],[4.96532,5.92999],[4.96355,5.93296],[4.96165,5.93555],[4.9577,5.94286],[4.95501,5.94348],[4.9518,5.94144],[4.94982,5.94386],[4.9455,5.94596],[4.94344,5.94802],[4.93995,5.95016],[4.93517,5.95505],[4.93041,5.9596],[4.92744,5.96261],[4.92105,5.9674],[4.91429,5.97613],[4.90946,5.97938],[4.90726,5.98254],[4.90416,5.98358],[4.90148,5.98577],[4.89879,5.98995],[4.89469,5.99535],[4.89197,5.99742],[4.88763,6.00135],[4.87378,6.01458],[4.86274,6.0249],[4.85332,6.03318],[4.83988,6.04455],[4.82999,6.05446],[4.82169,6.06315],[4.80324,6.07962],[4.79813,6.08465],[4.78047,6.10078],[4.77488,6.10637],[4.76863,6.11044],[4.76116,6.11871],[4.75092,6.12697],[4.7448,6.13198],[4.73798,6.13612],[4.73199,6.14211],[4.72457,6.1483],[4.71483,6.15493],[4.7058,6.16308],[4.70057,6.16795],[4.69535,6.17383],[4.68742,6.17954],[4.67742,6.18697],[4.67219,6.19255],[4.66894,6.19523],[4.66605,6.19689],[4.66173,6.20111],[4.6576,6.20587],[4.65344,6.20888],[4.64967,6.21158],[4.6465,6.21412],[4.64301,6.21666],[4.64015,6.21919],[4.63762,6.2211],[4.63413,6.22427],[4.63095,6.22649],[4.62492,6.22975],[4.6212,6.23244],[4.61933,6.23533],[4.61479,6.23926],[4.61034,6.24267],[4.60463,6.24616],[4.59949,6.2498],[4.59412,6.25352],[4.58876,6.2579],[4.5842,6.26138],[4.57903,6.26551],[4.57163,6.2709],[4.56518,6.27564],[4.55981,6.27936],[4.55298,6.28432],[4.55006,6.28708],[4.54789,6.2876],[4.5452,6.28824],[4.54096,6.2928],[4.53921,6.29469],[4.536,6.29638],[4.5313,6.30113],[4.52738,6.30509],[4.52177,6.30726],[4.51295,6.31404],[4.50482,6.31905],[4.49867,6.32388],[4.48912,6.32917],[4.48477,6.33165],[4.48147,6.3331],[4.47678,6.33593],[4.47425,6.33752],[4.47234,6.33847],[4.46741,6.34059],[4.46048,6.34333],[4.46319,6.34606],[4.46504,6.34699],[4.47011,6.34972],[4.4789,6.35445],[4.48168,6.35539],[4.48631,6.35634],[4.49094,6.35821],[4.49742,6.35917],[4.51325,6.34726],[4.51885,6.34175],[4.52817,6.33164],[4.53098,6.32796],[4.53563,6.3243],[4.54309,6.31695],[4.54588,6.31604],[4.54867,6.31329],[4.55148,6.30961],[4.55612,6.30779],[4.55984,6.30596],[4.56356,6.30414],[4.56727,6.30323],[4.57191,6.30326],[4.57561,6.3042],[4.57847,6.30842],[4.58206,6.31163],[4.58482,6.31534],[4.58759,6.31904],[4.59034,6.3246],[4.59309,6.32923],[4.59493,6.33294],[4.59584,6.33571],[4.59763,6.34772],[4.59759,6.35326],[4.59757,6.35788],[4.59755,6.36157],[4.59845,6.3662],[4.59669,6.36829],[4.59416,6.36924],[4.59003,6.37178],[4.58591,6.3759],[4.5821,6.37812],[4.57576,6.38098],[4.56719,6.38256],[4.56085,6.38256],[4.55546,6.38574],[4.54641,6.38715],[4.53991,6.38896],[4.53526,6.39078],[4.53154,6.3926],[4.52412,6.39441],[4.52133,6.39532],[4.51761,6.39622],[4.51483,6.39713],[4.50927,6.39617],[4.50464,6.39522],[4.49909,6.39335],[4.49539,6.39148],[4.49169,6.38961],[4.48706,6.38774],[4.48243,6.38679],[4.48006,6.3869],[4.47751,6.38758],[4.47468,6.38833],[4.47313,6.3932],[4.47494,6.39968],[4.47586,6.40245],[4.47862,6.40524],[4.47982,6.40905],[4.48971,6.41176],[4.4962,6.41272],[4.50082,6.41459],[4.5036,6.41553],[4.5041,6.41553],[4.50742,6.41633],[4.50917,6.41671],[4.51214,6.4178],[4.51915,6.41999],[4.52195,6.42047],[4.52432,6.42067],[4.52537,6.42077],[4.52599,6.42096],[4.52767,6.41983],[4.52856,6.41861],[4.52911,6.41739],[4.53027,6.41547],[4.53171,6.4132],[4.53365,6.41235],[4.53497,6.41245],[4.53663,6.41317],[4.53793,6.41398],[4.53878,6.41469],[4.53975,6.41666],[4.54159,6.42036],[4.54251,6.42221],[4.54618,6.42777],[4.54986,6.43333],[4.55446,6.43982],[4.5563,6.4426],[4.55996,6.45093],[4.56178,6.45741],[4.56268,6.46203],[4.56359,6.4648],[4.5645,6.46942],[4.5654,6.47312],[4.56631,6.47682],[4.56628,6.48144],[4.56626,6.48513],[4.56624,6.48975],[4.56529,6.49251],[4.56527,6.49621],[4.56433,6.49897],[4.58697,6.49427],[4.59344,6.49293],[4.60332,6.49088],[4.60522,6.49216],[4.60605,6.4992],[4.60417,6.50381],[4.59948,6.51394],[4.5976,6.51855],[4.59479,6.52315],[4.58825,6.53236],[4.58826,6.53608],[4.58892,6.54319],[4.5815,6.5563],[4.57509,6.57874],[4.57792,6.59924],[4.58282,6.6167],[4.5816,6.63307],[4.5723,6.63911],[4.56727,6.63657],[4.56451,6.63378],[4.56175,6.63007],[4.56043,6.62809],[4.55529,6.62357],[4.55162,6.61801],[4.547,6.61337],[4.54241,6.60688],[4.53769,6.60113],[4.53738,6.60061],[4.53504,6.59669],[4.5323,6.59021],[4.52861,6.58649],[4.52644,6.58089],[4.52596,6.5801],[4.52561,6.57952],[4.5217,6.55965],[4.51939,6.5471],[4.51712,6.53184],[4.50867,6.52019],[4.50457,6.51473],[4.49983,6.50875],[4.49938,6.50692],[4.49661,6.50506],[4.49103,6.50872],[4.48914,6.51425],[4.48632,6.5207],[4.48257,6.52807],[4.47882,6.53543],[4.47694,6.54004],[4.47506,6.54464],[4.47317,6.5511],[4.47035,6.55939],[4.46752,6.56676],[4.46657,6.57138],[4.46469,6.5769],[4.46522,6.58214],[4.46277,6.58705],[4.46088,6.5935],[4.45993,6.59812],[4.45805,6.60272],[4.45432,6.60732],[4.42647,6.6127],[4.42461,6.61362],[4.41811,6.61635],[4.41345,6.6191],[4.41066,6.62093],[4.40694,6.62275],[4.40322,6.62458],[4.39394,6.6273],[4.39022,6.6282],[4.38743,6.63003],[4.38277,6.63462],[4.37996,6.63922],[4.37706,6.64512],[4.3762,6.64844],[4.37618,6.65305],[4.37615,6.65767],[4.37612,6.66321],[4.37981,6.666],[4.38444,6.66787],[4.38721,6.66974],[4.38904,6.67436],[4.38994,6.67898],[4.38898,6.68452],[4.38895,6.69006],[4.38892,6.69652],[4.38888,6.70206],[4.38885,6.7076],[4.38882,6.71314],[4.38974,6.71592],[4.3925,6.7187],[4.39803,6.72427],[4.40357,6.72984],[4.40724,6.73541],[4.41093,6.74004],[4.41368,6.74467],[4.41458,6.75022],[4.41549,6.75392],[4.41823,6.7604],[4.42284,6.76504],[4.42561,6.76782],[4.43393,6.77156],[4.43948,6.77436],[4.44502,6.77809],[4.45425,6.78645],[4.46718,6.79576],[4.47272,6.79948],[4.47641,6.80227],[4.48751,6.80787],[4.49305,6.8116],[4.4986,6.8144],[4.5023,6.81626],[4.51526,6.82003],[4.51988,6.82282],[4.5245,6.82562],[4.52911,6.82934],[4.53374,6.83121],[4.53744,6.83308],[4.54206,6.83587],[4.5476,6.84052],[4.54832,6.84422],[4.5494,6.84977],[4.54934,6.86085],[4.55024,6.86547],[4.55204,6.87471],[4.55387,6.87934],[4.55477,6.88396],[4.55752,6.88952],[4.5575,6.89321],[4.55748,6.89783],[4.55745,6.90244],[4.55649,6.9089],[4.55737,6.91722],[4.55641,6.92367],[4.55633,6.93752],[4.55723,6.94215],[4.5572,6.94676],[4.55717,6.9523],[4.55621,6.95876],[4.55711,6.96431],[4.558,6.96985],[4.55889,6.97724],[4.56071,6.98372],[4.56161,6.98834],[4.56435,6.99574],[4.56895,7.00131],[4.57264,7.00502],[4.57429,7.00618],[4.57916,7.0096],[4.58114,7.01121],[4.58478,7.01398],[4.5902,7.0162],[4.59574,7.01992],[4.60221,7.02365],[4.60682,7.02737],[4.60959,7.03108],[4.61075,7.03522],[4.6114,7.03755],[4.6123,7.04402],[4.61226,7.05048],[4.61315,7.05788],[4.61309,7.06711],[4.61401,7.06988],[4.61399,7.07358],[4.61395,7.08004],[4.61671,7.08467],[4.61853,7.0893],[4.6213,7.09301],[4.62497,7.09949],[4.6268,7.10412],[4.63048,7.10876],[4.63509,7.1134],[4.63971,7.11619],[4.64433,7.11991],[4.64802,7.12178],[4.65264,7.12458],[4.65634,7.12737],[4.6591,7.13015],[4.6628,7.13202],[4.66557,7.13388],[4.66926,7.1376],[4.67296,7.14039],[4.67387,7.14224],[4.67479,7.14409],[4.67199,7.14777],[4.67011,7.15237],[4.66915,7.15699],[4.66822,7.15883],[4.66912,7.16253],[4.67188,7.16623],[4.67559,7.16625],[4.68393,7.16815],[4.68765,7.16632],[4.69136,7.16542],[4.69879,7.16269],[4.70343,7.16179],[4.70621,7.16273],[4.70898,7.16459],[4.71175,7.16738],[4.71543,7.17202],[4.71634,7.17571],[4.71817,7.18034],[4.71906,7.18681],[4.72088,7.19236],[4.72087,7.19513],[4.72642,7.19701],[4.73656,7.20722],[4.73932,7.21093],[4.74208,7.21464],[4.74392,7.21834],[4.74667,7.22297],[4.74758,7.22667],[4.74941,7.2313],[4.75029,7.23869],[4.75025,7.24608],[4.74668,7.26439],[4.74593,7.26818],[4.74529,7.27227],[4.74515,7.27507],[4.74525,7.27977],[4.74548,7.28167],[4.74665,7.28448],[4.74741,7.28799],[4.74865,7.2977],[4.74837,7.30429],[4.74734,7.31538],[4.74747,7.32108],[4.74836,7.32259],[4.74955,7.323],[4.75105,7.32302],[4.75316,7.32294],[4.75607,7.32238],[4.75837,7.3222],[4.76129,7.32104],[4.76229,7.32115],[4.76279,7.32135],[4.76358,7.32216],[4.76467,7.323],[4.76742,7.32743],[4.7674,7.3302],[4.76829,7.33667],[4.76825,7.34405],[4.76916,7.34775],[4.77192,7.35146],[4.77838,7.35704],[4.78763,7.36078],[4.79596,7.36452],[4.8015,7.36732],[4.80612,7.37012],[4.81446,7.37201],[4.82187,7.37297],[4.83206,7.37395],[4.83425,7.37418],[4.84133,7.37493],[4.84874,7.37589],[4.85337,7.37684],[4.86079,7.37781],[4.87099,7.37786],[4.87562,7.37881],[4.8784,7.37883],[4.88861,7.37704],[4.89139,7.37705],[4.89603,7.37523],[4.90253,7.37434],[4.90903,7.37346],[4.91459,7.37349],[4.91922,7.37351],[4.93036,7.37173],[4.93593,7.37084],[4.94335,7.36995],[4.94798,7.3709],[4.95261,7.37185],[4.95724,7.37372],[4.96095,7.37374],[4.96466,7.37377],[4.96929,7.37471],[4.97485,7.37475],[4.97948,7.37569],[4.98504,7.37665],[4.98559,7.37676],[4.98984,7.37773],[4.99336,7.38039],[4.99705,7.3841],[4.99982,7.38596],[5.00352,7.38875],[5.00628,7.392],[5.00627,7.39431],[5.00623,7.40077],[5.00528,7.40538],[5.00576,7.40995],[5.00616,7.4137],[5.00799,7.4174],[5.01075,7.42111],[5.01352,7.42482],[5.01628,7.42853],[5.01811,7.43131],[5.01996,7.43317],[5.02273,7.43595],[5.03288,7.44432],[5.03842,7.44804],[5.04303,7.45269],[5.0458,7.45455],[5.04857,7.45733],[5.0532,7.45828],[5.05876,7.45924],[5.06524,7.4602],[5.07081,7.46023],[5.07823,7.45934],[5.08475,7.45695],[5.08938,7.45479],[5.09589,7.45206],[5.10239,7.45024],[5.10795,7.44935],[5.11445,7.44846],[5.12002,7.44757],[5.12652,7.44576],[5.13209,7.44487],[5.13858,7.44398],[5.14508,7.44309],[5.15064,7.44312],[5.15992,7.44133],[5.16735,7.44045],[5.17383,7.44141],[5.18125,7.44145],[5.18774,7.44056],[5.1924,7.43689],[5.20074,7.43694],[5.20817,7.43606],[5.21745,7.43426],[5.22023,7.43428],[5.22487,7.4343],[5.236,7.43344],[5.24527,7.43349],[5.25175,7.43537],[5.25916,7.43726],[5.26842,7.43824],[5.27957,7.43553],[5.28698,7.43649],[5.2944,7.43653],[5.29902,7.43841],[5.30625,7.44054],[5.30828,7.44123],[5.31198,7.44217],[5.31476,7.44311],[5.32033,7.44129],[5.32222,7.43576],[5.32503,7.43024],[5.32692,7.42379],[5.32881,7.41733],[5.33162,7.41273],[5.3335,7.40813],[5.33724,7.40261],[5.34005,7.39708],[5.34287,7.39063],[5.34475,7.38603],[5.34663,7.38142],[5.34852,7.37405],[5.34948,7.36851],[5.35044,7.36205],[5.3514,7.35652],[5.35331,7.34729],[5.35425,7.34453],[5.35523,7.33438],[5.35526,7.32884],[5.35438,7.32145],[5.3544,7.31683],[5.35444,7.31037],[5.3554,7.30483],[5.35635,7.30114],[5.35823,7.29561],[5.36288,7.29287],[5.36753,7.29105],[5.37217,7.28923],[5.37775,7.28741],[5.38147,7.28559],[5.38823,7.28319],[5.39814,7.28845],[5.40462,7.29033],[5.41296,7.29038],[5.4176,7.29133],[5.42686,7.29322],[5.43585,7.29603],[5.43889,7.29698],[5.44537,7.29887],[5.45093,7.29982],[5.45404,7.30061],[5.45252,7.30605],[5.45078,7.31544],[5.45047,7.31894],[5.45805,7.32053],[5.47141,7.32094],[5.48281,7.32188],[5.5017,7.32539],[5.50724,7.32767],[5.5136,7.33162],[5.51829,7.33583],[5.52438,7.33978],[5.52638,7.34086],[5.5304,7.34735],[5.53315,7.35383],[5.53684,7.35754],[5.54234,7.36773],[5.54602,7.37422],[5.55248,7.37979],[5.55707,7.3872],[5.56166,7.39646],[5.56717,7.4048],[5.57177,7.41129],[5.57545,7.41778],[5.58097,7.42427],[5.58281,7.42705],[5.58835,7.4317],[5.59294,7.44003],[5.59937,7.45023],[5.60119,7.4567],[5.60391,7.4678],[5.6075,7.4802],[5.61031,7.48445],[5.60995,7.48503],[5.61119,7.49369],[5.61207,7.50108],[5.61203,7.50847],[5.6129,7.51863],[5.61305,7.52036],[5.60476,7.51992],[5.60472,7.5238],[5.60611,7.53158],[5.60607,7.53546],[5.60647,7.54469],[5.60782,7.55683],[5.61117,7.56317],[5.61499,7.57048],[5.61928,7.57974],[5.62742,7.59437],[5.62789,7.59632],[5.62736,7.6002],[5.62339,7.60889],[5.61992,7.61663],[5.61985,7.62391],[5.62322,7.62782],[5.62441,7.62839],[5.63145,7.63178],[5.63872,7.63524],[5.64357,7.63674],[5.64941,7.63679],[5.65625,7.63346],[5.66211,7.6306],[5.6703,7.62586],[5.67574,7.62374],[5.68096,7.62374],[5.68862,7.63244],[5.6914,7.63801],[5.6914,7.64288],[5.6921,7.65158],[5.69314,7.65889],[5.69432,7.66453],[5.69488,7.67176],[5.6994,7.6829],[5.70706,7.69055],[5.71646,7.70099],[5.72829,7.71039],[5.74255,7.71978],[5.75612,7.72848],[5.76761,7.73718],[5.77303,7.74732],[5.78024,7.74577],[5.80102,7.7333],[5.81644,7.72785],[5.81941,7.73122],[5.82219,7.73309],[5.82774,7.73404],[5.83239,7.73222],[5.83704,7.7304],[5.84261,7.72858],[5.85003,7.72862],[5.85743,7.73051],[5.86483,7.73425],[5.87038,7.73612],[5.87686,7.73893],[5.88334,7.74081],[5.88981,7.74362],[5.89815,7.74551],[5.9037,7.74739],[5.90833,7.74834],[5.91482,7.7493],[5.91945,7.75025],[5.92131,7.74933],[5.92874,7.7466],[5.9306,7.74477],[5.93062,7.74107],[5.92972,7.73738],[5.92788,7.73367],[5.92604,7.73182]]]]}},{"type":"Feature","id":"NG030","properties":{"admin1Pcod":"NG030","admin1Name":"Osun","admin1RefN":"Osun","admin0Pcod":"NG","admin0Name":"Nigeria"},"geometry":{"type":"MultiPolygon","coordinates":[[[[4.94975,8.05548],[4.95674,8.05355],[4.96081,8.05243],[4.9669,8.04671],[4.96843,8.03756],[4.97072,8.0326],[4.96919,8.02422],[4.96711,8.02005],[4.96957,8.01735],[4.97339,8.01812],[4.98101,8.02574],[4.98749,8.03222],[4.9893,8.03404],[4.99588,8.03222],[5.00198,8.03413],[5.00541,8.04328],[5.00998,8.05014],[5.01494,8.05471],[5.02066,8.05929],[5.02904,8.06386],[5.03247,8.06806],[5.03705,8.07072],[5.03972,8.07187],[5.04429,8.06996],[5.04963,8.06462],[5.05344,8.05776],[5.05493,8.04919],[5.05763,8.03946],[5.05649,8.03108],[5.05306,8.02345],[5.03972,8.01011],[5.03552,8.00516],[5.03285,7.99677],[5.03324,7.98991],[5.03324,7.98228],[5.03133,7.97695],[5.02027,7.96094],[5.01646,7.95522],[5.00808,7.95102],[5.00121,7.94607],[4.99664,7.93921],[4.99054,7.9312],[4.97834,7.9232],[4.96729,7.91595],[4.94975,7.90337],[4.94204,7.89993],[4.94137,7.89761],[4.93715,7.88917],[4.93258,7.88565],[4.9273,7.88037],[4.92449,7.87439],[4.92484,7.86806],[4.92378,7.86349],[4.9164,7.85716],[4.91413,7.85038],[4.9111,7.85011],[4.91002,7.84181],[4.90858,7.8298],[4.9158,7.82211],[4.9158,7.81085],[4.9158,7.7958],[4.91526,7.79122],[4.91429,7.783],[4.9094,7.76644],[4.90421,7.75735],[4.903,7.74988],[4.89823,7.73986],[4.89547,7.73408],[4.89323,7.73034],[4.89262,7.72589],[4.88936,7.71303],[4.88572,7.69976],[4.88256,7.68603],[4.88031,7.67608],[4.87709,7.66707],[4.87206,7.65095],[4.87133,7.645],[4.86838,7.63548],[4.86386,7.62268],[4.868,7.61628],[4.88305,7.61139],[4.88757,7.60462],[4.89284,7.59295],[4.90225,7.57639],[4.90639,7.56284],[4.90997,7.55502],[4.91792,7.52979],[4.92021,7.51721],[4.92592,7.50501],[4.93889,7.4787],[4.94784,7.45469],[4.95242,7.44783],[4.96767,7.43868],[4.97567,7.43372],[4.98482,7.42648],[4.98711,7.41924],[4.99702,7.41504],[5.00616,7.4137],[5.00576,7.40995],[5.00528,7.40538],[5.00623,7.40077],[5.00627,7.39431],[5.00628,7.392],[5.00352,7.38875],[4.99982,7.38596],[4.99705,7.3841],[4.99336,7.38039],[4.98984,7.37773],[4.98559,7.37676],[4.98504,7.37665],[4.97948,7.37569],[4.97485,7.37475],[4.96929,7.37471],[4.96466,7.37377],[4.96095,7.37374],[4.95724,7.37372],[4.95261,7.37185],[4.94798,7.3709],[4.94335,7.36995],[4.93593,7.37084],[4.93036,7.37173],[4.91922,7.37351],[4.91459,7.37349],[4.90903,7.37346],[4.90253,7.37434],[4.89603,7.37523],[4.89139,7.37705],[4.88861,7.37704],[4.8784,7.37883],[4.87562,7.37881],[4.87099,7.37786],[4.86079,7.37781],[4.85337,7.37684],[4.84874,7.37589],[4.84133,7.37493],[4.83425,7.37418],[4.83206,7.37395],[4.82187,7.37297],[4.81446,7.37201],[4.80612,7.37012],[4.8015,7.36732],[4.79596,7.36452],[4.78763,7.36078],[4.77838,7.35704],[4.77192,7.35146],[4.76916,7.34775],[4.76825,7.34405],[4.76829,7.33667],[4.7674,7.3302],[4.76742,7.32743],[4.76467,7.323],[4.76358,7.32216],[4.76279,7.32135],[4.76229,7.32115],[4.76129,7.32104],[4.75837,7.3222],[4.75607,7.32238],[4.75316,7.32294],[4.75105,7.32302],[4.74955,7.323],[4.74836,7.32259],[4.74747,7.32108],[4.74734,7.31538],[4.74837,7.30429],[4.74865,7.2977],[4.74741,7.28799],[4.74665,7.28448],[4.74548,7.28167],[4.74525,7.27977],[4.74515,7.27507],[4.74529,7.27227],[4.74593,7.26818],[4.74668,7.26439],[4.75025,7.24608],[4.75029,7.23869],[4.74941,7.2313],[4.74758,7.22667],[4.74667,7.22297],[4.74392,7.21834],[4.74208,7.21464],[4.73932,7.21093],[4.73656,7.20722],[4.72642,7.19701],[4.72087,7.19513],[4.72088,7.19236],[4.71906,7.18681],[4.71817,7.18034],[4.71634,7.17571],[4.71543,7.17202],[4.71175,7.16738],[4.70898,7.16459],[4.70621,7.16273],[4.70343,7.16179],[4.69879,7.16269],[4.69136,7.16542],[4.68765,7.16632],[4.68393,7.16815],[4.67559,7.16625],[4.67188,7.16623],[4.66912,7.16253],[4.66822,7.15883],[4.66915,7.15699],[4.67011,7.15237],[4.67199,7.14777],[4.67479,7.14409],[4.67387,7.14224],[4.67296,7.14039],[4.66926,7.1376],[4.66557,7.13388],[4.6628,7.13202],[4.6591,7.13015],[4.65634,7.12737],[4.65264,7.12458],[4.64802,7.12178],[4.64433,7.11991],[4.63971,7.11619],[4.63509,7.1134],[4.63048,7.10876],[4.6268,7.10412],[4.62497,7.09949],[4.6213,7.09301],[4.61853,7.0893],[4.61671,7.08467],[4.61395,7.08004],[4.61399,7.07358],[4.61401,7.06988],[4.61309,7.06711],[4.61315,7.05788],[4.61226,7.05048],[4.6123,7.04402],[4.6114,7.03755],[4.61075,7.03522],[4.60959,7.03108],[4.6046,7.03137],[4.59242,7.0287],[4.57719,7.02337],[4.55929,7.02147],[4.54254,7.02109],[4.53417,7.02376],[4.52655,7.02337],[4.52236,7.02452],[4.51627,7.02261],[4.50904,7.01348],[4.49648,7.00129],[4.48886,6.99178],[4.48011,6.99063],[4.46335,6.9933],[4.45422,7.00091],[4.43823,7.00472],[4.42452,7.00244],[4.41691,6.99406],[4.40967,6.98759],[4.40054,6.98073],[4.39038,6.98085],[4.38641,6.98955],[4.38294,6.9913],[4.37602,6.9948],[4.37432,6.99886],[4.37377,7.00233],[4.37266,7.00697],[4.37154,7.01103],[4.37099,7.01393],[4.37103,7.01798],[4.37631,7.02318],[4.37866,7.02607],[4.37694,7.02839],[4.37118,7.03246],[4.37006,7.03652],[4.37069,7.04115],[4.37016,7.04579],[4.37018,7.0481],[4.37022,7.05216],[4.37026,7.05621],[4.36855,7.05911],[4.36508,7.0597],[4.36103,7.06087],[4.35757,7.0632],[4.35295,7.06495],[4.34774,7.0667],[4.3408,7.06846],[4.33444,7.07079],[4.3154,7.08127],[4.31137,7.08418],[4.29751,7.09059],[4.2923,7.09118],[4.28766,7.09178],[4.28476,7.09178],[4.27605,7.09007],[4.27255,7.08892],[4.26849,7.08835],[4.26498,7.08605],[4.26148,7.08374],[4.25621,7.07912],[4.2527,7.07623],[4.25036,7.07392],[4.24743,7.07103],[4.2445,7.06815],[4.2404,7.06468],[4.2363,7.06064],[4.23337,7.05833],[4.22754,7.05545],[4.22346,7.05315],[4.21877,7.04712],[4.21352,7.04564],[4.21003,7.04507],[4.20597,7.04509],[4.20363,7.04603],[4.20078,7.04742],[4.19789,7.04916],[4.19563,7.05496],[4.19508,7.05786],[4.19491,7.06151],[4.19019,7.06982],[4.186,7.08543],[4.18296,7.11132],[4.17763,7.13454],[4.17306,7.15815],[4.17255,7.1615],[4.17116,7.17071],[4.16897,7.17399],[4.16202,7.17109],[4.15669,7.165],[4.13956,7.15701],[4.11595,7.14635],[4.09692,7.13759],[4.08836,7.13345],[4.08764,7.13805],[4.08451,7.13993],[4.08076,7.14024],[4.07919,7.13837],[4.07637,7.13492],[4.07324,7.13555],[4.07105,7.13899],[4.07105,7.14212],[4.07262,7.14682],[4.077,7.14995],[4.08044,7.14995],[4.08326,7.14901],[4.08545,7.1512],[4.08326,7.15464],[4.08013,7.15808],[4.07512,7.15996],[4.07199,7.16278],[4.07262,7.16747],[4.0745,7.1706],[4.07606,7.1753],[4.07763,7.1778],[4.07857,7.18218],[4.07857,7.18688],[4.07857,7.19095],[4.07982,7.19564],[4.08138,7.20096],[4.08483,7.20441],[4.08451,7.20785],[4.08639,7.21223],[4.08858,7.21442],[4.08921,7.21849],[4.09108,7.22225],[4.09421,7.22819],[4.09703,7.2307],[4.09985,7.23226],[4.10261,7.23313],[4.10532,7.23719],[4.10749,7.24587],[4.11128,7.25129],[4.12538,7.25779],[4.12592,7.26484],[4.12592,7.27026],[4.12971,7.27676],[4.12971,7.28218],[4.12809,7.28815],[4.12971,7.29357],[4.13134,7.29953],[4.12917,7.30549],[4.12889,7.31059],[4.13192,7.31261],[4.13668,7.33028],[4.13804,7.35202],[4.13498,7.36375],[4.13396,7.36765],[4.13435,7.37344],[4.13532,7.38803],[4.13532,7.4057],[4.13804,7.42133],[4.14144,7.43967],[4.14619,7.44851],[4.14831,7.45878],[4.15231,7.46278],[4.15638,7.47908],[4.16117,7.48822],[4.16386,7.49335],[4.1659,7.50626],[4.16454,7.51442],[4.16114,7.52325],[4.15893,7.52989],[4.14887,7.53415],[4.14247,7.53173],[4.13433,7.5287],[4.12552,7.5315],[4.12772,7.54203],[4.13001,7.54557],[4.12938,7.54906],[4.12815,7.55313],[4.11987,7.56002],[4.11513,7.56462],[4.10808,7.56744],[4.10855,7.57562],[4.11495,7.57862],[4.12194,7.58046],[4.12426,7.58166],[4.12886,7.58756],[4.12939,7.59165],[4.12987,7.59982],[4.12281,7.60323],[4.11813,7.60316],[4.1135,7.5996],[4.10947,7.59488],[4.10307,7.59188],[4.0966,7.59471],[4.09359,7.60109],[4.09231,7.60924],[4.08518,7.61789],[4.08177,7.61993],[4.08069,7.61904],[4.08025,7.61893],[4.07667,7.6193],[4.05578,7.64311],[4.05,7.65078],[4.03423,7.65565],[4.03332,7.65654],[4.03247,7.65742],[4.02492,7.66432],[4.02473,7.66492],[4.03904,7.68498],[4.05628,7.69882],[4.07547,7.70871],[4.07779,7.7105],[4.07663,7.71668],[4.07621,7.71893],[4.07485,7.72913],[4.07417,7.73592],[4.06941,7.74068],[4.06194,7.74883],[4.06126,7.75427],[4.06602,7.75495],[4.07083,7.75975],[4.06941,7.77057],[4.07009,7.78416],[4.07213,7.79639],[4.07067,7.80078],[4.07249,7.80873],[4.07621,7.82493],[4.09115,7.85017],[4.09455,7.84926],[4.10249,7.84356],[4.10774,7.84305],[4.11354,7.84458],[4.11555,7.84664],[4.11815,7.8487],[4.1198,7.84915],[4.13072,7.84886],[4.14711,7.84962],[4.16465,7.85496],[4.17418,7.86106],[4.18638,7.86487],[4.1971,7.86528],[4.19861,7.86486],[4.20181,7.86519],[4.20558,7.86611],[4.21082,7.86676],[4.2114,7.86706],[4.21342,7.86854],[4.21718,7.87062],[4.21716,7.87149],[4.21714,7.87323],[4.21654,7.87467],[4.21302,7.87666],[4.20626,7.88122],[4.20155,7.88464],[4.1973,7.88879],[4.19209,7.9007],[4.19133,7.91023],[4.19819,7.91633],[4.20963,7.919],[4.21611,7.92167],[4.22488,7.92701],[4.23022,7.92777],[4.23358,7.93063],[4.23559,7.93269],[4.2361,7.93821],[4.23692,7.94229],[4.23831,7.94782],[4.2388,7.95422],[4.24079,7.9586],[4.24238,7.96046],[4.2508,7.96551],[4.26529,7.97008],[4.27653,7.97112],[4.28587,7.96551],[4.29388,7.9575],[4.2954,7.95455],[4.30711,7.94446],[4.31599,7.94302],[4.32819,7.93501],[4.33543,7.9232],[4.3381,7.91633],[4.34839,7.9049],[4.35144,7.89613],[4.36021,7.88279],[4.36326,7.87211],[4.36565,7.85947],[4.36974,7.86563],[4.37167,7.86938],[4.38074,7.88243],[4.38226,7.8842],[4.3853,7.88665],[4.39119,7.89111],[4.39246,7.89249],[4.39644,7.89271],[4.40283,7.89213],[4.40657,7.89152],[4.41009,7.89156],[4.41627,7.88989],[4.42003,7.88796],[4.42269,7.88624],[4.42779,7.88324],[4.43109,7.88328],[4.43502,7.88508],[4.43632,7.88685],[4.43695,7.88949],[4.4382,7.89476],[4.43946,7.89982],[4.44028,7.90421],[4.44024,7.90772],[4.43999,7.91249],[4.44013,7.9135],[4.43813,7.91821],[4.43611,7.92148],[4.43162,7.92887],[4.42959,7.93235],[4.42912,7.93476],[4.42932,7.93673],[4.43216,7.9383],[4.43479,7.93855],[4.4427,7.93931],[4.44709,7.9398],[4.45632,7.94079],[4.45818,7.94149],[4.46885,7.94226],[4.48247,7.94188],[4.48401,7.94267],[4.48574,7.94466],[4.48704,7.94643],[4.48833,7.94886],[4.48963,7.95063],[4.49269,7.9522],[4.4951,7.95245],[4.50126,7.95252],[4.50706,7.95195],[4.50946,7.95281],[4.51209,7.95372],[4.5161,7.95563],[4.52489,7.96006],[4.52548,7.96038],[4.52657,7.96095],[4.5309,7.96323],[4.53489,7.96621],[4.53889,7.9692],[4.5429,7.97141],[4.54691,7.97316],[4.55075,7.9763],[4.55567,7.9796],[4.55755,7.98204],[4.55996,7.9941],[4.56301,8.00897],[4.56301,8.01926],[4.56301,8.0246],[4.56301,8.03413],[4.56034,8.04137],[4.5592,8.049],[4.56072,8.05395],[4.569,8.05476],[4.57902,8.05776],[4.59046,8.06234],[4.59808,8.06386],[4.60304,8.06806],[4.61295,8.07301],[4.62172,8.07568],[4.62896,8.07454],[4.63392,8.07149],[4.63414,8.06818],[4.63239,8.06119],[4.63392,8.057],[4.63735,8.05357],[4.64268,8.05319],[4.6484,8.05357],[4.65336,8.05052],[4.65946,8.04556],[4.66556,8.04328],[4.67356,8.04595],[4.67509,8.04976],[4.67966,8.05204],[4.68271,8.05471],[4.68729,8.057],[4.69224,8.05624],[4.69567,8.05243],[4.69961,8.0491],[4.70444,8.04823],[4.70559,8.05151],[4.71168,8.05967],[4.72121,8.06424],[4.73532,8.06348],[4.74561,8.06424],[4.75476,8.06501],[4.7662,8.06806],[4.77472,8.06831],[4.77916,8.06844],[4.78564,8.06844],[4.79245,8.06666],[4.79296,8.06654],[4.79949,8.06502],[4.80527,8.06386],[4.8129,8.05929],[4.81861,8.05357],[4.83005,8.05548],[4.84339,8.06196],[4.85038,8.06662],[4.85254,8.06806],[4.8575,8.07263],[4.85673,8.07911],[4.85483,8.08597],[4.85178,8.09169],[4.85407,8.0955],[4.86131,8.09474],[4.8777,8.09131],[4.88723,8.09093],[4.89541,8.08936],[4.91315,8.08559],[4.92688,8.07987],[4.93946,8.06806],[4.94518,8.06081],[4.94975,8.05548]]]]}},{"type":"Feature","id":"NG031","properties":{"admin1Pcod":"NG031","admin1Name":"Oyo","admin1RefN":"Oyo","admin0Pcod":"NG","admin0Name":"Nigeria"},"geometry":{"type":"MultiPolygon","coordinates":[[[[4.21046,8.97003],[4.25339,8.96697],[4.27337,8.97926],[4.29028,8.99156],[4.31641,8.99771],[4.32563,8.99463],[4.32901,8.98956],[4.33485,8.9808],[4.33485,8.95774],[4.32102,8.94237],[4.258,8.90087],[4.22111,8.86091],[4.20009,8.82506],[4.19498,8.81797],[4.18606,8.8056],[4.18263,8.78598],[4.1829,8.7652],[4.1904,8.75385],[4.19036,8.75331],[4.20112,8.71796],[4.20611,8.70382],[4.21035,8.69182],[4.21342,8.6826],[4.20914,8.68066],[4.25977,8.57501],[4.34814,8.3912],[4.36449,8.3585],[4.36764,8.35017],[4.37529,8.31819],[4.37562,8.31683],[4.38174,8.30143],[4.38256,8.29936],[4.38685,8.29189],[4.40381,8.27872],[4.42138,8.27046],[4.44176,8.25299],[4.4601,8.23601],[4.47709,8.21834],[4.48389,8.20271],[4.49,8.18233],[4.49408,8.1667],[4.49408,8.14971],[4.49408,8.13341],[4.49496,8.12278],[4.49544,8.1171],[4.50563,8.09196],[4.53349,8.07158],[4.55727,8.05867],[4.569,8.05476],[4.56072,8.05395],[4.5592,8.049],[4.56034,8.04137],[4.56301,8.03413],[4.56301,8.0246],[4.56301,8.01926],[4.56301,8.00897],[4.55996,7.9941],[4.55755,7.98204],[4.55567,7.9796],[4.55075,7.9763],[4.54691,7.97316],[4.5429,7.97141],[4.53889,7.9692],[4.53489,7.96621],[4.5309,7.96323],[4.52657,7.96095],[4.52548,7.96038],[4.52489,7.96006],[4.5161,7.95563],[4.51209,7.95372],[4.50946,7.95281],[4.50706,7.95195],[4.50126,7.95252],[4.4951,7.95245],[4.49269,7.9522],[4.48963,7.95063],[4.48833,7.94886],[4.48704,7.94643],[4.48574,7.94466],[4.48401,7.94267],[4.48247,7.94188],[4.46885,7.94226],[4.45818,7.94149],[4.45632,7.94079],[4.44709,7.9398],[4.4427,7.93931],[4.43479,7.93855],[4.43216,7.9383],[4.42932,7.93673],[4.42912,7.93476],[4.42959,7.93235],[4.43162,7.92887],[4.43611,7.92148],[4.43813,7.91821],[4.44013,7.9135],[4.43999,7.91249],[4.44024,7.90772],[4.44028,7.90421],[4.43946,7.89982],[4.4382,7.89476],[4.43695,7.88949],[4.43632,7.88685],[4.43502,7.88508],[4.43109,7.88328],[4.42779,7.88324],[4.42269,7.88624],[4.42003,7.88796],[4.41627,7.88989],[4.41009,7.89156],[4.40657,7.89152],[4.40283,7.89213],[4.39644,7.89271],[4.39246,7.89249],[4.39119,7.89111],[4.3853,7.88665],[4.38226,7.8842],[4.38074,7.88243],[4.37167,7.86938],[4.36974,7.86563],[4.36565,7.85947],[4.36326,7.87211],[4.36021,7.88279],[4.35144,7.89613],[4.34839,7.9049],[4.3381,7.91633],[4.33543,7.9232],[4.32819,7.93501],[4.31599,7.94302],[4.30711,7.94446],[4.2954,7.95455],[4.29388,7.9575],[4.28587,7.96551],[4.27653,7.97112],[4.26529,7.97008],[4.2508,7.96551],[4.24238,7.96046],[4.24079,7.9586],[4.2388,7.95422],[4.23831,7.94782],[4.23692,7.94229],[4.2361,7.93821],[4.23559,7.93269],[4.23358,7.93063],[4.23022,7.92777],[4.22488,7.92701],[4.21611,7.92167],[4.20963,7.919],[4.19819,7.91633],[4.19133,7.91023],[4.19209,7.9007],[4.1973,7.88879],[4.20155,7.88464],[4.20626,7.88122],[4.21302,7.87666],[4.21654,7.87467],[4.21714,7.87323],[4.21716,7.87149],[4.21718,7.87062],[4.21342,7.86854],[4.2114,7.86706],[4.21082,7.86676],[4.20558,7.86611],[4.20181,7.86519],[4.19861,7.86486],[4.1971,7.86528],[4.18638,7.86487],[4.17418,7.86106],[4.16465,7.85496],[4.14711,7.84962],[4.13072,7.84886],[4.1198,7.84915],[4.11815,7.8487],[4.11555,7.84664],[4.11354,7.84458],[4.10774,7.84305],[4.10249,7.84356],[4.09455,7.84926],[4.09115,7.85017],[4.07621,7.82493],[4.07249,7.80873],[4.07067,7.80078],[4.07213,7.79639],[4.07009,7.78416],[4.06941,7.77057],[4.07083,7.75975],[4.06602,7.75495],[4.06126,7.75427],[4.06194,7.74883],[4.06941,7.74068],[4.07417,7.73592],[4.07485,7.72913],[4.07621,7.71893],[4.07663,7.71668],[4.07779,7.7105],[4.07547,7.70871],[4.05628,7.69882],[4.03904,7.68498],[4.02473,7.66492],[4.02492,7.66432],[4.03247,7.65742],[4.03332,7.65654],[4.03423,7.65565],[4.05,7.65078],[4.05578,7.64311],[4.07667,7.6193],[4.08025,7.61893],[4.08069,7.61904],[4.08177,7.61993],[4.08518,7.61789],[4.09231,7.60924],[4.09359,7.60109],[4.0966,7.59471],[4.10307,7.59188],[4.10947,7.59488],[4.1135,7.5996],[4.11813,7.60316],[4.12281,7.60323],[4.12987,7.59982],[4.12939,7.59165],[4.12886,7.58756],[4.12426,7.58166],[4.12194,7.58046],[4.11495,7.57862],[4.10855,7.57562],[4.10808,7.56744],[4.11513,7.56462],[4.11987,7.56002],[4.12815,7.55313],[4.12938,7.54906],[4.13001,7.54557],[4.12772,7.54203],[4.12552,7.5315],[4.13433,7.5287],[4.14247,7.53173],[4.14887,7.53415],[4.15893,7.52989],[4.16114,7.52325],[4.16454,7.51442],[4.1659,7.50626],[4.16386,7.49335],[4.16117,7.48822],[4.15638,7.47908],[4.15231,7.46278],[4.14831,7.45878],[4.14619,7.44851],[4.14144,7.43967],[4.13804,7.42133],[4.13532,7.4057],[4.13532,7.38803],[4.13435,7.37344],[4.13396,7.36765],[4.13498,7.36375],[4.13804,7.35202],[4.13668,7.33028],[4.13192,7.31261],[4.12889,7.31059],[4.12917,7.30549],[4.13134,7.29953],[4.12971,7.29357],[4.12809,7.28815],[4.12971,7.28218],[4.12971,7.27676],[4.12592,7.27026],[4.12592,7.26484],[4.12538,7.25779],[4.11128,7.25129],[4.10749,7.24587],[4.10532,7.23719],[4.10261,7.23313],[4.09985,7.23226],[4.09703,7.2307],[4.09421,7.22819],[4.09108,7.22225],[4.08921,7.21849],[4.08858,7.21442],[4.08639,7.21223],[4.08451,7.20785],[4.08483,7.20441],[4.08138,7.20096],[4.07982,7.19564],[4.07857,7.19095],[4.07857,7.18688],[4.07857,7.18218],[4.07763,7.1778],[4.07606,7.1753],[4.0745,7.1706],[4.07262,7.16747],[4.07199,7.16278],[4.07512,7.15996],[4.08013,7.15808],[4.08326,7.15464],[4.08545,7.1512],[4.08326,7.14901],[4.08044,7.14995],[4.077,7.14995],[4.07262,7.14682],[4.07105,7.14212],[4.07105,7.13899],[4.07324,7.13555],[4.07637,7.13492],[4.07919,7.13837],[4.08076,7.14024],[4.08451,7.13993],[4.08764,7.13805],[4.08836,7.13345],[4.08511,7.13188],[4.06913,7.13226],[4.0577,7.13721],[4.0459,7.13835],[4.02687,7.12845],[4.01925,7.12464],[4.01276,7.12627],[4.00555,7.12845],[3.99755,7.12617],[3.99538,7.12502],[3.97813,7.11589],[3.96976,7.11132],[3.96557,7.1098],[3.96138,7.09799],[3.96024,7.09228],[3.95339,7.0881],[3.93892,7.08391],[3.91608,7.08353],[3.89019,7.08391],[3.8742,7.08315],[3.84282,7.08294],[3.82361,7.08281],[3.81652,7.08277],[3.79749,7.08086],[3.78378,7.0801],[3.75865,7.08086],[3.74,7.08162],[3.73121,7.08065],[3.7276,7.08358],[3.72477,7.08772],[3.72743,7.09685],[3.73848,7.10332],[3.75256,7.10789],[3.7815,7.12122],[3.79292,7.13226],[3.79444,7.13949],[3.79304,7.14484],[3.79063,7.14977],[3.78992,7.1527],[3.78721,7.16386],[3.78264,7.17223],[3.77731,7.18061],[3.77769,7.19203],[3.78035,7.20269],[3.77502,7.21069],[3.76893,7.22363],[3.7636,7.23048],[3.76358,7.23065],[3.76246,7.23886],[3.76208,7.24761],[3.7617,7.25789],[3.7617,7.26437],[3.76114,7.26715],[3.76056,7.27008],[3.76018,7.27503],[3.7598,7.28112],[3.76246,7.29216],[3.76284,7.29673],[3.76189,7.30097],[3.76014,7.30119],[3.75491,7.30063],[3.74969,7.30006],[3.74678,7.29949],[3.7404,7.30009],[3.73635,7.30068],[3.73055,7.30069],[3.72591,7.30129],[3.72243,7.3013],[3.71837,7.30131],[3.71548,7.30247],[3.71435,7.30479],[3.71438,7.30827],[3.71524,7.31049],[3.71561,7.31464],[3.71622,7.31811],[3.71748,7.32795],[3.71754,7.33317],[3.71757,7.33664],[3.71761,7.34012],[3.71822,7.34359],[3.7189,7.35344],[3.71893,7.35575],[3.71898,7.36097],[3.71961,7.3656],[3.71968,7.37255],[3.71971,7.37545],[3.72032,7.37892],[3.72035,7.38182],[3.71979,7.38413],[3.71983,7.38761],[3.71753,7.38993],[3.71406,7.39052],[3.71057,7.38995],[3.70824,7.38938],[3.70537,7.39228],[3.70484,7.39692],[3.70546,7.40097],[3.70609,7.4056],[3.7067,7.40908],[3.70673,7.41197],[3.70678,7.41603],[3.7068,7.41892],[3.70684,7.4224],[3.70631,7.42761],[3.70695,7.43282],[3.70757,7.43746],[3.70761,7.44093],[3.70765,7.44499],[3.70709,7.44731],[3.7042,7.44789],[3.69955,7.44733],[3.69142,7.44619],[3.68793,7.44562],[3.6827,7.44506],[3.67401,7.44566],[3.6653,7.4451],[3.65716,7.44339],[3.64614,7.44342],[3.64034,7.44344],[3.63338,7.44346],[3.61887,7.44292],[3.61191,7.44294],[3.60379,7.44296],[3.59856,7.4424],[3.59102,7.44242],[3.58637,7.44185],[3.57883,7.44187],[3.57186,7.44131],[3.55504,7.44136],[3.54923,7.44079],[3.54575,7.4408],[3.54052,7.43966],[3.53876,7.43735],[3.53699,7.43446],[3.53522,7.43215],[3.53345,7.42925],[3.53226,7.42636],[3.52934,7.42405],[3.52466,7.42059],[3.52229,7.41538],[3.51996,7.41423],[3.5182,7.4125],[3.51584,7.40903],[3.51175,7.40615],[3.50884,7.40442],[3.50649,7.40211],[3.50298,7.39922],[3.50123,7.39807],[3.49947,7.39633],[3.49771,7.3946],[3.49423,7.39403],[3.4919,7.39346],[3.48899,7.39289],[3.48609,7.3929],[3.48377,7.39232],[3.48201,7.39117],[3.4791,7.38944],[3.47445,7.38887],[3.47273,7.3912],[3.47337,7.39641],[3.47572,7.3993],[3.47749,7.40219],[3.47924,7.40392],[3.48101,7.40681],[3.48223,7.41202],[3.48286,7.41723],[3.48058,7.42129],[3.47773,7.42651],[3.47488,7.43116],[3.47261,7.43638],[3.47148,7.4387],[3.4686,7.44102],[3.4663,7.44276],[3.4594,7.44973],[3.46001,7.45263],[3.46064,7.45726],[3.46358,7.46073],[3.46536,7.46536],[3.46597,7.46825],[3.46658,7.47115],[3.46198,7.47521],[3.45912,7.47928],[3.45569,7.48334],[3.45223,7.48625],[3.45344,7.4903],[3.45348,7.49493],[3.44593,7.49379],[3.44243,7.49207],[3.43893,7.48976],[3.43249,7.48398],[3.42664,7.47995],[3.42139,7.47649],[3.4173,7.47418],[3.41147,7.4713],[3.4068,7.46784],[3.40154,7.4638],[3.39861,7.46091],[3.39569,7.45918],[3.39308,7.45583],[3.39389,7.45397],[3.40023,7.44932],[3.39901,7.44411],[3.39608,7.44064],[3.39317,7.43949],[3.38734,7.43719],[3.385,7.43546],[3.38266,7.43315],[3.38148,7.43084],[3.38143,7.4262],[3.38315,7.42388],[3.38428,7.42098],[3.38251,7.41867],[3.38132,7.41578],[3.38303,7.41288],[3.38585,7.40476],[3.38582,7.40128],[3.38347,7.3984],[3.38054,7.39609],[3.37935,7.39261],[3.37758,7.38972],[3.37581,7.38683],[3.36938,7.38222],[3.36353,7.37702],[3.35944,7.37414],[3.35708,7.37067],[3.35356,7.36662],[3.35004,7.36316],[3.34708,7.35737],[3.34471,7.35274],[3.34352,7.34927],[3.33941,7.34465],[3.33469,7.33713],[3.33292,7.33424],[3.33114,7.33019],[3.32996,7.32846],[3.32819,7.32499],[3.32403,7.31515],[3.31938,7.31401],[3.31125,7.31403],[3.30661,7.31404],[3.29621,7.31813],[3.2916,7.32104],[3.287,7.32452],[3.28247,7.33554],[3.28017,7.33786],[3.2641,7.35471],[3.26007,7.35761],[3.2572,7.36052],[3.25664,7.36342],[3.24914,7.36749],[3.23697,7.36868],[3.23002,7.36986],[3.22074,7.36989],[3.21262,7.36991],[3.20623,7.36935],[3.19811,7.36879],[3.18304,7.36999],[3.17841,7.37117],[3.1732,7.37234],[3.16799,7.37351],[3.16162,7.37527],[3.15527,7.37818],[3.15114,7.38236],[3.14838,7.38515],[3.14609,7.38805],[3.1439,7.39094],[3.14037,7.3956],[3.1369,7.39735],[3.13229,7.40026],[3.12825,7.402],[3.12363,7.40433],[3.11529,7.40809],[3.11325,7.41016],[3.10728,7.41619],[3.10407,7.42061],[3.09847,7.42941],[3.09779,7.43047],[3.09434,7.43338],[3.09031,7.43628],[3.08626,7.43745],[3.08221,7.43862],[3.0805,7.44153],[3.07938,7.445],[3.07766,7.4479],[3.07538,7.45139],[3.07427,7.45602],[3.07318,7.46298],[3.07089,7.46588],[3.06919,7.47052],[3.06925,7.47573],[3.07337,7.48209],[3.07458,7.48672],[3.07634,7.48845],[3.07695,7.49135],[3.07528,7.4983],[3.07358,7.50236],[3.06899,7.50759],[3.06731,7.51339],[3.06447,7.51977],[3.06046,7.52441],[3.05816,7.52673],[3.05411,7.5279],[3.05066,7.53023],[3.04432,7.5343],[3.0432,7.53894],[3.03689,7.54591],[3.03345,7.54997],[3.02825,7.55172],[3.02591,7.5522],[3.02535,7.55231],[3.02072,7.5529],[3.01435,7.55408],[3.01088,7.55525],[3.00683,7.55584],[3.00399,7.56222],[3.00054,7.56512],[2.99767,7.56861],[2.99539,7.57267],[2.99079,7.57616],[2.98676,7.57964],[2.98275,7.58429],[2.98046,7.58719],[2.97876,7.59125],[2.97765,7.59647],[2.97653,7.60052],[2.97541,7.604],[2.9737,7.6069],[2.97257,7.61038],[2.97263,7.61617],[2.97499,7.62022],[2.97734,7.62311],[2.98143,7.62542],[2.98435,7.62715],[2.98727,7.62946],[2.98902,7.63061],[2.9908,7.63408],[2.99262,7.638],[2.99379,7.64032],[2.9973,7.6496],[2.99789,7.65192],[2.99675,7.65771],[2.99328,7.66117],[2.99561,7.66523],[3.00026,7.66757],[3.00202,7.67337],[2.99971,7.67567],[2.99623,7.67682],[2.99333,7.67681],[2.98985,7.67911],[2.99277,7.68433],[2.99452,7.68608],[2.998,7.68667],[3.00265,7.68785],[3.0015,7.69132],[2.99918,7.69247],[2.99688,7.69883],[3.00153,7.70117],[3.00849,7.69946],[3.01198,7.70063],[3.01198,7.70295],[3.01084,7.707],[3.00736,7.70988],[3.00621,7.71393],[3.0068,7.71683],[3.00797,7.71915],[3.0103,7.72147],[3.0138,7.72554],[3.01497,7.7296],[3.01615,7.73656],[3.01732,7.73946],[3.01907,7.74178],[3.02024,7.74411],[3.02083,7.747],[3.022,7.7499],[3.02375,7.75281],[3.0255,7.75571],[3.02609,7.75861],[3.02552,7.76266],[3.02031,7.76669],[3.02091,7.77249],[3.02208,7.77655],[3.02035,7.78002],[3.01978,7.78291],[3.01921,7.78522],[3.01923,7.78986],[3.02212,7.78871],[3.02503,7.78872],[3.02596,7.7918],[3.02331,7.79567],[3.02158,7.80029],[3.01985,7.80376],[3.01812,7.80781],[3.01581,7.81243],[3.01408,7.81532],[3.01293,7.81763],[3.01178,7.81994],[3.00889,7.82572],[3.00658,7.82977],[3.00485,7.83208],[2.99906,7.83611],[2.99733,7.839],[2.99328,7.84477],[2.99271,7.84767],[2.99156,7.85056],[2.98983,7.85518],[2.98578,7.85922],[2.98288,7.85805],[2.98171,7.85573],[2.98054,7.85341],[2.97937,7.84993],[2.97878,7.84761],[2.97819,7.84355],[2.97818,7.84123],[2.97817,7.83776],[2.97758,7.83486],[2.97699,7.83196],[2.97582,7.82848],[2.97522,7.82327],[2.97405,7.81979],[2.97288,7.81631],[2.97112,7.81282],[2.96821,7.8076],[2.96528,7.8018],[2.96178,7.79541],[2.95712,7.7896],[2.95537,7.78669],[2.95245,7.77973],[2.95011,7.77625],[2.9472,7.77334],[2.94371,7.77043],[2.9408,7.7681],[2.93731,7.76577],[2.93498,7.76402],[2.93207,7.76111],[2.92916,7.75878],[2.92683,7.75646],[2.92451,7.75529],[2.92102,7.75354],[2.91869,7.75179],[2.91463,7.75061],[2.91173,7.75292],[2.91174,7.75697],[2.91233,7.75929],[2.91292,7.76161],[2.91351,7.76451],[2.9141,7.76799],[2.91469,7.77147],[2.91529,7.77552],[2.91529,7.77842],[2.91589,7.78248],[2.91532,7.78537],[2.91244,7.79231],[2.91129,7.79578],[2.90897,7.79809],[2.90434,7.80038],[2.90028,7.80095],[2.89738,7.80267],[2.89448,7.8044],[2.89043,7.80612],[2.88695,7.80842],[2.88405,7.81014],[2.88232,7.81187],[2.88001,7.8165],[2.87944,7.81939],[2.87945,7.82287],[2.88004,7.82692],[2.88122,7.83098],[2.88123,7.83562],[2.88182,7.83909],[2.88241,7.84199],[2.88301,7.84605],[2.88302,7.8501],[2.88246,7.85532],[2.88131,7.85936],[2.88132,7.86284],[2.88191,7.86574],[2.88309,7.87038],[2.88368,7.87385],[2.88427,7.87733],[2.88544,7.88139],[2.8872,7.88545],[2.88837,7.88951],[2.88954,7.89299],[2.89071,7.89647],[2.89131,7.89995],[2.89481,7.90576],[2.89655,7.9075],[2.90295,7.91158],[2.90702,7.91392],[2.91052,7.91799],[2.91342,7.91916],[2.91575,7.92032],[2.91865,7.92149],[2.91982,7.92382],[2.91751,7.92612],[2.91287,7.92668],[2.90822,7.92666],[2.90532,7.92665],[2.90184,7.92664],[2.89952,7.92663],[2.89661,7.92604],[2.89313,7.92544],[2.88964,7.92485],[2.88616,7.92483],[2.88384,7.92482],[2.87862,7.9248],[2.87224,7.92651],[2.86933,7.9265],[2.86585,7.92707],[2.86237,7.92821],[2.85947,7.92878],[2.85367,7.92933],[2.85077,7.92932],[2.84613,7.92988],[2.84207,7.93044],[2.83859,7.93101],[2.83511,7.93215],[2.83163,7.93329],[2.82757,7.93386],[2.82293,7.93673],[2.8212,7.93904],[2.81947,7.94309],[2.81774,7.9454],[2.81311,7.94943],[2.81021,7.95058],[2.80789,7.95173],[2.80441,7.95229],[2.80035,7.95286],[2.79686,7.95226],[2.79396,7.95167],[2.79164,7.95108],[2.78467,7.94932],[2.78118,7.94756],[2.77711,7.94465],[2.77593,7.94059],[2.77418,7.93595],[2.77301,7.93305],[2.77125,7.92899],[2.77066,7.92377],[2.77006,7.9203],[2.76771,7.9116],[2.76538,7.90811],[2.76247,7.9052],[2.76014,7.90346],[2.75665,7.89997],[2.75316,7.89764],[2.75025,7.89647],[2.74677,7.89529],[2.7427,7.89296],[2.73921,7.89121],[2.73339,7.88655],[2.72874,7.88305],[2.72583,7.88073],[2.72118,7.87955],[2.71828,7.87896],[2.71363,7.87894],[2.70608,7.87601],[2.70027,7.87367],[2.69561,7.87075],[2.69328,7.86843],[2.69116,7.86781],[2.68392,7.86781],[2.67487,7.88048],[2.66944,7.88681],[2.66853,7.89043],[2.6803,7.89858],[2.68935,7.91848],[2.69387,7.92663],[2.69749,7.9402],[2.6993,7.95015],[2.70292,7.96282],[2.70744,7.98001],[2.70654,7.99268],[2.71468,8.02797],[2.72011,8.04517],[2.72373,8.05783],[2.72916,8.06507],[2.72916,8.07231],[2.72283,8.08588],[2.73097,8.10217],[2.73187,8.11665],[2.73187,8.13022],[2.73187,8.13746],[2.74002,8.15013],[2.74907,8.16551],[2.74907,8.17909],[2.74997,8.19628],[2.75149,8.20628],[2.75318,8.21068],[2.74553,8.21914],[2.73908,8.22559],[2.73304,8.23727],[2.72699,8.24573],[2.72135,8.25138],[2.7149,8.25984],[2.71249,8.27233],[2.70926,8.28039],[2.7012,8.30053],[2.69758,8.31222],[2.69556,8.32149],[2.69596,8.33156],[2.69596,8.34526],[2.69798,8.35614],[2.69798,8.35856],[2.70926,8.36903],[2.71249,8.38112],[2.7141,8.38958],[2.71128,8.40933],[2.70684,8.41981],[2.70886,8.42585],[2.71571,8.43189],[2.72054,8.43109],[2.7286,8.43189],[2.73384,8.43633],[2.74109,8.44559],[2.74271,8.45204],[2.74311,8.4597],[2.74472,8.46493],[2.74754,8.46574],[2.74776,8.46931],[2.75656,8.48235],[2.75317,8.48585],[2.75003,8.48981],[2.75143,8.49471],[2.76169,8.50521],[2.76099,8.50847],[2.76193,8.52224],[2.75778,8.52582],[2.7501,8.5335],[2.75003,8.53787],[2.75813,8.56115],[2.76123,8.57006],[2.77623,8.59038],[2.80236,8.61036],[2.84078,8.61036],[2.88844,8.60882],[2.92071,8.6119],[2.94223,8.63803],[3.01448,8.71027],[3.05137,8.72872],[3.10363,8.75023],[3.1313,8.7779],[3.16358,8.80865],[3.18356,8.81172],[3.19739,8.79635],[3.23736,8.78251],[3.28193,8.80403],[3.33881,8.82555],[3.38799,8.84246],[3.41613,8.86017],[3.42129,8.86341],[3.5248,8.92854],[3.60377,8.96013],[3.65545,8.9808],[3.68218,8.99417],[3.72001,9.01308],[3.74307,9.0469],[3.75229,9.08686],[3.75383,9.12068],[3.77073,9.14681],[3.79533,9.16525],[3.81025,9.17346],[3.82607,9.18216],[3.86296,9.18831],[3.92137,9.17294],[3.94443,9.14835],[3.9721,9.07764],[3.99054,9.04843],[4.01206,9.0346],[4.07201,9.01462],[4.13349,8.99463],[4.21046,8.97003]]]]}},{"type":"Feature","id":"NG032","properties":{"admin1Pcod":"NG032","admin1Name":"Plateau","admin1RefN":"Plateau","admin0Pcod":"NG","admin0Name":"Nigeria"},"geometry":{"type":"MultiPolygon","coordinates":[[[[8.79339,10.38465],[8.79925,10.38298],[8.80502,10.38323],[8.80895,10.38148],[8.81078,10.38349],[8.81647,10.38597],[8.8204,10.38392],[8.82352,10.38328],[8.82634,10.3827],[8.82843,10.37938],[8.85036,10.37056],[8.85854,10.36585],[8.87019,10.35763],[8.88711,10.35792],[8.89288,10.35807],[8.89869,10.35821],[8.90392,10.35695],[8.90738,10.35612],[8.91229,10.35518],[8.91814,10.35351],[8.92583,10.35385],[8.92977,10.35209],[8.93572,10.3485],[8.93791,10.3428],[8.9422,10.33334],[8.94631,10.32773],[8.94868,10.31818],[8.95279,10.31258],[8.95489,10.30881],[8.95359,10.29524],[8.95386,10.28946],[8.94469,10.2794],[8.93919,10.27336],[8.93561,10.26741],[8.93579,10.26356],[8.93606,10.25778],[8.93641,10.25007],[8.93467,10.24613],[8.93125,10.24511],[8.93145,10.24214],[8.9297,10.22854],[8.92988,10.22469],[8.93015,10.21891],[8.93033,10.21505],[8.93828,10.20961],[8.94222,10.20786],[8.94615,10.2061],[8.95107,10.20312],[8.96006,10.19707],[8.96592,10.1954],[8.96793,10.19356],[8.97388,10.18996],[8.97607,10.18427],[8.97817,10.1805],[8.97669,10.17078],[8.97713,10.16115],[8.97356,10.1552],[8.97181,10.15126],[8.97199,10.1474],[8.97217,10.14355],[8.97436,10.13786],[8.9727,10.13199],[8.97288,10.12814],[8.97123,10.12227],[8.96984,10.11063],[8.96809,10.10669],[8.96827,10.10284],[8.9667,10.09505],[8.96312,10.0891],[8.96541,10.08148],[8.96357,10.07946],[8.96209,10.06975],[8.96062,10.06003],[8.96097,10.05232],[8.95941,10.04453],[8.95784,10.03674],[8.9564,10.03376],[8.95444,10.02693],[8.95654,10.02317],[8.96642,10.01781],[8.97823,10.01255],[8.98408,10.01088],[8.98631,10.01042],[8.99186,10.00929],[8.99763,10.00955],[9.00523,10.01182],[9.01476,10.01417],[9.02044,10.01635],[9.02428,10.01652],[9.03014,10.01485],[9.03399,10.01502],[9.04168,10.01536],[9.04745,10.01562],[9.05505,10.01789],[9.0589,10.01806],[9.06458,10.02024],[9.06833,10.02234],[9.0741,10.02259],[9.08555,10.02503],[9.08939,10.0252],[9.09123,10.02722],[9.10259,10.03158],[9.11019,10.03385],[9.11587,10.03603],[9.12546,10.03941],[9.12912,10.03918],[9.13667,10.04209],[9.14236,10.04288],[9.14461,10.04251],[9.14994,10.04166],[9.15406,10.04352],[9.15983,10.04378],[9.16358,10.04587],[9.17127,10.04621],[9.17704,10.04647],[9.1905,10.04707],[9.19627,10.04732],[9.20204,10.04758],[9.21174,10.04608],[9.21751,10.04634],[9.22145,10.04458],[9.23929,10.03379],[9.24707,10.03221],[9.25127,10.02467],[9.25337,10.0209],[9.25547,10.01713],[9.25976,10.00767],[9.26204,10.00005],[9.26222,9.9962],[9.26432,9.99243],[9.2645,9.98858],[9.26485,9.98087],[9.26503,9.97702],[9.26713,9.97325],[9.26731,9.9694],[9.27151,9.96186],[9.27554,9.95818],[9.27764,9.95441],[9.27965,9.95257],[9.27983,9.94872],[9.28211,9.9411],[9.28448,9.93155],[9.28658,9.92778],[9.28675,9.92393],[9.28702,9.91815],[9.28921,9.91246],[9.29131,9.90869],[9.2915,9.90462],[9.29156,9.90343],[9.29167,9.90098],[9.29019,9.89126],[9.28854,9.8854],[9.28688,9.87953],[9.27955,9.87149],[9.27771,9.86947],[9.27606,9.86361],[9.27431,9.85967],[9.27449,9.85582],[9.27283,9.84995],[9.27127,9.84216],[9.26769,9.83621],[9.26603,9.83035],[9.2608,9.81853],[9.2553,9.81249],[9.25355,9.80856],[9.24421,9.80235],[9.2367,9.79815],[9.23486,9.79614],[9.22927,9.79203],[9.22359,9.78985],[9.21992,9.78583],[9.21241,9.78163],[9.20673,9.77945],[9.20105,9.77727],[9.19537,9.77508],[9.18795,9.76896],[9.1841,9.76879],[9.17435,9.76468],[9.16899,9.76233],[9.16523,9.76023],[9.15955,9.75805],[9.1558,9.75595],[9.15213,9.75193],[9.15038,9.74799],[9.15218,9.74476],[9.16044,9.73878],[9.1684,9.73335],[9.1736,9.73053],[9.17828,9.72799],[9.18231,9.72431],[9.18642,9.7187],[9.19429,9.71519],[9.19814,9.70847],[9.20251,9.70397],[9.21076,9.70088],[9.21168,9.70057],[9.21726,9.69503],[9.22675,9.69032],[9.23339,9.68373],[9.24003,9.68184],[9.24383,9.68749],[9.24884,9.70014],[9.25076,9.70225],[9.25819,9.70838],[9.26186,9.7124],[9.26753,9.71458],[9.27129,9.71668],[9.2733,9.71484],[9.27934,9.70931],[9.28363,9.69985],[9.28783,9.69232],[9.2902,9.68277],[9.29056,9.67506],[9.29449,9.67331],[9.29118,9.66158],[9.29136,9.65772],[9.28778,9.65177],[9.28429,9.6439],[9.28447,9.64004],[9.28458,9.63611],[9.28767,9.63345],[9.29056,9.63055],[9.29542,9.62568],[9.29729,9.62485],[9.30459,9.62163],[9.3142,9.62206],[9.32015,9.61846],[9.32051,9.61076],[9.32269,9.60506],[9.31875,9.58763],[9.31969,9.58198],[9.32212,9.58018],[9.32264,9.57979],[9.32971,9.57835],[9.33548,9.5786],[9.33973,9.57603],[9.34527,9.57518],[9.35122,9.57158],[9.35634,9.57232],[9.35861,9.5703],[9.36089,9.56803],[9.36282,9.56611],[9.3654,9.56315],[9.36982,9.55973],[9.38873,9.55201],[9.39477,9.54649],[9.39799,9.538],[9.3974,9.53116],[9.39959,9.52546],[9.40178,9.51977],[9.40205,9.51399],[9.40424,9.5083],[9.40827,9.50461],[9.41605,9.50303],[9.41998,9.50127],[9.42279,9.50002],[9.42377,9.49932],[9.42684,9.49714],[9.43632,9.49054],[9.4458,9.48582],[9.45529,9.48204],[9.46382,9.47544],[9.46856,9.4745],[9.47571,9.47449],[9.479,9.47448],[9.4828,9.47636],[9.48755,9.48671],[9.48946,9.49142],[9.49137,9.50271],[9.49138,9.51307],[9.49139,9.51966],[9.49055,9.5281],[9.49189,9.52956],[9.50101,9.53441],[9.50875,9.53996],[9.51143,9.53746],[9.51443,9.53196],[9.51627,9.52554],[9.51926,9.51912],[9.52319,9.51774],[9.53012,9.51612],[9.53102,9.51598],[9.54295,9.50866],[9.55082,9.50515],[9.55659,9.50541],[9.56428,9.50575],[9.57381,9.5081],[9.58525,9.51054],[9.5967,9.51298],[9.60815,9.51542],[9.612,9.51559],[9.62152,9.51794],[9.62537,9.51811],[9.63105,9.5203],[9.64588,9.52407],[9.65028,9.52115],[9.65604,9.52141],[9.66007,9.51773],[9.66968,9.51815],[9.68113,9.52059],[9.6869,9.52085],[9.6945,9.52311],[9.70394,9.52739],[9.71355,9.52782],[9.7326,9.53253],[9.74176,9.53479],[9.74588,9.53698],[9.74694,9.54226],[9.75766,9.54454],[9.7777,9.5512],[9.78145,9.55594],[9.78427,9.55719],[9.79391,9.56775],[9.7962,9.57053],[9.79674,9.57118],[9.80905,9.5861],[9.81685,9.59344],[9.83887,9.60124],[9.85355,9.60674],[9.88154,9.60766],[9.90678,9.61179],[9.91595,9.61087],[9.9421,9.60904],[9.95386,9.61118],[9.96044,9.6223],[9.95481,9.64773],[9.93974,9.69296],[9.93694,9.71086],[9.93507,9.72216],[9.94653,9.74849],[9.95415,9.75788],[9.96177,9.76634],[9.96506,9.76705],[9.96596,9.77054],[9.96575,9.77383],[9.98368,9.76955],[9.99339,9.76805],[10.00309,9.76655],[10.00578,9.76758],[10.00877,9.76873],[10.01655,9.76714],[10.02199,9.76593],[10.04416,9.76096],[10.05147,9.76036],[10.05527,9.76004],[10.05778,9.75983],[10.06004,9.75861],[10.06524,9.75579],[10.07705,9.75053],[10.0829,9.74885],[10.08885,9.74526],[10.09471,9.74359],[10.09672,9.74175],[10.11255,9.7328],[10.12051,9.72736],[10.12838,9.72385],[10.13039,9.722],[10.13678,9.70878],[10.14081,9.70509],[10.143,9.6994],[10.14501,9.69756],[10.14519,9.6937],[10.14738,9.68801],[10.14983,9.68163],[10.19036,9.68753],[10.23024,9.68928],[10.25587,9.68826],[10.2644,9.68352],[10.28332,9.66557],[10.28881,9.6591],[10.29136,9.65772],[10.29739,9.6522],[10.31322,9.64325],[10.32686,9.64],[10.33893,9.62895],[10.34296,9.62527],[10.34698,9.62158],[10.35301,9.61606],[10.36097,9.61062],[10.36491,9.60887],[10.37287,9.60343],[10.38275,9.59807],[10.39254,9.59465],[10.3984,9.59298],[10.40426,9.59131],[10.4102,9.58771],[10.41615,9.58411],[10.42384,9.58445],[10.42585,9.58261],[10.42979,9.58086],[10.43967,9.57551],[10.44946,9.57208],[10.4534,9.57032],[10.45934,9.56673],[10.46538,9.5612],[10.47902,9.55795],[10.48295,9.55619],[10.4889,9.55259],[10.49127,9.54305],[10.49547,9.53551],[10.49967,9.52798],[10.5036,9.52622],[10.50763,9.52254],[10.50991,9.51492],[10.51201,9.51115],[10.51633,9.51056],[10.51849,9.50377],[10.52367,9.50051],[10.53059,9.49288],[10.53322,9.49227],[10.53791,9.48904],[10.54166,9.48229],[10.54621,9.47985],[10.54822,9.47801],[10.55618,9.47257],[10.56021,9.46889],[10.56615,9.46529],[10.57035,9.45776],[10.57254,9.45206],[10.57465,9.44829],[10.57666,9.44645],[10.57894,9.43883],[10.5792,9.43305],[10.57956,9.42535],[10.57992,9.41764],[10.57835,9.40985],[10.57102,9.4018],[10.56918,9.39979],[10.56359,9.39568],[10.56001,9.38973],[10.56037,9.38202],[10.56439,9.37834],[10.56658,9.37265],[10.56126,9.36276],[10.56144,9.35891],[10.56162,9.35505],[10.55987,9.35111],[10.56792,9.34375],[10.57011,9.33805],[10.57413,9.33437],[10.57807,9.33262],[10.58026,9.32692],[10.58061,9.31922],[10.58088,9.31344],[10.57932,9.30564],[10.57949,9.30179],[10.57775,9.29785],[10.5781,9.29015],[10.57837,9.28437],[10.57864,9.27859],[10.57891,9.27281],[10.57926,9.2651],[10.57989,9.25162],[10.58015,9.24584],[10.5882,9.23847],[10.59231,9.23286],[10.59661,9.2234],[10.59687,9.21762],[10.59723,9.20992],[10.59572,9.20825],[10.59966,9.20116],[10.59991,9.19598],[10.61049,9.18954],[10.61424,9.18279],[10.61037,9.17575],[10.612,9.17029],[10.61185,9.16819],[10.61257,9.16563],[10.61511,9.15666],[10.61354,9.14886],[10.61774,9.14133],[10.62561,9.13782],[10.62964,9.13413],[10.63366,9.13045],[10.63576,9.12668],[10.63612,9.11898],[10.63263,9.1111],[10.62529,9.10305],[10.62355,9.09911],[10.62252,9.09403],[10.62725,9.08994],[10.63255,9.08672],[10.63792,9.08177],[10.64004,9.07322],[10.6372,9.06098],[10.63745,9.0558],[10.63437,9.04874],[10.63291,9.04349],[10.62982,9.03643],[10.63007,9.03125],[10.62723,9.01901],[10.6227,9.01399],[10.61918,9.00827],[10.61431,9.00286],[10.60951,8.99572],[10.60626,8.99212],[10.60317,8.98506],[10.59675,8.97612],[10.58829,8.97401],[10.57975,8.97362],[10.57471,8.97166],[10.56625,8.96955],[10.55599,8.96909],[10.54403,8.96855],[10.53883,8.97005],[10.53028,8.96967],[10.5184,8.9674],[10.50978,8.96874],[10.49798,8.96475],[10.48936,8.96609],[10.47919,8.96391],[10.46894,8.96345],[10.46381,8.96322],[10.45039,8.95742],[10.44535,8.95546],[10.4403,8.95351],[10.43363,8.94975],[10.42688,8.94771],[10.42021,8.94395],[10.40696,8.93471],[10.40045,8.92749],[10.3972,8.92389],[10.38882,8.92005],[10.38053,8.91449],[10.37565,8.90908],[10.3724,8.90547],[10.36915,8.90186],[10.36256,8.89638],[10.3576,8.89269],[10.35093,8.88893],[10.3411,8.87984],[10.33467,8.8709],[10.32988,8.86376],[10.32508,8.85663],[10.30508,8.84535],[10.29849,8.83986],[10.2919,8.83438],[10.28686,8.83242],[10.27694,8.82505],[10.26694,8.81941],[10.26181,8.81918],[10.25693,8.81377],[10.24864,8.80821],[10.2456,8.80441],[10.23571,8.79206],[10.22905,8.7883],[10.22408,8.78461],[10.21433,8.77379],[10.20945,8.76838],[10.2062,8.76478],[10.19474,8.75388],[10.18815,8.74839],[10.18344,8.73953],[10.18035,8.73247],[10.1771,8.72887],[10.17043,8.72511],[10.16555,8.7197],[10.1623,8.71609],[10.15905,8.71248],[10.15246,8.707],[10.14921,8.70339],[10.141,8.6961],[10.13775,8.69249],[10.13287,8.68708],[10.12799,8.68167],[10.12303,8.67799],[10.11645,8.6725],[10.11328,8.66717],[10.1084,8.66176],[10.10361,8.65462],[10.09718,8.64569],[10.08718,8.64005],[10.08572,8.63479],[10.08084,8.62938],[10.07597,8.62397],[10.07109,8.61856],[10.06621,8.61315],[10.06141,8.60601],[10.05183,8.59174],[10.04361,8.58445],[10.03207,8.57528],[10.02548,8.5698],[10.02223,8.56619],[10.01402,8.5589],[10.01077,8.55529],[10.00802,8.553],[10.00418,8.54981],[9.99776,8.54087],[9.9928,8.53718],[9.98288,8.52982],[9.97629,8.52433],[9.97133,8.52065],[9.96311,8.51336],[9.95824,8.50795],[9.95336,8.50254],[9.95011,8.49893],[9.94344,8.49517],[9.93352,8.4878],[9.92685,8.48404],[9.92026,8.47856],[9.91539,8.47315],[9.90888,8.46593],[9.90563,8.46233],[9.89579,8.45324],[9.89091,8.44783],[9.87937,8.43866],[9.86945,8.43129],[9.86278,8.42753],[9.85603,8.4255],[9.84106,8.41617],[9.8361,8.41249],[9.82424,8.4051],[9.82145,8.40279],[9.81609,8.40121],[9.80942,8.39745],[9.80233,8.39132],[9.79697,8.3906],[9.78416,8.38242],[9.78014,8.38155],[9.77443,8.37801],[9.76499,8.37373],[9.76132,8.36971],[9.75665,8.36734],[9.73346,8.37036],[9.72647,8.37127],[9.72336,8.37167],[9.71675,8.37253],[9.71106,8.37327],[9.70713,8.37503],[9.70328,8.37486],[9.69559,8.37451],[9.69358,8.37636],[9.68388,8.37786],[9.67994,8.37961],[9.66832,8.38103],[9.66438,8.38278],[9.65477,8.38235],[9.65275,8.3842],[9.64758,8.3847],[9.6392,8.38552],[9.63531,8.38616],[9.63137,8.38663],[9.62842,8.38698],[9.62148,8.38899],[9.62107,8.38951],[9.60887,8.40216],[9.576,8.42373],[9.57177,8.42888],[9.5605,8.43124],[9.54591,8.42612],[9.52969,8.4238],[9.50854,8.42617],[9.49162,8.43087],[9.42067,8.4623],[9.39765,8.4759],[9.37792,8.48574],[9.3624,8.48997],[9.34595,8.49185],[9.33654,8.48906],[9.31867,8.48673],[9.31021,8.48253],[9.30127,8.47505],[9.2928,8.47085],[9.28622,8.46898],[9.27454,8.46363],[9.27335,8.46387],[9.26391,8.45959],[9.2619,8.46144],[9.2543,8.45917],[9.24468,8.45874],[9.23315,8.45823],[9.21584,8.45746],[9.21199,8.45729],[9.20229,8.45879],[9.18463,8.46573],[9.18262,8.46757],[9.17703,8.46346],[9.17493,8.46723],[9.15807,8.45683],[9.15623,8.45481],[9.15248,8.45272],[9.1489,8.44677],[9.14582,8.44339],[9.1386,8.43831],[9.13676,8.43545],[9.13239,8.42866],[9.12846,8.43041],[9.12754,8.43374],[9.12443,8.4341],[9.12153,8.43822],[9.11843,8.43816],[9.11124,8.43802],[9.10109,8.43885],[9.09716,8.44061],[9.0968,8.44831],[9.09846,8.45418],[9.1002,8.45812],[9.10319,8.46423],[9.10212,8.46986],[9.10141,8.47361],[9.09537,8.47799],[9.0883,8.4836],[9.08329,8.48632],[9.08011,8.48805],[9.07579,8.48599],[9.06993,8.48766],[9.06635,8.49252],[9.06379,8.49348],[9.05987,8.49687],[9.05952,8.50457],[9.05916,8.51228],[9.05413,8.51607],[9.04936,8.51967],[9.04338,8.51836],[9.0402,8.51488],[9.03678,8.51251],[9.03215,8.51301],[9.02639,8.51275],[9.01947,8.50988],[9.01364,8.51206],[9.01028,8.51527],[9.00514,8.51374],[8.99728,8.51725],[8.99474,8.51957],[8.99062,8.52111],[8.98826,8.52289],[8.98246,8.52725],[8.979,8.53058],[8.97514,8.53751],[8.97497,8.54136],[8.97846,8.54924],[8.98402,8.55323],[8.98409,8.55816],[8.98607,8.56198],[8.98738,8.56452],[8.98631,8.56647],[8.98322,8.57203],[8.98241,8.5743],[8.98102,8.5782],[8.98318,8.58511],[8.98343,8.59658],[8.98053,8.60117],[8.97779,8.60519],[8.97002,8.60557],[8.96417,8.60891],[8.95831,8.61225],[8.95118,8.62131],[8.94976,8.63394],[8.94732,8.63965],[8.9445,8.64667],[8.94228,8.65219],[8.94179,8.65558],[8.94102,8.65961],[8.94046,8.66257],[8.94024,8.66723],[8.9348,8.66788],[8.93222,8.6714],[8.92922,8.67318],[8.92571,8.6772],[8.91983,8.68169],[8.91395,8.68618],[8.91181,8.69877],[8.91074,8.70299],[8.90766,8.71022],[8.90284,8.71933],[8.89689,8.72727],[8.89214,8.73293],[8.89193,8.74035],[8.89603,8.74828],[8.89937,8.75097],[8.90441,8.75503],[8.90469,8.75813],[8.90109,8.76395],[8.90163,8.76513],[8.90357,8.77067],[8.9072,8.77597],[8.91155,8.77982],[8.91697,8.78366],[8.91915,8.7833],[8.92397,8.78249],[8.92904,8.78449],[8.93271,8.78551],[8.93833,8.79367],[8.94515,8.79956],[8.94903,8.81048],[8.9506,8.81578],[8.95097,8.82419],[8.9511,8.82714],[8.95007,8.82983],[8.9498,8.83561],[8.9553,8.84164],[8.95704,8.84558],[8.95879,8.84952],[8.96639,8.85179],[8.97399,8.85406],[8.98562,8.85264],[8.98955,8.85089],[8.99908,8.85324],[9.00301,8.85149],[9.01062,8.85375],[9.01621,8.85786],[9.01804,8.85987],[9.02354,8.86591],[9.0252,8.87177],[9.02676,8.87957],[9.02851,8.88351],[9.03182,8.89524],[9.03907,8.90521],[9.04081,8.90915],[9.04448,8.91317],[9.0443,8.91702],[9.04596,8.92289],[9.05329,8.93094],[9.06255,8.93907],[9.06823,8.94125],[9.07189,8.94528],[9.07346,8.95307],[9.07118,8.96069],[9.06908,8.96446],[9.06707,8.9663],[9.06837,8.97987],[9.07074,8.98784],[9.06984,8.99187],[9.06975,8.99542],[9.06908,8.99775],[9.06696,9.00793],[9.06274,9.01823],[9.06015,9.0206],[9.05671,9.02375],[9.05277,9.02551],[9.04956,9.02616],[9.04499,9.02709],[9.03922,9.02684],[9.02777,9.0244],[9.02393,9.02423],[9.02017,9.02213],[9.01633,9.02198],[9.01228,9.02179],[9.00889,9.02077],[9.00434,9.02106],[9.00094,9.02128],[8.99867,9.02037],[8.99529,9.01902],[8.99265,9.01894],[8.9895,9.01884],[8.98361,9.01769],[8.97766,9.01654],[8.9742,9.01623],[8.96953,9.01602],[8.96682,9.01504],[8.96375,9.01576],[8.96074,9.01563],[8.95488,9.0173],[8.95113,9.0152],[8.94302,9.01558],[8.92989,9.01619],[8.92727,9.01608],[8.92412,9.01594],[8.9228,9.0162],[8.91634,9.01752],[8.90739,9.01932],[8.89816,9.02105],[8.89492,9.02236],[8.88839,9.02207],[8.88536,9.02161],[8.87551,9.02536],[8.86581,9.02686],[8.86196,9.02669],[8.85025,9.03003],[8.84448,9.02977],[8.83871,9.02952],[8.82324,9.03076],[8.81173,9.0303],[8.80603,9.03274],[8.79815,9.03158],[8.79404,9.03719],[8.78993,9.0428],[8.78975,9.04665],[8.78948,9.05243],[8.79306,9.05838],[8.79481,9.06232],[8.79655,9.06626],[8.79944,9.07116],[8.79566,9.07564],[8.7919,9.08342],[8.78412,9.08501],[8.78019,9.08677],[8.77818,9.08861],[8.77415,9.09229],[8.76885,9.09531],[8.76851,9.09786],[8.76409,9.10149],[8.76007,9.10518],[8.76164,9.11297],[8.76146,9.11682],[8.76128,9.12067],[8.76477,9.12855],[8.76752,9.13629],[8.7679,9.14414],[8.76771,9.14992],[8.76755,9.15742],[8.765,9.16524],[8.76106,9.167],[8.75503,9.17252],[8.74899,9.17804],[8.74622,9.17864],[8.7394,9.18013],[8.73343,9.18121],[8.72172,9.18456],[8.71201,9.18605],[8.70808,9.18781],[8.69633,9.1871],[8.69077,9.18704],[8.68702,9.18494],[8.68116,9.18661],[8.67731,9.18644],[8.67329,9.19013],[8.66752,9.18987],[8.6635,9.19355],[8.66148,9.19539],[8.65781,9.20769],[8.65693,9.21064],[8.65666,9.21642],[8.6575,9.21836],[8.65974,9.22355],[8.6571,9.2265],[8.65531,9.2285],[8.65091,9.23471],[8.64607,9.23718],[8.64222,9.23701],[8.6382,9.24069],[8.63592,9.24831],[8.63949,9.25426],[8.64133,9.25628],[8.64307,9.26021],[8.64866,9.26432],[8.6581,9.2686],[8.66579,9.26894],[8.67156,9.2692],[8.67898,9.27532],[8.6844,9.28328],[8.68753,9.29887],[8.68927,9.3028],[8.69267,9.31261],[8.69809,9.32057],[8.69415,9.32233],[8.69397,9.32618],[8.69143,9.33958],[8.68941,9.34142],[8.69071,9.35499],[8.69246,9.35893],[8.69586,9.36873],[8.69561,9.37408],[8.69541,9.37837],[8.6913,9.38398],[8.68728,9.38766],[8.68334,9.38941],[8.67941,9.39117],[8.66952,9.39652],[8.66489,9.39318],[8.65615,9.394],[8.64837,9.39558],[8.64234,9.40111],[8.63823,9.40672],[8.63612,9.41048],[8.63183,9.41995],[8.6279,9.4217],[8.6237,9.42924],[8.61967,9.43292],[8.61766,9.43476],[8.61319,9.44808],[8.6089,9.45754],[8.60812,9.46135],[8.60757,9.464],[8.60512,9.46674],[8.60242,9.47269],[8.60224,9.47655],[8.59362,9.47879],[8.58623,9.48157],[8.58056,9.48717],[8.57443,9.49462],[8.57029,9.49861],[8.56822,9.50399],[8.56585,9.51354],[8.56357,9.52116],[8.56138,9.52686],[8.55901,9.5364],[8.55883,9.54026],[8.55562,9.54733],[8.55454,9.54972],[8.55629,9.55366],[8.55365,9.56898],[8.55504,9.58063],[8.56045,9.58859],[8.56228,9.5906],[8.56586,9.59655],[8.56734,9.60627],[8.56698,9.61398],[8.56663,9.62168],[8.56444,9.62738],[8.56024,9.63491],[8.55997,9.64069],[8.55367,9.652],[8.55505,9.66364],[8.56248,9.66976],[8.56632,9.66993],[8.57603,9.66843],[8.58188,9.66676],[8.58765,9.66702],[8.59307,9.67498],[8.59481,9.67892],[8.59655,9.68286],[8.59812,9.69065],[8.59776,9.69836],[8.59557,9.70405],[8.59531,9.70983],[8.59285,9.7213],[8.59433,9.73102],[8.59956,9.73794],[8.60359,9.73915],[8.61119,9.74142],[8.61547,9.7424],[8.62036,9.75148],[8.62411,9.75358],[8.62779,9.75762],[8.63162,9.75901],[8.63715,9.76634],[8.63714,9.77426],[8.63221,9.78768],[8.63158,9.79621],[8.63157,9.80841],[8.62989,9.8192],[8.63052,9.82336],[8.63025,9.82914],[8.62806,9.83484],[8.62954,9.84455],[8.62909,9.85419],[8.62883,9.85997],[8.62655,9.86759],[8.62033,9.87696],[8.61814,9.88266],[8.61962,9.89238],[8.6232,9.89833],[8.62678,9.90428],[8.62852,9.90822],[8.63586,9.91626],[8.6355,9.92397],[8.63322,9.93159],[8.62911,9.9372],[8.6229,9.94658],[8.61686,9.9521],[8.61082,9.95762],[8.61056,9.9634],[8.61422,9.96743],[8.61771,9.9753],[8.62462,9.97701],[8.62724,9.97766],[8.63484,9.97993],[8.6407,9.97825],[8.65223,9.97877],[8.66176,9.98112],[8.66735,9.98523],[8.67303,9.98741],[8.67661,9.99336],[8.67992,10.00509],[8.67947,10.01473],[8.67527,10.02226],[8.67483,10.03189],[8.67264,10.03759],[8.66843,10.04512],[8.66222,10.0545],[8.66021,10.05634],[8.65391,10.06764],[8.64979,10.07325],[8.64944,10.08096],[8.64514,10.09042],[8.64112,10.0941],[8.63517,10.0977],[8.63106,10.10331],[8.62869,10.11286],[8.62834,10.12056],[8.62816,10.12442],[8.62955,10.13606],[8.63304,10.14394],[8.63845,10.1519],[8.64395,10.15794],[8.64569,10.16187],[8.64726,10.16967],[8.64673,10.18122],[8.64829,10.18902],[8.64601,10.19664],[8.6495,10.20451],[8.65492,10.21248],[8.66234,10.2186],[8.66976,10.22472],[8.67352,10.22682],[8.68085,10.23486],[8.68461,10.23696],[8.68828,10.24098],[8.69579,10.24518],[8.69754,10.24912],[8.70304,10.25515],[8.70863,10.25926],[8.71046,10.26128],[8.71806,10.26354],[8.72558,10.26774],[8.72924,10.27176],[8.73106,10.27296],[8.73643,10.27502],[8.75059,10.2793],[8.76784,10.2848],[8.78262,10.29152],[8.79,10.30555],[8.79738,10.32568],[8.79737,10.3397],[8.79613,10.35251],[8.78997,10.35799],[8.7801,10.36957],[8.77648,10.37524],[8.77626,10.38003],[8.77416,10.38379],[8.77197,10.38949],[8.77179,10.39334],[8.77336,10.39507],[8.77756,10.3936],[8.7815,10.39184],[8.78726,10.38927],[8.78936,10.38833],[8.79339,10.38465]]]]}},{"type":"Feature","id":"NG033","properties":{"admin1Pcod":"NG033","admin1Name":"Rivers","admin1RefN":"Rivers","admin0Pcod":"NG","admin0Name":"Nigeria"},"geometry":{"type":"MultiPolygon","coordinates":[[[[6.64358,5.70171],[6.64836,5.6999],[6.6524,5.69993],[6.66121,5.70182],[6.67116,5.70423],[6.66989,5.69628],[6.66887,5.68993],[6.65844,5.62485],[6.63908,5.49345],[6.64545,5.49254],[6.65273,5.49072],[6.71204,5.48919],[6.71559,5.4891],[6.7199,5.49044],[6.72248,5.49132],[6.72696,5.49198],[6.72984,5.49311],[6.73329,5.49394],[6.73656,5.49383],[6.73814,5.49186],[6.73924,5.48977],[6.73992,5.48709],[6.74171,5.48147],[6.74231,5.47971],[6.74223,5.47913],[6.7419,5.47854],[6.7409,5.47786],[6.7399,5.4771],[6.73965,5.47667],[6.73949,5.47617],[6.73949,5.4755],[6.73991,5.47474],[6.74101,5.47433],[6.74318,5.47434],[6.74999,5.47608],[6.75119,5.46484],[6.74374,5.45888],[6.74408,5.4491],[6.74903,5.43879],[6.75044,5.43705],[6.76293,5.43332],[6.77278,5.43187],[6.77735,5.42885],[6.77736,5.42581],[6.77737,5.42429],[6.77059,5.41893],[6.76208,5.41152],[6.76254,5.41021],[6.76058,5.40139],[6.75814,5.38979],[6.75845,5.37721],[6.75971,5.36695],[6.76047,5.35344],[6.75757,5.34277],[6.7558,5.32345],[6.76369,5.31291],[6.76562,5.30851],[6.77072,5.30077],[6.77757,5.29372],[6.78623,5.28479],[6.79445,5.27727],[6.80358,5.26927],[6.81136,5.26408],[6.81821,5.25797],[6.82428,5.25418],[6.82709,5.25243],[6.83034,5.25152],[6.83381,5.25054],[6.83609,5.2499],[6.84899,5.2498],[6.86642,5.24313],[6.87558,5.23793],[6.87653,5.23681],[6.88374,5.23643],[6.89737,5.23575],[6.92515,5.22568],[6.9266,5.22624],[6.9289,5.22648],[6.93118,5.2263],[6.9345,5.22693],[6.93854,5.22769],[6.94158,5.22826],[6.94473,5.22886],[6.94779,5.22943],[6.95151,5.23013],[6.95439,5.23067],[6.95693,5.23114],[6.95978,5.23167],[6.96314,5.23295],[6.96534,5.23379],[6.96769,5.23468],[6.97179,5.23624],[6.97548,5.23574],[6.9785,5.23533],[6.9807,5.23504],[6.98293,5.23474],[6.9865,5.23426],[6.99074,5.23601],[6.99315,5.237],[6.99844,5.23919],[7.00101,5.23958],[7.00373,5.23998],[7.00687,5.24062],[7.00883,5.24129],[7.01202,5.24238],[7.01499,5.24186],[7.01931,5.24388],[7.02124,5.24457],[7.02334,5.24532],[7.02879,5.24675],[7.03224,5.24761],[7.03569,5.24876],[7.03999,5.24962],[7.04269,5.24908],[7.04513,5.24874],[7.04713,5.24786],[7.04912,5.24699],[7.05314,5.24557],[7.05597,5.24407],[7.05781,5.24218],[7.0599,5.24002],[7.06216,5.24047],[7.06442,5.23927],[7.06647,5.23778],[7.07006,5.23626],[7.07175,5.23507],[7.07486,5.23385],[7.07683,5.23265],[7.08112,5.23034],[7.0838,5.22897],[7.08732,5.22867],[7.08957,5.22718],[7.09212,5.22626],[7.09396,5.22547],[7.09666,5.22634],[7.10219,5.22822],[7.10771,5.23196],[7.11276,5.23755],[7.11594,5.24636],[7.11779,5.24684],[7.12102,5.24639],[7.12472,5.24502],[7.13166,5.24042],[7.13814,5.23721],[7.14831,5.23448],[7.15338,5.23497],[7.15707,5.23453],[7.16079,5.22991],[7.16548,5.21511],[7.16631,5.21204],[7.16857,5.21142],[7.17141,5.21025],[7.17428,5.21024],[7.17941,5.20879],[7.18254,5.20762],[7.18538,5.20617],[7.18822,5.20443],[7.19078,5.20297],[7.19391,5.20152],[7.19608,5.20065],[7.19829,5.19978],[7.20028,5.19945],[7.20614,5.19773],[7.21008,5.19658],[7.21354,5.19913],[7.21723,5.19962],[7.22454,5.19508],[7.2266,5.19492],[7.22919,5.19473],[7.23153,5.19455],[7.24214,5.19587],[7.2514,5.20185],[7.25256,5.20472],[7.25611,5.21347],[7.26011,5.21333],[7.26392,5.21561],[7.27237,5.20178],[7.27498,5.19958],[7.27799,5.19678],[7.28082,5.19238],[7.28345,5.18536],[7.28432,5.17089],[7.28313,5.16807],[7.27796,5.16162],[7.27298,5.15657],[7.26819,5.15434],[7.26599,5.15372],[7.2648,5.15211],[7.26521,5.1491],[7.26863,5.1451],[7.2802,5.13155],[7.27898,5.11954],[7.2787,5.11679],[7.27135,5.10351],[7.2704,5.10231],[7.26422,5.09453],[7.25693,5.07969],[7.25578,5.07734],[7.25289,5.06431],[7.25138,5.04941],[7.25169,5.03309],[7.24832,5.01726],[7.24546,5.00749],[7.2412,4.99401],[7.23509,4.981],[7.21895,4.97833],[7.207,4.98076],[7.19229,4.98228],[7.18513,4.98233],[7.18912,4.97836],[7.19134,4.97395],[7.19358,4.96644],[7.19496,4.95539],[7.19487,4.95299],[7.18139,4.94926],[7.16852,4.94475],[7.15963,4.93545],[7.15032,4.92433],[7.14377,4.9132],[7.14043,4.90063],[7.14375,4.89561],[7.14724,4.89033],[7.15593,4.88373],[7.16465,4.88133],[7.17384,4.87939],[7.18529,4.87231],[7.1912,4.86387],[7.20542,4.85863],[7.21507,4.85715],[7.23074,4.85796],[7.24086,4.85695],[7.25705,4.86521],[7.27139,4.87302],[7.28153,4.87388],[7.29489,4.87517],[7.30779,4.87553],[7.31982,4.87962],[7.32606,4.87613],[7.33079,4.87349],[7.33422,4.87331],[7.34091,4.87294],[7.35241,4.87191],[7.36014,4.8666],[7.36202,4.86531],[7.37351,4.86289],[7.39283,4.8618],[7.40668,4.86589],[7.41636,4.86675],[7.42921,4.86245],[7.4365,4.854],[7.44667,4.84541],[7.45521,4.84507],[7.46036,4.84542],[7.46619,4.84541],[7.47159,4.84228],[7.47438,4.8367],[7.47856,4.83304],[7.48675,4.82764],[7.48728,4.82467],[7.48871,4.8218],[7.49007,4.8191],[7.49227,4.81578],[7.49401,4.81406],[7.49628,4.81272],[7.49861,4.81025],[7.50156,4.80782],[7.5066,4.80426],[7.51068,4.80035],[7.517,4.79301],[7.52146,4.78854],[7.5252,4.77966],[7.5252,4.76935],[7.52423,4.76323],[7.52391,4.75615],[7.52391,4.75325],[7.52648,4.74874],[7.53099,4.74391],[7.53647,4.7394],[7.54132,4.73616],[7.54375,4.73404],[7.54549,4.73231],[7.5471,4.72619],[7.54517,4.7191],[7.54201,4.71191],[7.54047,4.70814],[7.538,4.70598],[7.53698,4.70187],[7.53414,4.69953],[7.53073,4.69662],[7.5279,4.69314],[7.52562,4.69082],[7.52074,4.68472],[7.51795,4.67687],[7.51848,4.66973],[7.52074,4.66258],[7.52318,4.65718],[7.52318,4.64951],[7.51987,4.64045],[7.5197,4.63103],[7.52109,4.6265],[7.52432,4.62228],[7.5252,4.61808],[7.52638,4.61521],[7.52755,4.61233],[7.52815,4.61003],[7.52875,4.60773],[7.52935,4.60485],[7.53052,4.60255],[7.53169,4.60025],[7.53286,4.59795],[7.53403,4.59565],[7.53576,4.59451],[7.53751,4.59164],[7.53924,4.58992],[7.54214,4.58706],[7.5433,4.58533],[7.54447,4.58303],[7.54508,4.57958],[7.54396,4.57668],[7.54284,4.57379],[7.54173,4.57089],[7.53891,4.56568],[7.53663,4.56393],[7.53493,4.56218],[7.53257,4.56288],[7.52992,4.56122],[7.52727,4.56056],[7.52462,4.55625],[7.52396,4.55062],[7.52647,4.54768],[7.52764,4.54538],[7.52938,4.54367],[7.53113,4.5408],[7.53287,4.5385],[7.53462,4.53621],[7.53636,4.53449],[7.53752,4.53277],[7.53983,4.53048],[7.54165,4.52868],[7.54655,4.52081],[7.55238,4.51445],[7.55927,4.51095],[7.56848,4.50741],[7.57373,4.50597],[7.58032,4.50205],[7.58733,4.49484],[7.59063,4.4903],[7.59269,4.48432],[7.59393,4.47711],[7.59599,4.46742],[7.5974,4.46484],[7.58364,4.45459],[7.58154,4.45193],[7.57068,4.4497],[7.55918,4.45161],[7.5448,4.45257],[7.53489,4.45225],[7.52275,4.45257],[7.50869,4.45289],[7.49977,4.45019],[7.48916,4.44899],[7.47759,4.44633],[7.46173,4.44354],[7.44939,4.43959],[7.44286,4.43915],[7.43662,4.43742],[7.42912,4.43755],[7.41662,4.43356],[7.41421,4.42922],[7.39685,4.43692],[7.38065,4.43906],[7.37173,4.44099],[7.36769,4.44055],[7.35058,4.44103],[7.33973,4.442],[7.32961,4.44658],[7.32456,4.44743],[7.31828,4.43718],[7.32345,4.42583],[7.32615,4.42224],[7.32704,4.41865],[7.32031,4.41596],[7.31582,4.41461],[7.30415,4.41192],[7.29203,4.40653],[7.28501,4.40464],[7.27127,4.40081],[7.26073,4.39729],[7.25657,4.39665],[7.25028,4.39441],[7.24759,4.39441],[7.23098,4.38678],[7.22357,4.38439],[7.21347,4.38184],[7.19778,4.37909],[7.18428,4.37909],[7.17585,4.37957],[7.16379,4.3803],[7.15223,4.38223],[7.145,4.38223],[7.13895,4.38139],[7.13511,4.38247],[7.1327,4.38536],[7.13177,4.39216],[7.13222,4.40271],[7.13487,4.40729],[7.13752,4.41283],[7.14259,4.41838],[7.15063,4.42493],[7.15736,4.43346],[7.16364,4.44154],[7.16966,4.45129],[7.15804,4.46273],[7.14973,4.45366],[7.1394,4.45187],[7.13267,4.45995],[7.12863,4.46085],[7.12306,4.46224],[7.11487,4.46248],[7.11067,4.45815],[7.11067,4.45232],[7.10812,4.44754],[7.09607,4.45067],[7.08643,4.45477],[7.07234,4.45595],[7.0779,4.45187],[7.07923,4.44874],[7.07745,4.44648],[7.07149,4.44176],[7.06498,4.44007],[7.06064,4.43814],[7.05582,4.43742],[7.0498,4.43718],[7.03919,4.43477],[7.03076,4.43356],[7.02448,4.43032],[7.01461,4.42538],[7.01236,4.41371],[7.02089,4.40922],[7.02718,4.40159],[7.02179,4.39665],[7.02134,4.39306],[7.01326,4.38588],[7.00653,4.38004],[7.00114,4.3778],[6.99441,4.37511],[6.98588,4.37735],[6.9769,4.38453],[6.96992,4.38357],[6.97466,4.37825],[6.97645,4.37331],[6.96927,4.37376],[6.95849,4.37466],[6.94727,4.37645],[6.94009,4.38049],[6.92079,4.38588],[6.91046,4.38947],[6.89834,4.39261],[6.89295,4.39306],[6.88622,4.39172],[6.87455,4.39531],[6.85816,4.39611],[6.85659,4.38319],[6.86335,4.37594],[6.86582,4.37511],[6.8723,4.37017],[6.87623,4.36607],[6.87705,4.36141],[6.87568,4.35922],[6.87157,4.35758],[6.8628,4.35813],[6.85431,4.35758],[6.84582,4.35805],[6.83594,4.3576],[6.82003,4.35492],[6.80901,4.35266],[6.79927,4.35089],[6.78405,4.34822],[6.76662,4.34799],[6.76004,4.34771],[6.75374,4.34881],[6.74751,4.34907],[6.73703,4.35073],[6.72629,4.3552],[6.72309,4.35753],[6.70861,4.34811],[6.70853,4.3457],[6.70915,4.34351],[6.70697,4.34063],[6.70113,4.33954],[6.69669,4.33946],[6.69225,4.33884],[6.68664,4.339],[6.68392,4.33876],[6.68057,4.3383],[6.67318,4.33785],[6.66414,4.33703],[6.66177,4.33695],[6.65369,4.33336],[6.64965,4.32797],[6.6492,4.32124],[6.64441,4.31867],[6.63949,4.31706],[6.63394,4.31854],[6.63169,4.32258],[6.6281,4.32618],[6.62578,4.32853],[6.62194,4.33237],[6.61598,4.3374],[6.60576,4.33564],[6.60183,4.33484],[6.59596,4.34615],[6.58996,4.35771],[6.58662,4.35969],[6.58243,4.36219],[6.57266,4.36589],[6.56059,4.37638],[6.55222,4.39368],[6.55126,4.40016],[6.54987,4.40952],[6.5475,4.42762],[6.55116,4.44065],[6.55409,4.45106],[6.56374,4.46697],[6.57568,4.47611],[6.57867,4.47839],[6.58829,4.49808],[6.59931,4.53438],[6.60292,4.5563],[6.60288,4.56158],[6.5968,4.57362],[6.58166,4.59389],[6.56648,4.62021],[6.56476,4.62727],[6.56262,4.63603],[6.5622,4.64018],[6.56101,4.65187],[6.56138,4.65712],[6.5617,4.66169],[6.56268,4.67402],[6.56309,4.67906],[6.56454,4.68153],[6.56754,4.68664],[6.57011,4.69152],[6.57273,4.69648],[6.57798,4.70221],[6.58316,4.70787],[6.59288,4.71398],[6.59659,4.72079],[6.59718,4.72448],[6.59803,4.72986],[6.589,4.73339],[6.58354,4.73411],[6.58354,4.73411],[6.58196,4.73394],[6.57772,4.7335],[6.56849,4.73703],[6.56471,4.74003],[6.56111,4.74435],[6.56111,4.74435],[6.56052,4.74775],[6.56087,4.75229],[6.56009,4.75663],[6.56009,4.75663],[6.56009,4.75663],[6.55835,4.7585],[6.55261,4.7586],[6.53744,4.75561],[6.52731,4.753],[6.52354,4.75073],[6.51758,4.74713],[6.51367,4.74382],[6.5106,4.74122],[6.50153,4.73448],[6.49899,4.73259],[6.48964,4.723],[6.48419,4.71856],[6.47848,4.7139],[6.46106,4.71328],[6.45943,4.724],[6.44594,4.73004],[6.44142,4.74533],[6.42998,4.76587],[6.42286,4.77715],[6.41281,4.80289],[6.40886,4.81225],[6.40228,4.82724],[6.39928,4.83844],[6.39861,4.85147],[6.39839,4.86448],[6.40088,4.87512],[6.40661,4.8871],[6.41457,4.89626],[6.42072,4.90684],[6.42556,4.92069],[6.43399,4.9303],[6.44064,4.94319],[6.4404,4.95482],[6.43742,4.96649],[6.43068,4.97358],[6.42167,4.98163],[6.41039,4.99113],[6.41156,5.00458],[6.41727,5.0161],[6.42577,5.02942],[6.42961,5.03865],[6.43904,5.05289],[6.4439,5.06814],[6.45105,5.08288],[6.4605,5.09805],[6.46434,5.10727],[6.47298,5.1285],[6.47792,5.13735],[6.47691,5.1478],[6.47618,5.16604],[6.47674,5.17273],[6.47913,5.17639],[6.48334,5.18129],[6.49481,5.18684],[6.5057,5.18691],[6.53493,5.18683],[6.54449,5.18629],[6.55338,5.18981],[6.55883,5.19842],[6.5558,5.20291],[6.54923,5.21265],[6.55276,5.22654],[6.56664,5.23697],[6.54779,5.25775],[6.53738,5.26491],[6.53251,5.27382],[6.53088,5.28454],[6.54117,5.29597],[6.54862,5.30235],[6.55565,5.31059],[6.56316,5.32021],[6.56708,5.33362],[6.5687,5.34707],[6.56946,5.36285],[6.56963,5.37214],[6.56198,5.37925],[6.55283,5.37988],[6.54002,5.38057],[6.52855,5.37984],[6.51848,5.38002],[6.5006,5.3794],[6.48548,5.37921],[6.47656,5.40405],[6.48313,5.42064],[6.48935,5.42272],[6.49419,5.42514],[6.49972,5.42652],[6.50594,5.42583],[6.50882,5.42567],[6.5124,5.42866],[6.51756,5.43442],[6.52453,5.43866],[6.53484,5.45897],[6.53666,5.46958],[6.53816,5.4758],[6.5377,5.47842],[6.53694,5.49194],[6.53325,5.50983],[6.53083,5.53196],[6.54258,5.54924],[6.55538,5.55235],[6.56886,5.55339],[6.57923,5.55927],[6.58476,5.56169],[6.58787,5.56791],[6.59167,5.57448],[6.5934,5.58001],[6.59617,5.58762],[6.60101,5.59695],[6.60205,5.60767],[6.60377,5.61493],[6.60814,5.62125],[6.61311,5.62668],[6.6176,5.63152],[6.62135,5.64256],[6.61729,5.651],[6.61233,5.65991],[6.60876,5.66617],[6.60645,5.67023],[6.60657,5.68001],[6.61405,5.6907],[6.61345,5.70204],[6.61829,5.71691],[6.62615,5.72364],[6.62767,5.71892],[6.63249,5.71122],[6.64358,5.70171]]]]}},{"type":"Feature","id":"NG034","properties":{"admin1Pcod":"NG034","admin1Name":"Sokoto","admin1RefN":"Sokoto","admin0Pcod":"NG","admin0Name":"Nigeria"},"geometry":{"type":"MultiPolygon","coordinates":[[[[5.51464,13.89442],[5.52912,13.8923],[5.53618,13.89126],[5.55983,13.87813],[5.59084,13.86236],[5.61029,13.855],[5.64234,13.84344],[5.66704,13.8303],[5.68333,13.82557],[5.6991,13.82032],[5.72144,13.80718],[5.74876,13.79457],[5.77925,13.78511],[5.84021,13.76304],[5.86859,13.75463],[5.89434,13.74464],[5.92114,13.73781],[5.9532,13.72467],[5.98788,13.71311],[6.00575,13.70838],[6.01311,13.70543],[6.01517,13.70591],[6.04369,13.6972],[6.06508,13.6869],[6.08885,13.6766],[6.12529,13.65363],[6.14671,13.64328],[6.1664,13.6537],[6.2192,13.67374],[6.26639,13.67971],[6.29504,13.67711],[6.33669,13.65916],[6.44162,13.59673],[6.48484,13.55632],[6.58427,13.45312],[6.60446,13.42939],[6.61331,13.41715],[6.64101,13.38982],[6.66691,13.36265],[6.67349,13.35576],[6.67667,13.35407],[6.68317,13.34675],[6.69456,13.3256],[6.7092,13.30446],[6.72059,13.28005],[6.73523,13.25891],[6.76255,13.21015],[6.77305,13.19139],[6.78607,13.17431],[6.79254,13.16102],[6.78357,13.15395],[6.77595,13.14748],[6.76796,13.13606],[6.75159,13.12692],[6.74207,13.11702],[6.7257,13.11208],[6.70971,13.1056],[6.69753,13.09913],[6.68268,13.0839],[6.66935,13.08162],[6.66609,13.08059],[6.66212,13.07933],[6.66069,13.07743],[6.65534,13.07743],[6.65413,13.07743],[6.64004,13.0702],[6.6309,13.0702],[6.62291,13.06677],[6.6073,13.06677],[6.59359,13.07058],[6.58484,13.07515],[6.57037,13.07591],[6.56622,13.07591],[6.5453,13.08112],[6.52846,13.08476],[6.51464,13.09143],[6.50391,13.09511],[6.46637,13.10538],[6.44261,13.11273],[6.42968,13.11812],[6.42132,13.1235],[6.40609,13.1254],[6.39962,13.13149],[6.39429,13.13834],[6.38363,13.1452],[6.37145,13.14977],[6.36193,13.15243],[6.35507,13.15357],[6.34594,13.15281],[6.32804,13.15662],[6.31745,13.15823],[6.31408,13.15684],[6.30787,13.15776],[6.30025,13.15776],[6.28959,13.1589],[6.28274,13.15624],[6.27018,13.15624],[6.26485,13.14938],[6.2618,13.13949],[6.26028,13.13149],[6.26028,13.12164],[6.2577,13.1011],[6.26183,13.09007],[6.26076,13.08542],[6.25977,13.08112],[6.25917,13.0697],[6.25865,13.06601],[6.25563,13.0446],[6.25425,13.03151],[6.2453,13.02806],[6.2198,13.04253],[6.20534,13.05533],[6.20189,13.05838],[6.1888,13.06596],[6.16606,13.06871],[6.15159,13.07491],[6.13161,13.07216],[6.10198,13.05976],[6.07235,13.03977],[6.04134,13.02806],[6.0279,13.02134],[6.02032,13.0085],[6.02468,12.99293],[6.02468,12.97997],[6.02608,12.97082],[6.03076,12.96093],[6.03827,12.94203],[6.04014,12.93843],[6.0402,12.93121],[6.03568,12.92214],[6.02381,12.91211],[6.01009,12.90478],[6.01012,12.90117],[6.00799,12.88511],[6.00963,12.87569],[6.01794,12.83608],[6.02587,12.8131],[6.0322,12.78696],[6.0455,12.75412],[6.04269,12.75079],[6.03569,12.74239],[6.02099,12.73679],[6.00419,12.74239],[5.9874,12.75429],[5.9671,12.76128],[5.951,12.76268],[5.92301,12.77108],[5.89502,12.78718],[5.87822,12.80398],[5.85302,12.81937],[5.83763,12.83407],[5.81313,12.83967],[5.79424,12.83547],[5.77386,12.83115],[5.77238,12.83083],[5.77107,12.83052],[5.74088,12.82334],[5.72262,12.81417],[5.70895,12.80504],[5.70516,12.802],[5.70065,12.7937],[5.69692,12.7839],[5.68945,12.76506],[5.68677,12.73443],[5.68592,12.73279],[5.68508,12.73132],[5.68627,12.72971],[5.68535,12.72707],[5.68605,12.72469],[5.68598,12.72145],[5.68579,12.71369],[5.68646,12.7088],[5.69486,12.6871],[5.70046,12.6682],[5.70163,12.66436],[5.70536,12.65211],[5.71235,12.63601],[5.72215,12.60592],[5.72845,12.59052],[5.73335,12.56043],[5.74525,12.53103],[5.75277,12.50641],[5.75088,12.48056],[5.75097,12.46984],[5.75399,12.465],[5.75809,12.44945],[5.76117,12.43681],[5.76475,12.42387],[5.76134,12.36727],[5.75901,12.34337],[5.75347,12.33957],[5.74184,12.33235],[5.7438,12.32551],[5.73895,12.30848],[5.73722,12.30402],[5.73021,12.28602],[5.72915,12.28328],[5.72565,12.27489],[5.72608,12.27101],[5.71032,12.26737],[5.68301,12.27706],[5.67332,12.28851],[5.65306,12.29204],[5.63103,12.28851],[5.61253,12.27442],[5.58434,12.27265],[5.5833,12.27161],[5.57621,12.27252],[5.54105,12.27252],[5.52398,12.26147],[5.47576,12.25243],[5.43759,12.25344],[5.4102,12.2591],[5.40846,12.25947],[5.38234,12.26248],[5.3502,12.2665],[5.32709,12.27252],[5.29294,12.27855],[5.27285,12.28156],[5.27125,12.28163],[5.2704,12.28166],[5.26619,12.28508],[5.24739,12.29501],[5.24175,12.29772],[5.2314,12.30406],[5.21454,12.30756],[5.18839,12.30454],[5.17818,12.29799],[5.17173,12.28872],[5.16692,12.28458],[5.16189,12.28458],[5.16196,12.28356],[5.16203,12.28285],[5.14729,12.28156],[5.12123,12.27887],[5.11816,12.27855],[5.06893,12.27755],[5.04784,12.28458],[5.02474,12.29061],[4.99761,12.30065],[4.98154,12.30065],[4.9725,12.29261],[4.95643,12.27051],[4.95113,12.24931],[4.9504,12.24641],[4.9504,12.23134],[4.95241,12.21828],[4.95442,12.19719],[4.95645,12.17216],[4.95743,12.16002],[4.95743,12.13692],[4.95643,12.10778],[4.95643,12.07162],[4.95643,12.02943],[4.95241,11.99126],[4.94739,11.93601],[4.94839,11.89684],[4.94437,11.88076],[4.94437,11.86268],[4.94148,11.84245],[4.93158,11.82306],[4.92222,11.80002],[4.91914,11.78812],[4.91927,11.77705],[4.92594,11.75419],[4.9285,11.74078],[4.93018,11.74059],[4.94295,11.73252],[4.94097,11.72595],[4.93254,11.71981],[4.92486,11.72058],[4.91221,11.71981],[4.90377,11.71367],[4.8938,11.71137],[4.88843,11.71904],[4.88766,11.72595],[4.87462,11.72901],[4.86695,11.72671],[4.86005,11.72058],[4.85008,11.71444],[4.84011,11.7106],[4.83244,11.71674],[4.824,11.72288],[4.81173,11.72518],[4.80482,11.72748],[4.79562,11.72518],[4.79102,11.71674],[4.78718,11.7106],[4.78565,11.7037],[4.78334,11.69833],[4.77874,11.6945],[4.77031,11.69219],[4.76494,11.68989],[4.75957,11.68069],[4.7542,11.67532],[4.74959,11.67455],[4.73886,11.67532],[4.72812,11.67609],[4.71354,11.66842],[4.69974,11.65921],[4.68977,11.65691],[4.67826,11.65845],[4.66982,11.66535],[4.65678,11.66995],[4.64528,11.67225],[4.63991,11.67072],[4.6284,11.66688],[4.62073,11.65691],[4.61306,11.65614],[4.60539,11.65614],[4.59005,11.65998],[4.58315,11.66151],[4.5809,11.66119],[4.56655,11.64744],[4.56411,11.64298],[4.55971,11.63556],[4.5508,11.63053],[4.54704,11.62913],[4.54403,11.62009],[4.53099,11.60782],[4.51948,11.59862],[4.50567,11.58558],[4.49724,11.58174],[4.48758,11.5831],[4.47737,11.58959],[4.47054,11.59394],[4.44791,11.61892],[4.43542,11.62985],[4.40966,11.65639],[4.40185,11.66809],[4.39951,11.67668],[4.39873,11.6798],[4.39405,11.6798],[4.38624,11.68136],[4.38234,11.68839],[4.37532,11.69307],[4.37219,11.70166],[4.36709,11.70612],[4.36657,11.70923],[4.35992,11.7147],[4.35608,11.72114],[4.34866,11.72748],[4.36146,11.74129],[4.37337,11.74586],[4.38578,11.74995],[4.40028,11.74669],[4.4079,11.73596],[4.40849,11.7286],[4.41312,11.71735],[4.41866,11.71299],[4.4242,11.71055],[4.42518,11.71012],[4.4366,11.7137],[4.4445,11.72019],[4.45392,11.72424],[4.47074,11.73477],[4.48115,11.73981],[4.49205,11.74486],[4.49743,11.75377],[4.50031,11.76266],[4.50448,11.76959],[4.52128,11.77659],[4.53143,11.7922],[4.53204,11.79404],[4.54468,11.8035],[4.54457,11.81284],[4.54097,11.82116],[4.53759,11.82763],[4.53689,11.86167],[4.53512,11.86344],[4.5413,11.87649],[4.55697,11.89843],[4.56115,11.92978],[4.5622,11.95799],[4.5622,11.97755],[4.56592,11.98473],[4.57767,12.05482],[4.57068,12.09155],[4.56485,12.10617],[4.56008,12.11811],[4.55138,12.14101],[4.54361,12.16485],[4.53398,12.18325],[4.53365,12.18496],[4.53499,12.20109],[4.53899,12.21149],[4.54134,12.23151],[4.54238,12.24036],[4.54747,12.25373],[4.54772,12.26445],[4.54943,12.27777],[4.55187,12.29333],[4.55407,12.29742],[4.56293,12.30935],[4.56702,12.31369],[4.56998,12.31683],[4.57518,12.32095],[4.58782,12.33145],[4.59466,12.33795],[4.5999,12.34179],[4.60083,12.3438],[4.60713,12.35746],[4.60887,12.36519],[4.60887,12.38302],[4.60987,12.4001],[4.61041,12.40402],[4.6136,12.41148],[4.61454,12.41541],[4.61844,12.42231],[4.62184,12.4292],[4.63077,12.43078],[4.63973,12.43039],[4.6543,12.41832],[4.66474,12.41894],[4.67079,12.41264],[4.6793,12.40834],[4.69331,12.40116],[4.7013,12.39831],[4.70338,12.39099],[4.71096,12.3808],[4.71716,12.37717],[4.71998,12.37552],[4.733,12.36833],[4.73798,12.3674],[4.74496,12.36602],[4.74844,12.36606],[4.74991,12.36803],[4.75075,12.38126],[4.75114,12.39007],[4.75301,12.40037],[4.75671,12.42391],[4.76089,12.44941],[4.76872,12.46076],[4.7811,12.4658],[4.80768,12.49008],[4.81556,12.49653],[4.82487,12.50937],[4.83117,12.52412],[4.83898,12.53693],[4.84334,12.54726],[4.84428,12.55168],[4.84419,12.56],[4.84177,12.56872],[4.84033,12.57016],[4.82888,12.5792],[4.81502,12.58764],[4.80236,12.59848],[4.79759,12.60564],[4.78273,12.62068],[4.75806,12.65195],[4.74992,12.68245],[4.75001,12.68483],[4.75067,12.70157],[4.75928,12.71315],[4.77312,12.72446],[4.77469,12.72575],[4.78909,12.74217],[4.80448,12.75668],[4.81226,12.75677],[4.81281,12.75644],[4.81399,12.75854],[4.81633,12.77415],[4.81321,12.7882],[4.80228,12.80694],[4.79942,12.80935],[4.79892,12.81356],[4.79754,12.81952],[4.79716,12.82472],[4.7959,12.82827],[4.79285,12.83656],[4.78936,12.8431],[4.7802,12.85008],[4.77409,12.85706],[4.76755,12.85793],[4.76101,12.86186],[4.75272,12.86404],[4.74312,12.87058],[4.7296,12.87713],[4.72349,12.87931],[4.71652,12.88934],[4.71323,12.89098],[4.71192,12.89329],[4.70199,12.91039],[4.70085,12.92472],[4.69195,12.93609],[4.67041,12.94731],[4.66218,12.9516],[4.65632,12.95913],[4.64934,12.96916],[4.63844,12.98487],[4.63931,12.99446],[4.64454,13.00319],[4.64934,13.00842],[4.65545,13.01584],[4.66286,13.02281],[4.6681,13.02718],[4.66923,13.02865],[4.67007,13.02876],[4.68104,13.03744],[4.69344,13.05856],[4.70199,13.07108],[4.70634,13.08364],[4.69903,13.0767],[4.68557,13.06766],[4.68576,13.06862],[4.68794,13.08432],[4.68969,13.09435],[4.69187,13.10613],[4.69667,13.11703],[4.70059,13.12445],[4.7019,13.13448],[4.7067,13.14495],[4.70842,13.15612],[4.70282,13.16694],[4.69691,13.1699],[4.6852,13.1699],[4.67037,13.166],[4.66178,13.15663],[4.65476,13.14726],[4.64227,13.12385],[4.62978,13.09887],[4.61885,13.09184],[4.60246,13.09497],[4.57904,13.10433],[4.57046,13.10511],[4.5525,13.11526],[4.55016,13.11916],[4.54158,13.12853],[4.52674,13.14024],[4.52288,13.14051],[4.50411,13.1418],[4.46664,13.15117],[4.44713,13.15663],[4.42605,13.16288],[4.39795,13.16522],[4.38,13.1699],[4.36517,13.1738],[4.35502,13.18395],[4.3519,13.19956],[4.34565,13.21361],[4.33473,13.22142],[4.31521,13.22922],[4.29726,13.23078],[4.28789,13.23],[4.27696,13.24327],[4.26682,13.25108],[4.25355,13.26045],[4.23247,13.26981],[4.21296,13.26747],[4.20203,13.25967],[4.18408,13.25186],[4.1669,13.25186],[4.15207,13.25264],[4.12944,13.26279],[4.12839,13.26453],[4.12975,13.26996],[4.12975,13.27945],[4.12975,13.29505],[4.12907,13.31404],[4.13009,13.36763],[4.13009,13.3778],[4.13009,13.39612],[4.13144,13.41036],[4.12941,13.43274],[4.12805,13.44902],[4.12873,13.46191],[4.12941,13.47276],[4.14026,13.47412],[4.17282,13.47548],[4.19045,13.47548],[4.20402,13.47683],[4.21623,13.48768],[4.23522,13.50396],[4.25896,13.52296],[4.29694,13.55551],[4.32747,13.58603],[4.34307,13.59892],[4.36477,13.61927],[4.39496,13.64911],[4.4153,13.66336],[4.43226,13.67964],[4.46482,13.7027],[4.47838,13.70745],[4.48788,13.70948],[4.51501,13.71559],[4.53943,13.71898],[4.55435,13.72169],[4.57741,13.72373],[4.59708,13.73051],[4.62218,13.73729],[4.64863,13.74068],[4.66491,13.74407],[4.69815,13.74882],[4.73003,13.75289],[4.75037,13.759],[4.77004,13.76442],[4.78703,13.76987],[4.79754,13.77249],[4.81962,13.7746],[4.82435,13.77527],[4.83801,13.77722],[4.8564,13.78038],[4.87059,13.78195],[4.87795,13.77302],[4.89319,13.76041],[4.90423,13.752],[4.91737,13.74832],[4.93734,13.74727],[4.96624,13.74517],[4.98779,13.74096],[5.01985,13.74674],[5.04822,13.7499],[5.0766,13.75358],[5.09237,13.75568],[5.10235,13.75305],[5.126,13.7499],[5.13441,13.75042],[5.13967,13.7499],[5.15589,13.74579],[5.16043,13.74464],[5.17232,13.74563],[5.18933,13.74411],[5.21403,13.74359],[5.24031,13.74779],[5.26764,13.75778],[5.28866,13.77039],[5.30337,13.79089],[5.31441,13.80613],[5.32755,13.8282],[5.34121,13.83976],[5.35172,13.84817],[5.3575,13.8487],[5.37064,13.855],[5.3822,13.86184],[5.39955,13.86762],[5.4069,13.87077],[5.42477,13.87655],[5.43171,13.87836],[5.44895,13.88286],[5.48889,13.89389],[5.49394,13.89389],[5.51464,13.89442]]]]}},{"type":"Feature","id":"NG035","properties":{"admin1Pcod":"NG035","admin1Name":"Taraba","admin1RefN":"Taraba","admin0Pcod":"NG","admin0Name":"Nigeria"},"geometry":{"type":"MultiPolygon","coordinates":[[[[10.83822,9.61847],[10.84855,9.6172],[10.85538,9.61751],[10.86051,9.61774],[10.86572,9.61624],[10.87093,9.61475],[10.87597,9.6167],[10.88801,9.61551],[10.90014,9.6126],[10.90551,9.60765],[10.91422,9.60458],[10.92464,9.60159],[10.93335,9.59852],[10.94556,9.59388],[10.97306,9.59166],[10.97489,9.59289],[10.97551,9.58963],[10.9775,9.57827],[10.97814,9.57461],[10.97995,9.57118],[10.98471,9.56549],[10.99238,9.55928],[11.00819,9.55211],[11.02043,9.54949],[11.0274,9.54907],[11.03553,9.54868],[11.06214,9.5522],[11.07086,9.55124],[11.08013,9.55146],[11.08884,9.55108],[11.09754,9.55128],[11.10913,9.55155],[11.11784,9.55117],[11.12655,9.55079],[11.13932,9.55051],[11.15091,9.55078],[11.16135,9.55102],[11.17117,9.55299],[11.18213,9.55556],[11.19194,9.55811],[11.19884,9.56117],[11.21035,9.5655],[11.22245,9.56926],[11.22709,9.56937],[11.24406,9.56222],[11.25467,9.55435],[11.26928,9.54889],[11.27451,9.54843],[11.27801,9.54735],[11.29308,9.54828],[11.29829,9.5484],[11.31105,9.54869],[11.32032,9.54891],[11.32903,9.54853],[11.33773,9.54873],[11.34644,9.54836],[11.35342,9.54736],[11.36791,9.54769],[11.36931,9.54748],[11.37385,9.5468],[11.3813,9.54568],[11.39347,9.54597],[11.40568,9.54451],[11.42015,9.54601],[11.42764,9.5485],[11.4296,9.54963],[11.43616,9.53983],[11.44162,9.53315],[11.44187,9.52797],[11.4457,9.51949],[11.45149,9.50591],[11.45515,9.50089],[11.4589,9.49414],[11.46623,9.48409],[11.46998,9.47733],[11.47911,9.46563],[11.48431,9.46414],[11.48985,9.45574],[11.49352,9.45071],[11.49743,9.44051],[11.50631,9.43398],[11.51176,9.42731],[11.51551,9.42056],[11.52097,9.41388],[11.52593,9.40782],[11.53001,9.40391],[11.53453,9.40321],[11.53656,9.39809],[11.54098,9.39259],[11.54924,9.38547],[11.55732,9.38088],[11.56426,9.38086],[11.57699,9.37969],[11.58624,9.37852],[11.59319,9.3785],[11.59626,9.37921],[11.60172,9.37253],[11.60368,9.36743],[11.61305,9.35055],[11.61671,9.34553],[11.62225,9.33712],[11.6295,9.3288],[11.63553,9.32243],[11.63906,9.31873],[11.6404,9.31492],[11.64775,9.3054],[11.64885,9.29803],[11.65074,9.29489],[11.65362,9.29009],[11.65638,9.2855],[11.66081,9.27821],[11.6633,9.27308],[11.66558,9.26507],[11.67016,9.25361],[11.67054,9.25311],[11.67706,9.24445],[11.67923,9.24066],[11.68165,9.23643],[11.68363,9.23406],[11.68741,9.22955],[11.69309,9.2201],[11.69457,9.21831],[11.69629,9.21572],[11.70007,9.21005],[11.69885,9.20389],[11.69909,9.19871],[11.69951,9.19008],[11.70166,9.18082],[11.70188,9.17635],[11.70262,9.16081],[11.70116,9.15555],[11.69979,9.14857],[11.69847,9.14384],[11.69687,9.13806],[11.6954,9.1328],[11.69574,9.1259],[11.69607,9.11899],[11.69631,9.11381],[11.69494,9.10683],[11.69689,9.10173],[11.69893,9.0949],[11.70089,9.0898],[11.70285,9.08469],[11.70481,9.07959],[11.70676,9.07449],[11.71035,9.07119],[11.71564,9.06797],[11.72264,9.06482],[11.72964,9.06168],[11.73518,9.05328],[11.74209,9.05186],[11.74901,9.05044],[11.75253,9.04972],[11.7583,9.04289],[11.76752,9.03371],[11.77675,9.02797],[11.78599,9.02337],[11.79176,9.01993],[11.79985,9.01762],[11.80447,9.01532],[11.81932,9.01202],[11.82528,9.0107],[11.83106,9.0084],[11.84378,9.00608],[11.84841,9.00607],[11.85649,9.00262],[11.86455,8.9923],[11.87605,8.97626],[11.88064,8.96824],[11.88522,8.95678],[11.89327,8.94532],[11.89668,8.93387],[11.89896,8.92586],[11.90008,8.9167],[11.90232,8.90182],[11.90343,8.89153],[11.90338,8.88123],[11.90333,8.86979],[11.8998,8.85721],[11.89164,8.84464],[11.87765,8.82179],[11.87414,8.81379],[11.86136,8.80352],[11.83098,8.74066],[11.8286,8.72694],[11.82625,8.72008],[11.81807,8.70293],[11.81337,8.68807],[11.80986,8.68007],[11.79706,8.66408],[11.79121,8.65036],[11.78946,8.64357],[11.78885,8.64121],[11.78417,8.62978],[11.78298,8.62407],[11.78064,8.61721],[11.77981,8.60937],[11.77942,8.60577],[11.77939,8.59776],[11.78624,8.57829],[11.78968,8.57028],[11.79196,8.56226],[11.79537,8.54967],[11.7964,8.54623],[11.79065,8.53137],[11.78598,8.52223],[11.78016,8.51423],[11.76622,8.50397],[11.75692,8.49483],[11.74879,8.48799],[11.736,8.47658],[11.73019,8.47087],[11.72439,8.46859],[11.71627,8.46518],[11.70932,8.46405],[11.69889,8.46064],[11.68962,8.45723],[11.68381,8.45381],[11.67453,8.44811],[11.66871,8.44126],[11.6629,8.43555],[11.65593,8.43099],[11.65128,8.42643],[11.65123,8.42635],[11.64545,8.41729],[11.64078,8.40929],[11.63729,8.40358],[11.63376,8.39329],[11.6288,8.38489],[11.62211,8.37615],[11.61862,8.37273],[11.61514,8.3693],[11.60117,8.35217],[11.59883,8.34646],[11.59533,8.34074],[11.5895,8.3316],[11.58482,8.32017],[11.58014,8.30989],[11.5778,8.30417],[11.57314,8.29731],[11.56613,8.28475],[11.56145,8.27331],[11.55444,8.2596],[11.54978,8.2516],[11.54628,8.24589],[11.53813,8.23561],[11.52882,8.22419],[11.52299,8.21505],[11.51484,8.20592],[11.51019,8.20135],[11.50437,8.1945],[11.49623,8.18651],[11.48578,8.17738],[11.47764,8.16939],[11.46951,8.16368],[11.46137,8.15569],[11.45672,8.15113],[11.44858,8.14428],[11.43929,8.13629],[11.43348,8.13173],[11.4265,8.12374],[11.41836,8.11689],[11.4079,8.10662],[11.40093,8.10091],[11.39048,8.09293],[11.3835,8.08608],[11.38001,8.08265],[11.37652,8.07808],[11.37186,8.07123],[11.36257,8.06439],[11.3579,8.05524],[11.3544,8.05068],[11.35207,8.04725],[11.34974,8.04382],[11.34626,8.04154],[11.34624,8.03696],[11.34738,8.03467],[11.35201,8.03466],[11.35432,8.03237],[11.35429,8.02665],[11.35082,8.0278],[11.34736,8.0301],[11.34272,8.02782],[11.34154,8.0221],[11.34152,8.01867],[11.34613,8.01523],[11.35075,8.01178],[11.35186,8.00263],[11.35415,7.9969],[11.35645,7.99346],[11.35875,7.99117],[11.36335,7.98429],[11.36563,7.97628],[11.36678,7.97399],[11.37252,7.96482],[11.38288,7.95107],[11.39323,7.93846],[11.40011,7.92357],[11.40354,7.91555],[11.40814,7.90753],[11.41157,7.89837],[11.42077,7.88691],[11.42651,7.8766],[11.43457,7.86628],[11.43802,7.86284],[11.44377,7.85368],[11.45413,7.84221],[11.45758,7.83762],[11.46218,7.83189],[11.46564,7.82845],[11.47253,7.81585],[11.48061,7.8124],[11.48219,7.81024],[11.48981,7.79979],[11.49444,7.79864],[11.50023,7.79977],[11.50721,7.80662],[11.51419,7.81576],[11.51655,7.8249],[11.5259,7.84548],[11.52825,7.85234],[11.52943,7.85691],[11.53294,7.86606],[11.53529,7.87292],[11.53765,7.88206],[11.53883,7.88664],[11.54117,7.89235],[11.54466,7.89692],[11.54997,7.90186],[11.55155,7.90333],[11.55559,7.90379],[11.56322,7.90603],[11.57017,7.90602],[11.57827,7.906],[11.59559,7.89795],[11.60137,7.89565],[11.61176,7.8899],[11.62446,7.88415],[11.636,7.87612],[11.64637,7.8658],[11.65097,7.85892],[11.6567,7.84747],[11.67166,7.82798],[11.67624,7.81882],[11.67968,7.8108],[11.68312,7.80278],[11.68771,7.79591],[11.70387,7.78557],[11.71193,7.77755],[11.71423,7.77411],[11.73499,7.75804],[11.73959,7.75231],[11.74766,7.74428],[11.75455,7.73168],[11.75798,7.72481],[11.76479,7.6939],[11.76936,7.68245],[11.7716,7.66528],[11.77269,7.65155],[11.76911,7.62753],[11.76611,7.61492],[11.76628,7.61272],[11.76652,7.60314],[11.76829,7.5984],[11.76823,7.59635],[11.76808,7.59118],[11.76782,7.58257],[11.76843,7.57962],[11.76655,7.5749],[11.76537,7.56919],[11.76417,7.56004],[11.76295,7.54745],[11.76292,7.54059],[11.76518,7.528],[11.7663,7.52113],[11.76742,7.51312],[11.77194,7.48794],[11.77653,7.48106],[11.78574,7.47074],[11.79149,7.46272],[11.79609,7.4547],[11.80174,7.44954],[11.80475,7.4468],[11.80992,7.44208],[11.81682,7.43406],[11.82258,7.42718],[11.83179,7.41686],[11.84444,7.39852],[11.85017,7.38707],[11.85399,7.37867],[11.84426,7.36754],[11.82256,7.33228],[11.81442,7.31261],[11.80493,7.27328],[11.80289,7.24819],[11.8056,7.21902],[11.81035,7.19665],[11.81103,7.18105],[11.81713,7.14918],[11.83409,7.11391],[11.8429,7.09831],[11.84646,7.09386],[11.84456,7.09279],[11.84582,7.09005],[11.84857,7.08456],[11.84307,7.0754],[11.83575,7.06533],[11.81927,7.05801],[11.79729,7.06075],[11.7886,7.06293],[11.78526,7.06305],[11.77102,7.06712],[11.76288,7.06644],[11.75949,7.06508],[11.75271,7.06034],[11.74661,7.0583],[11.74254,7.06102],[11.73643,7.06102],[11.72829,7.05966],[11.71812,7.0583],[11.71541,7.05491],[11.71541,7.04406],[11.71593,7.04199],[11.7158,7.03328],[11.70573,7.02962],[11.69794,7.02962],[11.69362,7.02719],[11.6865,7.01497],[11.68009,7.00581],[11.67368,7.00032],[11.66178,6.99666],[11.66361,6.99025],[11.66074,6.98996],[11.65487,6.9891],[11.64911,6.98872],[11.64255,6.9875],[11.63811,6.98644],[11.6321,6.98252],[11.62973,6.97835],[11.62596,6.97208],[11.62539,6.95393],[11.62255,6.94691],[11.62149,6.93714],[11.6197,6.92364],[11.61432,6.91434],[11.60326,6.91231],[11.58997,6.90947],[11.57985,6.90384],[11.57618,6.89764],[11.5715,6.89043],[11.57043,6.88632],[11.56784,6.87633],[11.55936,6.86665],[11.5579,6.85988],[11.55904,6.85185],[11.57422,6.85267],[11.57808,6.85008],[11.58162,6.84546],[11.58504,6.83313],[11.58303,6.82177],[11.58303,6.81719],[11.5931,6.81536],[11.5986,6.81262],[11.5986,6.80621],[11.59937,6.80117],[11.59036,6.79522],[11.58303,6.79247],[11.57662,6.77782],[11.57571,6.77233],[11.58578,6.75951],[11.58967,6.75006],[11.59036,6.74211],[11.58767,6.73407],[11.58303,6.73112],[11.57253,6.72607],[11.56425,6.72436],[11.5574,6.71522],[11.55282,6.69633],[11.55556,6.68626],[11.55648,6.68076],[11.55465,6.67344],[11.55465,6.66428],[11.55007,6.65787],[11.54274,6.65696],[11.53725,6.6478],[11.53084,6.64231],[11.52352,6.62674],[11.52535,6.61942],[11.52168,6.60934],[11.50978,6.60934],[11.50612,6.60477],[11.49788,6.60385],[11.49087,6.59701],[11.48373,6.5973],[11.47224,6.6011],[11.46583,6.60843],[11.46312,6.60929],[11.45759,6.60477],[11.45118,6.6011],[11.44019,6.59927],[11.43376,6.59901],[11.43104,6.59561],[11.42646,6.5892],[11.43195,6.57638],[11.43287,6.56173],[11.42977,6.54647],[11.42646,6.54159],[11.42463,6.53701],[11.42829,6.53152],[11.42463,6.5306],[11.40082,6.52968],[11.39379,6.52877],[11.3738,6.52534],[11.36352,6.52763],[11.35638,6.5242],[11.35381,6.51535],[11.35496,6.5085],[11.35321,6.50222],[11.33947,6.50313],[11.32482,6.50862],[11.31658,6.51503],[11.30468,6.52511],[11.28414,6.53705],[11.27301,6.53734],[11.26216,6.5262],[11.25216,6.5262],[11.24699,6.52144],[11.24017,6.52449],[11.23417,6.53305],[11.22047,6.53676],[11.2122,6.53609],[11.19297,6.53976],[11.18381,6.54617],[11.16308,6.56303],[11.15422,6.56275],[11.14902,6.5599],[11.14261,6.54708],[11.13071,6.53884],[11.10197,6.54019],[11.09866,6.54891],[11.10049,6.56997],[11.09958,6.60751],[11.10049,6.64231],[11.10324,6.66062],[11.10599,6.68076],[11.09958,6.68717],[11.08767,6.70274],[11.07668,6.71281],[11.06753,6.71373],[11.04922,6.71464],[11.03914,6.71831],[11.03182,6.71373],[11.01379,6.69708],[11.0016,6.68534],[10.99611,6.68443],[10.98878,6.68443],[10.98146,6.689],[10.97597,6.68809],[10.95857,6.69084],[10.95216,6.69267],[10.95124,6.68717],[10.9485,6.68534],[10.92652,6.70091],[10.91828,6.70823],[10.91553,6.72929],[10.91462,6.7357],[10.91722,6.74609],[10.91645,6.7531],[10.9137,6.76592],[10.90821,6.76958],[10.90455,6.76409],[10.89814,6.76042],[10.8899,6.7705],[10.88623,6.77874],[10.88257,6.79064],[10.87433,6.79888],[10.85968,6.80987],[10.85052,6.80621],[10.83925,6.81104],[10.83911,6.81401],[10.83818,6.81643],[10.83587,6.81628],[10.82855,6.82269],[10.82397,6.83001],[10.82122,6.83917],[10.82031,6.84375],[10.82031,6.85016],[10.81848,6.85931],[10.81701,6.86313],[10.82043,6.86542],[10.82415,6.8677],[10.82158,6.87398],[10.82415,6.88141],[10.82786,6.89311],[10.83442,6.91196],[10.84013,6.92509],[10.84185,6.93109],[10.83954,6.93714],[10.83478,6.94011],[10.82214,6.94447],[10.81024,6.95088],[10.80657,6.95912],[10.79925,6.96003],[10.79009,6.96003],[10.7846,6.96736],[10.7791,6.96644],[10.77453,6.95729],[10.76812,6.95362],[10.76445,6.9582],[10.75896,6.96461],[10.7498,6.97102],[10.74889,6.97743],[10.73607,6.98933],[10.71684,6.99117],[10.71226,6.99941],[10.70677,7.00765],[10.69761,7.01497],[10.68571,7.01863],[10.68388,7.02596],[10.68479,7.03786],[10.67747,7.04519],[10.66282,7.05251],[10.66007,7.0461],[10.65275,7.04519],[10.63169,7.04977],[10.62161,7.05709],[10.60239,7.07357],[10.60422,7.0754],[10.6033,7.08273],[10.60788,7.10196],[10.60788,7.1102],[10.60422,7.12027],[10.60422,7.13309],[10.59964,7.14499],[10.59231,7.14682],[10.58407,7.15323],[10.5783,7.15901],[10.57606,7.15975],[10.57129,7.14385],[10.5689,7.12078],[10.5689,7.09533],[10.56651,7.08499],[10.56413,7.07386],[10.56333,7.05159],[10.56572,7.03728],[10.56095,7.02057],[10.55697,6.99512],[10.55379,6.97922],[10.54822,6.97047],[10.54425,6.95297],[10.54504,6.94502],[10.53788,6.93627],[10.53073,6.92991],[10.52913,6.92434],[10.51005,6.91957],[10.5005,6.91241],[10.49653,6.90207],[10.49016,6.90048],[10.47426,6.91162],[10.46233,6.91321],[10.4337,6.914],[10.42654,6.91003],[10.35973,6.90526],[10.31599,6.90048],[10.22771,6.89094],[10.21419,6.89094],[10.20306,6.90526],[10.17602,6.94025],[10.17522,6.94582],[10.18,6.94502],[10.18159,6.95297],[10.18397,6.9649],[10.18397,6.97365],[10.18159,6.98479],[10.18079,6.98956],[10.17522,6.98956],[10.17284,6.99751],[10.17443,7.00387],[10.17761,7.01262],[10.1792,7.0166],[10.17363,7.02137],[10.16807,7.02217],[10.16727,7.02853],[10.16727,7.03409],[10.1617,7.03807],[10.155,7.04142],[10.14341,7.02694],[10.11001,6.99194],[10.06229,6.95377],[10.03207,6.92752],[10.01775,6.91003],[10.01298,6.90128],[9.99867,6.8973],[9.97004,6.87106],[9.95572,6.84402],[9.92789,6.82175],[9.89528,6.78994],[9.88414,6.77324],[9.87381,6.77244],[9.86188,6.78039],[9.84517,6.78119],[9.82052,6.78119],[9.81682,6.78826],[9.81378,6.78725],[9.8067,6.79129],[9.80468,6.78623],[9.79861,6.78522],[9.79355,6.78927],[9.78545,6.79534],[9.77938,6.78623],[9.77837,6.77612],[9.77432,6.76802],[9.77129,6.76195],[9.77534,6.75689],[9.77534,6.74981],[9.76522,6.73767],[9.76016,6.72148],[9.7551,6.70428],[9.76117,6.69214],[9.75712,6.68708],[9.76218,6.67696],[9.76016,6.67089],[9.75814,6.66785],[9.75814,6.6628],[9.75712,6.65167],[9.74802,6.65167],[9.74599,6.63953],[9.74195,6.63042],[9.74094,6.61828],[9.73284,6.60512],[9.72576,6.58185],[9.72272,6.57072],[9.71766,6.56061],[9.71766,6.54543],[9.71058,6.52519],[9.70653,6.51204],[9.69642,6.51204],[9.69237,6.51508],[9.68832,6.51305],[9.67922,6.51204],[9.67213,6.51204],[9.66505,6.51305],[9.661,6.52418],[9.65595,6.53025],[9.65291,6.52924],[9.64886,6.52519],[9.6438,6.52519],[9.63773,6.52317],[9.63166,6.52115],[9.62053,6.52519],[9.61244,6.52722],[9.60839,6.52924],[9.59913,6.53093],[9.60252,6.5382],[9.60648,6.57182],[9.6223,6.66411],[9.63614,6.71289],[9.64603,6.73859],[9.64867,6.79924],[9.64339,6.8434],[9.64141,6.86648],[9.6457,6.89482],[9.66416,6.93569],[9.68921,6.98645],[9.69975,7.0115],[9.73156,7.06689],[9.73491,7.06855],[9.75119,7.06635],[9.7664,7.06632],[9.77184,7.06956],[9.79795,7.0912],[9.81536,7.10635],[9.81971,7.10851],[9.81972,7.11285],[9.81973,7.12045],[9.82194,7.13346],[9.82305,7.14648],[9.8231,7.16817],[9.8228,7.17096],[9.82401,7.17234],[9.83456,7.19936],[9.83521,7.21716],[9.82862,7.23628],[9.82559,7.25142],[9.82496,7.2546],[9.82829,7.25737],[9.84082,7.27978],[9.85598,7.32527],[9.85615,7.32598],[9.8626,7.33407],[9.86805,7.34056],[9.86699,7.35358],[9.87357,7.37635],[9.88014,7.39912],[9.88722,7.42014],[9.89077,7.42543],[9.89284,7.43031],[9.89479,7.43698],[9.90132,7.47115],[9.90705,7.49684],[9.90886,7.49967],[9.91118,7.50172],[9.92124,7.50657],[9.92511,7.51042],[9.92537,7.51196],[9.92474,7.51453],[9.91268,7.53436],[9.91115,7.54233],[9.90555,7.56702],[9.90453,7.57242],[9.90665,7.59631],[9.90539,7.60634],[9.90521,7.60765],[9.90788,7.6247],[9.91226,7.63771],[9.91198,7.63813],[9.90576,7.64749],[9.90522,7.64749],[9.88025,7.67033],[9.86397,7.68556],[9.86355,7.68601],[9.84497,7.70079],[9.79825,7.72693],[9.78631,7.73889],[9.76351,7.76606],[9.72983,7.79108],[9.65811,7.84545],[9.62442,7.87155],[9.58309,7.89223],[9.57004,7.89876],[9.55154,7.8977],[9.54173,7.89446],[9.50364,7.89343],[9.4873,7.88911],[9.45899,7.88047],[9.44266,7.87073],[9.43393,7.8588],[9.41559,7.85099],[9.41107,7.84907],[9.39711,7.84474],[9.39645,7.84453],[9.38664,7.8447],[9.37807,7.84338],[9.31479,7.83482],[9.2726,7.82295],[9.22514,7.81834],[9.1902,7.81042],[9.15659,7.7979],[9.13022,7.78801],[9.12033,7.79329],[9.11572,7.80845],[9.12429,7.8269],[9.14011,7.84866],[9.14999,7.85986],[9.16252,7.86909],[9.17043,7.88228],[9.17217,7.88663],[9.17462,7.88718],[9.17823,7.88853],[9.18184,7.89168],[9.18319,7.89574],[9.18094,7.90386],[9.17913,7.90808],[9.18679,7.91151],[9.20975,7.92177],[9.22037,7.92651],[9.25073,7.94473],[9.28108,7.95585],[9.30536,7.96901],[9.31459,7.97405],[9.31912,7.97653],[9.33552,7.98551],[9.33932,7.99024],[9.34603,8.00188],[9.35171,8.00659],[9.35969,8.0125],[9.36883,8.01844],[9.37905,8.02784],[9.38705,8.0326],[9.39616,8.03968],[9.40414,8.04559],[9.41538,8.06193],[9.41403,8.0711],[9.40342,8.0801],[9.39865,8.08691],[9.39504,8.09375],[9.39256,8.10175],[9.39222,8.11786],[9.39191,8.13281],[9.38695,8.14883],[9.39143,8.15582],[9.40061,8.15945],[9.40628,8.16531],[9.41182,8.17693],[9.40582,8.18717],[9.39753,8.19621],[9.39047,8.20183],[9.38436,8.20476],[9.38214,8.20582],[9.38012,8.20859],[9.37483,8.21181],[9.37125,8.21511],[9.36425,8.21825],[9.35896,8.22148],[9.35375,8.22297],[9.34675,8.22612],[9.34146,8.22934],[9.33617,8.23256],[9.32957,8.23631],[9.3259,8.24544],[9.32342,8.25345],[9.32552,8.26385],[9.33003,8.26969],[9.33569,8.27556],[9.34247,8.28374],[9.34686,8.29534],[9.35018,8.30231],[9.35455,8.31505],[9.35662,8.3266],[9.35995,8.33357],[9.36328,8.34054],[9.36783,8.34408],[9.37697,8.35001],[9.38275,8.35012],[9.38972,8.34911],[9.40141,8.34358],[9.40844,8.33912],[9.42016,8.33244],[9.43182,8.32807],[9.44351,8.32254],[9.45284,8.31927],[9.46687,8.31264],[9.47504,8.30935],[9.48321,8.30606],[9.49251,8.30394],[9.4983,8.30405],[9.50406,8.30532],[9.5122,8.30317],[9.51801,8.30214],[9.52493,8.30342],[9.53534,8.30363],[9.54344,8.30379],[9.54689,8.305],[9.56197,8.303],[9.56665,8.30079],[9.58408,8.29768],[9.5922,8.29668],[9.60037,8.29339],[9.60967,8.29127],[9.61539,8.29484],[9.61753,8.30293],[9.61375,8.31782],[9.61233,8.33045],[9.61211,8.3408],[9.61197,8.35024],[9.61994,8.34923],[9.62223,8.34955],[9.6237,8.3515],[9.62469,8.35459],[9.62452,8.35573],[9.62404,8.3606],[9.62112,8.37069],[9.6183,8.37777],[9.6228,8.38359],[9.6207,8.38541],[9.61851,8.38732],[9.62148,8.38899],[9.62842,8.38698],[9.63137,8.38663],[9.63531,8.38616],[9.6392,8.38552],[9.64758,8.3847],[9.65275,8.3842],[9.65477,8.38235],[9.66438,8.38278],[9.66832,8.38103],[9.67994,8.37961],[9.68388,8.37786],[9.69358,8.37636],[9.69559,8.37451],[9.70328,8.37486],[9.70713,8.37503],[9.71106,8.37327],[9.71675,8.37253],[9.72336,8.37167],[9.72647,8.37127],[9.73346,8.37036],[9.75665,8.36734],[9.76132,8.36971],[9.76499,8.37373],[9.77443,8.37801],[9.78014,8.38155],[9.78416,8.38242],[9.79697,8.3906],[9.80233,8.39132],[9.80942,8.39745],[9.81609,8.40121],[9.82145,8.40279],[9.82424,8.4051],[9.8361,8.41249],[9.84106,8.41617],[9.85603,8.4255],[9.86278,8.42753],[9.86945,8.43129],[9.87937,8.43866],[9.89091,8.44783],[9.89579,8.45324],[9.90563,8.46233],[9.90888,8.46593],[9.91539,8.47315],[9.92026,8.47856],[9.92685,8.48404],[9.93352,8.4878],[9.94344,8.49517],[9.95011,8.49893],[9.95336,8.50254],[9.95824,8.50795],[9.96311,8.51336],[9.97133,8.52065],[9.97629,8.52433],[9.98288,8.52982],[9.9928,8.53718],[9.99776,8.54087],[10.00418,8.54981],[10.00802,8.553],[10.01077,8.55529],[10.01402,8.5589],[10.02223,8.56619],[10.02548,8.5698],[10.03207,8.57528],[10.04361,8.58445],[10.05183,8.59174],[10.06141,8.60601],[10.06621,8.61315],[10.07109,8.61856],[10.07597,8.62397],[10.08084,8.62938],[10.08572,8.63479],[10.08718,8.64005],[10.09718,8.64569],[10.10361,8.65462],[10.1084,8.66176],[10.11328,8.66717],[10.11645,8.6725],[10.12303,8.67799],[10.12799,8.68167],[10.13287,8.68708],[10.13775,8.69249],[10.141,8.6961],[10.14921,8.70339],[10.15246,8.707],[10.15905,8.71248],[10.1623,8.71609],[10.16555,8.7197],[10.17043,8.72511],[10.1771,8.72887],[10.18035,8.73247],[10.18344,8.73953],[10.18815,8.74839],[10.19474,8.75388],[10.2062,8.76478],[10.20945,8.76838],[10.21433,8.77379],[10.22408,8.78461],[10.22905,8.7883],[10.23571,8.79206],[10.2456,8.80441],[10.24864,8.80821],[10.25693,8.81377],[10.26181,8.81918],[10.26694,8.81941],[10.27694,8.82505],[10.28686,8.83242],[10.2919,8.83438],[10.29849,8.83986],[10.30508,8.84535],[10.32508,8.85663],[10.32988,8.86376],[10.33467,8.8709],[10.3411,8.87984],[10.35093,8.88893],[10.3576,8.89269],[10.36256,8.89638],[10.36915,8.90186],[10.3724,8.90547],[10.37565,8.90908],[10.38053,8.91449],[10.38882,8.92005],[10.3972,8.92389],[10.40045,8.92749],[10.40696,8.93471],[10.42021,8.94395],[10.42688,8.94771],[10.43363,8.94975],[10.4403,8.95351],[10.44535,8.95546],[10.45039,8.95742],[10.46381,8.96322],[10.46894,8.96345],[10.47919,8.96391],[10.48936,8.96609],[10.49798,8.96475],[10.50978,8.96874],[10.5184,8.9674],[10.53028,8.96967],[10.53883,8.97005],[10.54403,8.96855],[10.55599,8.96909],[10.56625,8.96955],[10.57471,8.97166],[10.57975,8.97362],[10.58829,8.97401],[10.59675,8.97612],[10.60317,8.98506],[10.60626,8.99212],[10.60951,8.99572],[10.61431,9.00286],[10.61918,9.00827],[10.6227,9.01399],[10.62723,9.01901],[10.63007,9.03125],[10.62982,9.03643],[10.63291,9.04349],[10.63437,9.04874],[10.63745,9.0558],[10.6372,9.06098],[10.64004,9.07322],[10.63792,9.08177],[10.63255,9.08672],[10.62725,9.08994],[10.62252,9.09403],[10.62355,9.09911],[10.62529,9.10305],[10.63263,9.1111],[10.63612,9.11898],[10.63576,9.12668],[10.63366,9.13045],[10.62964,9.13413],[10.62561,9.13782],[10.61774,9.14133],[10.61354,9.14886],[10.61511,9.15666],[10.61257,9.16563],[10.61185,9.16819],[10.612,9.17029],[10.61037,9.17575],[10.61424,9.18279],[10.61049,9.18954],[10.59991,9.19598],[10.59966,9.20116],[10.59572,9.20825],[10.59723,9.20992],[10.59687,9.21762],[10.59661,9.2234],[10.59231,9.23286],[10.5882,9.23847],[10.58015,9.24584],[10.57989,9.25162],[10.57926,9.2651],[10.57891,9.27281],[10.57864,9.27859],[10.57837,9.28437],[10.5781,9.29015],[10.57775,9.29785],[10.57949,9.30179],[10.57932,9.30564],[10.58088,9.31344],[10.58061,9.31922],[10.58026,9.32692],[10.57807,9.33262],[10.57413,9.33437],[10.57011,9.33805],[10.56792,9.34375],[10.55987,9.35111],[10.56162,9.35505],[10.56144,9.35891],[10.56126,9.36276],[10.56658,9.37265],[10.56439,9.37834],[10.56037,9.38202],[10.56001,9.38973],[10.56359,9.39568],[10.56918,9.39979],[10.57102,9.4018],[10.57835,9.40985],[10.57992,9.41764],[10.57956,9.42535],[10.5792,9.43305],[10.57894,9.43883],[10.57666,9.44645],[10.57465,9.44829],[10.57254,9.45206],[10.57035,9.45776],[10.56615,9.46529],[10.56021,9.46889],[10.55618,9.47257],[10.54822,9.47801],[10.54621,9.47985],[10.54166,9.48229],[10.53791,9.48904],[10.53322,9.49227],[10.53059,9.49288],[10.52367,9.50051],[10.51849,9.50377],[10.51633,9.51056],[10.52113,9.5177],[10.52951,9.52153],[10.53447,9.52522],[10.53625,9.52719],[10.54097,9.53243],[10.54756,9.53792],[10.55252,9.5416],[10.55756,9.54356],[10.56252,9.54724],[10.56911,9.55273],[10.57578,9.55649],[10.58074,9.56017],[10.58911,9.56401],[10.60287,9.5629],[10.60807,9.5614],[10.61337,9.55818],[10.61858,9.55668],[10.62549,9.55526],[10.6342,9.55219],[10.63941,9.5507],[10.64641,9.54755],[10.65162,9.54606],[10.65683,9.54456],[10.66375,9.54314],[10.67245,9.54008],[10.67758,9.54031],[10.68433,9.54234],[10.70442,9.55189],[10.70938,9.55558],[10.71605,9.55934],[10.7228,9.56137],[10.73118,9.56521],[10.73435,9.57054],[10.73923,9.57595],[10.74419,9.57963],[10.75077,9.58512],[10.75402,9.58873],[10.75728,9.59233],[10.76215,9.59774],[10.77037,9.60503],[10.77874,9.60887],[10.78379,9.61083],[10.78891,9.61106],[10.80079,9.61332],[10.80925,9.61543],[10.8195,9.61589],[10.82975,9.61635],[10.83822,9.61847]]]]}},{"type":"Feature","id":"NG036","properties":{"admin1Pcod":"NG036","admin1Name":"Yobe","admin1RefN":"Yobe","admin0Pcod":"NG","admin0Name":"Nigeria"},"geometry":{"type":"MultiPolygon","coordinates":[[[[11.22181,13.374],[11.25518,13.374],[11.27992,13.37447],[11.29774,13.37496],[11.34029,13.37351],[11.37704,13.37206],[11.40461,13.36964],[11.41655,13.36566],[11.42018,13.36594],[11.42367,13.36538],[11.42717,13.36481],[11.43281,13.36274],[11.43941,13.35935],[11.4431,13.35991],[11.4468,13.36047],[11.45438,13.36272],[11.46041,13.3629],[11.46251,13.36256],[11.46769,13.36388],[11.47503,13.36793],[11.48547,13.36581],[11.50838,13.35437],[11.50864,13.35415],[11.52091,13.35223],[11.54364,13.34692],[11.56686,13.33531],[11.59297,13.32419],[11.60458,13.3179],[11.62005,13.31355],[11.64472,13.30436],[11.65729,13.30146],[11.66648,13.29662],[11.67905,13.29275],[11.70807,13.28501],[11.73031,13.28018],[11.74144,13.27486],[11.74917,13.27631],[11.76368,13.27389],[11.77239,13.27147],[11.78351,13.26857],[11.80237,13.26616],[11.84831,13.25552],[11.87926,13.24874],[11.89087,13.24197],[11.92714,13.22408],[11.94696,13.20812],[11.97937,13.18539],[11.99871,13.16895],[12.01128,13.15783],[12.01418,13.15106],[12.03111,13.13752],[12.04272,13.13075],[12.0461,13.12833],[12.05481,13.12156],[12.0669,13.11672],[12.07143,13.11351],[12.07383,13.1132],[12.08527,13.10798],[12.09673,13.10481],[12.10612,13.10371],[12.11864,13.10155],[12.12906,13.09941],[12.131,13.09863],[12.13157,13.10091],[12.13468,13.10416],[12.13949,13.09935],[12.14254,13.09896],[12.14929,13.09689],[12.15104,13.09851],[12.14903,13.10532],[12.15091,13.10857],[12.1576,13.10812],[12.16175,13.10325],[12.16363,13.10214],[12.17038,13.1037],[12.17285,13.10085],[12.17759,13.09831],[12.18031,13.1039],[12.18739,13.10656],[12.17934,13.11506],[12.17687,13.12038],[12.1785,13.12519],[12.18375,13.12103],[12.18843,13.12032],[12.19485,13.12201],[12.19797,13.12252],[12.20264,13.12272],[12.20693,13.12051],[12.21101,13.1148],[12.21828,13.11409],[12.22692,13.10961],[12.23016,13.10766],[12.23367,13.10734],[12.23568,13.10993],[12.23821,13.11344],[12.24113,13.11461],[12.25113,13.11441],[12.25703,13.11435],[12.26534,13.10961],[12.27028,13.10364],[12.27299,13.09556],[12.27245,13.08883],[12.27461,13.08335],[12.27755,13.08098],[12.28707,13.08003],[12.28798,13.08227],[12.28233,13.08368],[12.28046,13.08613],[12.28196,13.08746],[12.28345,13.08879],[12.28686,13.09191],[12.28948,13.09311],[12.29354,13.0958],[12.29745,13.09623],[12.30207,13.09607],[12.3062,13.0958],[12.31197,13.0925],[12.31912,13.08782],[12.3231,13.08538],[12.3271,13.08562],[12.33359,13.08368],[12.33315,13.07764],[12.33618,13.07269],[12.3392,13.07297],[12.34079,13.08367],[12.3436,13.0859],[12.34773,13.08205],[12.35241,13.0793],[12.35571,13.07902],[12.36148,13.08039],[12.36231,13.08782],[12.36341,13.09002],[12.36863,13.08672],[12.36877,13.07913],[12.37025,13.07713],[12.37488,13.07587],[12.39043,13.07681],[12.39367,13.07706],[12.39413,13.0771],[12.39404,13.07618],[12.39578,13.07197],[12.40074,13.05254],[12.40558,13.01963],[12.40541,13.00149],[12.40526,12.98593],[12.40001,12.96862],[12.38844,12.93047],[12.37882,12.91034],[12.37526,12.89604],[12.37765,12.87748],[12.37815,12.87707],[12.39176,12.86559],[12.39382,12.86385],[12.40649,12.84352],[12.44624,12.78669],[12.44786,12.77741],[12.45192,12.75378],[12.47052,12.72664],[12.47754,12.71776],[12.48999,12.70202],[12.49413,12.68682],[12.49046,12.66241],[12.48191,12.64041],[12.47904,12.63303],[12.46904,12.61753],[12.46644,12.61419],[12.4623,12.61312],[12.45699,12.61175],[12.44361,12.60958],[12.44353,12.60937],[12.44316,12.60974],[12.43795,12.60774],[12.43446,12.60505],[12.43133,12.6027],[12.43027,12.60101],[12.42992,12.59999],[12.42989,12.59659],[12.43152,12.58636],[12.43381,12.58141],[12.43384,12.58136],[12.43387,12.58132],[12.4339,12.58131],[12.43387,12.58128],[12.43151,12.57816],[12.42973,12.57401],[12.42862,12.57144],[12.42717,12.56807],[12.42444,12.56328],[12.42263,12.56013],[12.42083,12.55697],[12.41935,12.55438],[12.41556,12.55188],[12.41224,12.54663],[12.40932,12.54363],[12.4062,12.53951],[12.40444,12.53632],[12.40248,12.532],[12.40053,12.52769],[12.39877,12.5245],[12.39811,12.51948],[12.39508,12.51571],[12.3889,12.50801],[12.386,12.50666],[12.38588,12.50661],[12.37675,12.49878],[12.37051,12.4932],[12.36801,12.49203],[12.3638,12.48738],[12.36012,12.48516],[12.35652,12.48299],[12.35292,12.48082],[12.35085,12.48063],[12.3454,12.47991],[12.3432,12.47661],[12.34053,12.4726],[12.33764,12.47102],[12.33466,12.46938],[12.33184,12.46808],[12.32561,12.46519],[12.32204,12.46286],[12.3184,12.46073],[12.31556,12.45907],[12.31192,12.45987],[12.30803,12.45819],[12.30414,12.4565],[12.30044,12.45595],[12.29772,12.45407],[12.2911,12.45052],[12.28701,12.44771],[12.28315,12.44283],[12.28062,12.44178],[12.27863,12.44096],[12.27595,12.43899],[12.27201,12.43599],[12.26937,12.43399],[12.2655,12.43105],[12.26538,12.42691],[12.26124,12.4231],[12.2611,12.42297],[12.26062,12.42027],[12.26288,12.41362],[12.26463,12.40812],[12.26781,12.39969],[12.26916,12.3931],[12.27036,12.38842],[12.27246,12.38626],[12.27454,12.37944],[12.27667,12.37751],[12.27758,12.36818],[12.28155,12.36191],[12.28584,12.35308],[12.28689,12.35093],[12.29084,12.34279],[12.29839,12.32916],[12.30157,12.32073],[12.30403,12.31376],[12.30427,12.30756],[12.30578,12.29115],[12.30593,12.28725],[12.29789,12.26196],[12.29978,12.2404],[12.3041,12.23055],[12.30405,12.22818],[12.30317,12.22237],[12.30309,12.21873],[12.30063,12.20858],[12.29936,12.20169],[12.29651,12.19045],[12.29159,12.17016],[12.28881,12.16257],[12.28389,12.14227],[12.2742,12.10896],[12.27174,12.09881],[12.26968,12.08974],[12.26841,12.08285],[12.26484,12.07309],[12.26278,12.06402],[12.25754,12.04628],[12.25537,12.03451],[12.25373,12.0256],[12.25206,12.01762],[12.25121,12.01255],[12.25064,12.00917],[12.24992,12.00492],[12.24936,11.99655],[12.24876,11.99059],[12.24841,11.9871],[12.24818,11.97618],[12.24881,11.97107],[12.24786,11.96162],[12.24556,11.94164],[12.24469,11.93583],[12.24659,11.92467],[12.24652,11.91686],[12.24596,11.90849],[12.2462,11.9023],[12.24565,11.89393],[12.24589,11.88774],[12.24645,11.87898],[12.24629,11.8717],[12.24764,11.86512],[12.2482,11.85637],[12.24915,11.84871],[12.2505,11.84212],[12.25146,11.83446],[12.25241,11.82679],[12.25217,11.81587],[12.24844,11.79883],[12.24336,11.78837],[12.24066,11.78441],[12.23967,11.78327],[12.24129,11.77372],[12.23652,11.76],[12.23648,11.7599],[12.23329,11.75223],[12.22235,11.75079],[12.22032,11.74926],[12.20992,11.74143],[12.20986,11.74132],[12.20758,11.73372],[12.20287,11.72908],[12.19898,11.72187],[12.19604,11.707],[12.19366,11.70049],[12.19128,11.69398],[12.18842,11.68275],[12.18684,11.67841],[12.18521,11.67491],[12.18096,11.66578],[12.17898,11.66035],[12.17825,11.65835],[12.19238,11.64503],[12.22372,11.63286],[12.24126,11.65231],[12.27484,11.69402],[12.28267,11.68042],[12.29137,11.66313],[12.30111,11.64491],[12.30075,11.61616],[12.29996,11.60862],[12.31355,11.60564],[12.32335,11.59819],[12.32991,11.59363],[12.34847,11.58308],[12.34856,11.58295],[12.36256,11.56368],[12.36256,11.56368],[12.37354,11.54976],[12.35069,11.50504],[12.34652,11.499],[12.33826,11.48285],[12.33323,11.48944],[12.33032,11.4929],[12.33026,11.49276],[12.32598,11.48335],[12.32097,11.46587],[12.31601,11.45317],[12.30467,11.44849],[12.269,11.43128],[12.24463,11.41397],[12.22497,11.38228],[12.2119,11.36487],[12.20879,11.35738],[12.20531,11.349],[12.1953,11.31245],[12.19439,11.31207],[12.1942,11.31155],[12.1915,11.3076],[12.1892,11.30473],[12.1869,11.30186],[12.1869,11.30186],[12.18315,11.30087],[12.18211,11.29905],[12.18211,11.29905],[12.17856,11.2962],[12.17493,11.29401],[12.17213,11.29232],[12.16722,11.28915],[12.1672,11.28914],[12.1672,11.28914],[12.16203,11.28856],[12.1595,11.2862],[12.15323,11.28176],[12.15094,11.28028],[12.1483,11.27858],[12.14378,11.27649],[12.13774,11.27369],[12.13629,11.27234],[12.13393,11.27013],[12.13041,11.26927],[12.12567,11.2681],[12.12186,11.26454],[12.12186,11.26454],[12.12186,11.26454],[12.11773,11.26353],[12.11271,11.25987],[12.1109,11.25856],[12.10939,11.25746],[12.10749,11.25608],[12.10479,11.25213],[12.10241,11.24562],[12.10212,11.24123],[12.10185,11.23725],[12.10245,11.23243],[12.10281,11.22959],[12.10393,11.2266],[12.10598,11.22115],[12.1067,11.21541],[12.10694,11.21348],[12.10742,11.21198],[12.10869,11.20799],[12.10972,11.20396],[12.11075,11.19993],[12.11179,11.19591],[12.1128,11.19196],[12.11282,11.19188],[12.11368,11.18768],[12.11417,11.1853],[12.11424,11.18336],[12.11441,11.1791],[12.11393,11.17438],[12.11441,11.17052],[12.11457,11.16927],[12.11501,11.16573],[12.11521,11.16416],[12.11516,11.1634],[12.11465,11.15579],[12.11711,11.14883],[12.12051,11.14018],[12.12101,11.13892],[12.1225,11.13898],[12.12736,11.13916],[12.1299,11.13583],[12.13083,11.13391],[12.13348,11.12847],[12.13411,11.12336],[12.13515,11.11934],[12.13507,11.1157],[12.13602,11.10803],[12.13705,11.104],[12.13912,11.09595],[12.14166,11.09263],[12.14532,11.08891],[12.14968,11.08107],[12.14859,11.07767],[12.14657,11.07577],[12.14603,11.07033],[12.14373,11.06746],[12.13913,11.06172],[12.12856,11.05683],[12.12408,11.0557],[12.11657,11.05488],[12.11244,11.05387],[12.10681,11.05216],[12.09894,11.05122],[12.0941,11.05168],[12.08886,11.05106],[12.0829,11.0519],[12.07623,11.05422],[12.06996,11.05762],[12.0644,11.05955],[12.05772,11.06187],[12.05439,11.06302],[12.04732,11.06425],[12.04097,11.06402],[12.03573,11.06339],[12.02898,11.06207],[12.02215,11.0571],[12.01945,11.05315],[12.01595,11.04703],[12.01286,11.04199],[12.00937,11.03587],[12.00783,11.03395],[12.00476,11.03013],[12.00166,11.02509],[11.99102,11.01656],[11.98642,11.01083],[11.97991,11.00331],[11.9753,10.99757],[11.96847,10.99261],[11.96466,10.98904],[11.95593,10.98229],[11.9487,10.97624],[11.93655,10.96702],[11.93353,10.96562],[11.93052,10.96422],[11.92639,10.96321],[11.92075,10.9615],[11.91511,10.95979],[11.91098,10.95878],[11.90534,10.95707],[11.9024,10.95672],[11.9001,10.95644],[11.89597,10.95543],[11.89033,10.95372],[11.88509,10.9531],[11.87945,10.95139],[11.87603,10.95016],[11.8708,10.94828],[11.86588,10.9451],[11.86024,10.94339],[11.8546,10.94168],[11.84825,10.94144],[11.8415,10.94012],[11.83495,10.93883],[11.83475,10.93879],[11.82911,10.93708],[11.82236,10.93576],[11.81632,10.93296],[11.80957,10.93164],[11.80354,10.92884],[11.79901,10.92675],[11.78924,10.92403],[11.78059,10.92092],[11.78049,10.92089],[11.77022,10.92096],[11.76807,10.92037],[11.7675,10.92021],[11.76684,10.92004],[11.76297,10.9174],[11.762,10.91674],[11.76105,10.91568],[11.75854,10.91289],[11.75613,10.9123],[11.74898,10.90989],[11.74485,10.90888],[11.74183,10.90748],[11.7362,10.90577],[11.7336,10.90457],[11.72714,10.90158],[11.71763,10.8979],[11.71547,10.89707],[11.70632,10.89452],[11.7057,10.89435],[11.69967,10.89156],[11.69403,10.88985],[11.68839,10.88814],[11.68577,10.88692],[11.68467,10.8854],[11.68319,10.88131],[11.68122,10.8759],[11.68118,10.87019],[11.68597,10.86682],[11.69127,10.86678],[11.70039,10.86195],[11.70948,10.85331],[11.71853,10.83991],[11.71994,10.83419],[11.72231,10.82988],[11.72413,10.825],[11.72515,10.82224],[11.73088,10.81649],[11.73421,10.81075],[11.73594,10.80325],[11.73621,10.80307],[11.73836,10.79866],[11.73971,10.79208],[11.73812,10.78774],[11.73725,10.78193],[11.73526,10.77651],[11.73256,10.77256],[11.73018,10.76605],[11.72541,10.75972],[11.72288,10.75636],[11.7224,10.75163],[11.72113,10.74474],[11.72607,10.74346],[11.72844,10.73731],[11.72852,10.73725],[11.73432,10.73283],[11.7398,10.72726],[11.74112,10.7268],[11.74647,10.72494],[11.75052,10.72231],[11.75378,10.71751],[11.75632,10.71419],[11.75735,10.71016],[11.7595,10.70575],[11.76601,10.69615],[11.76847,10.68919],[11.76828,10.68034],[11.76828,10.68022],[11.7672,10.67966],[11.76396,10.67751],[11.76141,10.6761],[11.75877,10.6747],[11.75639,10.67354],[11.75431,10.67229],[11.75392,10.67205],[11.75017,10.66915],[11.74881,10.66815],[11.74795,10.66707],[11.74793,10.66704],[11.74783,10.66701],[11.74063,10.6609],[11.73147,10.65313],[11.72726,10.64848],[11.72305,10.64383],[11.72075,10.64096],[11.71694,10.63739],[11.71353,10.63491],[11.71011,10.63243],[11.70639,10.63018],[11.70368,10.62855],[11.69765,10.62576],[11.68859,10.62156],[11.68557,10.62017],[11.67882,10.61884],[11.6747,10.61783],[11.66945,10.61721],[11.66644,10.61581],[11.66119,10.61518],[11.65859,10.61439],[11.65556,10.61347],[11.65254,10.61208],[11.64952,10.61068],[11.64579,10.61075],[11.64015,10.60904],[11.63286,10.60952],[11.62882,10.60885],[11.62422,10.607],[11.61383,10.60444],[11.60226,10.60301],[11.59367,10.59759],[11.58331,10.59387],[11.57289,10.59247],[11.56131,10.59162],[11.55153,10.58791],[11.54836,10.58526],[11.54499,10.58244],[11.53728,10.57598],[11.53274,10.57123],[11.52759,10.56763],[11.52187,10.569],[11.51651,10.57028],[11.51462,10.57778],[11.51272,10.58527],[11.51337,10.59498],[11.5124,10.59984],[11.51286,10.60326],[11.51342,10.60733],[11.51475,10.61222],[11.51611,10.61725],[11.5173,10.62223],[11.51838,10.62675],[11.51931,10.63067],[11.52145,10.63942],[11.52419,10.66001],[11.52272,10.66148],[11.52121,10.66689],[11.51646,10.68397],[11.51507,10.69495],[11.51547,10.70366],[11.51686,10.72052],[11.51662,10.73211],[11.51856,10.7399],[11.51983,10.74495],[11.52217,10.74947],[11.52652,10.75786],[11.52696,10.77348],[11.5284,10.77879],[11.52851,10.7825],[11.5286,10.78574],[11.52874,10.7904],[11.5303,10.79914],[11.53268,10.80414],[11.53262,10.80745],[11.53408,10.81256],[11.53479,10.81613],[11.53618,10.82305],[11.53644,10.82877],[11.53441,10.83354],[11.53815,10.83992],[11.53907,10.85096],[11.53649,10.86366],[11.53416,10.86704],[11.53139,10.87107],[11.52867,10.87682],[11.52842,10.87974],[11.52813,10.88303],[11.52779,10.88691],[11.52738,10.89159],[11.52891,10.8934],[11.52979,10.89792],[11.531,10.90414],[11.53187,10.91808],[11.53151,10.92327],[11.53105,10.92966],[11.5307,10.93234],[11.53036,10.93487],[11.52869,10.93894],[11.52731,10.94234],[11.52128,10.95322],[11.5196,10.95684],[11.51703,10.9624],[11.51342,10.9687],[11.50926,10.97324],[11.5045,10.97893],[11.49497,10.99089],[11.48848,10.99596],[11.48254,11.00278],[11.47533,11.0148],[11.47055,11.02165],[11.45981,11.03326],[11.4569,11.03641],[11.45218,11.04221],[11.44856,11.04666],[11.44326,11.05059],[11.43923,11.05314],[11.43485,11.05591],[11.42909,11.06245],[11.42747,11.06408],[11.42405,11.06753],[11.4208,11.07081],[11.41725,11.07377],[11.4151,11.07647],[11.41212,11.08021],[11.40719,11.0834],[11.40246,11.08793],[11.40014,11.08909],[11.39874,11.0928],[11.39544,11.09449],[11.39233,11.09731],[11.38923,11.10012],[11.38593,11.10182],[11.38399,11.10445],[11.38205,11.10707],[11.38012,11.1097],[11.37838,11.11346],[11.37644,11.11609],[11.37333,11.1189],[11.3714,11.12153],[11.36829,11.12435],[11.36519,11.12717],[11.36461,11.13073],[11.36404,11.1343],[11.3621,11.13693],[11.36036,11.14068],[11.35862,11.14444],[11.35551,11.14725],[11.35358,11.14988],[11.35223,11.15589],[11.34952,11.16096],[11.34894,11.16452],[11.34584,11.16734],[11.3439,11.16997],[11.34333,11.17353],[11.34178,11.17841],[11.34004,11.18217],[11.3383,11.18592],[11.33656,11.18968],[11.33462,11.19231],[11.33269,11.19493],[11.33095,11.19869],[11.3292,11.20244],[11.32863,11.20601],[11.32669,11.20864],[11.32612,11.2122],[11.32321,11.21615],[11.32147,11.2199],[11.32089,11.22347],[11.31915,11.22722],[11.31722,11.22985],[11.31547,11.2336],[11.31373,11.23736],[11.31083,11.2413],[11.30909,11.24506],[11.30579,11.24675],[11.30385,11.24938],[11.30055,11.25107],[11.29608,11.25295],[11.29258,11.25352],[11.28656,11.25334],[11.28383,11.25146],[11.27974,11.24865],[11.27585,11.24697],[11.27312,11.2451],[11.2702,11.2421],[11.26281,11.24098],[11.25911,11.24042],[11.25445,11.24118],[11.25095,11.24174],[11.24726,11.24118],[11.24259,11.24194],[11.23793,11.2427],[11.23346,11.24458],[11.23016,11.24627],[11.22686,11.24796],[11.22356,11.24965],[11.22046,11.25247],[11.21696,11.25304],[11.21249,11.25492],[11.21055,11.25755],[11.20725,11.25924],[11.20259,11.26],[11.19793,11.26075],[11.19306,11.26038],[11.18627,11.26264],[11.1818,11.26452],[11.1785,11.26622],[11.175,11.26678],[11.17014,11.26641],[11.16664,11.26698],[11.16314,11.26755],[11.15965,11.26811],[11.15498,11.26887],[11.15051,11.27075],[11.14741,11.27357],[11.14411,11.27526],[11.14101,11.27808],[11.1377,11.27977],[11.13304,11.28053],[11.13032,11.27865],[11.12158,11.28354],[11.11847,11.28636],[11.11381,11.28711],[11.11051,11.28881],[11.10721,11.2905],[11.10177,11.29369],[11.09847,11.29539],[11.09653,11.29801],[11.09207,11.2999],[11.08896,11.30271],[11.08586,11.30553],[11.08062,11.30985],[11.07868,11.31248],[11.07479,11.3108],[11.07149,11.31249],[11.06643,11.31099],[11.06274,11.31044],[11.05885,11.30875],[11.05495,11.30707],[11.05126,11.30651],[11.04173,11.30689],[11.03687,11.30652],[11.03298,11.30484],[11.03006,11.30184],[11.0283,11.29865],[11.01975,11.29773],[11.01702,11.29585],[11.01275,11.29886],[11.00732,11.29587],[11.00283,11.29699],[10.99914,11.29644],[10.99544,11.29588],[10.99175,11.29504],[10.98697,11.2951],[10.98438,11.29659],[10.97813,11.29289],[10.97347,11.29365],[10.9657,11.29722],[10.95696,11.30211],[10.95347,11.30268],[10.94997,11.30325],[10.94667,11.30494],[10.94356,11.30776],[10.94163,11.31038],[10.93813,11.31095],[10.93443,11.31039],[10.93113,11.31208],[10.92667,11.31397],[10.92252,11.31776],[10.9144,11.31895],[10.91133,11.32224],[10.90803,11.32393],[10.90356,11.32581],[10.89909,11.32769],[10.89482,11.3307],[10.89036,11.33258],[10.88725,11.3354],[10.87948,11.33897],[10.87519,11.3396],[10.87043,11.34404],[10.86608,11.34462],[10.86181,11.34762],[10.85851,11.34931],[10.85561,11.35326],[10.85037,11.35758],[10.85038,11.36452],[10.85331,11.36752],[10.8572,11.3692],[10.86126,11.36975],[10.86355,11.37207],[10.86649,11.37505],[10.86918,11.37777],[10.87507,11.37899],[10.88986,11.3808],[10.90229,11.38497],[10.90994,11.38917],[10.91426,11.39432],[10.92056,11.41171],[10.92638,11.42957],[10.92982,11.44329],[10.93007,11.44638],[10.93116,11.4594],[10.93343,11.46218],[10.93421,11.46668],[10.9348,11.47005],[10.93559,11.47456],[10.93502,11.47812],[10.93561,11.4815],[10.93368,11.48636],[10.93417,11.49095],[10.93467,11.49561],[10.9306,11.50083],[10.93003,11.50439],[10.92965,11.50908],[10.92927,11.51377],[10.92966,11.51603],[10.92889,11.51847],[10.92832,11.52203],[10.92774,11.5256],[10.92833,11.52897],[10.92912,11.53347],[10.92991,11.53798],[10.93167,11.54116],[10.93109,11.54473],[10.93188,11.54923],[10.9313,11.5528],[10.93093,11.55749],[10.93172,11.56199],[10.9325,11.56649],[10.93213,11.57118],[10.93078,11.57719],[10.9302,11.58075],[10.92866,11.58563],[10.92828,11.59032],[10.9279,11.59501],[10.92733,11.59858],[10.92715,11.6044],[10.92697,11.61021],[10.92756,11.61359],[10.92621,11.61959],[10.92564,11.62316],[10.92642,11.62766],[10.92585,11.63123],[10.92547,11.63592],[10.92509,11.64061],[10.92452,11.64417],[10.92511,11.64755],[10.92454,11.65112],[10.92299,11.656],[10.92105,11.65862],[10.92048,11.66219],[10.91951,11.66404],[10.91858,11.66484],[10.91619,11.66829],[10.91336,11.67443],[10.91292,11.68102],[10.91248,11.68903],[10.91395,11.69561],[10.91494,11.7022],[10.91569,11.70878],[10.91628,11.72949],[10.91735,11.75161],[10.91666,11.75726],[10.91192,11.76247],[10.90527,11.76956],[10.90244,11.7757],[10.90247,11.78229],[10.90539,11.79169],[10.90594,11.80581],[10.90407,11.81476],[10.90075,11.81901],[10.89456,11.82093],[10.89084,11.82205],[10.88025,11.82524],[10.86787,11.83236],[10.85643,11.83666],[10.84976,11.84045],[10.84595,11.84094],[10.83879,11.84239],[10.83259,11.84383],[10.82545,11.84905],[10.82166,11.85566],[10.8193,11.86038],[10.81837,11.86603],[10.82225,11.87731],[10.82564,11.88577],[10.82793,11.89211],[10.82887,11.89329],[10.82616,11.89518],[10.8244,11.89712],[10.82169,11.898],[10.82045,11.89857],[10.82008,11.89913],[10.81998,11.8997],[10.82008,11.90091],[10.82044,11.90279],[10.82036,11.90295],[10.81857,11.90651],[10.81575,11.91547],[10.81475,11.91673],[10.8114,11.92093],[10.80991,11.9228],[10.79976,11.95255],[10.79988,11.97831],[10.80392,12.00147],[10.81181,12.01045],[10.81316,12.01946],[10.81068,12.04651],[10.80312,12.10322],[10.80194,12.12898],[10.80082,12.16504],[10.78922,12.20116],[10.77501,12.236],[10.76999,12.27981],[10.77148,12.31586],[10.77291,12.34032],[10.75983,12.36965],[10.75737,12.37516],[10.75615,12.39191],[10.75125,12.46148],[10.74211,12.46538],[10.73164,12.46543],[10.7055,12.47328],[10.67808,12.48757],[10.66239,12.49279],[10.64299,12.49823],[10.64152,12.50022],[10.63959,12.50284],[10.63648,12.50566],[10.63494,12.51054],[10.6332,12.5143],[10.62873,12.51618],[10.62523,12.51674],[10.62193,12.51844],[10.61843,12.519],[10.61397,12.52088],[10.61047,12.52145],[10.60444,12.52127],[10.60075,12.52071],[10.59705,12.52015],[10.59405,12.52013],[10.59025,12.52241],[10.58968,12.52598],[10.59047,12.53048],[10.59242,12.53479],[10.59418,12.53798],[10.59497,12.54248],[10.59053,12.54585],[10.58896,12.54924],[10.58858,12.55393],[10.59104,12.55806],[10.59346,12.56125],[10.59521,12.56443],[10.596,12.56893],[10.59543,12.5725],[10.59855,12.57662],[10.59933,12.58113],[10.59896,12.58582],[10.59877,12.59163],[10.5984,12.59632],[10.59782,12.59989],[10.59725,12.60345],[10.59823,12.60908],[10.59766,12.61265],[10.59708,12.61621],[10.59566,12.61881],[10.59613,12.62447],[10.59575,12.62916],[10.59665,12.63214],[10.59728,12.63424],[10.59865,12.63879],[10.59862,12.64224],[10.59739,12.64798],[10.59615,12.65372],[10.5951,12.65725],[10.59408,12.66068],[10.59604,12.66409],[10.59481,12.66983],[10.59549,12.67436],[10.596,12.67773],[10.59643,12.68061],[10.59606,12.68334],[10.59569,12.68433],[10.59394,12.68899],[10.59253,12.69604],[10.59329,12.70449],[10.59617,12.708],[10.59654,12.71505],[10.59557,12.71715],[10.59383,12.72091],[10.59072,12.72505],[10.59069,12.72735],[10.58821,12.72992],[10.58627,12.73255],[10.5857,12.73611],[10.58396,12.73987],[10.58202,12.7425],[10.58008,12.74513],[10.57814,12.74775],[10.5764,12.75151],[10.57446,12.75414],[10.57428,12.75995],[10.57391,12.76464],[10.57333,12.76821],[10.57529,12.77252],[10.57588,12.7759],[10.57723,12.78245],[10.57687,12.78626],[10.57668,12.78826],[10.57712,12.79282],[10.57282,12.79954],[10.57088,12.80217],[10.5777,12.80685],[10.57458,12.81236],[10.56984,12.81691],[10.56631,12.81917],[10.5619,12.82127],[10.56134,12.82131],[10.55138,12.82201],[10.54143,12.82335],[10.53677,12.82207],[10.53079,12.82013],[10.52415,12.82081],[10.52152,12.82474],[10.5174,12.828],[10.51587,12.82777],[10.51352,12.82774],[10.50892,12.82494],[10.50651,12.8265],[10.50418,12.82532],[10.50185,12.82414],[10.49601,12.82292],[10.49017,12.8217],[10.48549,12.82164],[10.48197,12.8216],[10.47846,12.82156],[10.47494,12.82267],[10.47025,12.82261],[10.4644,12.82254],[10.46065,12.82157],[10.45838,12.82387],[10.45508,12.82557],[10.45197,12.82838],[10.44557,12.83289],[10.44246,12.83571],[10.43566,12.83797],[10.43217,12.83854],[10.4275,12.83929],[10.42284,12.84005],[10.41954,12.84174],[10.41584,12.84118],[10.41234,12.84175],[10.41029,12.84034],[10.4082,12.84003],[10.40563,12.84371],[10.40327,12.84483],[10.39855,12.84823],[10.39384,12.85162],[10.39148,12.85275],[10.38208,12.85609],[10.37972,12.85721],[10.3762,12.85832],[10.3668,12.86166],[10.36446,12.86163],[10.35977,12.86157],[10.35509,12.86152],[10.34923,12.86145],[10.34105,12.8602],[10.33446,12.85878],[10.33054,12.85777],[10.32704,12.85657],[10.32237,12.85536],[10.31887,12.85417],[10.30604,12.84941],[10.29904,12.84702],[10.29552,12.84698],[10.29201,12.84625],[10.28968,12.84576],[10.28735,12.84458],[10.28151,12.84336],[10.27801,12.84216],[10.2745,12.84212],[10.27217,12.84094],[10.26865,12.8409],[10.26161,12.84312],[10.25926,12.84309],[10.25574,12.8442],[10.25223,12.84415],[10.24986,12.84643],[10.24747,12.85101],[10.24744,12.85446],[10.24871,12.85703],[10.25342,12.86098],[10.25941,12.86291],[10.27403,12.86743],[10.27603,12.86938],[10.27671,12.87525],[10.27343,12.8844],[10.27161,12.8943],[10.27159,12.8962],[10.27155,12.89966],[10.27279,12.90489],[10.27378,12.91005],[10.27489,12.91582],[10.27601,12.92043],[10.27947,12.92623],[10.28173,12.93317],[10.28169,12.93777],[10.28165,12.94123],[10.2816,12.94583],[10.28158,12.94814],[10.28155,12.95044],[10.28036,12.95273],[10.28032,12.95618],[10.2791,12.96077],[10.27788,12.96536],[10.27669,12.96765],[10.2743,12.97223],[10.26598,12.98364],[10.2636,12.98707],[10.26239,12.99051],[10.2576,13.00081],[10.2576,13.00087],[10.25513,13.00228],[10.25379,13.00415],[10.25352,13.00601],[10.25434,13.00733],[10.25515,13.00919],[10.25547,13.00995],[10.25515,13.01114],[10.2548,13.01214],[10.25165,13.01318],[10.24571,13.01453],[10.24004,13.01455],[10.23489,13.01164],[10.23084,13.0106],[10.23002,13.0106],[10.22868,13.01193],[10.22625,13.0138],[10.22221,13.017],[10.21789,13.01967],[10.21249,13.02075],[10.20898,13.02129],[10.20519,13.02077],[10.20059,13.01919],[10.19491,13.01602],[10.18435,13.01048],[10.17758,13.00705],[10.16674,12.99885],[10.15686,12.99238],[10.15063,12.98789],[10.14711,12.9871],[10.13496,12.98979],[10.12902,12.99167],[10.11714,12.99409],[10.10741,12.99439],[10.08442,12.98782],[10.07752,12.98452],[10.07048,12.98029],[10.06453,12.97951],[10.05128,12.9769],[10.03641,12.97402],[10.02153,12.96901],[10.01964,12.96769],[10.01451,12.96877],[10.00829,12.96825],[9.99395,12.96139],[9.99124,12.95927],[9.98663,12.9553],[9.98176,12.95292],[9.97771,12.95134],[9.97527,12.95029],[9.97419,12.95029],[9.96987,12.95136],[9.96474,12.95164],[9.95744,12.95086],[9.95284,12.94928],[9.94932,12.9469],[9.94418,12.9432],[9.93984,12.93896],[9.93685,12.93233],[9.93359,12.92597],[9.93088,12.92199],[9.92573,12.91298],[9.92024,12.90182],[9.92027,12.89886],[9.91796,12.89538],[9.91683,12.89191],[9.91452,12.88843],[9.91221,12.8861],[9.91106,12.88378],[9.90993,12.88031],[9.90878,12.878],[9.90649,12.87337],[9.90302,12.86872],[9.90072,12.86524],[9.89724,12.86174],[9.89494,12.85826],[9.89263,12.85478],[9.89266,12.85247],[9.88801,12.84896],[9.88568,12.84778],[9.8819,12.84436],[9.87408,12.83728],[9.86942,12.83492],[9.86475,12.83371],[9.85892,12.83134],[9.85658,12.83131],[9.85075,12.82894],[9.84843,12.82661],[9.84609,12.82658],[9.83326,12.82182],[9.83092,12.82179],[9.82741,12.82175],[9.82275,12.81939],[9.82042,12.81821],[9.81573,12.81815],[9.81223,12.81696],[9.79977,12.8145],[9.79587,12.81446],[9.78885,12.81322],[9.78651,12.81319],[9.78067,12.81197],[9.77366,12.81073],[9.77015,12.81069],[9.7643,12.80947],[9.75845,12.8094],[9.75813,12.8094],[9.75259,12.80933],[9.74791,12.80927],[9.7444,12.80923],[9.74088,12.81034],[9.73619,12.81028],[9.72647,12.8121],[9.7233,12.81128],[9.71628,12.81119],[9.71159,12.81114],[9.70221,12.81217],[9.70042,12.81215],[9.69636,12.8121],[9.69168,12.81205],[9.68935,12.81087],[9.68232,12.81078],[9.67881,12.81074],[9.67063,12.80949],[9.66594,12.80943],[9.65811,12.80912],[9.69208,12.83945],[9.70767,12.85627],[9.71894,12.86755],[9.72445,12.87305],[9.72446,12.87695],[9.72552,12.88412],[9.72969,12.88514],[9.73655,12.88561],[9.74071,12.88879],[9.74464,12.89272],[9.74779,12.8956],[9.74988,12.8977],[9.7521,12.89897],[9.75486,12.90321],[9.75801,12.90583],[9.76087,12.90796],[9.76379,12.91096],[9.76574,12.91527],[9.77003,12.91921],[9.77471,12.92539],[9.77744,12.92727],[9.78172,12.9312],[9.78601,12.93514],[9.78873,12.93701],[9.79185,12.94113],[9.79458,12.94301],[9.7975,12.94601],[9.80023,12.94788],[9.80434,12.95272],[9.80898,12.96294],[9.8201,12.97358],[9.82784,12.99147],[9.84283,13.01033],[9.84314,13.01064],[9.84377,13.01517],[9.84482,13.01927],[9.84484,13.02645],[9.85425,13.03463],[9.86575,13.03768],[9.9051,13.06423],[9.90587,13.06502],[9.90859,13.06689],[9.91171,13.07102],[9.91464,13.07402],[9.91736,13.07589],[9.91912,13.07908],[9.92613,13.08489],[9.93042,13.08882],[9.93237,13.09313],[9.9351,13.09501],[9.93782,13.09688],[9.93958,13.10007],[9.94523,13.10494],[9.94815,13.10794],[9.95264,13.113],[9.95595,13.11825],[9.95791,13.12256],[9.96083,13.12556],[9.96356,13.12743],[9.96628,13.12931],[9.96901,13.13118],[9.97329,13.13511],[9.97661,13.14036],[9.97865,13.14177],[9.98066,13.14864],[9.99226,13.15976],[10,13.1675],[10.01596,13.17475],[10.03579,13.18394],[10.04594,13.1941],[10.06432,13.20425],[10.0856,13.21441],[10.10784,13.22457],[10.1209,13.2294],[10.12551,13.2308],[10.12826,13.23269],[10.13645,13.2356],[10.14556,13.24294],[10.17651,13.256],[10.19828,13.26422],[10.20116,13.26624],[10.20843,13.26761],[10.2331,13.26809],[10.25244,13.27002],[10.26743,13.27147],[10.28118,13.27056],[10.28919,13.27002],[10.32788,13.27293],[10.3656,13.27583],[10.39897,13.27679],[10.44153,13.28163],[10.4541,13.28066],[10.46571,13.28211],[10.48166,13.28888],[10.49237,13.29481],[10.49797,13.29663],[10.50186,13.29831],[10.50556,13.29887],[10.50945,13.30055],[10.51334,13.30224],[10.52502,13.30729],[10.52871,13.30785],[10.53241,13.30841],[10.5363,13.31009],[10.54019,13.31177],[10.54525,13.31327],[10.54914,13.31495],[10.55284,13.31551],[10.55906,13.31682],[10.56315,13.31963],[10.56587,13.3215],[10.57113,13.32412],[10.57482,13.32468],[10.57852,13.32524],[10.58338,13.32561],[10.58611,13.32748],[10.59,13.32917],[10.59272,13.33104],[10.59622,13.33047],[10.59895,13.33235],[10.6044,13.33609],[10.60829,13.33778],[10.61355,13.3404],[10.61744,13.34208],[10.62016,13.34396],[10.62522,13.34545],[10.62892,13.34601],[10.63281,13.34769],[10.6365,13.34825],[10.64156,13.34975],[10.65032,13.3518],[10.65401,13.35236],[10.65674,13.35423],[10.66082,13.35704],[10.66452,13.3576],[10.66821,13.35816],[10.67327,13.35965],[10.67697,13.36021],[10.68202,13.36171],[10.68689,13.36208],[10.69058,13.36264],[10.69544,13.36301],[10.7005,13.3645],[10.7042,13.36506],[10.70769,13.36449],[10.71139,13.36505],[10.71878,13.36617],[10.72344,13.36541],[10.72947,13.36559],[10.73297,13.36503],[10.73763,13.36427],[10.74229,13.36352],[10.74579,13.36295],[10.75085,13.36445],[10.75688,13.36463],[10.76154,13.36387],[10.76757,13.36405],[10.77223,13.3633],[10.77593,13.36385],[10.78079,13.36422],[10.78545,13.36347],[10.78915,13.36403],[10.79264,13.36346],[10.7975,13.36383],[10.80373,13.36514],[10.80742,13.36569],[10.81132,13.36738],[10.81501,13.36794],[10.81987,13.36831],[10.82357,13.36887],[10.83056,13.36773],[10.83386,13.36604],[10.83736,13.36547],[10.84086,13.36491],[10.84689,13.36509],[10.85194,13.36658],[10.85817,13.36789],[10.86283,13.36713],[10.86653,13.36769],[10.87022,13.36825],[10.87392,13.36881],[10.87761,13.36937],[10.88131,13.36993],[10.885,13.37049],[10.8885,13.36992],[10.892,13.36935],[10.89549,13.36879],[10.90036,13.36915],[10.90405,13.36971],[10.90775,13.37027],[10.91144,13.37083],[10.91514,13.37139],[10.92136,13.3727],[10.92602,13.37194],[10.93088,13.37231],[10.93574,13.37268],[10.94021,13.3708],[10.96429,13.37255],[10.98799,13.374],[11.02087,13.374],[11.03877,13.374],[11.05763,13.374],[11.06585,13.37448],[11.08616,13.37496],[11.22181,13.374]]]]}},{"type":"Feature","id":"NG037","properties":{"admin1Pcod":"NG037","admin1Name":"Zamfara","admin1RefN":"Zamfara","admin0Pcod":"NG","admin0Name":"Nigeria"},"geometry":{"type":"MultiPolygon","coordinates":[[[[6.8487,13.0824],[6.8731,13.05311],[6.91052,13.01326],[6.9276,12.99048],[6.93574,12.99048],[6.97885,12.99211],[7.01382,12.99129],[7.03172,12.99699],[7.03821,12.99743],[7.04768,12.99911],[7.04995,12.97205],[7.04315,12.94255],[7.03906,12.92925],[7.03904,12.92866],[7.0386,12.92542],[7.0378,12.91961],[7.0366,12.91077],[7.03624,12.90812],[7.03512,12.89991],[7.03416,12.89287],[7.03202,12.88727],[7.03058,12.88352],[7.02887,12.87904],[7.02774,12.86912],[7.02718,12.86425],[7.02685,12.86137],[7.02597,12.85369],[7.02562,12.85057],[7.0247,12.84351],[7.02372,12.83601],[7.02318,12.83187],[7.02887,12.81722],[7.02855,12.81011],[7.02818,12.80205],[7.02806,12.79933],[7.02826,12.79281],[7.02841,12.78798],[7.02887,12.7733],[7.031,12.75343],[7.03131,12.75053],[7.03225,12.74623],[7.03333,12.7413],[7.03393,12.73857],[7.0347,12.73504],[7.037,12.7245],[7.03749,12.72135],[7.03887,12.71235],[7.03951,12.7082],[7.0406,12.7011],[7.04189,12.69277],[7.04203,12.68809],[7.04213,12.6846],[7.04227,12.68],[7.04241,12.67539],[7.04259,12.66964],[7.0427,12.66593],[7.04374,12.66176],[7.04515,12.65612],[7.04595,12.65292],[7.04627,12.65003],[7.04678,12.6455],[7.04736,12.63983],[7.04721,12.63767],[7.04696,12.63404],[7.04595,12.61957],[7.04685,12.61441],[7.04766,12.60974],[7.04828,12.6062],[7.04921,12.60086],[7.04988,12.59706],[7.05123,12.58939],[7.05165,12.58703],[7.05002,12.5732],[7.05066,12.56836],[7.05205,12.55775],[7.05205,12.55336],[7.05205,12.5488],[7.05174,12.54539],[7.05124,12.53985],[7.05239,12.53485],[7.05368,12.52928],[7.05368,12.51626],[7.05483,12.51069],[7.05601,12.50494],[7.05765,12.49697],[7.05884,12.49122],[7.05937,12.48861],[7.05993,12.48082],[7.06019,12.47722],[7.06052,12.475],[7.06152,12.46821],[7.06257,12.46115],[7.06344,12.45526],[7.0639,12.45083],[7.06425,12.44741],[7.06521,12.43817],[7.06588,12.43167],[7.06689,12.42325],[7.06832,12.41133],[7.071,12.40621],[7.0753,12.39796],[7.07808,12.39263],[7.08324,12.38231],[7.0854,12.37799],[7.08783,12.37206],[7.08945,12.3681],[7.09272,12.36009],[7.09327,12.35784],[7.09439,12.35322],[7.09834,12.33692],[7.09923,12.33325],[7.10028,12.32546],[7.10074,12.32205],[7.10166,12.31525],[7.10245,12.30944],[7.1033,12.30315],[7.10384,12.30009],[7.10432,12.29733],[7.10472,12.29507],[7.10574,12.28932],[7.10817,12.28585],[7.11143,12.28119],[7.11438,12.27613],[7.11747,12.27083],[7.12338,12.26071],[7.12851,12.25191],[7.12944,12.25006],[7.13377,12.24139],[7.13539,12.23816],[7.13723,12.23447],[7.14153,12.22588],[7.14432,12.21558],[7.14693,12.20596],[7.14789,12.20245],[7.14926,12.19741],[7.15155,12.18824],[7.15251,12.18439],[7.15209,12.18004],[7.15119,12.17073],[7.15099,12.16871],[7.15064,12.16511],[7.15007,12.15918],[7.14562,12.14716],[7.14193,12.13722],[7.13851,12.13208],[7.13655,12.12914],[7.12816,12.11655],[7.1261,12.11347],[7.1237,12.10703],[7.1216,12.10143],[7.11909,12.09715],[7.11566,12.09133],[7.11516,12.09047],[7.11347,12.0876],[7.11134,12.08597],[7.10671,12.0824],[7.10289,12.07946],[7.09909,12.07482],[7.09557,12.07052],[7.09069,12.06401],[7.09394,12.06076],[7.10013,12.05292],[7.10316,12.04909],[7.10614,12.0453],[7.11304,12.03985],[7.12567,12.02985],[7.14356,12.0152],[7.15105,12.01084],[7.15332,12.00951],[7.15771,12.00756],[7.16866,12.00269],[7.17386,12.00038],[7.1782,11.99846],[7.18993,11.99324],[7.2005,11.98836],[7.20292,11.98748],[7.20945,11.98511],[7.21351,11.97779],[7.21351,11.9664],[7.21677,11.95827],[7.22246,11.95339],[7.22414,11.95036],[7.22653,11.94607],[7.23251,11.94606],[7.23466,11.94606],[7.23645,11.94428],[7.23954,11.94118],[7.24186,11.93331],[7.23505,11.92738],[7.23242,11.92509],[7.23058,11.91843],[7.2187,11.91114],[7.20992,11.9111],[7.20429,11.90841],[7.19969,11.90621],[7.19514,11.90662],[7.19074,11.90702],[7.18254,11.90947],[7.17142,11.91056],[7.16471,11.9119],[7.15495,11.9176],[7.14356,11.91109],[7.1432,11.90532],[7.14275,11.89807],[7.14275,11.88669],[7.14112,11.87855],[7.13968,11.87674],[7.13706,11.87351],[7.13303,11.86839],[7.13014,11.86472],[7.12567,11.86175],[7.12282,11.85984],[7.12118,11.85802],[7.11777,11.85423],[7.11369,11.84019],[7.10641,11.83113],[7.09361,11.82655],[7.08538,11.8238],[7.0763,11.81926],[7.07483,11.81755],[7.07239,11.8086],[7.06992,11.80757],[7.0671,11.80639],[7.06263,11.80453],[7.05453,11.80085],[7.05234,11.80122],[7.04624,11.80101],[7.03758,11.80451],[7.03387,11.80654],[7.02949,11.80727],[7.02601,11.80885],[7.02189,11.80911],[7.01948,11.81272],[7.01626,11.81755],[7.01575,11.81767],[7.01122,11.81709],[6.99932,11.81522],[6.99109,11.81246],[6.98468,11.81152],[6.97094,11.81145],[6.94989,11.80772],[6.93711,11.79952],[6.92613,11.79766],[6.91605,11.80256],[6.90889,11.80128],[6.89669,11.79477],[6.89524,11.79131],[6.89215,11.78398],[6.89018,11.77932],[6.89018,11.77113],[6.89018,11.76377],[6.89018,11.7595],[6.89018,11.75654],[6.88995,11.74783],[6.88968,11.73775],[6.88958,11.73428],[6.88943,11.72849],[6.88937,11.72645],[6.88847,11.72415],[6.88205,11.70774],[6.87657,11.6954],[6.87554,11.6931],[6.87132,11.68359],[6.86904,11.67845],[6.86578,11.663],[6.85521,11.64185],[6.85195,11.6207],[6.85243,11.61644],[6.85358,11.60606],[6.85438,11.59522],[6.85683,11.58898],[6.86277,11.58258],[6.86741,11.57759],[6.87612,11.57442],[6.88612,11.56702],[6.90234,11.55448],[6.90401,11.55319],[6.90449,11.54962],[6.90564,11.54099],[6.90615,11.53739],[6.90664,11.534],[6.90727,11.5296],[6.90476,11.52359],[6.9032,11.51984],[6.90224,11.51791],[6.90062,11.51468],[6.89588,11.5052],[6.9032,11.48649],[6.90727,11.4751],[6.90211,11.4622],[6.90076,11.45883],[6.89344,11.44582],[6.89148,11.44142],[6.88693,11.43118],[6.88646,11.42317],[6.88612,11.41735],[6.88693,11.3962],[6.88745,11.3913],[6.88822,11.38396],[6.88856,11.38075],[6.88545,11.3772],[6.88286,11.37424],[6.87473,11.36448],[6.86904,11.35146],[6.86416,11.34008],[6.85521,11.33682],[6.85114,11.33194],[6.84789,11.32544],[6.83894,11.31811],[6.82837,11.30754],[6.82349,11.30917],[6.81616,11.30998],[6.80861,11.30023],[6.79912,11.29481],[6.78962,11.28802],[6.78352,11.28124],[6.77334,11.27582],[6.76113,11.26903],[6.75964,11.26769],[6.75435,11.26293],[6.75299,11.25411],[6.7496,11.24801],[6.74553,11.24326],[6.74689,11.23783],[6.74689,11.23376],[6.74485,11.22834],[6.74486,11.22291],[6.7435,11.21681],[6.73672,11.20934],[6.73299,11.20188],[6.73434,11.1951],[6.73841,11.19035],[6.73977,11.1795],[6.74246,11.17453],[6.73909,11.16933],[6.73366,11.16526],[6.73163,11.16119],[6.73502,11.15373],[6.73366,11.14762],[6.72959,11.14355],[6.72213,11.14084],[6.71806,11.13609],[6.71399,11.13134],[6.71228,11.12344],[6.70999,11.1228],[6.70653,11.12185],[6.70653,11.1171],[6.70789,11.11438],[6.71399,11.11371],[6.71603,11.11032],[6.71603,11.10625],[6.71128,11.10218],[6.70653,11.09539],[6.70246,11.09472],[6.69704,11.09675],[6.69432,11.09471],[6.6889,11.09472],[6.68686,11.09064],[6.68822,11.08522],[6.6889,11.08047],[6.69025,11.0764],[6.69161,11.07301],[6.68958,11.06826],[6.68211,11.06284],[6.67601,11.05741],[6.6733,11.05809],[6.67058,11.06012],[6.66787,11.06216],[6.6638,11.06148],[6.66312,11.05673],[6.6577,11.0547],[6.65363,11.0547],[6.64549,11.04859],[6.63803,11.04995],[6.62175,11.04791],[6.61805,11.04775],[6.60683,11.04724],[6.59529,11.04113],[6.59161,11.0372],[6.58512,11.03028],[6.57562,11.0235],[6.56342,11.02485],[6.55731,11.02553],[6.54849,11.02824],[6.53493,11.02756],[6.52747,11.02756],[6.51729,11.02621],[6.51661,11.02078],[6.51236,11.017],[6.5078,11.01332],[6.49898,11.01468],[6.4922,11.01603],[6.49058,11.01725],[6.48677,11.0201],[6.47863,11.02214],[6.47185,11.02146],[6.46778,11.01671],[6.46642,11.00925],[6.46371,11.00111],[6.45828,10.99908],[6.45218,11.00247],[6.44675,11.00383],[6.44268,10.99908],[6.43929,10.9984],[6.43386,11.00315],[6.42844,11.0079],[6.42,11.01413],[6.41826,11.01875],[6.41759,11.02417],[6.41148,11.03028],[6.4047,11.03028],[6.40198,11.03028],[6.39859,11.03231],[6.39249,11.03367],[6.38774,11.03367],[6.38299,11.03367],[6.37485,11.03096],[6.36943,11.02621],[6.36387,11.02003],[6.35722,11.01943],[6.35052,11.02108],[6.34569,11.0235],[6.33985,11.02204],[6.33755,11.02146],[6.3332,11.02144],[6.32805,11.02621],[6.3233,11.02553],[6.3233,11.02078],[6.32263,11.01739],[6.31803,11.01394],[6.31449,11.01129],[6.30906,11.00925],[6.30092,11.00179],[6.29685,10.99501],[6.29075,10.98687],[6.28261,10.97737],[6.27718,10.96584],[6.27176,10.96313],[6.26362,10.96584],[6.25683,10.96042],[6.25141,10.95567],[6.24937,10.9516],[6.2453,10.94821],[6.23716,10.94617],[6.23377,10.94549],[6.23309,10.94075],[6.2297,10.93396],[6.2297,10.92786],[6.22835,10.91904],[6.2236,10.9109],[6.2236,10.9048],[6.22418,10.90275],[6.22631,10.8953],[6.22156,10.89123],[6.21749,10.88852],[6.21139,10.87902],[6.208,10.8736],[6.208,10.86885],[6.20596,10.86342],[6.20121,10.86342],[6.19647,10.86817],[6.19172,10.86885],[6.189,10.87156],[6.18154,10.87224],[6.17408,10.86817],[6.1673,10.86613],[6.1613,10.86613],[6.16283,10.86889],[6.16444,10.87291],[6.16444,10.88175],[6.16364,10.89058],[6.16042,10.90263],[6.16042,10.90905],[6.16123,10.91709],[6.15962,10.92592],[6.15239,10.92994],[6.14998,10.93957],[6.14838,10.95002],[6.14597,10.95724],[6.14034,10.96367],[6.13472,10.9717],[6.13151,10.97893],[6.11946,10.9958],[6.11464,11.00142],[6.10661,11.00785],[6.09456,11.01266],[6.07609,11.02552],[6.06485,11.03194],[6.0528,11.04319],[6.04637,11.05443],[6.03995,11.06648],[6.03272,11.07531],[6.03111,11.08415],[6.02629,11.10102],[6.02629,11.11387],[6.02147,11.12591],[6.01585,11.13796],[6.00852,11.14102],[6.01772,11.18191],[6.02291,11.19771],[6.03076,11.21353],[6.03602,11.22145],[6.05449,11.23999],[6.06245,11.24268],[6.12887,11.2537],[6.15504,11.30906],[6.14943,11.34579],[6.13057,11.37454],[6.06634,11.41869],[6.02985,11.45412],[6.02112,11.46941],[6.00915,11.4804],[5.99224,11.48699],[5.96653,11.48995],[5.95488,11.49065],[5.93602,11.49128],[5.91756,11.49034],[5.86908,11.48162],[5.85626,11.47953],[5.84021,11.47939],[5.82696,11.47968],[5.82413,11.48203],[5.82,11.49545],[5.81663,11.51364],[5.81723,11.53621],[5.8203,11.55247],[5.8234,11.56517],[5.84044,11.59066],[5.84394,11.60336],[5.8429,11.61014],[5.83926,11.63381],[5.8279,11.64638],[5.82066,11.64869],[5.8207,11.64929],[5.81931,11.64939],[5.80716,11.65806],[5.78223,11.67628],[5.76593,11.69354],[5.7573,11.68778],[5.7573,11.68203],[5.74484,11.68107],[5.73717,11.68874],[5.73045,11.6945],[5.7247,11.69162],[5.7247,11.68491],[5.71895,11.68491],[5.71128,11.68203],[5.70553,11.67628],[5.69881,11.67244],[5.6921,11.66765],[5.67964,11.66381],[5.67197,11.65998],[5.65854,11.66861],[5.64608,11.66286],[5.63937,11.66286],[5.61732,11.66765],[5.61156,11.66765],[5.60485,11.66861],[5.59335,11.66957],[5.59047,11.67053],[5.5828,11.67532],[5.57417,11.6782],[5.56554,11.68299],[5.55979,11.68587],[5.55691,11.68203],[5.55499,11.67532],[5.54541,11.67244],[5.54157,11.66573],[5.52431,11.66286],[5.51185,11.66861],[5.50226,11.66957],[5.48692,11.66861],[5.47637,11.66861],[5.46966,11.66861],[5.46181,11.66599],[5.45796,11.67225],[5.45489,11.68069],[5.45029,11.69756],[5.44339,11.70293],[5.43112,11.70447],[5.42421,11.70293],[5.4081,11.70293],[5.3989,11.70447],[5.38893,11.70754],[5.37742,11.7083],[5.37282,11.7083],[5.37237,11.70576],[5.36285,11.70984],[5.35288,11.70447],[5.35249,11.70489],[5.34597,11.71214],[5.34597,11.72058],[5.34137,11.72901],[5.33063,11.73899],[5.33063,11.74666],[5.32219,11.762],[5.31836,11.7666],[5.31069,11.77043],[5.30839,11.7758],[5.30685,11.78347],[5.30469,11.78426],[5.29842,11.78654],[5.29151,11.78117],[5.28768,11.7735],[5.28001,11.77043],[5.26006,11.77043],[5.23475,11.76967],[5.22938,11.76123],[5.22631,11.75739],[5.22171,11.75433],[5.20944,11.76046],[5.20484,11.77043],[5.19333,11.7758],[5.18259,11.78117],[5.17262,11.78347],[5.16572,11.77887],[5.16342,11.77273],[5.16955,11.7643],[5.17492,11.75816],[5.17569,11.74972],[5.17109,11.74129],[5.16418,11.73898],[5.14884,11.73362],[5.13887,11.72211],[5.11739,11.71981],[5.09975,11.72825],[5.08671,11.72595],[5.07564,11.72373],[5.0615,11.72548],[5.03415,11.73152],[5.02775,11.72987],[5.01567,11.72894],[5.01077,11.73515],[5.00387,11.73899],[4.99236,11.74129],[4.97702,11.74129],[4.96935,11.73668],[4.95861,11.73515],[4.94327,11.73362],[4.94295,11.73252],[4.93018,11.74059],[4.9285,11.74078],[4.92594,11.75419],[4.91927,11.77705],[4.91914,11.78812],[4.92222,11.80002],[4.93158,11.82306],[4.94148,11.84245],[4.94437,11.86268],[4.94437,11.88076],[4.94839,11.89684],[4.94739,11.93601],[4.95241,11.99126],[4.95643,12.02943],[4.95643,12.07162],[4.95643,12.10778],[4.95743,12.13692],[4.95743,12.16002],[4.95645,12.17216],[4.95442,12.19719],[4.95241,12.21828],[4.9504,12.23134],[4.9504,12.24641],[4.95113,12.24931],[4.95643,12.27051],[4.9725,12.29261],[4.98154,12.30065],[4.99761,12.30065],[5.02474,12.29061],[5.04784,12.28458],[5.06893,12.27755],[5.11816,12.27855],[5.12123,12.27887],[5.14729,12.28156],[5.16203,12.28285],[5.16196,12.28356],[5.16189,12.28458],[5.16692,12.28458],[5.17173,12.28872],[5.17818,12.29799],[5.18839,12.30454],[5.21454,12.30756],[5.2314,12.30406],[5.24175,12.29772],[5.24739,12.29501],[5.26619,12.28508],[5.2704,12.28166],[5.27125,12.28163],[5.27285,12.28156],[5.29294,12.27855],[5.32709,12.27252],[5.3502,12.2665],[5.38234,12.26248],[5.40846,12.25947],[5.4102,12.2591],[5.43759,12.25344],[5.47576,12.25243],[5.52398,12.26147],[5.54105,12.27252],[5.57621,12.27252],[5.5833,12.27161],[5.58434,12.27265],[5.61253,12.27442],[5.63103,12.28851],[5.65306,12.29204],[5.67332,12.28851],[5.68301,12.27706],[5.71032,12.26737],[5.72608,12.27101],[5.72565,12.27489],[5.72915,12.28328],[5.73021,12.28602],[5.73722,12.30402],[5.73895,12.30848],[5.7438,12.32551],[5.74184,12.33235],[5.75347,12.33957],[5.75901,12.34337],[5.76134,12.36727],[5.76475,12.42387],[5.76117,12.43681],[5.75809,12.44945],[5.75399,12.465],[5.75097,12.46984],[5.75088,12.48056],[5.75277,12.50641],[5.74525,12.53103],[5.73335,12.56043],[5.72845,12.59052],[5.72215,12.60592],[5.71235,12.63601],[5.70536,12.65211],[5.70163,12.66436],[5.70046,12.6682],[5.69486,12.6871],[5.68646,12.7088],[5.68579,12.71369],[5.68598,12.72145],[5.68605,12.72469],[5.68535,12.72707],[5.68627,12.72971],[5.68508,12.73132],[5.68592,12.73279],[5.68677,12.73443],[5.68945,12.76506],[5.69692,12.7839],[5.70065,12.7937],[5.70516,12.802],[5.70895,12.80504],[5.72262,12.81417],[5.74088,12.82334],[5.77107,12.83052],[5.77238,12.83083],[5.77386,12.83115],[5.79424,12.83547],[5.81313,12.83967],[5.83763,12.83407],[5.85302,12.81937],[5.87822,12.80398],[5.89502,12.78718],[5.92301,12.77108],[5.951,12.76268],[5.9671,12.76128],[5.9874,12.75429],[6.00419,12.74239],[6.02099,12.73679],[6.03569,12.74239],[6.04269,12.75079],[6.0455,12.75412],[6.0322,12.78696],[6.02587,12.8131],[6.01794,12.83608],[6.00963,12.87569],[6.00799,12.88511],[6.01012,12.90117],[6.01009,12.90478],[6.02381,12.91211],[6.03568,12.92214],[6.0402,12.93121],[6.04014,12.93843],[6.03827,12.94203],[6.03076,12.96093],[6.02608,12.97082],[6.02468,12.97997],[6.02468,12.99293],[6.02032,13.0085],[6.0279,13.02134],[6.04134,13.02806],[6.07235,13.03977],[6.10198,13.05976],[6.13161,13.07216],[6.15159,13.07491],[6.16606,13.06871],[6.1888,13.06596],[6.20189,13.05838],[6.20534,13.05533],[6.2198,13.04253],[6.2453,13.02806],[6.25425,13.03151],[6.25563,13.0446],[6.25865,13.06601],[6.25917,13.0697],[6.25977,13.08112],[6.26076,13.08542],[6.26183,13.09007],[6.2577,13.1011],[6.26028,13.12164],[6.26028,13.13149],[6.2618,13.13949],[6.26485,13.14938],[6.27018,13.15624],[6.28274,13.15624],[6.28959,13.1589],[6.30025,13.15776],[6.30787,13.15776],[6.31408,13.15684],[6.31745,13.15823],[6.32804,13.15662],[6.34594,13.15281],[6.35507,13.15357],[6.36193,13.15243],[6.37145,13.14977],[6.38363,13.1452],[6.39429,13.13834],[6.39962,13.13149],[6.40609,13.1254],[6.42132,13.1235],[6.42968,13.11812],[6.44261,13.11273],[6.46637,13.10538],[6.50391,13.09511],[6.51464,13.09143],[6.52846,13.08476],[6.5453,13.08112],[6.56622,13.07591],[6.57037,13.07591],[6.58484,13.07515],[6.59359,13.07058],[6.6073,13.06677],[6.62291,13.06677],[6.6309,13.0702],[6.64004,13.0702],[6.65413,13.07743],[6.65534,13.07743],[6.66069,13.07743],[6.66212,13.07933],[6.66609,13.08059],[6.66935,13.08162],[6.68268,13.0839],[6.69753,13.09913],[6.70971,13.1056],[6.7257,13.11208],[6.74207,13.11702],[6.75159,13.12692],[6.76796,13.13606],[6.77595,13.14748],[6.78357,13.15395],[6.79254,13.16102],[6.80152,13.14259],[6.82186,13.11493],[6.8487,13.0824]]]]}}]}