{
  "type": "FeatureCollection",
  "features": [
    {
      "type": "Feature",
      "properties": {
        "id": "way/978805963",
        "name": "Orie-Omuma Market",
        "name_en": null,
        "name_yo": null,
        "amenity": "marketplace",
        "man_made": null,
        "shop": null,
        "tourism": null,
        "opening_hours": null,
        "beds": null,
        "rooms": null,
        "addr_full": null,
        "addr_housenumber": null,
        "addr_street": null,
        "addr_city": null,
        "source": null,
        "adm0_pcode": "NGA",
        "adm0_name": "Nigeria",
        "adm1_pcode": "NG017",
        "adm1_name": "Imo",
        "adm2_pcode": "NG017022",
        "adm2_name": "Oru East",
        "adm3_pcode": null,
        "adm3_name": null,
        "adm4_pcode": null,
        "adm4_name": null,
        "name_latin": "Orie-Omuma Market"
      },
      "geometry": {
        "type": "Polygon",
        "coordinates": [
          [
            [
              6.9451,
              5.7567622
            ],
            [
              6.945415,
              5.7568889
            ],
            [
              6.9465086,
              5.7574242
            ],
            [
              6.9465396,
              5.7574212
            ],
            [
              6.94681,
              5.7568936
            ],
            [
              6.9467939,
              5.7568563
            ],
            [
              6.9467188,
              5.7567415
            ],
            [
              6.9464559,
              5.7561357
            ],
            [
              6.9463433,
              5.7559943
            ],
            [
              6.9458685,
              5.7563039
            ],
            [
              6.9451,
              5.7567622
            ]
          ]
        ]
      }
    },
    {
      "type": "Feature",
      "properties": {
        "id": "way/484946279",
        "name": "New Timber Market",
        "name_en": null,
        "name_yo": null,
        "amenity": "marketplace",
        "man_made": null,
        "shop": null,
        "tourism": null,
        "opening_hours": null,
        "beds": null,
        "rooms": null,
        "addr_full": null,
        "addr_housenumber": null,
        "addr_street": null,
        "addr_city": null,
        "source": null,
        "adm0_pcode": "NGA",
        "adm0_name": "Nigeria",
        "adm1_pcode": "NG017",
        "adm1_name": "Imo",
        "adm2_pcode": "NG017020",
        "adm2_name": "Orlu",
        "adm3_pcode": null,
        "adm3_name": null,
        "adm4_pcode": null,
        "adm4_name": null,
        "name_latin": "New Timber Market"
      },
      "geometry": {
        "type": "Polygon",
        "coordinates": [
          [
            [
              7.0150399,
              5.7656251
            ],
            [
              7.0152107,
              5.7656811
            ],
            [
              7.016106,
              5.7657441
            ],
            [
              7.016349,
              5.7657357
            ],
            [
              7.0166893,
              5.7656852
            ],
            [
              7.0175397,
              5.7655377
            ],
            [
              7.0178465,
              5.7654687
            ],
            [
              7.0184779,
              5.765265
            ],
            [
              7.0180112,
              5.7629971
            ],
            [
              7.0173985,
              5.7631617
            ],
            [
              7.0159891,
              5.7636142
            ],
            [
              7.0158346,
              5.7635636
            ],
            [
              7.0150399,
              5.7656251
            ]
          ]
        ]
      }
    },
    {
      "type": "Feature",
      "properties": {
        "id": "way/1416595531",
        "name": "Nempi Modern Market(Orie Nempi)",
        "name_en": null,
        "name_yo": null,
        "amenity": "marketplace",
        "man_made": null,
        "shop": null,
        "tourism": null,
        "opening_hours": "Daily Market",
        "beds": null,
        "rooms": null,
        "addr_full": null,
        "addr_housenumber": "km 5",
        "addr_street": "Mgbidi-Orlu Rd",
        "addr_city": "Nempi",
        "source": null,
        "adm0_pcode": "NGA",
        "adm0_name": "Nigeria",
        "adm1_pcode": "NG017",
        "adm1_name": "Imo",
        "adm2_pcode": "NG017023",
        "adm2_name": "Oru West",
        "adm3_pcode": null,
        "adm3_name": null,
        "adm4_pcode": null,
        "adm4_name": null,
        "name_latin": "Nempi Modern Market(Orie Nempi)"
      },
      "geometry": {
        "type": "Polygon",
        "coordinates": [
          [
            [
              6.9268114,
              5.7735199
            ],
            [
              6.9269074,
              5.7742459
            ],
            [
              6.927298,
              5.7744277
            ],
            [
              6.9277353,
              5.7744842
            ],
            [
              6.9280525,
              5.7744699
            ],
            [
              6.9282568,
              5.7743815
            ],
            [
              6.9285167,
              5.7741657
            ],
            [
              6.9278652,
              5.7736452
            ],
            [
              6.9276434,
              5.7735811
            ],
            [
              6.9269711,
              5.7735313
            ],
            [
              6.9268114,
              5.7735199
            ]
          ]
        ]
      }
    },
    {
      "type": "Feature",
      "properties": {
        "id": "way/669651648",
        "name": "Market",
        "name_en": null,
        "name_yo": null,
        "amenity": "marketplace",
        "man_made": null,
        "shop": null,
        "tourism": null,
        "opening_hours": null,
        "beds": null,
        "rooms": null,
        "addr_full": null,
        "addr_housenumber": null,
        "addr_street": null,
        "addr_city": null,
        "source": null,
        "adm0_pcode": "NGA",
        "adm0_name": "Nigeria",
        "adm1_pcode": "NG017",
        "adm1_name": "Imo",
        "adm2_pcode": "NG017012",
        "adm2_name": "Ngor-Okpala",
        "adm3_pcode": null,
        "adm3_name": null,
        "adm4_pcode": null,
        "adm4_name": null,
        "name_latin": "Market"
      },
      "geometry": {
        "type": "Polygon",
        "coordinates": [
          [
            [
              7.1855628,
              5.4312496
            ],
            [
              7.1865982,
              5.4306942
            ],
            [
              7.186861,
              5.4298878
            ],
            [
              7.1866465,
              5.4294606
            ],
            [
              7.1856433,
              5.4297116
            ],
            [
              7.1854341,
              5.4294499
            ],
            [
              7.1849567,
              5.4298451
            ],
            [
              7.1848977,
              5.4301548
            ],
            [
              7.1849781,
              5.4304218
            ],
            [
              7.1851659,
              5.4308544
            ],
            [
              7.1853697,
              5.4311107
            ],
            [
              7.1855628,
              5.4312496
            ]
          ]
        ]
      }
    },
    {
      "type": "Feature",
      "properties": {
        "id": "relation/12519494",
        "name": "Federal Polytechnic Nekede",
        "name_en": null,
        "name_yo": null,
        "amenity": "university",
        "man_made": null,
        "shop": null,
        "tourism": null,
        "opening_hours": null,
        "beds": null,
        "rooms": null,
        "addr_full": null,
        "addr_housenumber": null,
        "addr_street": null,
        "addr_city": null,
        "source": null,
        "adm0_pcode": "NGA",
        "adm0_name": "Nigeria",
        "adm1_pcode": "NG017",
        "adm1_name": "Imo",
        "adm2_pcode": "NG017025",
        "adm2_name": "Owerri West",
        "adm3_pcode": null,
        "adm3_name": null,
        "adm4_pcode": null,
        "adm4_name": null,
        "name_latin": "Federal Polytechnic Nekede"
      },
      "geometry": {
        "type": "Polygon",
        "coordinates": [
          [
            [
              7.030873,
              5.4267223
            ],
            [
              7.0408538,
              5.4315142
            ],
            [
              7.0422908,
              5.4322725
            ],
            [
              7.0382604,
              5.4367596
            ],
            [
              7.0368253,
              5.4383461
            ],
            [
              7.0365448,
              5.4382611
            ],
            [
              7.0363903,
              5.4382246
            ],
            [
              7.0360732,
              5.4382408
            ],
            [
              7.0349389,
              5.4385727
            ],
            [
              7.0306048,
              5.436622
            ],
            [
              7.0272033,
              5.4350025
            ],
            [
              7.0260941,
              5.4344872
            ],
            [
              7.0260695,
              5.434432
            ],
            [
              7.0280413,
              5.4303403
            ],
            [
              7.0287081,
              5.4287275
            ],
            [
              7.0298871,
              5.4262749
            ],
            [
              7.030873,
              5.4267223
            ]
          ]
        ]
      }
    },
    {
      "type": "Feature",
      "properties": {
        "id": "way/669651618",
        "name": "Market",
        "name_en": null,
        "name_yo": null,
        "amenity": "marketplace",
        "man_made": null,
        "shop": null,
        "tourism": null,
        "opening_hours": null,
        "beds": null,
        "rooms": null,
        "addr_full": null,
        "addr_housenumber": null,
        "addr_street": null,
        "addr_city": null,
        "source": null,
        "adm0_pcode": "NGA",
        "adm0_name": "Nigeria",
        "adm1_pcode": "NG017",
        "adm1_name": "Imo",
        "adm2_pcode": "NG017001",
        "adm2_name": "Aboh-Mbaise",
        "adm3_pcode": null,
        "adm3_name": null,
        "adm4_pcode": null,
        "adm4_name": null,
        "name_latin": "Market"
      },
      "geometry": {
        "type": "Polygon",
        "coordinates": [
          [
            [
              7.2344837,
              5.4546798
            ],
            [
              7.2350952,
              5.4548801
            ],
            [
              7.2354037,
              5.4550803
            ],
            [
              7.235519,
              5.4550803
            ],
            [
              7.236203,
              5.4550002
            ],
            [
              7.2362673,
              5.4549549
            ],
            [
              7.236388,
              5.4542019
            ],
            [
              7.2363102,
              5.454039
            ],
            [
              7.2361439,
              5.4538414
            ],
            [
              7.2358301,
              5.4536519
            ],
            [
              7.2355539,
              5.4536305
            ],
            [
              7.2349879,
              5.453724
            ],
            [
              7.234776,
              5.4538361
            ],
            [
              7.2346044,
              5.454023
            ],
            [
              7.2344649,
              5.4543541
            ],
            [
              7.2344273,
              5.454573
            ],
            [
              7.2344837,
              5.4546798
            ]
          ]
        ]
      }
    },
    {
      "type": "Feature",
      "properties": {
        "id": "node/5908348927",
        "name": "ShopRite",
        "name_en": null,
        "name_yo": null,
        "amenity": null,
        "man_made": null,
        "shop": "supermarket",
        "tourism": null,
        "opening_hours": null,
        "beds": null,
        "rooms": null,
        "addr_full": null,
        "addr_housenumber": null,
        "addr_street": null,
        "addr_city": null,
        "source": null,
        "adm0_pcode": "NGA",
        "adm0_name": "Nigeria",
        "adm1_pcode": "NG017",
        "adm1_name": "Imo",
        "adm2_pcode": "NG017024",
        "adm2_name": "Owerri North",
        "adm3_pcode": null,
        "adm3_name": null,
        "adm4_pcode": null,
        "adm4_name": null,
        "name_latin": "ShopRite"
      },
      "geometry": {
        "type": "Point",
        "coordinates": [
          7.056452,
          5.4762162
        ]
      }
    },
    {
      "type": "Feature",
      "properties": {
        "id": "way/1027214141",
        "name": "Nkwo Emeke",
        "name_en": null,
        "name_yo": null,
        "amenity": "marketplace",
        "man_made": null,
        "shop": null,
        "tourism": null,
        "opening_hours": null,
        "beds": null,
        "rooms": null,
        "addr_full": null,
        "addr_housenumber": null,
        "addr_street": null,
        "addr_city": null,
        "source": null,
        "adm0_pcode": "NGA",
        "adm0_name": "Nigeria",
        "adm1_pcode": "NG017",
        "adm1_name": "Imo",
        "adm2_pcode": "NG017024",
        "adm2_name": "Owerri North",
        "adm3_pcode": null,
        "adm3_name": null,
        "adm4_pcode": null,
        "adm4_name": null,
        "name_latin": "Nkwo Emeke"
      },
      "geometry": {
        "type": "Polygon",
        "coordinates": [
          [
            [
              7.1232268,
              5.4765019
            ],
            [
              7.123974,
              5.4768087
            ],
            [
              7.1243152,
              5.4761335
            ],
            [
              7.1241861,
              5.4758271
            ],
            [
              7.1238497,
              5.4758044
            ],
            [
              7.1232359,
              5.475963
            ],
            [
              7.1232268,
              5.4765019
            ]
          ]
        ]
      }
    },
    {
      "type": "Feature",
      "properties": {
        "id": "node/7340335730",
        "name": "World Bank Market",
        "name_en": null,
        "name_yo": null,
        "amenity": "marketplace",
        "man_made": null,
        "shop": null,
        "tourism": null,
        "opening_hours": null,
        "beds": null,
        "rooms": null,
        "addr_full": null,
        "addr_housenumber": null,
        "addr_street": null,
        "addr_city": null,
        "source": null,
        "adm0_pcode": "NGA",
        "adm0_name": "Nigeria",
        "adm1_pcode": "NG017",
        "adm1_name": "Imo",
        "adm2_pcode": "NG017026",
        "adm2_name": "Owerri-Municipal",
        "adm3_pcode": null,
        "adm3_name": null,
        "adm4_pcode": null,
        "adm4_name": null,
        "name_latin": "World Bank Market"
      },
      "geometry": {
        "type": "Point",
        "coordinates": [
          7.0015138,
          5.4821288
        ]
      }
    },
    {
      "type": "Feature",
      "properties": {
        "id": "node/7340335731",
        "name": "World Bank Market",
        "name_en": null,
        "name_yo": null,
        "amenity": "marketplace",
        "man_made": null,
        "shop": null,
        "tourism": null,
        "opening_hours": "Mo-Sa 07:00-18:00",
        "beds": null,
        "rooms": null,
        "addr_full": null,
        "addr_housenumber": null,
        "addr_street": null,
        "addr_city": null,
        "source": null,
        "adm0_pcode": "NGA",
        "adm0_name": "Nigeria",
        "adm1_pcode": "NG017",
        "adm1_name": "Imo",
        "adm2_pcode": "NG017026",
        "adm2_name": "Owerri-Municipal",
        "adm3_pcode": null,
        "adm3_name": null,
        "adm4_pcode": null,
        "adm4_name": null,
        "name_latin": "World Bank Market"
      },
      "geometry": {
        "type": "Point",
        "coordinates": [
          7.0019376,
          5.482321
        ]
      }
    },
    {
      "type": "Feature",
      "properties": {
        "id": "way/804294283",
        "name": "Art Noveau Event Centre",
        "name_en": null,
        "name_yo": null,
        "amenity": "arts_centre",
        "man_made": null,
        "shop": null,
        "tourism": null,
        "opening_hours": null,
        "beds": null,
        "rooms": null,
        "addr_full": null,
        "addr_housenumber": null,
        "addr_street": null,
        "addr_city": null,
        "source": null,
        "adm0_pcode": "NGA",
        "adm0_name": "Nigeria",
        "adm1_pcode": "NG017",
        "adm1_name": "Imo",
        "adm2_pcode": "NG017026",
        "adm2_name": "Owerri-Municipal",
        "adm3_pcode": null,
        "adm3_name": null,
        "adm4_pcode": null,
        "adm4_name": null,
        "name_latin": "Art Noveau Event Centre"
      },
      "geometry": {
        "type": "Polygon",
        "coordinates": [
          [
            [
              7.0173017,
              5.4834531
            ],
            [
              7.0173792,
              5.4832833
            ],
            [
              7.0170578,
              5.483138
            ],
            [
              7.0169793,
              5.4833101
            ],
            [
              7.0170847,
              5.4833577
            ],
            [
              7.0170657,
              5.4833994
            ],
            [
              7.0171637,
              5.4834437
            ],
            [
              7.0171838,
              5.4833997
            ],
            [
              7.0173017,
              5.4834531
            ]
          ]
        ]
      }
    },
    {
      "type": "Feature",
      "properties": {
        "id": "node/13442806419",
        "name": "Greenwich Supermarket",
        "name_en": null,
        "name_yo": null,
        "amenity": null,
        "man_made": null,
        "shop": "supermarket",
        "tourism": null,
        "opening_hours": null,
        "beds": null,
        "rooms": null,
        "addr_full": null,
        "addr_housenumber": null,
        "addr_street": null,
        "addr_city": null,
        "source": null,
        "adm0_pcode": "NGA",
        "adm0_name": "Nigeria",
        "adm1_pcode": "NG017",
        "adm1_name": "Imo",
        "adm2_pcode": "NG017026",
        "adm2_name": "Owerri-Municipal",
        "adm3_pcode": null,
        "adm3_name": null,
        "adm4_pcode": null,
        "adm4_name": null,
        "name_latin": "Greenwich Supermarket"
      },
      "geometry": {
        "type": "Point",
        "coordinates": [
          7.0394536,
          5.4884809
        ]
      }
    },
    {
      "type": "Feature",
      "properties": {
        "id": "way/1348006274",
        "name": "Everyday Supermarket",
        "name_en": null,
        "name_yo": null,
        "amenity": null,
        "man_made": null,
        "shop": "supermarket",
        "tourism": null,
        "opening_hours": "Mo-Su 09:00-21:00",
        "beds": null,
        "rooms": null,
        "addr_full": null,
        "addr_housenumber": null,
        "addr_street": null,
        "addr_city": null,
        "source": null,
        "adm0_pcode": "NGA",
        "adm0_name": "Nigeria",
        "adm1_pcode": "NG017",
        "adm1_name": "Imo",
        "adm2_pcode": "NG017026",
        "adm2_name": "Owerri-Municipal",
        "adm3_pcode": null,
        "adm3_name": null,
        "adm4_pcode": null,
        "adm4_name": null,
        "name_latin": "Everyday Supermarket"
      },
      "geometry": {
        "type": "Polygon",
        "coordinates": [
          [
            [
              7.0547618,
              5.4902706
            ],
            [
              7.0549874,
              5.4903298
            ],
            [
              7.0548918,
              5.490583
            ],
            [
              7.0552031,
              5.4906887
            ],
            [
              7.055142,
              5.4908925
            ],
            [
              7.0546546,
              5.4907566
            ],
            [
              7.0546063,
              5.4906911
            ],
            [
              7.0547618,
              5.4902706
            ]
          ]
        ]
      }
    },
    {
      "type": "Feature",
      "properties": {
        "id": "node/13432551145",
        "name": "Destiny Supermarket",
        "name_en": null,
        "name_yo": null,
        "amenity": null,
        "man_made": null,
        "shop": "supermarket",
        "tourism": null,
        "opening_hours": null,
        "beds": null,
        "rooms": null,
        "addr_full": null,
        "addr_housenumber": null,
        "addr_street": null,
        "addr_city": null,
        "source": null,
        "adm0_pcode": "NGA",
        "adm0_name": "Nigeria",
        "adm1_pcode": "NG017",
        "adm1_name": "Imo",
        "adm2_pcode": "NG017026",
        "adm2_name": "Owerri-Municipal",
        "adm3_pcode": null,
        "adm3_name": null,
        "adm4_pcode": null,
        "adm4_name": null,
        "name_latin": "Destiny Supermarket"
      },
      "geometry": {
        "type": "Point",
        "coordinates": [
          7.0393412,
          5.4935647
        ]
      }
    },
    {
      "type": "Feature",
      "properties": {
        "id": "node/8753706769",
        "name": "-Kenyatta Market",
        "name_en": null,
        "name_yo": null,
        "amenity": "marketplace",
        "man_made": null,
        "shop": null,
        "tourism": null,
        "opening_hours": null,
        "beds": null,
        "rooms": null,
        "addr_full": null,
        "addr_housenumber": null,
        "addr_street": null,
        "addr_city": null,
        "source": null,
        "adm0_pcode": "NGA",
        "adm0_name": "Nigeria",
        "adm1_pcode": "NG014",
        "adm1_name": "Enugu",
        "adm2_pcode": "NG014005",
        "adm2_name": "Enugu South",
        "adm3_pcode": null,
        "adm3_name": null,
        "adm4_pcode": null,
        "adm4_name": null,
        "name_latin": "-Kenyatta Market"
      },
      "geometry": {
        "type": "Point",
        "coordinates": [
          7.4941516,
          6.4235355
        ]
      }
    },
    {
      "type": "Feature",
      "properties": {
        "id": "node/13170601825",
        "name": "Kenyatta Market",
        "name_en": null,
        "name_yo": null,
        "amenity": "marketplace",
        "man_made": null,
        "shop": null,
        "tourism": null,
        "opening_hours": null,
        "beds": null,
        "rooms": null,
        "addr_full": null,
        "addr_housenumber": null,
        "addr_street": null,
        "addr_city": null,
        "source": null,
        "adm0_pcode": "NGA",
        "adm0_name": "Nigeria",
        "adm1_pcode": "NG014",
        "adm1_name": "Enugu",
        "adm2_pcode": "NG014005",
        "adm2_name": "Enugu South",
        "adm3_pcode": null,
        "adm3_name": null,
        "adm4_pcode": null,
        "adm4_name": null,
        "name_latin": "Kenyatta Market"
      },
      "geometry": {
        "type": "Point",
        "coordinates": [
          7.4984186,
          6.4231493
        ]
      }
    },
    {
      "type": "Feature",
      "properties": {
        "id": "node/4592363904",
        "name": "Aguagwa",
        "name_en": "Aguagwa",
        "name_yo": null,
        "amenity": null,
        "man_made": null,
        "shop": null,
        "tourism": "attraction",
        "opening_hours": null,
        "beds": null,
        "rooms": null,
        "addr_full": null,
        "addr_housenumber": "6",
        "addr_street": "Aguagwa Street Ologo Quaters Enugu",
        "addr_city": null,
        "source": null,
        "adm0_pcode": "NGA",
        "adm0_name": "Nigeria",
        "adm1_pcode": "NG014",
        "adm1_name": "Enugu",
        "adm2_pcode": "NG014005",
        "adm2_name": "Enugu South",
        "adm3_pcode": null,
        "adm3_name": null,
        "adm4_pcode": null,
        "adm4_name": null,
        "name_latin": "Aguagwa"
      },
      "geometry": {
        "type": "Point",
        "coordinates": [
          7.4807023,
          6.415742
        ]
      }
    },
    {
      "type": "Feature",
      "properties": {
        "id": "node/8753694820",
        "name": "Mini market Timber Maryland",
        "name_en": null,
        "name_yo": null,
        "amenity": null,
        "man_made": null,
        "shop": "general",
        "tourism": null,
        "opening_hours": null,
        "beds": null,
        "rooms": null,
        "addr_full": null,
        "addr_housenumber": null,
        "addr_street": null,
        "addr_city": null,
        "source": null,
        "adm0_pcode": "NGA",
        "adm0_name": "Nigeria",
        "adm1_pcode": "NG014",
        "adm1_name": "Enugu",
        "adm2_pcode": "NG014005",
        "adm2_name": "Enugu South",
        "adm3_pcode": null,
        "adm3_name": null,
        "adm4_pcode": null,
        "adm4_name": null,
        "name_latin": "Mini market Timber Maryland"
      },
      "geometry": {
        "type": "Point",
        "coordinates": [
          7.5045716,
          6.4156522
        ]
      }
    },
    {
      "type": "Feature",
      "properties": {
        "id": "node/4607342591",
        "name": "ZION HILL",
        "name_en": "ZION HILL",
        "name_yo": null,
        "amenity": null,
        "man_made": null,
        "shop": null,
        "tourism": "attraction",
        "opening_hours": null,
        "beds": null,
        "rooms": null,
        "addr_full": null,
        "addr_housenumber": "0/201",
        "addr_street": "UGWUEME STREET",
        "addr_city": null,
        "source": null,
        "adm0_pcode": "NGA",
        "adm0_name": "Nigeria",
        "adm1_pcode": "NG014",
        "adm1_name": "Enugu",
        "adm2_pcode": "NG014005",
        "adm2_name": "Enugu South",
        "adm3_pcode": null,
        "adm3_name": null,
        "adm4_pcode": null,
        "adm4_name": null,
        "name_latin": "ZION HILL"
      },
      "geometry": {
        "type": "Point",
        "coordinates": [
          7.4776168,
          6.4089579
        ]
      }
    },
    {
      "type": "Feature",
      "properties": {
        "id": "node/13153923117",
        "name": "Wa-Afia (NawAfia)",
        "name_en": null,
        "name_yo": null,
        "amenity": "marketplace",
        "man_made": null,
        "shop": null,
        "tourism": null,
        "opening_hours": null,
        "beds": null,
        "rooms": null,
        "addr_full": null,
        "addr_housenumber": null,
        "addr_street": null,
        "addr_city": null,
        "source": null,
        "adm0_pcode": "NGA",
        "adm0_name": "Nigeria",
        "adm1_pcode": "NG014",
        "adm1_name": "Enugu",
        "adm2_pcode": "NG014006",
        "adm2_name": "Ezeagu",
        "adm3_pcode": null,
        "adm3_name": null,
        "adm4_pcode": null,
        "adm4_name": null,
        "name_latin": "Wa-Afia (NawAfia)"
      },
      "geometry": {
        "type": "Point",
        "coordinates": [
          7.3616759,
          6.3450008
        ]
      }
    },
    {
      "type": "Feature",
      "properties": {
        "id": "way/1468890103",
        "name": "Afia Eke, Agbani",
        "name_en": null,
        "name_yo": null,
        "amenity": "marketplace",
        "man_made": null,
        "shop": null,
        "tourism": null,
        "opening_hours": null,
        "beds": null,
        "rooms": null,
        "addr_full": null,
        "addr_housenumber": null,
        "addr_street": null,
        "addr_city": null,
        "source": null,
        "adm0_pcode": "NGA",
        "adm0_name": "Nigeria",
        "adm1_pcode": "NG014",
        "adm1_name": "Enugu",
        "adm2_pcode": "NG014012",
        "adm2_name": "Nkanu West",
        "adm3_pcode": null,
        "adm3_name": null,
        "adm4_pcode": null,
        "adm4_name": null,
        "name_latin": "Afia Eke, Agbani"
      },
      "geometry": {
        "type": "Polygon",
        "coordinates": [
          [
            [
              7.5483551,
              6.3079642
            ],
            [
              7.5481302,
              6.3079541
            ],
            [
              7.5473076,
              6.3081877
            ],
            [
              7.5469959,
              6.3083705
            ],
            [
              7.5468886,
              6.3084822
            ],
            [
              7.5475273,
              6.3092948
            ],
            [
              7.5485646,
              6.3087819
            ],
            [
              7.5483551,
              6.3079642
            ]
          ]
        ]
      }
    },
    {
      "type": "Feature",
      "properties": {
        "id": "node/13935483401",
        "name": "Crystal Palace Lodge",
        "name_en": null,
        "name_yo": null,
        "amenity": null,
        "man_made": null,
        "shop": null,
        "tourism": "hostel",
        "opening_hours": null,
        "beds": null,
        "rooms": null,
        "addr_full": null,
        "addr_housenumber": null,
        "addr_street": null,
        "addr_city": null,
        "source": null,
        "adm0_pcode": "NGA",
        "adm0_name": "Nigeria",
        "adm1_pcode": "NG001",
        "adm1_name": "Abia",
        "adm2_pcode": "NG001008",
        "adm2_name": "Isiukwuato",
        "adm3_pcode": null,
        "adm3_name": null,
        "adm4_pcode": null,
        "adm4_name": null,
        "name_latin": "Crystal Palace Lodge"
      },
      "geometry": {
        "type": "Point",
        "coordinates": [
          7.4132951,
          5.8256984
        ]
      }
    },
    {
      "type": "Feature",
      "properties": {
        "id": "node/8302620782",
        "name": "Umaualumaku/Umuihim Town Union",
        "name_en": null,
        "name_yo": null,
        "amenity": "townhall",
        "man_made": null,
        "shop": null,
        "tourism": null,
        "opening_hours": null,
        "beds": null,
        "rooms": null,
        "addr_full": null,
        "addr_housenumber": null,
        "addr_street": null,
        "addr_city": "Ehime-Mbano",
        "source": null,
        "adm0_pcode": "NGA",
        "adm0_name": "Nigeria",
        "adm1_pcode": "NG017",
        "adm1_name": "Imo",
        "adm2_pcode": "NG017003",
        "adm2_name": "Ehime-Mbano",
        "adm3_pcode": null,
        "adm3_name": null,
        "adm4_pcode": null,
        "adm4_name": null,
        "name_latin": "Umaualumaku/Umuihim Town Union"
      },
      "geometry": {
        "type": "Point",
        "coordinates": [
          7.2867448,
          5.6325215
        ]
      }
    },
    {
      "type": "Feature",
      "properties": {
        "id": "node/501406493",
        "name": "Umuezeala",
        "name_en": null,
        "name_yo": null,
        "amenity": "community_centre",
        "man_made": null,
        "shop": null,
        "tourism": null,
        "opening_hours": null,
        "beds": null,
        "rooms": null,
        "addr_full": null,
        "addr_housenumber": null,
        "addr_street": null,
        "addr_city": "Ehime-Mbano, Imo State",
        "source": null,
        "adm0_pcode": "NGA",
        "adm0_name": "Nigeria",
        "adm1_pcode": "NG017",
        "adm1_name": "Imo",
        "adm2_pcode": "NG017003",
        "adm2_name": "Ehime-Mbano",
        "adm3_pcode": null,
        "adm3_name": null,
        "adm4_pcode": null,
        "adm4_name": null,
        "name_latin": "Umuezeala"
      },
      "geometry": {
        "type": "Point",
        "coordinates": [
          7.280801,
          5.6323934
        ]
      }
    },
    {
      "type": "Feature",
      "properties": {
        "id": "node/8286838267",
        "name": "Oriendu",
        "name_en": null,
        "name_yo": null,
        "amenity": "marketplace",
        "man_made": null,
        "shop": null,
        "tourism": null,
        "opening_hours": null,
        "beds": null,
        "rooms": null,
        "addr_full": null,
        "addr_housenumber": null,
        "addr_street": null,
        "addr_city": "Imo State",
        "source": null,
        "adm0_pcode": "NGA",
        "adm0_name": "Nigeria",
        "adm1_pcode": "NG017",
        "adm1_name": "Imo",
        "adm2_pcode": "NG017003",
        "adm2_name": "Ehime-Mbano",
        "adm3_pcode": null,
        "adm3_name": null,
        "adm4_pcode": null,
        "adm4_name": null,
        "name_latin": "Oriendu"
      },
      "geometry": {
        "type": "Point",
        "coordinates": [
          7.2921042,
          5.6297123
        ]
      }
    },
    {
      "type": "Feature",
      "properties": {
        "id": "node/2541502499",
        "name": "Ekeikpa Market Amainyi",
        "name_en": null,
        "name_yo": null,
        "amenity": "marketplace",
        "man_made": null,
        "shop": null,
        "tourism": null,
        "opening_hours": null,
        "beds": null,
        "rooms": null,
        "addr_full": null,
        "addr_housenumber": null,
        "addr_street": null,
        "addr_city": null,
        "source": null,
        "adm0_pcode": "NGA",
        "adm0_name": "Nigeria",
        "adm1_pcode": "NG017",
        "adm1_name": "Imo",
        "adm2_pcode": "NG017007",
        "adm2_name": "Ihitte/Uboma",
        "adm3_pcode": null,
        "adm3_name": null,
        "adm4_pcode": null,
        "adm4_name": null,
        "name_latin": "Ekeikpa Market Amainyi"
      },
      "geometry": {
        "type": "Point",
        "coordinates": [
          7.3806391,
          5.6030082
        ]
      }
    },
    {
      "type": "Feature",
      "properties": {
        "id": "way/333811770",
        "name": "Ubani Modern Market",
        "name_en": null,
        "name_yo": null,
        "amenity": "marketplace",
        "man_made": null,
        "shop": null,
        "tourism": null,
        "opening_hours": null,
        "beds": null,
        "rooms": null,
        "addr_full": null,
        "addr_housenumber": null,
        "addr_street": null,
        "addr_city": null,
        "source": null,
        "adm0_pcode": "NGA",
        "adm0_name": "Nigeria",
        "adm1_pcode": "NG001",
        "adm1_name": "Abia",
        "adm2_pcode": "NG001015",
        "adm2_name": "Umuahia North",
        "adm3_pcode": null,
        "adm3_name": null,
        "adm4_pcode": null,
        "adm4_name": null,
        "name_latin": "Ubani Modern Market"
      },
      "geometry": {
        "type": "Polygon",
        "coordinates": [
          [
            [
              7.5049259,
              5.5904606
            ],
            [
              7.5044304,
              5.5901007
            ],
            [
              7.5049125,
              5.5894009
            ],
            [
              7.5067741,
              5.5891543
            ],
            [
              7.5083411,
              5.5900474
            ],
            [
              7.509225,
              5.5908471
            ],
            [
              7.5101491,
              5.5910404
            ],
            [
              7.512225,
              5.5925533
            ],
            [
              7.5125665,
              5.5924866
            ],
            [
              7.51485,
              5.5954656
            ],
            [
              7.5144348,
              5.5959788
            ],
            [
              7.513725,
              5.5958189
            ],
            [
              7.5130687,
              5.5962521
            ],
            [
              7.5124192,
              5.5961654
            ],
            [
              7.5112406,
              5.5976249
            ],
            [
              7.5110129,
              5.5975316
            ],
            [
              7.5102763,
              5.5988312
            ],
            [
              7.5097473,
              5.5987379
            ],
            [
              7.5092183,
              5.5984847
            ],
            [
              7.508783,
              5.5981381
            ],
            [
              7.5092317,
              5.5971718
            ],
            [
              7.5089437,
              5.5969085
            ],
            [
              7.5090375,
              5.596502
            ],
            [
              7.5087261,
              5.5961921
            ],
            [
              7.5089504,
              5.5958222
            ],
            [
              7.5084984,
              5.5954357
            ],
            [
              7.5085788,
              5.5953024
            ],
            [
              7.5078254,
              5.5945426
            ],
            [
              7.5080765,
              5.5941327
            ],
            [
              7.5082306,
              5.5941627
            ],
            [
              7.5085085,
              5.5937429
            ],
            [
              7.5080464,
              5.5933963
            ],
            [
              7.5077525,
              5.5937703
            ],
            [
              7.5062349,
              5.59267
            ],
            [
              7.5061165,
              5.5927548
            ],
            [
              7.5055152,
              5.5926134
            ],
            [
              7.5044033,
              5.59266
            ],
            [
              7.504178,
              5.5918586
            ],
            [
              7.5049259,
              5.5904606
            ]
          ]
        ]
      }
    },
    {
      "type": "Feature",
      "properties": {
        "id": "node/2541502497",
        "name": "Ekeamainyi Market Amainyi",
        "name_en": null,
        "name_yo": null,
        "amenity": "marketplace",
        "man_made": null,
        "shop": null,
        "tourism": null,
        "opening_hours": null,
        "beds": null,
        "rooms": null,
        "addr_full": null,
        "addr_housenumber": null,
        "addr_street": null,
        "addr_city": null,
        "source": null,
        "adm0_pcode": "NGA",
        "adm0_name": "Nigeria",
        "adm1_pcode": "NG017",
        "adm1_name": "Imo",
        "adm2_pcode": "NG017007",
        "adm2_name": "Ihitte/Uboma",
        "adm3_pcode": null,
        "adm3_name": null,
        "adm4_pcode": null,
        "adm4_name": null,
        "name_latin": "Ekeamainyi Market Amainyi"
      },
      "geometry": {
        "type": "Point",
        "coordinates": [
          7.3863508,
          5.5863189
        ]
      }
    },
    {
      "type": "Feature",
      "properties": {
        "id": "node/10286519716",
        "name": "Nwode Market",
        "name_en": null,
        "name_yo": null,
        "amenity": "marketplace",
        "man_made": null,
        "shop": null,
        "tourism": null,
        "opening_hours": null,
        "beds": null,
        "rooms": null,
        "addr_full": null,
        "addr_housenumber": null,
        "addr_street": null,
        "addr_city": null,
        "source": null,
        "adm0_pcode": "NGA",
        "adm0_name": "Nigeria",
        "adm1_pcode": "NG011",
        "adm1_name": "Ebonyi",
        "adm2_pcode": "NG011007",
        "adm2_name": "Ikwo",
        "adm3_pcode": null,
        "adm3_name": null,
        "adm4_pcode": null,
        "adm4_name": null,
        "name_latin": "Nwode Market"
      },
      "geometry": {
        "type": "Point",
        "coordinates": [
          8.2900075,
          6.1577705
        ]
      }
    },
    {
      "type": "Feature",
      "properties": {
        "id": "way/629345375",
        "name": "Ndiofutu Town Hall",
        "name_en": null,
        "name_yo": null,
        "amenity": "townhall",
        "man_made": null,
        "shop": null,
        "tourism": null,
        "opening_hours": null,
        "beds": null,
        "rooms": null,
        "addr_full": null,
        "addr_housenumber": null,
        "addr_street": null,
        "addr_city": null,
        "source": null,
        "adm0_pcode": "NGA",
        "adm0_name": "Nigeria",
        "adm1_pcode": "NG011",
        "adm1_name": "Ebonyi",
        "adm2_pcode": "NG011007",
        "adm2_name": "Ikwo",
        "adm3_pcode": null,
        "adm3_name": null,
        "adm4_pcode": null,
        "adm4_name": null,
        "name_latin": "Ndiofutu Town Hall"
      },
      "geometry": {
        "type": "Polygon",
        "coordinates": [
          [
            [
              8.2950236,
              6.1623177
            ],
            [
              8.2951807,
              6.1623387
            ],
            [
              8.295194,
              6.1622401
            ],
            [
              8.295037,
              6.1622191
            ],
            [
              8.2950236,
              6.1623177
            ]
          ]
        ]
      }
    },
    {
      "type": "Feature",
      "properties": {
        "id": "way/668845870",
        "name": "Ndiaguazu townhall",
        "name_en": null,
        "name_yo": null,
        "amenity": "townhall",
        "man_made": null,
        "shop": null,
        "tourism": null,
        "opening_hours": null,
        "beds": null,
        "rooms": null,
        "addr_full": null,
        "addr_housenumber": null,
        "addr_street": null,
        "addr_city": null,
        "source": null,
        "adm0_pcode": "NGA",
        "adm0_name": "Nigeria",
        "adm1_pcode": "NG011",
        "adm1_name": "Ebonyi",
        "adm2_pcode": "NG011007",
        "adm2_name": "Ikwo",
        "adm3_pcode": null,
        "adm3_name": null,
        "adm4_pcode": null,
        "adm4_name": null,
        "name_latin": "Ndiaguazu townhall"
      },
      "geometry": {
        "type": "Polygon",
        "coordinates": [
          [
            [
              8.2861663,
              6.1663102
            ],
            [
              8.2861504,
              6.1662408
            ],
            [
              8.286108,
              6.1662504
            ],
            [
              8.2860481,
              6.1659891
            ],
            [
              8.2862007,
              6.1659546
            ],
            [
              8.2862589,
              6.1662086
            ],
            [
              8.2862184,
              6.1662322
            ],
            [
              8.2862328,
              6.1662951
            ],
            [
              8.2861663,
              6.1663102
            ]
          ]
        ]
      }
    },
    {
      "type": "Feature",
      "properties": {
        "id": "way/629331956",
        "name": "Mbukobe",
        "name_en": null,
        "name_yo": null,
        "amenity": "marketplace",
        "man_made": null,
        "shop": null,
        "tourism": null,
        "opening_hours": null,
        "beds": null,
        "rooms": null,
        "addr_full": null,
        "addr_housenumber": null,
        "addr_street": null,
        "addr_city": null,
        "source": null,
        "adm0_pcode": "NGA",
        "adm0_name": "Nigeria",
        "adm1_pcode": "NG011",
        "adm1_name": "Ebonyi",
        "adm2_pcode": "NG011007",
        "adm2_name": "Ikwo",
        "adm3_pcode": null,
        "adm3_name": null,
        "adm4_pcode": null,
        "adm4_name": null,
        "name_latin": "Mbukobe"
      },
      "geometry": {
        "type": "Polygon",
        "coordinates": [
          [
            [
              8.2984756,
              6.1673499
            ],
            [
              8.2986492,
              6.1673874
            ],
            [
              8.2986577,
              6.1673735
            ],
            [
              8.2987699,
              6.16719
            ],
            [
              8.2988397,
              6.1671607
            ],
            [
              8.2989094,
              6.1671527
            ],
            [
              8.2989575,
              6.1671109
            ],
            [
              8.2989182,
              6.1669965
            ],
            [
              8.2987788,
              6.1668518
            ],
            [
              8.2987184,
              6.1667892
            ],
            [
              8.298363,
              6.1664204
            ],
            [
              8.2981772,
              6.166478
            ],
            [
              8.2982818,
              6.1665927
            ],
            [
              8.2983301,
              6.1667233
            ],
            [
              8.2982791,
              6.166814
            ],
            [
              8.298212,
              6.1669553
            ],
            [
              8.2981879,
              6.1670327
            ],
            [
              8.2981852,
              6.1671527
            ],
            [
              8.2981691,
              6.1672274
            ],
            [
              8.2982228,
              6.1672887
            ],
            [
              8.2983569,
              6.16735
            ],
            [
              8.2984756,
              6.1673499
            ]
          ]
        ]
      }
    },
    {
      "type": "Feature",
      "properties": {
        "id": "node/5941704755",
        "name": "Offia Mkpuma",
        "name_en": null,
        "name_yo": null,
        "amenity": null,
        "man_made": null,
        "shop": null,
        "tourism": "attraction",
        "opening_hours": null,
        "beds": null,
        "rooms": null,
        "addr_full": null,
        "addr_housenumber": null,
        "addr_street": null,
        "addr_city": null,
        "source": null,
        "adm0_pcode": "NGA",
        "adm0_name": "Nigeria",
        "adm1_pcode": "NG011",
        "adm1_name": "Ebonyi",
        "adm2_pcode": "NG011007",
        "adm2_name": "Ikwo",
        "adm3_pcode": null,
        "adm3_name": null,
        "adm4_pcode": null,
        "adm4_name": null,
        "name_latin": "Offia Mkpuma"
      },
      "geometry": {
        "type": "Point",
        "coordinates": [
          8.3072339,
          6.1677909
        ]
      }
    },
    {
      "type": "Feature",
      "properties": {
        "id": "node/10974008155",
        "name": "Ezza North LGA Secreteriat Ebiaji",
        "name_en": null,
        "name_yo": null,
        "amenity": "townhall",
        "man_made": null,
        "shop": null,
        "tourism": null,
        "opening_hours": null,
        "beds": null,
        "rooms": null,
        "addr_full": null,
        "addr_housenumber": null,
        "addr_street": null,
        "addr_city": null,
        "source": null,
        "adm0_pcode": "NGA",
        "adm0_name": "Nigeria",
        "adm1_pcode": "NG011",
        "adm1_name": "Ebonyi",
        "adm2_pcode": "NG011005",
        "adm2_name": "Ezza North",
        "adm3_pcode": null,
        "adm3_name": null,
        "adm4_pcode": null,
        "adm4_name": null,
        "name_latin": "Ezza North LGA Secreteriat Ebiaji"
      },
      "geometry": {
        "type": "Point",
        "coordinates": [
          7.9951713,
          6.226091
        ]
      }
    },
    {
      "type": "Feature",
      "properties": {
        "id": "node/10287532806",
        "name": "Mammy Market",
        "name_en": null,
        "name_yo": null,
        "amenity": "marketplace",
        "man_made": null,
        "shop": null,
        "tourism": null,
        "opening_hours": null,
        "beds": null,
        "rooms": null,
        "addr_full": null,
        "addr_housenumber": null,
        "addr_street": null,
        "addr_city": null,
        "source": null,
        "adm0_pcode": "NGA",
        "adm0_name": "Nigeria",
        "adm1_pcode": "NG011",
        "adm1_name": "Ebonyi",
        "adm2_pcode": "NG011001",
        "adm2_name": "Abakaliki",
        "adm3_pcode": null,
        "adm3_name": null,
        "adm4_pcode": null,
        "adm4_name": null,
        "name_latin": "Mammy Market"
      },
      "geometry": {
        "type": "Point",
        "coordinates": [
          8.102239,
          6.2804156
        ]
      }
    },
    {
      "type": "Feature",
      "properties": {
        "id": "node/7752927285",
        "name": "Usumenyi",
        "name_en": null,
        "name_yo": null,
        "amenity": "community_centre",
        "man_made": null,
        "shop": null,
        "tourism": null,
        "opening_hours": null,
        "beds": null,
        "rooms": null,
        "addr_full": null,
        "addr_housenumber": null,
        "addr_street": null,
        "addr_city": null,
        "source": null,
        "adm0_pcode": "NGA",
        "adm0_name": "Nigeria",
        "adm1_pcode": "NG004",
        "adm1_name": "Anambra",
        "adm2_pcode": "NG004015",
        "adm2_name": "Nnewi South",
        "adm3_pcode": null,
        "adm3_name": null,
        "adm4_pcode": null,
        "adm4_name": null,
        "name_latin": "Usumenyi"
      },
      "geometry": {
        "type": "Point",
        "coordinates": [
          6.9755042,
          5.9621828
        ]
      }
    },
    {
      "type": "Feature",
      "properties": {
        "id": "node/7746585286",
        "name": "Amunze",
        "name_en": null,
        "name_yo": null,
        "amenity": "community_centre",
        "man_made": null,
        "shop": null,
        "tourism": null,
        "opening_hours": null,
        "beds": null,
        "rooms": null,
        "addr_full": null,
        "addr_housenumber": null,
        "addr_street": null,
        "addr_city": null,
        "source": null,
        "adm0_pcode": "NGA",
        "adm0_name": "Nigeria",
        "adm1_pcode": "NG004",
        "adm1_name": "Anambra",
        "adm2_pcode": "NG004020",
        "adm2_name": "Orumba South",
        "adm3_pcode": null,
        "adm3_name": null,
        "adm4_pcode": null,
        "adm4_name": null,
        "name_latin": "Amunze"
      },
      "geometry": {
        "type": "Point",
        "coordinates": [
          7.2380031,
          5.9671663
        ]
      }
    },
    {
      "type": "Feature",
      "properties": {
        "id": "node/7746585287",
        "name": "Orsumoghu",
        "name_en": null,
        "name_yo": null,
        "amenity": "community_centre",
        "man_made": null,
        "shop": null,
        "tourism": null,
        "opening_hours": null,
        "beds": null,
        "rooms": null,
        "addr_full": null,
        "addr_housenumber": null,
        "addr_street": null,
        "addr_city": null,
        "source": null,
        "adm0_pcode": "NGA",
        "adm0_name": "Nigeria",
        "adm1_pcode": "NG004",
        "adm1_name": "Anambra",
        "adm2_pcode": "NG004012",
        "adm2_name": "Ihiala",
        "adm3_pcode": null,
        "adm3_name": null,
        "adm4_pcode": null,
        "adm4_name": null,
        "name_latin": "Orsumoghu"
      },
      "geometry": {
        "type": "Point",
        "coordinates": [
          6.9329964,
          5.8587003
        ]
      }
    },
    {
      "type": "Feature",
      "properties": {
        "id": "way/383109600",
        "name": "Afor Iro Motor Park",
        "name_en": null,
        "name_yo": null,
        "amenity": "taxi",
        "man_made": null,
        "shop": null,
        "tourism": null,
        "opening_hours": null,
        "beds": null,
        "rooms": null,
        "addr_full": null,
        "addr_housenumber": null,
        "addr_street": null,
        "addr_city": null,
        "source": null,
        "adm0_pcode": "NGA",
        "adm0_name": "Nigeria",
        "adm1_pcode": "NG017",
        "adm1_name": "Imo",
        "adm2_pcode": "NG017005",
        "adm2_name": "Ideato North",
        "adm3_pcode": null,
        "adm3_name": null,
        "adm4_pcode": null,
        "adm4_name": null,
        "name_latin": "Afor Iro Motor Park"
      },
      "geometry": {
        "type": "Polygon",
        "coordinates": [
          [
            [
              7.078562,
              5.8691287
            ],
            [
              7.0787103,
              5.869067
            ],
            [
              7.0789452,
              5.8689224
            ],
            [
              7.079013,
              5.8688534
            ],
            [
              7.0787546,
              5.8688242
            ],
            [
              7.0785119,
              5.8687589
            ],
            [
              7.0785172,
              5.8688976
            ],
            [
              7.078562,
              5.8691287
            ]
          ]
        ]
      }
    },
    {
      "type": "Feature",
      "properties": {
        "id": "way/383109258",
        "name": "Afor Market Urualla",
        "name_en": null,
        "name_yo": null,
        "amenity": "marketplace",
        "man_made": null,
        "shop": null,
        "tourism": null,
        "opening_hours": null,
        "beds": null,
        "rooms": null,
        "addr_full": null,
        "addr_housenumber": null,
        "addr_street": null,
        "addr_city": null,
        "source": null,
        "adm0_pcode": "NGA",
        "adm0_name": "Nigeria",
        "adm1_pcode": "NG017",
        "adm1_name": "Imo",
        "adm2_pcode": "NG017005",
        "adm2_name": "Ideato North",
        "adm3_pcode": null,
        "adm3_name": null,
        "adm4_pcode": null,
        "adm4_name": null,
        "name_latin": "Afor Market Urualla"
      },
      "geometry": {
        "type": "Polygon",
        "coordinates": [
          [
            [
              7.078661,
              5.8703072
            ],
            [
              7.0788615,
              5.8702716
            ],
            [
              7.078954,
              5.8699768
            ],
            [
              7.0790577,
              5.8699782
            ],
            [
              7.0791726,
              5.8701022
            ],
            [
              7.0793564,
              5.8698447
            ],
            [
              7.0792441,
              5.8697874
            ],
            [
              7.0793326,
              5.8695967
            ],
            [
              7.0793658,
              5.8694538
            ],
            [
              7.0792146,
              5.8694299
            ],
            [
              7.0791382,
              5.8693792
            ],
            [
              7.0791271,
              5.8691296
            ],
            [
              7.0795308,
              5.8688589
            ],
            [
              7.0795064,
              5.8686515
            ],
            [
              7.0785351,
              5.8692573
            ],
            [
              7.078661,
              5.8703072
            ]
          ]
        ]
      }
    },
    {
      "type": "Feature",
      "properties": {
        "id": "way/383134433",
        "name": "Orie Akokwa",
        "name_en": null,
        "name_yo": null,
        "amenity": "marketplace",
        "man_made": null,
        "shop": null,
        "tourism": null,
        "opening_hours": null,
        "beds": null,
        "rooms": null,
        "addr_full": null,
        "addr_housenumber": null,
        "addr_street": "Orlu - Urualla -Akokwa Uga Road",
        "addr_city": "Akokwa",
        "source": null,
        "adm0_pcode": "NGA",
        "adm0_name": "Nigeria",
        "adm1_pcode": "NG017",
        "adm1_name": "Imo",
        "adm2_pcode": "NG017005",
        "adm2_name": "Ideato North",
        "adm3_pcode": null,
        "adm3_name": null,
        "adm4_pcode": null,
        "adm4_name": null,
        "name_latin": "Orie Akokwa"
      },
      "geometry": {
        "type": "Polygon",
        "coordinates": [
          [
            [
              7.1106439,
              5.9113397
            ],
            [
              7.1111648,
              5.9113757
            ],
            [
              7.1116195,
              5.9114363
            ],
            [
              7.1118674,
              5.9118936
            ],
            [
              7.1112681,
              5.9122671
            ],
            [
              7.1115383,
              5.9129111
            ],
            [
              7.1113196,
              5.9129718
            ],
            [
              7.1105762,
              5.9131185
            ],
            [
              7.1104599,
              5.9127955
            ],
            [
              7.1106663,
              5.912577
            ],
            [
              7.1107479,
              5.9124296
            ],
            [
              7.1107582,
              5.9121715
            ],
            [
              7.1106439,
              5.9113397
            ]
          ]
        ]
      }
    },
    {
      "type": "Feature",
      "properties": {
        "id": "way/624912991",
        "name": "Akokwa Unity Centre",
        "name_en": null,
        "name_yo": null,
        "amenity": "community_centre",
        "man_made": null,
        "shop": null,
        "tourism": null,
        "opening_hours": null,
        "beds": null,
        "rooms": null,
        "addr_full": null,
        "addr_housenumber": null,
        "addr_street": null,
        "addr_city": null,
        "source": null,
        "adm0_pcode": "NGA",
        "adm0_name": "Nigeria",
        "adm1_pcode": "NG017",
        "adm1_name": "Imo",
        "adm2_pcode": "NG017005",
        "adm2_name": "Ideato North",
        "adm3_pcode": null,
        "adm3_name": null,
        "adm4_pcode": null,
        "adm4_name": null,
        "name_latin": "Akokwa Unity Centre"
      },
      "geometry": {
        "type": "Polygon",
        "coordinates": [
          [
            [
              7.1076557,
              5.914425
            ],
            [
              7.1076657,
              5.9144371
            ],
            [
              7.1077192,
              5.9143928
            ],
            [
              7.1077091,
              5.9143808
            ],
            [
              7.1077958,
              5.9143091
            ],
            [
              7.1076794,
              5.9141699
            ],
            [
              7.1074445,
              5.9143643
            ],
            [
              7.1075608,
              5.9145035
            ],
            [
              7.1076557,
              5.914425
            ]
          ]
        ]
      }
    },
    {
      "type": "Feature",
      "properties": {
        "id": "node/8753424006",
        "name": "kingdom hall",
        "name_en": null,
        "name_yo": null,
        "amenity": "place_of_worship",
        "man_made": null,
        "shop": null,
        "tourism": null,
        "opening_hours": null,
        "beds": null,
        "rooms": null,
        "addr_full": null,
        "addr_housenumber": null,
        "addr_street": null,
        "addr_city": null,
        "source": null,
        "adm0_pcode": "NGA",
        "adm0_name": "Nigeria",
        "adm1_pcode": "NG014",
        "adm1_name": "Enugu",
        "adm2_pcode": "NG014004",
        "adm2_name": "Enugu North",
        "adm3_pcode": null,
        "adm3_name": null,
        "adm4_pcode": null,
        "adm4_name": null,
        "name_latin": "kingdom hall"
      },
      "geometry": {
        "type": "Point",
        "coordinates": [
          7.5353393,
          6.4598681
        ]
      }
    },
    {
      "type": "Feature",
      "properties": {
        "id": "node/8754448957",
        "name": "Market Square",
        "name_en": null,
        "name_yo": null,
        "amenity": "marketplace",
        "man_made": null,
        "shop": null,
        "tourism": null,
        "opening_hours": null,
        "beds": null,
        "rooms": null,
        "addr_full": null,
        "addr_housenumber": null,
        "addr_street": null,
        "addr_city": null,
        "source": null,
        "adm0_pcode": "NGA",
        "adm0_name": "Nigeria",
        "adm1_pcode": "NG014",
        "adm1_name": "Enugu",
        "adm2_pcode": "NG014003",
        "adm2_name": "Enugu East",
        "adm3_pcode": null,
        "adm3_name": null,
        "adm4_pcode": null,
        "adm4_name": null,
        "name_latin": "Market Square"
      },
      "geometry": {
        "type": "Point",
        "coordinates": [
          7.5084066,
          6.4597785
        ]
      }
    },
    {
      "type": "Feature",
      "properties": {
        "id": "way/883433540",
        "name": "Ogige Market",
        "name_en": null,
        "name_yo": null,
        "amenity": "marketplace",
        "man_made": null,
        "shop": null,
        "tourism": null,
        "opening_hours": null,
        "beds": null,
        "rooms": null,
        "addr_full": null,
        "addr_housenumber": null,
        "addr_street": null,
        "addr_city": null,
        "source": null,
        "adm0_pcode": "NGA",
        "adm0_name": "Nigeria",
        "adm1_pcode": "NG014",
        "adm1_name": "Enugu",
        "adm2_pcode": "NG014013",
        "adm2_name": "Nsukka",
        "adm3_pcode": null,
        "adm3_name": null,
        "adm4_pcode": null,
        "adm4_name": null,
        "name_latin": "Ogige Market"
      },
      "geometry": {
        "type": "Polygon",
        "coordinates": [
          [
            [
              7.3977578,
              6.8493986
            ],
            [
              7.3990667,
              6.8487062
            ],
            [
              7.3994261,
              6.8498406
            ],
            [
              7.3996112,
              6.850328
            ],
            [
              7.3998231,
              6.8505836
            ],
            [
              7.4006921,
              6.8512148
            ],
            [
              7.4009845,
              6.8514491
            ],
            [
              7.401073,
              6.851605
            ],
            [
              7.4010692,
              6.8516785
            ],
            [
              7.4009382,
              6.8519418
            ],
            [
              7.4005151,
              6.8524877
            ],
            [
              7.400212,
              6.852802
            ],
            [
              7.3994502,
              6.8532307
            ],
            [
              7.3992759,
              6.8524185
            ],
            [
              7.3990828,
              6.8519019
            ],
            [
              7.3986858,
              6.8509511
            ],
            [
              7.3982084,
              6.8501229
            ],
            [
              7.3977578,
              6.8493986
            ]
          ]
        ]
      }
    },
    {
      "type": "Feature",
      "properties": {
        "id": "way/1376037293",
        "name": "Afor Opi N'ato",
        "name_en": null,
        "name_yo": null,
        "amenity": "marketplace",
        "man_made": null,
        "shop": null,
        "tourism": null,
        "opening_hours": null,
        "beds": null,
        "rooms": null,
        "addr_full": null,
        "addr_housenumber": null,
        "addr_street": null,
        "addr_city": "Opi Nsukka",
        "source": null,
        "adm0_pcode": "NGA",
        "adm0_name": "Nigeria",
        "adm1_pcode": "NG014",
        "adm1_name": "Enugu",
        "adm2_pcode": "NG014013",
        "adm2_name": "Nsukka",
        "adm3_pcode": null,
        "adm3_name": null,
        "adm4_pcode": null,
        "adm4_name": null,
        "name_latin": "Afor Opi N'ato"
      },
      "geometry": {
        "type": "Polygon",
        "coordinates": [
          [
            [
              7.435127,
              6.7681463
            ],
            [
              7.4366475,
              6.7678475
            ],
            [
              7.4367967,
              6.7662791
            ],
            [
              7.4353677,
              6.7661386
            ],
            [
              7.4339857,
              6.7660234
            ],
            [
              7.4335474,
              6.7662274
            ],
            [
              7.4334119,
              6.7667292
            ],
            [
              7.4351742,
              6.7669005
            ],
            [
              7.4349277,
              6.7681121
            ],
            [
              7.435127,
              6.7681463
            ]
          ]
        ]
      }
    },
    {
      "type": "Feature",
      "properties": {
        "id": "node/12364870023",
        "name": "ASSEMBLY HALL OF JEHOVAH'S WITNESSES",
        "name_en": null,
        "name_yo": null,
        "amenity": "place_of_worship",
        "man_made": null,
        "shop": null,
        "tourism": null,
        "opening_hours": null,
        "beds": null,
        "rooms": null,
        "addr_full": null,
        "addr_housenumber": null,
        "addr_street": null,
        "addr_city": null,
        "source": null,
        "adm0_pcode": "NGA",
        "adm0_name": "Nigeria",
        "adm1_pcode": "NG014",
        "adm1_name": "Enugu",
        "adm2_pcode": "NG014003",
        "adm2_name": "Enugu East",
        "adm3_pcode": null,
        "adm3_name": null,
        "adm4_pcode": null,
        "adm4_name": null,
        "name_latin": "ASSEMBLY HALL OF JEHOVAH'S WITNESSES"
      },
      "geometry": {
        "type": "Point",
        "coordinates": [
          7.5078173,
          6.5284242
        ]
      }
    },
    {
      "type": "Feature",
      "properties": {
        "id": "node/8753756336",
        "name": "Timber market Abakpa",
        "name_en": null,
        "name_yo": null,
        "amenity": "marketplace",
        "man_made": null,
        "shop": null,
        "tourism": null,
        "opening_hours": null,
        "beds": null,
        "rooms": null,
        "addr_full": null,
        "addr_housenumber": null,
        "addr_street": null,
        "addr_city": null,
        "source": null,
        "adm0_pcode": "NGA",
        "adm0_name": "Nigeria",
        "adm1_pcode": "NG014",
        "adm1_name": "Enugu",
        "adm2_pcode": "NG014003",
        "adm2_name": "Enugu East",
        "adm3_pcode": null,
        "adm3_name": null,
        "adm4_pcode": null,
        "adm4_name": null,
        "name_latin": "Timber market Abakpa"
      },
      "geometry": {
        "type": "Point",
        "coordinates": [
          7.5024551,
          6.4957015
        ]
      }
    },
    {
      "type": "Feature",
      "properties": {
        "id": "node/2492349907",
        "name": "KIngdom Hall of Jehovah's Witnesses",
        "name_en": null,
        "name_yo": null,
        "amenity": "place_of_worship",
        "man_made": null,
        "shop": null,
        "tourism": null,
        "opening_hours": null,
        "beds": null,
        "rooms": null,
        "addr_full": null,
        "addr_housenumber": null,
        "addr_street": null,
        "addr_city": null,
        "source": null,
        "adm0_pcode": "NGA",
        "adm0_name": "Nigeria",
        "adm1_pcode": "NG014",
        "adm1_name": "Enugu",
        "adm2_pcode": "NG014003",
        "adm2_name": "Enugu East",
        "adm3_pcode": null,
        "adm3_name": null,
        "adm4_pcode": null,
        "adm4_name": null,
        "name_latin": "KIngdom Hall of Jehovah's Witnesses"
      },
      "geometry": {
        "type": "Point",
        "coordinates": [
          7.4784842,
          6.483939
        ]
      }
    },
    {
      "type": "Feature",
      "properties": {
        "id": "way/1433362624",
        "name": "Abakpa Market",
        "name_en": null,
        "name_yo": null,
        "amenity": "marketplace",
        "man_made": null,
        "shop": null,
        "tourism": null,
        "opening_hours": null,
        "beds": null,
        "rooms": null,
        "addr_full": null,
        "addr_housenumber": null,
        "addr_street": null,
        "addr_city": null,
        "source": null,
        "adm0_pcode": "NGA",
        "adm0_name": "Nigeria",
        "adm1_pcode": "NG014",
        "adm1_name": "Enugu",
        "adm2_pcode": "NG014003",
        "adm2_name": "Enugu East",
        "adm3_pcode": null,
        "adm3_name": null,
        "adm4_pcode": null,
        "adm4_name": null,
        "name_latin": "Abakpa Market"
      },
      "geometry": {
        "type": "Polygon",
        "coordinates": [
          [
            [
              7.5157147,
              6.486397
            ],
            [
              7.5159033,
              6.4857347
            ],
            [
              7.5154398,
              6.4856374
            ],
            [
              7.5145614,
              6.4856141
            ],
            [
              7.5145715,
              6.4855575
            ],
            [
              7.5145446,
              6.4854176
            ],
            [
              7.514444,
              6.4854109
            ],
            [
              7.5145379,
              6.4837652
            ],
            [
              7.5146117,
              6.4823128
            ],
            [
              7.5149939,
              6.4823394
            ],
            [
              7.5150677,
              6.4817798
            ],
            [
              7.5166233,
              6.4817864
            ],
            [
              7.5166368,
              6.4812934
            ],
            [
              7.5166636,
              6.4805272
            ],
            [
              7.516972,
              6.4805605
            ],
            [
              7.516972,
              6.4811401
            ],
            [
              7.517951,
              6.4811601
            ],
            [
              7.518065,
              6.4814266
            ],
            [
              7.517998,
              6.4824793
            ],
            [
              7.5178673,
              6.4839518
            ],
            [
              7.5174148,
              6.484105
            ],
            [
              7.5173345,
              6.4856241
            ],
            [
              7.5170461,
              6.4856841
            ],
            [
              7.516617,
              6.4856641
            ],
            [
              7.5164896,
              6.4859106
            ],
            [
              7.5167712,
              6.4861838
            ],
            [
              7.5166237,
              6.4863104
            ],
            [
              7.5162348,
              6.4859173
            ],
            [
              7.5159598,
              6.486417
            ],
            [
              7.5157147,
              6.486397
            ]
          ]
        ]
      }
    },
    {
      "type": "Feature",
      "properties": {
        "id": "node/8754496460",
        "name": "Abakpa Market",
        "name_en": null,
        "name_yo": null,
        "amenity": "marketplace",
        "man_made": null,
        "shop": null,
        "tourism": null,
        "opening_hours": null,
        "beds": null,
        "rooms": null,
        "addr_full": null,
        "addr_housenumber": null,
        "addr_street": null,
        "addr_city": null,
        "source": null,
        "adm0_pcode": "NGA",
        "adm0_name": "Nigeria",
        "adm1_pcode": "NG014",
        "adm1_name": "Enugu",
        "adm2_pcode": "NG014003",
        "adm2_name": "Enugu East",
        "adm3_pcode": null,
        "adm3_name": null,
        "adm4_pcode": null,
        "adm4_name": null,
        "name_latin": "Abakpa Market"
      },
      "geometry": {
        "type": "Point",
        "coordinates": [
          7.5160936,
          6.4821283
        ]
      }
    },
    {
      "type": "Feature",
      "properties": {
        "id": "node/2455133482",
        "name": "Victory Plaza",
        "name_en": null,
        "name_yo": null,
        "amenity": "marketplace",
        "man_made": null,
        "shop": null,
        "tourism": null,
        "opening_hours": null,
        "beds": null,
        "rooms": null,
        "addr_full": null,
        "addr_housenumber": "9.0",
        "addr_street": "Nike Lake Road",
        "addr_city": null,
        "source": null,
        "adm0_pcode": "NGA",
        "adm0_name": "Nigeria",
        "adm1_pcode": "NG014",
        "adm1_name": "Enugu",
        "adm2_pcode": "NG014003",
        "adm2_name": "Enugu East",
        "adm3_pcode": null,
        "adm3_name": null,
        "adm4_pcode": null,
        "adm4_name": null,
        "name_latin": "Victory Plaza"
      },
      "geometry": {
        "type": "Point",
        "coordinates": [
          7.503113,
          6.479254
        ]
      }
    },
    {
      "type": "Feature",
      "properties": {
        "id": "node/9885631117",
        "name": "ILLAH",
        "name_en": null,
        "name_yo": null,
        "amenity": null,
        "man_made": null,
        "shop": null,
        "tourism": "attraction",
        "opening_hours": null,
        "beds": null,
        "rooms": null,
        "addr_full": null,
        "addr_housenumber": null,
        "addr_street": null,
        "addr_city": null,
        "source": null,
        "adm0_pcode": "NGA",
        "adm0_name": "Nigeria",
        "adm1_pcode": "NG010",
        "adm1_name": "Delta",
        "adm2_pcode": "NG010014",
        "adm2_name": "Oshimili North",
        "adm3_pcode": null,
        "adm3_name": null,
        "adm4_pcode": null,
        "adm4_name": null,
        "name_latin": "ILLAH"
      },
      "geometry": {
        "type": "Point",
        "coordinates": [
          6.6507943,
          6.4232801
        ]
      }
    },
    {
      "type": "Feature",
      "properties": {
        "id": "node/7746862285",
        "name": "Umudora anam",
        "name_en": null,
        "name_yo": null,
        "amenity": "community_centre",
        "man_made": null,
        "shop": null,
        "tourism": null,
        "opening_hours": null,
        "beds": null,
        "rooms": null,
        "addr_full": null,
        "addr_housenumber": null,
        "addr_street": null,
        "addr_city": null,
        "source": null,
        "adm0_pcode": "NGA",
        "adm0_name": "Nigeria",
        "adm1_pcode": "NG004",
        "adm1_name": "Anambra",
        "adm2_pcode": "NG004003",
        "adm2_name": "Anambra West",
        "adm3_pcode": null,
        "adm3_name": null,
        "adm4_pcode": null,
        "adm4_name": null,
        "name_latin": "Umudora anam"
      },
      "geometry": {
        "type": "Point",
        "coordinates": [
          6.7575249,
          6.3082786
        ]
      }
    },
    {
      "type": "Feature",
      "properties": {
        "id": "node/7350644189",
        "name": "norsworthy Hill",
        "name_en": null,
        "name_yo": null,
        "amenity": null,
        "man_made": null,
        "shop": null,
        "tourism": "attraction",
        "opening_hours": null,
        "beds": null,
        "rooms": null,
        "addr_full": null,
        "addr_housenumber": null,
        "addr_street": null,
        "addr_city": null,
        "source": null,
        "adm0_pcode": "NGA",
        "adm0_name": "Nigeria",
        "adm1_pcode": "NG010",
        "adm1_name": "Delta",
        "adm2_pcode": "NG010014",
        "adm2_name": "Oshimili North",
        "adm3_pcode": null,
        "adm3_name": null,
        "adm4_pcode": null,
        "adm4_name": null,
        "name_latin": "norsworthy Hill"
      },
      "geometry": {
        "type": "Point",
        "coordinates": [
          6.707432,
          6.2943906
        ]
      }
    },
    {
      "type": "Feature",
      "properties": {
        "id": "node/9374549617",
        "name": "74 ASABA",
        "name_en": null,
        "name_yo": null,
        "amenity": null,
        "man_made": null,
        "shop": null,
        "tourism": "attraction",
        "opening_hours": null,
        "beds": null,
        "rooms": null,
        "addr_full": null,
        "addr_housenumber": null,
        "addr_street": null,
        "addr_city": null,
        "source": null,
        "adm0_pcode": "NGA",
        "adm0_name": "Nigeria",
        "adm1_pcode": "NG010",
        "adm1_name": "Delta",
        "adm2_pcode": "NG010015",
        "adm2_name": "Oshimili South",
        "adm3_pcode": null,
        "adm3_name": null,
        "adm4_pcode": null,
        "adm4_name": null,
        "name_latin": "74 ASABA"
      },
      "geometry": {
        "type": "Point",
        "coordinates": [
          6.7017085,
          6.2399653
        ]
      }
    },
    {
      "type": "Feature",
      "properties": {
        "id": "node/9882910132",
        "name": "Dead tall tree asaba",
        "name_en": null,
        "name_yo": null,
        "amenity": null,
        "man_made": null,
        "shop": null,
        "tourism": "attraction",
        "opening_hours": null,
        "beds": null,
        "rooms": null,
        "addr_full": null,
        "addr_housenumber": null,
        "addr_street": null,
        "addr_city": null,
        "source": null,
        "adm0_pcode": "NGA",
        "adm0_name": "Nigeria",
        "adm1_pcode": "NG010",
        "adm1_name": "Delta",
        "adm2_pcode": "NG010015",
        "adm2_name": "Oshimili South",
        "adm3_pcode": null,
        "adm3_name": null,
        "adm4_pcode": null,
        "adm4_name": null,
        "name_latin": "Dead tall tree asaba"
      },
      "geometry": {
        "type": "Point",
        "coordinates": [
          6.7021545,
          6.238195
        ]
      }
    },
    {
      "type": "Feature",
      "properties": {
        "id": "node/9014108821",
        "name": "GD POST NUMBER 2 GATE TANGO 4",
        "name_en": null,
        "name_yo": null,
        "amenity": null,
        "man_made": null,
        "shop": null,
        "tourism": "attraction",
        "opening_hours": null,
        "beds": null,
        "rooms": null,
        "addr_full": null,
        "addr_housenumber": null,
        "addr_street": null,
        "addr_city": null,
        "source": null,
        "adm0_pcode": "NGA",
        "adm0_name": "Nigeria",
        "adm1_pcode": "NG010",
        "adm1_name": "Delta",
        "adm2_pcode": "NG010014",
        "adm2_name": "Oshimili North",
        "adm3_pcode": null,
        "adm3_name": null,
        "adm4_pcode": null,
        "adm4_name": null,
        "name_latin": "GD POST NUMBER 2 GATE TANGO 4"
      },
      "geometry": {
        "type": "Point",
        "coordinates": [
          6.7029765,
          6.2362984
        ]
      }
    },
    {
      "type": "Feature",
      "properties": {
        "id": "node/4872057131",
        "name": "Shoprite Asaba",
        "name_en": null,
        "name_yo": null,
        "amenity": null,
        "man_made": null,
        "shop": "supermarket",
        "tourism": null,
        "opening_hours": null,
        "beds": null,
        "rooms": null,
        "addr_full": null,
        "addr_housenumber": null,
        "addr_street": null,
        "addr_city": null,
        "source": null,
        "adm0_pcode": "NGA",
        "adm0_name": "Nigeria",
        "adm1_pcode": "NG010",
        "adm1_name": "Delta",
        "adm2_pcode": "NG010015",
        "adm2_name": "Oshimili South",
        "adm3_pcode": null,
        "adm3_name": null,
        "adm4_pcode": null,
        "adm4_name": null,
        "name_latin": "Shoprite Asaba"
      },
      "geometry": {
        "type": "Point",
        "coordinates": [
          6.7015169,
          6.2140708
        ]
      }
    },
    {
      "type": "Feature",
      "properties": {
        "id": "node/12569309142",
        "name": "Market square",
        "name_en": null,
        "name_yo": null,
        "amenity": "marketplace",
        "man_made": null,
        "shop": null,
        "tourism": null,
        "opening_hours": null,
        "beds": null,
        "rooms": null,
        "addr_full": null,
        "addr_housenumber": null,
        "addr_street": null,
        "addr_city": null,
        "source": null,
        "adm0_pcode": "NGA",
        "adm0_name": "Nigeria",
        "adm1_pcode": "NG010",
        "adm1_name": "Delta",
        "adm2_pcode": "NG010015",
        "adm2_name": "Oshimili South",
        "adm3_pcode": null,
        "adm3_name": null,
        "adm4_pcode": null,
        "adm4_name": null,
        "name_latin": "Market square"
      },
      "geometry": {
        "type": "Point",
        "coordinates": [
          6.7216044,
          6.190765
        ]
      }
    },
    {
      "type": "Feature",
      "properties": {
        "id": "node/9885631117",
        "name": "ILLAH",
        "name_en": null,
        "name_yo": null,
        "amenity": null,
        "man_made": null,
        "shop": null,
        "tourism": "attraction",
        "opening_hours": null,
        "beds": null,
        "rooms": null,
        "addr_full": null,
        "addr_housenumber": null,
        "addr_street": null,
        "addr_city": null,
        "source": null,
        "adm0_pcode": "NGA",
        "adm0_name": "Nigeria",
        "adm1_pcode": "NG010",
        "adm1_name": "Delta",
        "adm2_pcode": "NG010014",
        "adm2_name": "Oshimili North",
        "adm3_pcode": null,
        "adm3_name": null,
        "adm4_pcode": null,
        "adm4_name": null,
        "name_latin": "ILLAH"
      },
      "geometry": {
        "type": "Point",
        "coordinates": [
          6.6507943,
          6.4232801
        ]
      }
    },
    {
      "type": "Feature",
      "properties": {
        "id": "way/669575473",
        "name": "Market",
        "name_en": null,
        "name_yo": null,
        "amenity": "marketplace",
        "man_made": null,
        "shop": null,
        "tourism": null,
        "opening_hours": null,
        "beds": null,
        "rooms": null,
        "addr_full": null,
        "addr_housenumber": null,
        "addr_street": null,
        "addr_city": null,
        "source": null,
        "adm0_pcode": "NGA",
        "adm0_name": "Nigeria",
        "adm1_pcode": "NG017",
        "adm1_name": "Imo",
        "adm2_pcode": "NG017002",
        "adm2_name": "Ahiazu-Mbaise",
        "adm3_pcode": null,
        "adm3_name": null,
        "adm4_pcode": null,
        "adm4_name": null,
        "name_latin": "Market"
      },
      "geometry": {
        "type": "Polygon",
        "coordinates": [
          [
            [
              7.2803322,
              5.5340361
            ],
            [
              7.2813131,
              5.534687
            ],
            [
              7.2825742,
              5.5330495
            ],
            [
              7.2814688,
              5.5318201
            ],
            [
              7.2812456,
              5.5324968
            ],
            [
              7.2803322,
              5.5340361
            ]
          ]
        ]
      }
    },
    {
      "type": "Feature",
      "properties": {
        "id": "way/667045713",
        "name": "Ariaria International Market",
        "name_en": null,
        "name_yo": null,
        "amenity": "marketplace",
        "man_made": null,
        "shop": null,
        "tourism": null,
        "opening_hours": null,
        "beds": null,
        "rooms": null,
        "addr_full": null,
        "addr_housenumber": null,
        "addr_street": null,
        "addr_city": null,
        "source": null,
        "adm0_pcode": "NGA",
        "adm0_name": "Nigeria",
        "adm1_pcode": "NG001",
        "adm1_name": "Abia",
        "adm2_pcode": "NG001001",
        "adm2_name": "Aba North",
        "adm3_pcode": null,
        "adm3_name": null,
        "adm4_pcode": null,
        "adm4_name": null,
        "name_latin": "Ariaria International Market"
      },
      "geometry": {
        "type": "Polygon",
        "coordinates": [
          [
            [
              7.3297048,
              5.1185308
            ],
            [
              7.3303753,
              5.1185842
            ],
            [
              7.3309976,
              5.1187285
            ],
            [
              7.3312068,
              5.118066
            ],
            [
              7.3312551,
              5.11735
            ],
            [
              7.3312551,
              5.1166501
            ],
            [
              7.3311692,
              5.1165592
            ],
            [
              7.3329663,
              5.1139091
            ],
            [
              7.3340392,
              5.1119642
            ],
            [
              7.3353052,
              5.1103452
            ],
            [
              7.3356914,
              5.1110505
            ],
            [
              7.3361635,
              5.1117131
            ],
            [
              7.3367697,
              5.1121779
            ],
            [
              7.3381001,
              5.1128779
            ],
            [
              7.3374778,
              5.1139251
            ],
            [
              7.3386472,
              5.1148067
            ],
            [
              7.3383629,
              5.1155601
            ],
            [
              7.3379713,
              5.1161745
            ],
            [
              7.3373061,
              5.1168104
            ],
            [
              7.3364371,
              5.1177294
            ],
            [
              7.335611,
              5.1188781
            ],
            [
              7.3351335,
              5.11953
            ],
            [
              7.33464,
              5.1195353
            ],
            [
              7.3339051,
              5.1197651
            ],
            [
              7.3334116,
              5.119717
            ],
            [
              7.3328322,
              5.1194979
            ],
            [
              7.3324567,
              5.1196101
            ],
            [
              7.3321027,
              5.1194872
            ],
            [
              7.3316628,
              5.1194231
            ],
            [
              7.3315501,
              5.1196155
            ],
            [
              7.3313248,
              5.1195887
            ],
            [
              7.3310378,
              5.1198612
            ],
            [
              7.3308742,
              5.1197811
            ],
            [
              7.3304343,
              5.1201685
            ],
            [
              7.3301071,
              5.1199387
            ],
            [
              7.3298496,
              5.1198425
            ],
            [
              7.3297048,
              5.1185308
            ]
          ]
        ]
      }
    },
    {
      "type": "Feature",
      "properties": {
        "id": "node/4986133434",
        "name": "waterside market",
        "name_en": null,
        "name_yo": null,
        "amenity": "marketplace",
        "man_made": null,
        "shop": null,
        "tourism": null,
        "opening_hours": null,
        "beds": null,
        "rooms": null,
        "addr_full": null,
        "addr_housenumber": null,
        "addr_street": null,
        "addr_city": null,
        "source": null,
        "adm0_pcode": "NGA",
        "adm0_name": "Nigeria",
        "adm1_pcode": "NG001",
        "adm1_name": "Abia",
        "adm2_pcode": "NG001002",
        "adm2_name": "Aba South",
        "adm3_pcode": null,
        "adm3_name": null,
        "adm4_pcode": null,
        "adm4_name": null,
        "name_latin": "waterside market"
      },
      "geometry": {
        "type": "Point",
        "coordinates": [
          7.3797513,
          5.1147515
        ]
      }
    },
    {
      "type": "Feature",
      "properties": {
        "id": "way/667045706",
        "name": "Market",
        "name_en": null,
        "name_yo": null,
        "amenity": "marketplace",
        "man_made": null,
        "shop": null,
        "tourism": null,
        "opening_hours": null,
        "beds": null,
        "rooms": null,
        "addr_full": null,
        "addr_housenumber": null,
        "addr_street": null,
        "addr_city": null,
        "source": null,
        "adm0_pcode": "NGA",
        "adm0_name": "Nigeria",
        "adm1_pcode": "NG001",
        "adm1_name": "Abia",
        "adm2_pcode": "NG001009",
        "adm2_name": "Obi Ngwa",
        "adm3_pcode": null,
        "adm3_name": null,
        "adm4_pcode": null,
        "adm4_name": null,
        "name_latin": "Market"
      },
      "geometry": {
        "type": "Polygon",
        "coordinates": [
          [
            [
              7.4017972,
              5.1104655
            ],
            [
              7.4024409,
              5.1104735
            ],
            [
              7.4024677,
              5.1108475
            ],
            [
              7.4039698,
              5.110575
            ],
            [
              7.4039859,
              5.1091431
            ],
            [
              7.4023282,
              5.1091377
            ],
            [
              7.4023229,
              5.1094797
            ],
            [
              7.4018401,
              5.109501
            ],
            [
              7.4017972,
              5.1104655
            ]
          ]
        ]
      }
    },
    {
      "type": "Feature",
      "properties": {
        "id": "way/667045709",
        "name": "Market",
        "name_en": null,
        "name_yo": null,
        "amenity": "marketplace",
        "man_made": null,
        "shop": null,
        "tourism": null,
        "opening_hours": null,
        "beds": null,
        "rooms": null,
        "addr_full": null,
        "addr_housenumber": null,
        "addr_street": null,
        "addr_city": null,
        "source": null,
        "adm0_pcode": "NGA",
        "adm0_name": "Nigeria",
        "adm1_pcode": "NG001",
        "adm1_name": "Abia",
        "adm2_pcode": "NG001002",
        "adm2_name": "Aba South",
        "adm3_pcode": null,
        "adm3_name": null,
        "adm4_pcode": null,
        "adm4_name": null,
        "name_latin": "Market"
      },
      "geometry": {
        "type": "Polygon",
        "coordinates": [
          [
            [
              7.3679799,
              5.1077806
            ],
            [
              7.3696429,
              5.1076416
            ],
            [
              7.3694336,
              5.1055658
            ],
            [
              7.3664966,
              5.1058597
            ],
            [
              7.366451,
              5.1059131
            ],
            [
              7.3664832,
              5.1059853
            ],
            [
              7.3679799,
              5.1077806
            ]
          ]
        ]
      }
    },
    {
      "type": "Feature",
      "properties": {
        "id": "way/667045708",
        "name": "Market",
        "name_en": null,
        "name_yo": null,
        "amenity": "marketplace",
        "man_made": null,
        "shop": null,
        "tourism": null,
        "opening_hours": null,
        "beds": null,
        "rooms": null,
        "addr_full": null,
        "addr_housenumber": null,
        "addr_street": null,
        "addr_city": null,
        "source": null,
        "adm0_pcode": "NGA",
        "adm0_name": "Nigeria",
        "adm1_pcode": "NG001",
        "adm1_name": "Abia",
        "adm2_pcode": "NG001002",
        "adm2_name": "Aba South",
        "adm3_pcode": null,
        "adm3_name": null,
        "adm4_pcode": null,
        "adm4_name": null,
        "name_latin": "Market"
      },
      "geometry": {
        "type": "Polygon",
        "coordinates": [
          [
            [
              7.3553467,
              5.1021355
            ],
            [
              7.3548639,
              5.1015798
            ],
            [
              7.3549685,
              5.1014863
            ],
            [
              7.3555881,
              5.1021329
            ],
            [
              7.355631,
              5.1020687
            ],
            [
              7.3560333,
              5.1025069
            ],
            [
              7.3564464,
              5.1022531
            ],
            [
              7.3561728,
              5.1015424
            ],
            [
              7.3563203,
              5.101489
            ],
            [
              7.3598555,
              5.1012005
            ],
            [
              7.3610973,
              5.1010669
            ],
            [
              7.3611751,
              5.1014222
            ],
            [
              7.3617652,
              5.1013795
            ],
            [
              7.3618135,
              5.1016466
            ],
            [
              7.3623526,
              5.1015932
            ],
            [
              7.362594,
              5.1015611
            ],
            [
              7.3628676,
              5.1019592
            ],
            [
              7.3617974,
              5.1020901
            ],
            [
              7.3618028,
              5.1022344
            ],
            [
              7.3607406,
              5.1023359
            ],
            [
              7.3607701,
              5.1029477
            ],
            [
              7.3606521,
              5.1029584
            ],
            [
              7.360687,
              5.1034099
            ],
            [
              7.3609284,
              5.1034045
            ],
            [
              7.3610625,
              5.1047109
            ],
            [
              7.3601586,
              5.1047831
            ],
            [
              7.3600244,
              5.1035969
            ],
            [
              7.3574012,
              5.1038026
            ],
            [
              7.357074,
              5.1038614
            ],
            [
              7.3580235,
              5.1049567
            ],
            [
              7.3579189,
              5.105109
            ],
            [
              7.3553467,
              5.1021355
            ]
          ]
        ]
      }
    },
    {
      "type": "Feature",
      "properties": {
        "id": "way/667045707",
        "name": "Market",
        "name_en": null,
        "name_yo": null,
        "amenity": "marketplace",
        "man_made": null,
        "shop": null,
        "tourism": null,
        "opening_hours": null,
        "beds": null,
        "rooms": null,
        "addr_full": null,
        "addr_housenumber": null,
        "addr_street": null,
        "addr_city": null,
        "source": null,
        "adm0_pcode": "NGA",
        "adm0_name": "Nigeria",
        "adm1_pcode": "NG001",
        "adm1_name": "Abia",
        "adm2_pcode": "NG001002",
        "adm2_name": "Aba South",
        "adm3_pcode": null,
        "adm3_name": null,
        "adm4_pcode": null,
        "adm4_name": null,
        "name_latin": "Market"
      },
      "geometry": {
        "type": "Polygon",
        "coordinates": [
          [
            [
              7.3738807,
              5.1034633
            ],
            [
              7.3768043,
              5.1032095
            ],
            [
              7.3767856,
              5.1030278
            ],
            [
              7.3752809,
              5.1031507
            ],
            [
              7.3749764,
              5.0997872
            ],
            [
              7.3735562,
              5.0999368
            ],
            [
              7.3738807,
              5.1034633
            ]
          ]
        ]
      }
    },
    {
      "type": "Feature",
      "properties": {
        "id": "way/667045711",
        "name": "Market",
        "name_en": null,
        "name_yo": null,
        "amenity": "marketplace",
        "man_made": null,
        "shop": null,
        "tourism": null,
        "opening_hours": null,
        "beds": null,
        "rooms": null,
        "addr_full": null,
        "addr_housenumber": null,
        "addr_street": null,
        "addr_city": null,
        "source": null,
        "adm0_pcode": "NGA",
        "adm0_name": "Nigeria",
        "adm1_pcode": "NG001",
        "adm1_name": "Abia",
        "adm2_pcode": "NG001002",
        "adm2_name": "Aba South",
        "adm3_pcode": null,
        "adm3_name": null,
        "adm4_pcode": null,
        "adm4_name": null,
        "name_latin": "Market"
      },
      "geometry": {
        "type": "Polygon",
        "coordinates": [
          [
            [
              7.3244959,
              5.0879199
            ],
            [
              7.3245817,
              5.0921678
            ],
            [
              7.3233908,
              5.0919968
            ],
            [
              7.3231655,
              5.0917831
            ],
            [
              7.3229939,
              5.0920128
            ],
            [
              7.3225486,
              5.0916709
            ],
            [
              7.3226398,
              5.0912861
            ],
            [
              7.3223662,
              5.0910671
            ],
            [
              7.3222536,
              5.0911098
            ],
            [
              7.3216742,
              5.0916815
            ],
            [
              7.3211431,
              5.0924082
            ],
            [
              7.3204994,
              5.0930334
            ],
            [
              7.3202795,
              5.0925418
            ],
            [
              7.3208106,
              5.0919167
            ],
            [
              7.3202687,
              5.0917831
            ],
            [
              7.3206711,
              5.0907251
            ],
            [
              7.3196679,
              5.0900305
            ],
            [
              7.3200703,
              5.0891756
            ],
            [
              7.3201078,
              5.0890794
            ],
            [
              7.3200488,
              5.0884435
            ],
            [
              7.3210359,
              5.0883848
            ],
            [
              7.321111,
              5.0882993
            ],
            [
              7.3212129,
              5.0882565
            ],
            [
              7.3227417,
              5.0881924
            ],
            [
              7.324056,
              5.0879947
            ],
            [
              7.3244959,
              5.0879199
            ]
          ]
        ]
      }
    },
    {
      "type": "Feature",
      "properties": {
        "id": "way/667045714",
        "name": "Market",
        "name_en": null,
        "name_yo": null,
        "amenity": "marketplace",
        "man_made": null,
        "shop": null,
        "tourism": null,
        "opening_hours": null,
        "beds": null,
        "rooms": null,
        "addr_full": null,
        "addr_housenumber": null,
        "addr_street": null,
        "addr_city": null,
        "source": null,
        "adm0_pcode": "NGA",
        "adm0_name": "Nigeria",
        "adm1_pcode": "NG001",
        "adm1_name": "Abia",
        "adm2_pcode": "NG001002",
        "adm2_name": "Aba South",
        "adm3_pcode": null,
        "adm3_name": null,
        "adm4_pcode": null,
        "adm4_name": null,
        "name_latin": "Market"
      },
      "geometry": {
        "type": "Polygon",
        "coordinates": [
          [
            [
              7.3299032,
              5.0611174
            ],
            [
              7.3310727,
              5.0618495
            ],
            [
              7.3308205,
              5.0624747
            ],
            [
              7.3306965,
              5.0630363
            ],
            [
              7.3302412,
              5.0628274
            ],
            [
              7.3294258,
              5.0632388
            ],
            [
              7.3293883,
              5.0635915
            ],
            [
              7.3290825,
              5.0641098
            ],
            [
              7.3287606,
              5.0635434
            ],
            [
              7.328133,
              5.0639815
            ],
            [
              7.3279305,
              5.0640764
            ],
            [
              7.3277789,
              5.0630785
            ],
            [
              7.3277897,
              5.0626724
            ],
            [
              7.3284227,
              5.062464
            ],
            [
              7.3283529,
              5.0616625
            ],
            [
              7.3284227,
              5.0616358
            ],
            [
              7.3284012,
              5.0615075
            ],
            [
              7.3285139,
              5.0614434
            ],
            [
              7.3285031,
              5.0612403
            ],
            [
              7.3289376,
              5.0612136
            ],
            [
              7.3290235,
              5.0616358
            ],
            [
              7.3297477,
              5.0614006
            ],
            [
              7.3299032,
              5.0611174
            ]
          ]
        ]
      }
    },
    {
      "type": "Feature",
      "properties": {
        "id": "node/7752793686",
        "name": "Omor",
        "name_en": null,
        "name_yo": null,
        "amenity": "community_centre",
        "man_made": null,
        "shop": null,
        "tourism": null,
        "opening_hours": null,
        "beds": null,
        "rooms": null,
        "addr_full": null,
        "addr_housenumber": null,
        "addr_street": null,
        "addr_city": null,
        "source": null,
        "adm0_pcode": "NGA",
        "adm0_name": "Nigeria",
        "adm1_pcode": "NG004",
        "adm1_name": "Anambra",
        "adm2_pcode": "NG004007",
        "adm2_name": "Ayamelum",
        "adm3_pcode": null,
        "adm3_name": null,
        "adm4_pcode": null,
        "adm4_name": null,
        "name_latin": "Omor"
      },
      "geometry": {
        "type": "Point",
        "coordinates": [
          6.9652109,
          6.519708
        ]
      }
    },
    {
      "type": "Feature",
      "properties": {
        "id": "node/7746862185",
        "name": "Ifite ogwari",
        "name_en": null,
        "name_yo": null,
        "amenity": "community_centre",
        "man_made": null,
        "shop": null,
        "tourism": null,
        "opening_hours": null,
        "beds": null,
        "rooms": null,
        "addr_full": null,
        "addr_housenumber": null,
        "addr_street": null,
        "addr_city": null,
        "source": null,
        "adm0_pcode": "NGA",
        "adm0_name": "Nigeria",
        "adm1_pcode": "NG004",
        "adm1_name": "Anambra",
        "adm2_pcode": "NG004007",
        "adm2_name": "Ayamelum",
        "adm3_pcode": null,
        "adm3_name": null,
        "adm4_pcode": null,
        "adm4_name": null,
        "name_latin": "Ifite ogwari"
      },
      "geometry": {
        "type": "Point",
        "coordinates": [
          6.9488637,
          6.6046575
        ]
      }
    },
    {
      "type": "Feature",
      "properties": {
        "id": "node/14105300201",
        "name": "Auto Parts Market",
        "name_en": null,
        "name_yo": null,
        "amenity": null,
        "man_made": null,
        "shop": "car_repair",
        "tourism": null,
        "opening_hours": null,
        "beds": null,
        "rooms": null,
        "addr_full": null,
        "addr_housenumber": null,
        "addr_street": null,
        "addr_city": null,
        "source": null,
        "adm0_pcode": "NGA",
        "adm0_name": "Nigeria",
        "adm1_pcode": "NG004",
        "adm1_name": "Anambra",
        "adm2_pcode": "NG004017",
        "adm2_name": "Onitsha North",
        "adm3_pcode": null,
        "adm3_name": null,
        "adm4_pcode": null,
        "adm4_name": null,
        "name_latin": "Auto Parts Market"
      },
      "geometry": {
        "type": "Point",
        "coordinates": [
          6.833836,
          6.1535389
        ]
      }
    },
    {
      "type": "Feature",
      "properties": {
        "id": "relation/16067993",
        "name": "Nkwo Igbo Market",
        "name_en": null,
        "name_yo": null,
        "amenity": "marketplace",
        "man_made": null,
        "shop": null,
        "tourism": null,
        "opening_hours": null,
        "beds": null,
        "rooms": null,
        "addr_full": null,
        "addr_housenumber": null,
        "addr_street": null,
        "addr_city": null,
        "source": null,
        "adm0_pcode": "NGA",
        "adm0_name": "Nigeria",
        "adm1_pcode": "NG004",
        "adm1_name": "Anambra",
        "adm2_pcode": "NG004001",
        "adm2_name": "Aguata",
        "adm3_pcode": null,
        "adm3_name": null,
        "adm4_pcode": null,
        "adm4_name": null,
        "name_latin": "Nkwo Igbo Market"
      },
      "geometry": {
        "type": "Polygon",
        "coordinates": [
          [
            [
              7.0189404,
              6.0193718
            ],
            [
              7.0188081,
              6.0190949
            ],
            [
              7.01817,
              6.0177592
            ],
            [
              7.0182946,
              6.0176772
            ],
            [
              7.0184578,
              6.0175847
            ],
            [
              7.0185894,
              6.0175288
            ],
            [
              7.0187368,
              6.0174782
            ],
            [
              7.0189351,
              6.017452
            ],
            [
              7.0197055,
              6.0174101
            ],
            [
              7.0203707,
              6.017384
            ],
            [
              7.0206532,
              6.0173665
            ],
            [
              7.0209972,
              6.0173334
            ],
            [
              7.0211762,
              6.0173107
            ],
            [
              7.0213411,
              6.0172723
            ],
            [
              7.0214868,
              6.0172304
            ],
            [
              7.0220256,
              6.0170157
            ],
            [
              7.0220414,
              6.0170297
            ],
            [
              7.0220659,
              6.0171152
            ],
            [
              7.0220624,
              6.0171641
            ],
            [
              7.0220174,
              6.017229
            ],
            [
              7.0216442,
              6.0176755
            ],
            [
              7.0213227,
              6.0180626
            ],
            [
              7.0210713,
              6.0183926
            ],
            [
              7.0210116,
              6.0184726
            ],
            [
              7.0208049,
              6.0186975
            ],
            [
              7.0205247,
              6.0190013
            ],
            [
              7.0204855,
              6.0190431
            ],
            [
              7.0203929,
              6.0189524
            ],
            [
              7.0202527,
              6.0190878
            ],
            [
              7.0198969,
              6.0193154
            ],
            [
              7.0197712,
              6.0190655
            ],
            [
              7.0194731,
              6.0191914
            ],
            [
              7.0189404,
              6.0193718
            ]
          ]
        ]
      }
    },
    {
      "type": "Feature",
      "properties": {
        "id": "relation/16068000",
        "name": "Eke Main Market",
        "name_en": null,
        "name_yo": null,
        "amenity": "marketplace",
        "man_made": null,
        "shop": null,
        "tourism": null,
        "opening_hours": null,
        "beds": null,
        "rooms": null,
        "addr_full": null,
        "addr_housenumber": null,
        "addr_street": null,
        "addr_city": null,
        "source": null,
        "adm0_pcode": "NGA",
        "adm0_name": "Nigeria",
        "adm1_pcode": "NG004",
        "adm1_name": "Anambra",
        "adm2_pcode": "NG004001",
        "adm2_name": "Aguata",
        "adm3_pcode": null,
        "adm3_name": null,
        "adm4_pcode": null,
        "adm4_name": null,
        "name_latin": "Eke Main Market"
      },
      "geometry": {
        "type": "Polygon",
        "coordinates": [
          [
            [
              7.079256,
              6.0195961
            ],
            [
              7.079395,
              6.0188856
            ],
            [
              7.0794705,
              6.0184553
            ],
            [
              7.079501,
              6.0183432
            ],
            [
              7.0795543,
              6.0182296
            ],
            [
              7.0796442,
              6.0180947
            ],
            [
              7.0797341,
              6.0179932
            ],
            [
              7.0798865,
              6.0178841
            ],
            [
              7.0799718,
              6.0180023
            ],
            [
              7.0801059,
              6.0181508
            ],
            [
              7.0804182,
              6.0184387
            ],
            [
              7.0807214,
              6.0186781
            ],
            [
              7.0811906,
              6.0190478
            ],
            [
              7.0814923,
              6.0192993
            ],
            [
              7.0815041,
              6.0193253
            ],
            [
              7.0814935,
              6.0193463
            ],
            [
              7.0814485,
              6.0193437
            ],
            [
              7.0811192,
              6.0193161
            ],
            [
              7.0809287,
              6.0193214
            ],
            [
              7.0807422,
              6.0193516
            ],
            [
              7.080315,
              6.0195055
            ],
            [
              7.0800333,
              6.019595
            ],
            [
              7.0797277,
              6.0196712
            ],
            [
              7.0796391,
              6.0196765
            ],
            [
              7.0793278,
              6.0196112
            ],
            [
              7.079256,
              6.0195961
            ]
          ]
        ]
      }
    },
    {
      "type": "Feature",
      "properties": {
        "id": "node/7752738985",
        "name": "Aguluzigbo",
        "name_en": null,
        "name_yo": null,
        "amenity": "community_centre",
        "man_made": null,
        "shop": null,
        "tourism": null,
        "opening_hours": null,
        "beds": null,
        "rooms": null,
        "addr_full": null,
        "addr_housenumber": null,
        "addr_street": null,
        "addr_city": null,
        "source": null,
        "adm0_pcode": "NGA",
        "adm0_name": "Nigeria",
        "adm1_pcode": "NG004",
        "adm1_name": "Anambra",
        "adm2_pcode": "NG004001",
        "adm2_name": "Aguata",
        "adm3_pcode": null,
        "adm3_name": null,
        "adm4_pcode": null,
        "adm4_name": null,
        "name_latin": "Aguluzigbo"
      },
      "geometry": {
        "type": "Point",
        "coordinates": [
          7.0336092,
          6.0486319
        ]
      }
    },
    {
      "type": "Feature",
      "properties": {
        "id": "node/13850652291",
        "name": "Okofia Village Hall, Obeledu",
        "name_en": null,
        "name_yo": null,
        "amenity": "community_centre",
        "man_made": null,
        "shop": null,
        "tourism": null,
        "opening_hours": null,
        "beds": null,
        "rooms": null,
        "addr_full": null,
        "addr_housenumber": null,
        "addr_street": null,
        "addr_city": null,
        "source": null,
        "adm0_pcode": "NGA",
        "adm0_name": "Nigeria",
        "adm1_pcode": "NG004",
        "adm1_name": "Anambra",
        "adm2_pcode": "NG004004",
        "adm2_name": "Anaocha",
        "adm3_pcode": null,
        "adm3_name": null,
        "adm4_pcode": null,
        "adm4_name": null,
        "name_latin": "Okofia Village Hall, Obeledu"
      },
      "geometry": {
        "type": "Point",
        "coordinates": [
          7.0276829,
          6.0749438
        ]
      }
    },
    {
      "type": "Feature",
      "properties": {
        "id": "node/7750264886",
        "name": "Alor Town Hall",
        "name_en": null,
        "name_yo": null,
        "amenity": "townhall",
        "man_made": null,
        "shop": null,
        "tourism": null,
        "opening_hours": null,
        "beds": null,
        "rooms": null,
        "addr_full": null,
        "addr_housenumber": null,
        "addr_street": null,
        "addr_city": null,
        "source": null,
        "adm0_pcode": "NGA",
        "adm0_name": "Nigeria",
        "adm1_pcode": "NG004",
        "adm1_name": "Anambra",
        "adm2_pcode": "NG004011",
        "adm2_name": "Idemili South",
        "adm3_pcode": null,
        "adm3_name": null,
        "adm4_pcode": null,
        "adm4_name": null,
        "name_latin": "Alor Town Hall"
      },
      "geometry": {
        "type": "Point",
        "coordinates": [
          6.9654239,
          6.0796455
        ]
      }
    },
    {
      "type": "Feature",
      "properties": {
        "id": "node/6505118367",
        "name": "Orie Market, Neni",
        "name_en": null,
        "name_yo": null,
        "amenity": "marketplace",
        "man_made": null,
        "shop": null,
        "tourism": null,
        "opening_hours": null,
        "beds": null,
        "rooms": null,
        "addr_full": null,
        "addr_housenumber": null,
        "addr_street": null,
        "addr_city": null,
        "source": null,
        "adm0_pcode": "NGA",
        "adm0_name": "Nigeria",
        "adm1_pcode": "NG004",
        "adm1_name": "Anambra",
        "adm2_pcode": "NG004004",
        "adm2_name": "Anaocha",
        "adm3_pcode": null,
        "adm3_name": null,
        "adm4_pcode": null,
        "adm4_name": null,
        "name_latin": "Orie Market, Neni"
      },
      "geometry": {
        "type": "Point",
        "coordinates": [
          7.0037248,
          6.0817366
        ]
      }
    },
    {
      "type": "Feature",
      "properties": {
        "id": "node/6505118365",
        "name": "Orie Market, Obeledu",
        "name_en": null,
        "name_yo": null,
        "amenity": "marketplace",
        "man_made": null,
        "shop": null,
        "tourism": null,
        "opening_hours": null,
        "beds": null,
        "rooms": null,
        "addr_full": null,
        "addr_housenumber": null,
        "addr_street": null,
        "addr_city": null,
        "source": null,
        "adm0_pcode": "NGA",
        "adm0_name": "Nigeria",
        "adm1_pcode": "NG004",
        "adm1_name": "Anambra",
        "adm2_pcode": "NG004004",
        "adm2_name": "Anaocha",
        "adm3_pcode": null,
        "adm3_name": null,
        "adm4_pcode": null,
        "adm4_name": null,
        "name_latin": "Orie Market, Obeledu"
      },
      "geometry": {
        "type": "Point",
        "coordinates": [
          7.0220492,
          6.081965
        ]
      }
    },
    {
      "type": "Feature",
      "properties": {
        "id": "node/6743511799",
        "name": "Okide Traditional Shrine, Ideani",
        "name_en": null,
        "name_yo": null,
        "amenity": "place_of_worship",
        "man_made": null,
        "shop": null,
        "tourism": null,
        "opening_hours": null,
        "beds": null,
        "rooms": null,
        "addr_full": null,
        "addr_housenumber": null,
        "addr_street": null,
        "addr_city": null,
        "source": null,
        "adm0_pcode": "NGA",
        "adm0_name": "Nigeria",
        "adm1_pcode": "NG004",
        "adm1_name": "Anambra",
        "adm2_pcode": "NG004011",
        "adm2_name": "Idemili South",
        "adm3_pcode": null,
        "adm3_name": null,
        "adm4_pcode": null,
        "adm4_name": null,
        "name_latin": "Okide Traditional Shrine, Ideani"
      },
      "geometry": {
        "type": "Point",
        "coordinates": [
          6.9383076,
          6.0984256
        ]
      }
    },
    {
      "type": "Feature",
      "properties": {
        "id": "node/7752045986",
        "name": "Urueze",
        "name_en": null,
        "name_yo": null,
        "amenity": "community_centre",
        "man_made": null,
        "shop": null,
        "tourism": null,
        "opening_hours": null,
        "beds": null,
        "rooms": null,
        "addr_full": null,
        "addr_housenumber": null,
        "addr_street": null,
        "addr_city": null,
        "source": null,
        "adm0_pcode": "NGA",
        "adm0_name": "Nigeria",
        "adm1_pcode": "NG004",
        "adm1_name": "Anambra",
        "adm2_pcode": "NG004010",
        "adm2_name": "Idemili North",
        "adm3_pcode": null,
        "adm3_name": null,
        "adm4_pcode": null,
        "adm4_name": null,
        "name_latin": "Urueze"
      },
      "geometry": {
        "type": "Point",
        "coordinates": [
          6.9552808,
          6.1078226
        ]
      }
    },
    {
      "type": "Feature",
      "properties": {
        "id": "node/7752046485",
        "name": "Awgbu",
        "name_en": null,
        "name_yo": null,
        "amenity": "community_centre",
        "man_made": null,
        "shop": null,
        "tourism": null,
        "opening_hours": null,
        "beds": null,
        "rooms": null,
        "addr_full": null,
        "addr_housenumber": null,
        "addr_street": null,
        "addr_city": null,
        "source": null,
        "adm0_pcode": "NGA",
        "adm0_name": "Nigeria",
        "adm1_pcode": "NG004",
        "adm1_name": "Anambra",
        "adm2_pcode": "NG004019",
        "adm2_name": "Orumba North",
        "adm3_pcode": null,
        "adm3_name": null,
        "adm4_pcode": null,
        "adm4_name": null,
        "name_latin": "Awgbu"
      },
      "geometry": {
        "type": "Point",
        "coordinates": [
          7.1022255,
          6.1127959
        ]
      }
    },
    {
      "type": "Feature",
      "properties": {
        "id": "node/7753526485",
        "name": "Dunukubia",
        "name_en": null,
        "name_yo": null,
        "amenity": "community_centre",
        "man_made": null,
        "shop": null,
        "tourism": null,
        "opening_hours": null,
        "beds": null,
        "rooms": null,
        "addr_full": null,
        "addr_housenumber": null,
        "addr_street": null,
        "addr_city": null,
        "source": null,
        "adm0_pcode": "NGA",
        "adm0_name": "Nigeria",
        "adm1_pcode": "NG004",
        "adm1_name": "Anambra",
        "adm2_pcode": "NG004008",
        "adm2_name": "Dunukofia",
        "adm3_pcode": null,
        "adm3_name": null,
        "adm4_pcode": null,
        "adm4_name": null,
        "name_latin": "Dunukubia"
      },
      "geometry": {
        "type": "Point",
        "coordinates": [
          6.9766747,
          6.1980092
        ]
      }
    },
    {
      "type": "Feature",
      "properties": {
        "id": "node/10747908705",
        "name": "Cattle Market Awka",
        "name_en": null,
        "name_yo": null,
        "amenity": null,
        "man_made": null,
        "shop": null,
        "tourism": "attraction",
        "opening_hours": null,
        "beds": null,
        "rooms": null,
        "addr_full": null,
        "addr_housenumber": null,
        "addr_street": null,
        "addr_city": null,
        "source": null,
        "adm0_pcode": "NGA",
        "adm0_name": "Nigeria",
        "adm1_pcode": "NG004",
        "adm1_name": "Anambra",
        "adm2_pcode": "NG004005",
        "adm2_name": "Awka North",
        "adm3_pcode": null,
        "adm3_name": null,
        "adm4_pcode": null,
        "adm4_name": null,
        "name_latin": "Cattle Market Awka"
      },
      "geometry": {
        "type": "Point",
        "coordinates": [
          7.1373114,
          6.2473481
        ]
      }
    },
    {
      "type": "Feature",
      "properties": {
        "id": "node/7746928585",
        "name": "Ebenebe",
        "name_en": null,
        "name_yo": null,
        "amenity": "community_centre",
        "man_made": null,
        "shop": null,
        "tourism": null,
        "opening_hours": null,
        "beds": null,
        "rooms": null,
        "addr_full": null,
        "addr_housenumber": null,
        "addr_street": null,
        "addr_city": null,
        "source": null,
        "adm0_pcode": "NGA",
        "adm0_name": "Nigeria",
        "adm1_pcode": "NG004",
        "adm1_name": "Anambra",
        "adm2_pcode": "NG004005",
        "adm2_name": "Awka North",
        "adm3_pcode": null,
        "adm3_name": null,
        "adm4_pcode": null,
        "adm4_name": null,
        "name_latin": "Ebenebe"
      },
      "geometry": {
        "type": "Point",
        "coordinates": [
          7.1349819,
          6.3380588
        ]
      }
    },
    {
      "type": "Feature",
      "properties": {
        "id": "node/13052463573",
        "name": "Abakaliki Rice Processing Market",
        "name_en": null,
        "name_yo": null,
        "amenity": "marketplace",
        "man_made": null,
        "shop": null,
        "tourism": null,
        "opening_hours": null,
        "beds": null,
        "rooms": null,
        "addr_full": null,
        "addr_housenumber": null,
        "addr_street": null,
        "addr_city": null,
        "source": null,
        "adm0_pcode": "NGA",
        "adm0_name": "Nigeria",
        "adm1_pcode": "NG011",
        "adm1_name": "Ebonyi",
        "adm2_pcode": "NG011001",
        "adm2_name": "Abakaliki",
        "adm3_pcode": null,
        "adm3_name": null,
        "adm4_pcode": null,
        "adm4_name": null,
        "name_latin": "Abakaliki Rice Processing Market"
      },
      "geometry": {
        "type": "Point",
        "coordinates": [
          8.1346134,
          6.3178141
        ]
      }
    },
    {
      "type": "Feature",
      "properties": {
        "id": "node/5938004772",
        "name": "Presco Junction Abakaliki",
        "name_en": null,
        "name_yo": null,
        "amenity": null,
        "man_made": null,
        "shop": null,
        "tourism": "attraction",
        "opening_hours": null,
        "beds": null,
        "rooms": null,
        "addr_full": null,
        "addr_housenumber": null,
        "addr_street": null,
        "addr_city": null,
        "source": null,
        "adm0_pcode": "NGA",
        "adm0_name": "Nigeria",
        "adm1_pcode": "NG011",
        "adm1_name": "Ebonyi",
        "adm2_pcode": "NG011001",
        "adm2_name": "Abakaliki",
        "adm3_pcode": null,
        "adm3_name": null,
        "adm4_pcode": null,
        "adm4_name": null,
        "name_latin": "Presco Junction Abakaliki"
      },
      "geometry": {
        "type": "Point",
        "coordinates": [
          8.0838287,
          6.3257371
        ]
      }
    },
    {
      "type": "Feature",
      "properties": {
        "id": "node/5938006245",
        "name": "Trade Fair",
        "name_en": null,
        "name_yo": null,
        "amenity": null,
        "man_made": null,
        "shop": null,
        "tourism": "attraction",
        "opening_hours": null,
        "beds": null,
        "rooms": null,
        "addr_full": null,
        "addr_housenumber": null,
        "addr_street": null,
        "addr_city": null,
        "source": null,
        "adm0_pcode": "NGA",
        "adm0_name": "Nigeria",
        "adm1_pcode": "NG011",
        "adm1_name": "Ebonyi",
        "adm2_pcode": "NG011001",
        "adm2_name": "Abakaliki",
        "adm3_pcode": null,
        "adm3_name": null,
        "adm4_pcode": null,
        "adm4_name": null,
        "name_latin": "Trade Fair"
      },
      "geometry": {
        "type": "Point",
        "coordinates": [
          8.0851832,
          6.3264572
        ]
      }
    },
    {
      "type": "Feature",
      "properties": {
        "id": "node/11378392329",
        "name": "Presco Market",
        "name_en": null,
        "name_yo": null,
        "amenity": "marketplace",
        "man_made": null,
        "shop": null,
        "tourism": null,
        "opening_hours": null,
        "beds": null,
        "rooms": null,
        "addr_full": null,
        "addr_housenumber": null,
        "addr_street": null,
        "addr_city": null,
        "source": null,
        "adm0_pcode": "NGA",
        "adm0_name": "Nigeria",
        "adm1_pcode": "NG011",
        "adm1_name": "Ebonyi",
        "adm2_pcode": "NG011001",
        "adm2_name": "Abakaliki",
        "adm3_pcode": null,
        "adm3_name": null,
        "adm4_pcode": null,
        "adm4_name": null,
        "name_latin": "Presco Market"
      },
      "geometry": {
        "type": "Point",
        "coordinates": [
          8.0783129,
          6.3281801
        ]
      }
    },
    {
      "type": "Feature",
      "properties": {
        "id": "node/5938012636",
        "name": "amusement park",
        "name_en": null,
        "name_yo": null,
        "amenity": null,
        "man_made": null,
        "shop": null,
        "tourism": "attraction",
        "opening_hours": null,
        "beds": null,
        "rooms": null,
        "addr_full": null,
        "addr_housenumber": null,
        "addr_street": null,
        "addr_city": null,
        "source": null,
        "adm0_pcode": "NGA",
        "adm0_name": "Nigeria",
        "adm1_pcode": "NG011",
        "adm1_name": "Ebonyi",
        "adm2_pcode": "NG011004",
        "adm2_name": "Ebonyi",
        "adm3_pcode": null,
        "adm3_name": null,
        "adm4_pcode": null,
        "adm4_name": null,
        "name_latin": "amusement park"
      },
      "geometry": {
        "type": "Point",
        "coordinates": [
          8.1035939,
          6.3290057
        ]
      }
    },
    {
      "type": "Feature",
      "properties": {
        "id": "node/2455133397",
        "name": "Provision Shop",
        "name_en": null,
        "name_yo": null,
        "amenity": "marketplace",
        "man_made": null,
        "shop": null,
        "tourism": null,
        "opening_hours": null,
        "beds": null,
        "rooms": null,
        "addr_full": null,
        "addr_housenumber": null,
        "addr_street": "Eke Express",
        "addr_city": null,
        "source": null,
        "adm0_pcode": "NGA",
        "adm0_name": "Nigeria",
        "adm1_pcode": "NG014",
        "adm1_name": "Enugu",
        "adm2_pcode": "NG014003",
        "adm2_name": "Enugu East",
        "adm3_pcode": null,
        "adm3_name": null,
        "adm4_pcode": null,
        "adm4_name": null,
        "name_latin": "Provision Shop"
      },
      "geometry": {
        "type": "Point",
        "coordinates": [
          7.59559,
          6.465918
        ]
      }
    },
    {
      "type": "Feature",
      "properties": {
        "id": "node/10922038202",
        "name": "Simple Aim Paza",
        "name_en": null,
        "name_yo": null,
        "amenity": null,
        "man_made": null,
        "shop": "supermarket",
        "tourism": null,
        "opening_hours": null,
        "beds": null,
        "rooms": null,
        "addr_full": null,
        "addr_housenumber": null,
        "addr_street": null,
        "addr_city": null,
        "source": null,
        "adm0_pcode": "NGA",
        "adm0_name": "Nigeria",
        "adm1_pcode": "NG014",
        "adm1_name": "Enugu",
        "adm2_pcode": "NG014003",
        "adm2_name": "Enugu East",
        "adm3_pcode": null,
        "adm3_name": null,
        "adm4_pcode": null,
        "adm4_name": null,
        "name_latin": "Simple Aim Paza"
      },
      "geometry": {
        "type": "Point",
        "coordinates": [
          7.5980978,
          6.4668142
        ]
      }
    },
    {
      "type": "Feature",
      "properties": {
        "id": "node/10922065147",
        "name": "Akpouga Nike Market",
        "name_en": null,
        "name_yo": null,
        "amenity": "marketplace",
        "man_made": null,
        "shop": null,
        "tourism": null,
        "opening_hours": null,
        "beds": null,
        "rooms": null,
        "addr_full": null,
        "addr_housenumber": null,
        "addr_street": null,
        "addr_city": null,
        "source": null,
        "adm0_pcode": "NGA",
        "adm0_name": "Nigeria",
        "adm1_pcode": "NG014",
        "adm1_name": "Enugu",
        "adm2_pcode": "NG014003",
        "adm2_name": "Enugu East",
        "adm3_pcode": null,
        "adm3_name": null,
        "adm4_pcode": null,
        "adm4_name": null,
        "name_latin": "Akpouga Nike Market"
      },
      "geometry": {
        "type": "Point",
        "coordinates": [
          7.6023965,
          6.4681336
        ]
      }
    },
    {
      "type": "Feature",
      "properties": {
        "id": "node/8753773222",
        "name": "Eke Obinagu Market",
        "name_en": null,
        "name_yo": null,
        "amenity": "marketplace",
        "man_made": null,
        "shop": null,
        "tourism": null,
        "opening_hours": null,
        "beds": null,
        "rooms": null,
        "addr_full": null,
        "addr_housenumber": null,
        "addr_street": null,
        "addr_city": null,
        "source": null,
        "adm0_pcode": "NGA",
        "adm0_name": "Nigeria",
        "adm1_pcode": "NG014",
        "adm1_name": "Enugu",
        "adm2_pcode": "NG014003",
        "adm2_name": "Enugu East",
        "adm3_pcode": null,
        "adm3_name": null,
        "adm4_pcode": null,
        "adm4_name": null,
        "name_latin": "Eke Obinagu Market"
      },
      "geometry": {
        "type": "Point",
        "coordinates": [
          7.6010143,
          6.4687068
        ]
      }
    },
    {
      "type": "Feature",
      "properties": {
        "id": "node/8753757385",
        "name": "Oye emene Market",
        "name_en": null,
        "name_yo": null,
        "amenity": "marketplace",
        "man_made": null,
        "shop": null,
        "tourism": null,
        "opening_hours": null,
        "beds": null,
        "rooms": null,
        "addr_full": null,
        "addr_housenumber": null,
        "addr_street": null,
        "addr_city": null,
        "source": null,
        "adm0_pcode": "NGA",
        "adm0_name": "Nigeria",
        "adm1_pcode": "NG014",
        "adm1_name": "Enugu",
        "adm2_pcode": "NG014003",
        "adm2_name": "Enugu East",
        "adm3_pcode": null,
        "adm3_name": null,
        "adm4_pcode": null,
        "adm4_name": null,
        "name_latin": "Oye emene Market"
      },
      "geometry": {
        "type": "Point",
        "coordinates": [
          7.5784307,
          6.4787045
        ]
      }
    },
    {
      "type": "Feature",
      "properties": {
        "id": "node/7746970585",
        "name": "Oraifite",
        "name_en": null,
        "name_yo": null,
        "amenity": "community_centre",
        "man_made": null,
        "shop": null,
        "tourism": null,
        "opening_hours": null,
        "beds": null,
        "rooms": null,
        "addr_full": null,
        "addr_housenumber": null,
        "addr_street": null,
        "addr_city": null,
        "source": null,
        "adm0_pcode": "NGA",
        "adm0_name": "Nigeria",
        "adm1_pcode": "NG004",
        "adm1_name": "Anambra",
        "adm2_pcode": "NG004009",
        "adm2_name": "Ekwusigo",
        "adm3_pcode": null,
        "adm3_name": null,
        "adm4_pcode": null,
        "adm4_name": null,
        "name_latin": "Oraifite"
      },
      "geometry": {
        "type": "Point",
        "coordinates": [
          6.834721,
          6.028915
        ]
      }
    },
    {
      "type": "Feature",
      "properties": {
        "id": "way/585991760",
        "name": "Nkwo Okija",
        "name_en": null,
        "name_yo": null,
        "amenity": "marketplace",
        "man_made": null,
        "shop": null,
        "tourism": null,
        "opening_hours": null,
        "beds": null,
        "rooms": null,
        "addr_full": null,
        "addr_housenumber": null,
        "addr_street": null,
        "addr_city": null,
        "source": null,
        "adm0_pcode": "NGA",
        "adm0_name": "Nigeria",
        "adm1_pcode": "NG004",
        "adm1_name": "Anambra",
        "adm2_pcode": "NG004012",
        "adm2_name": "Ihiala",
        "adm3_pcode": null,
        "adm3_name": null,
        "adm4_pcode": null,
        "adm4_name": null,
        "name_latin": "Nkwo Okija"
      },
      "geometry": {
        "type": "Polygon",
        "coordinates": [
          [
            [
              6.8419136,
              5.9099465
            ],
            [
              6.8421601,
              5.9100262
            ],
            [
              6.8424436,
              5.9100017
            ],
            [
              6.8428872,
              5.9097504
            ],
            [
              6.8424189,
              5.9087758
            ],
            [
              6.8417965,
              5.9088371
            ],
            [
              6.8416487,
              5.9088861
            ],
            [
              6.8414823,
              5.9088677
            ],
            [
              6.8413036,
              5.9089229
            ],
            [
              6.840977,
              5.9090148
            ],
            [
              6.8409893,
              5.90907
            ],
            [
              6.841168,
              5.9091436
            ],
            [
              6.8414268,
              5.9091865
            ],
            [
              6.8415192,
              5.9092416
            ],
            [
              6.8419136,
              5.9099465
            ]
          ]
        ]
      }
    },
    {
      "type": "Feature",
      "properties": {
        "id": "way/585991757",
        "name": "Umuegorom Town Hall",
        "name_en": null,
        "name_yo": null,
        "amenity": "townhall",
        "man_made": null,
        "shop": null,
        "tourism": null,
        "opening_hours": null,
        "beds": null,
        "rooms": null,
        "addr_full": null,
        "addr_housenumber": null,
        "addr_street": null,
        "addr_city": null,
        "source": null,
        "adm0_pcode": "NGA",
        "adm0_name": "Nigeria",
        "adm1_pcode": "NG004",
        "adm1_name": "Anambra",
        "adm2_pcode": "NG004012",
        "adm2_name": "Ihiala",
        "adm3_pcode": null,
        "adm3_name": null,
        "adm4_pcode": null,
        "adm4_name": null,
        "name_latin": "Umuegorom Town Hall"
      },
      "geometry": {
        "type": "Polygon",
        "coordinates": [
          [
            [
              6.8447979,
              5.8734849
            ],
            [
              6.844645,
              5.8732235
            ],
            [
              6.8447389,
              5.8731434
            ],
            [
              6.8448564,
              5.8733357
            ],
            [
              6.8449052,
              5.8734156
            ],
            [
              6.8447979,
              5.8734849
            ]
          ]
        ]
      }
    },
    {
      "type": "Feature",
      "properties": {
        "id": "way/585991755",
        "name": "Afor Igwe Market",
        "name_en": null,
        "name_yo": null,
        "amenity": "marketplace",
        "man_made": null,
        "shop": null,
        "tourism": null,
        "opening_hours": null,
        "beds": null,
        "rooms": null,
        "addr_full": null,
        "addr_housenumber": null,
        "addr_street": null,
        "addr_city": null,
        "source": null,
        "adm0_pcode": "NGA",
        "adm0_name": "Nigeria",
        "adm1_pcode": "NG004",
        "adm1_name": "Anambra",
        "adm2_pcode": "NG004012",
        "adm2_name": "Ihiala",
        "adm3_pcode": null,
        "adm3_name": null,
        "adm4_pcode": null,
        "adm4_name": null,
        "name_latin": "Afor Igwe Market"
      },
      "geometry": {
        "type": "Polygon",
        "coordinates": [
          [
            [
              6.831156,
              5.873064
            ],
            [
              6.8322467,
              5.8724388
            ],
            [
              6.8320618,
              5.8715929
            ],
            [
              6.8310266,
              5.8717829
            ],
            [
              6.8311067,
              5.8727453
            ],
            [
              6.8310451,
              5.872782
            ],
            [
              6.831156,
              5.873064
            ]
          ]
        ]
      }
    },
    {
      "type": "Feature",
      "properties": {
        "id": "way/585993616",
        "name": "Nkwogbe Ihiala",
        "name_en": null,
        "name_yo": null,
        "amenity": "marketplace",
        "man_made": null,
        "shop": null,
        "tourism": null,
        "opening_hours": null,
        "beds": null,
        "rooms": null,
        "addr_full": null,
        "addr_housenumber": null,
        "addr_street": null,
        "addr_city": null,
        "source": null,
        "adm0_pcode": "NGA",
        "adm0_name": "Nigeria",
        "adm1_pcode": "NG004",
        "adm1_name": "Anambra",
        "adm2_pcode": "NG004012",
        "adm2_name": "Ihiala",
        "adm3_pcode": null,
        "adm3_name": null,
        "adm4_pcode": null,
        "adm4_name": null,
        "name_latin": "Nkwogbe Ihiala"
      },
      "geometry": {
        "type": "Polygon",
        "coordinates": [
          [
            [
              6.8602133,
              5.8544482
            ],
            [
              6.8615544,
              5.8542561
            ],
            [
              6.8615168,
              5.8540266
            ],
            [
              6.861608,
              5.8538292
            ],
            [
              6.8617207,
              5.8532155
            ],
            [
              6.8617743,
              5.8531141
            ],
            [
              6.861785,
              5.852922
            ],
            [
              6.8617207,
              5.8527619
            ],
            [
              6.8613505,
              5.852335
            ],
            [
              6.8608677,
              5.8526819
            ],
            [
              6.8601596,
              5.8531568
            ],
            [
              6.859988,
              5.8532955
            ],
            [
              6.8602133,
              5.8544482
            ]
          ]
        ]
      }
    },
    {
      "type": "Feature",
      "properties": {
        "id": "node/7127160585",
        "name": "OGWU IKPERE",
        "name_en": null,
        "name_yo": null,
        "amenity": null,
        "man_made": null,
        "shop": null,
        "tourism": "attraction",
        "opening_hours": null,
        "beds": null,
        "rooms": null,
        "addr_full": null,
        "addr_housenumber": null,
        "addr_street": null,
        "addr_city": null,
        "source": null,
        "adm0_pcode": "NGA",
        "adm0_name": "Nigeria",
        "adm1_pcode": "NG010",
        "adm1_name": "Delta",
        "adm2_pcode": "NG010011",
        "adm2_name": "Ndokwa East",
        "adm3_pcode": null,
        "adm3_name": null,
        "adm4_pcode": null,
        "adm4_name": null,
        "name_latin": "OGWU IKPERE"
      },
      "geometry": {
        "type": "Point",
        "coordinates": [
          6.6408539,
          5.7271565
        ]
      }
    },
    {
      "type": "Feature",
      "properties": {
        "id": "node/8191208917",
        "name": "Okpia Market",
        "name_en": null,
        "name_yo": null,
        "amenity": null,
        "man_made": null,
        "shop": "convenience",
        "tourism": null,
        "opening_hours": null,
        "beds": null,
        "rooms": null,
        "addr_full": null,
        "addr_housenumber": null,
        "addr_street": null,
        "addr_city": null,
        "source": null,
        "adm0_pcode": "NGA",
        "adm0_name": "Nigeria",
        "adm1_pcode": "NG010",
        "adm1_name": "Delta",
        "adm2_pcode": "NG010011",
        "adm2_name": "Ndokwa East",
        "adm3_pcode": null,
        "adm3_name": null,
        "adm4_pcode": null,
        "adm4_name": null,
        "name_latin": "Okpia Market"
      },
      "geometry": {
        "type": "Point",
        "coordinates": [
          6.6006721,
          5.7259473
        ]
      }
    },
    {
      "type": "Feature",
      "properties": {
        "id": "way/1159373836",
        "name": "Obokofia palace",
        "name_en": null,
        "name_yo": null,
        "amenity": "community_centre",
        "man_made": null,
        "shop": null,
        "tourism": null,
        "opening_hours": null,
        "beds": null,
        "rooms": null,
        "addr_full": null,
        "addr_housenumber": null,
        "addr_street": null,
        "addr_city": null,
        "source": null,
        "adm0_pcode": "NGA",
        "adm0_name": "Nigeria",
        "adm1_pcode": "NG017",
        "adm1_name": "Imo",
        "adm2_pcode": "NG017018",
        "adm2_name": "Ohaji/Egbema",
        "adm3_pcode": null,
        "adm3_name": null,
        "adm4_pcode": null,
        "adm4_name": null,
        "name_latin": "Obokofia palace"
      },
      "geometry": {
        "type": "Polygon",
        "coordinates": [
          [
            [
              6.8009117,
              5.5408483
            ],
            [
              6.8008535,
              5.5408584
            ],
            [
              6.8008655,
              5.5409263
            ],
            [
              6.8009237,
              5.5409162
            ],
            [
              6.8009146,
              5.5408647
            ],
            [
              6.8009117,
              5.5408483
            ]
          ]
        ]
      }
    },
    {
      "type": "Feature",
      "properties": {
        "id": "node/10781592299",
        "name": "Obokofia Market",
        "name_en": null,
        "name_yo": null,
        "amenity": "marketplace",
        "man_made": null,
        "shop": null,
        "tourism": null,
        "opening_hours": null,
        "beds": null,
        "rooms": null,
        "addr_full": null,
        "addr_housenumber": null,
        "addr_street": null,
        "addr_city": null,
        "source": null,
        "adm0_pcode": "NGA",
        "adm0_name": "Nigeria",
        "adm1_pcode": "NG017",
        "adm1_name": "Imo",
        "adm2_pcode": "NG017018",
        "adm2_name": "Ohaji/Egbema",
        "adm3_pcode": null,
        "adm3_name": null,
        "adm4_pcode": null,
        "adm4_name": null,
        "name_latin": "Obokofia Market"
      },
      "geometry": {
        "type": "Point",
        "coordinates": [
          6.8048817,
          5.5397958
        ]
      }
    },
    {
      "type": "Feature",
      "properties": {
        "id": "node/10781597913",
        "name": "Oloshi Palace, Obokofia",
        "name_en": null,
        "name_yo": null,
        "amenity": "community_centre",
        "man_made": null,
        "shop": null,
        "tourism": null,
        "opening_hours": null,
        "beds": null,
        "rooms": null,
        "addr_full": null,
        "addr_housenumber": null,
        "addr_street": null,
        "addr_city": null,
        "source": null,
        "adm0_pcode": "NGA",
        "adm0_name": "Nigeria",
        "adm1_pcode": "NG017",
        "adm1_name": "Imo",
        "adm2_pcode": "NG017018",
        "adm2_name": "Ohaji/Egbema",
        "adm3_pcode": null,
        "adm3_name": null,
        "adm4_pcode": null,
        "adm4_name": null,
        "name_latin": "Oloshi Palace, Obokofia"
      },
      "geometry": {
        "type": "Point",
        "coordinates": [
          6.8043919,
          5.5396324
        ]
      }
    },
    {
      "type": "Feature",
      "properties": {
        "id": "way/944735908",
        "name": "Oboro Mission",
        "name_en": null,
        "name_yo": null,
        "amenity": "community_centre",
        "man_made": null,
        "shop": null,
        "tourism": null,
        "opening_hours": null,
        "beds": null,
        "rooms": null,
        "addr_full": null,
        "addr_housenumber": null,
        "addr_street": null,
        "addr_city": null,
        "source": null,
        "adm0_pcode": "NGA",
        "adm0_name": "Nigeria",
        "adm1_pcode": "NG017",
        "adm1_name": "Imo",
        "adm2_pcode": "NG017018",
        "adm2_name": "Ohaji/Egbema",
        "adm3_pcode": null,
        "adm3_name": null,
        "adm4_pcode": null,
        "adm4_name": null,
        "name_latin": "Oboro Mission"
      },
      "geometry": {
        "type": "Polygon",
        "coordinates": [
          [
            [
              6.7942382,
              5.5269222
            ],
            [
              6.7939492,
              5.5269862
            ],
            [
              6.7939592,
              5.527031
            ],
            [
              6.7939321,
              5.527037
            ],
            [
              6.7939412,
              5.5270776
            ],
            [
              6.7939682,
              5.5270716
            ],
            [
              6.7939769,
              5.5271104
            ],
            [
              6.794266,
              5.5270464
            ],
            [
              6.7942382,
              5.5269222
            ]
          ]
        ]
      }
    },
    {
      "type": "Feature",
      "properties": {
        "id": "way/934306060",
        "name": "Obiakpu Pavilion",
        "name_en": null,
        "name_yo": null,
        "amenity": "community_centre",
        "man_made": null,
        "shop": null,
        "tourism": null,
        "opening_hours": null,
        "beds": null,
        "rooms": null,
        "addr_full": null,
        "addr_housenumber": null,
        "addr_street": null,
        "addr_city": null,
        "source": null,
        "adm0_pcode": "NGA",
        "adm0_name": "Nigeria",
        "adm1_pcode": "NG017",
        "adm1_name": "Imo",
        "adm2_pcode": "NG017018",
        "adm2_name": "Ohaji/Egbema",
        "adm3_pcode": null,
        "adm3_name": null,
        "adm4_pcode": null,
        "adm4_name": null,
        "name_latin": "Obiakpu Pavilion"
      },
      "geometry": {
        "type": "Polygon",
        "coordinates": [
          [
            [
              6.7557622,
              5.5106499
            ],
            [
              6.7555684,
              5.5106686
            ],
            [
              6.7555862,
              5.5108514
            ],
            [
              6.7557801,
              5.5108326
            ],
            [
              6.7557622,
              5.5106499
            ]
          ]
        ]
      }
    },
    {
      "type": "Feature",
      "properties": {
        "id": "way/1030332496",
        "name": "Community Primary School Abachaeke",
        "name_en": null,
        "name_yo": null,
        "amenity": "school",
        "man_made": null,
        "shop": null,
        "tourism": null,
        "opening_hours": null,
        "beds": null,
        "rooms": null,
        "addr_full": null,
        "addr_housenumber": null,
        "addr_street": null,
        "addr_city": null,
        "source": null,
        "adm0_pcode": "NGA",
        "adm0_name": "Nigeria",
        "adm1_pcode": "NG017",
        "adm1_name": "Imo",
        "adm2_pcode": "NG017018",
        "adm2_name": "Ohaji/Egbema",
        "adm3_pcode": null,
        "adm3_name": null,
        "adm4_pcode": null,
        "adm4_name": null,
        "name_latin": "Community Primary School Abachaeke"
      },
      "geometry": {
        "type": "Polygon",
        "coordinates": [
          [
            [
              6.7292319,
              5.5037468
            ],
            [
              6.7295752,
              5.5035332
            ],
            [
              6.7300392,
              5.5033677
            ],
            [
              6.7300902,
              5.5034932
            ],
            [
              6.7301286,
              5.5034754
            ],
            [
              6.7302472,
              5.5036686
            ],
            [
              6.7303227,
              5.5036226
            ],
            [
              6.7306509,
              5.5042145
            ],
            [
              6.7304706,
              5.5043264
            ],
            [
              6.7306077,
              5.5046392
            ],
            [
              6.7298251,
              5.5050042
            ],
            [
              6.7295201,
              5.5044068
            ],
            [
              6.7295519,
              5.5043855
            ],
            [
              6.7294258,
              5.5042346
            ],
            [
              6.729474,
              5.504201
            ],
            [
              6.7292394,
              5.5038916
            ],
            [
              6.7293024,
              5.5038488
            ],
            [
              6.7292319,
              5.5037468
            ]
          ]
        ]
      }
    },
    {
      "type": "Feature",
      "properties": {
        "id": "way/934916547",
        "name": "Seven Day Adventist Church Abacheke",
        "name_en": null,
        "name_yo": null,
        "amenity": "place_of_worship",
        "man_made": null,
        "shop": null,
        "tourism": null,
        "opening_hours": null,
        "beds": null,
        "rooms": null,
        "addr_full": null,
        "addr_housenumber": null,
        "addr_street": null,
        "addr_city": null,
        "source": null,
        "adm0_pcode": "NGA",
        "adm0_name": "Nigeria",
        "adm1_pcode": "NG017",
        "adm1_name": "Imo",
        "adm2_pcode": "NG017018",
        "adm2_name": "Ohaji/Egbema",
        "adm3_pcode": null,
        "adm3_name": null,
        "adm4_pcode": null,
        "adm4_name": null,
        "name_latin": "Seven Day Adventist Church Abacheke"
      },
      "geometry": {
        "type": "Polygon",
        "coordinates": [
          [
            [
              6.7338555,
              5.4994797
            ],
            [
              6.7338906,
              5.4993544
            ],
            [
              6.7340621,
              5.499402
            ],
            [
              6.734027,
              5.4995273
            ],
            [
              6.7338555,
              5.4994797
            ]
          ]
        ]
      }
    },
    {
      "type": "Feature",
      "properties": {
        "id": "node/9497863512",
        "name": "Abacheke Model Primary Health Care Centre",
        "name_en": null,
        "name_yo": null,
        "amenity": "clinic",
        "man_made": null,
        "shop": null,
        "tourism": null,
        "opening_hours": null,
        "beds": "10",
        "rooms": null,
        "addr_full": null,
        "addr_housenumber": null,
        "addr_street": null,
        "addr_city": null,
        "source": null,
        "adm0_pcode": "NGA",
        "adm0_name": "Nigeria",
        "adm1_pcode": "NG017",
        "adm1_name": "Imo",
        "adm2_pcode": "NG017018",
        "adm2_name": "Ohaji/Egbema",
        "adm3_pcode": null,
        "adm3_name": null,
        "adm4_pcode": null,
        "adm4_name": null,
        "name_latin": "Abacheke Model Primary Health Care Centre"
      },
      "geometry": {
        "type": "Point",
        "coordinates": [
          6.7262691,
          5.4977205
        ]
      }
    },
    {
      "type": "Feature",
      "properties": {
        "id": "way/1159407351",
        "name": "Obile Community Town Halll",
        "name_en": null,
        "name_yo": null,
        "amenity": "community_centre",
        "man_made": null,
        "shop": null,
        "tourism": null,
        "opening_hours": null,
        "beds": null,
        "rooms": null,
        "addr_full": null,
        "addr_housenumber": null,
        "addr_street": null,
        "addr_city": null,
        "source": null,
        "adm0_pcode": "NGA",
        "adm0_name": "Nigeria",
        "adm1_pcode": "NG017",
        "adm1_name": "Imo",
        "adm2_pcode": "NG017018",
        "adm2_name": "Ohaji/Egbema",
        "adm3_pcode": null,
        "adm3_name": null,
        "adm4_pcode": null,
        "adm4_name": null,
        "name_latin": "Obile Community Town Halll"
      },
      "geometry": {
        "type": "Polygon",
        "coordinates": [
          [
            [
              6.7763778,
              5.3947636
            ],
            [
              6.7763952,
              5.3947469
            ],
            [
              6.7764261,
              5.394779
            ],
            [
              6.7764833,
              5.3947243
            ],
            [
              6.7764646,
              5.394705
            ],
            [
              6.776602,
              5.3945734
            ],
            [
              6.7764983,
              5.3944661
            ],
            [
              6.7763583,
              5.3946
            ],
            [
              6.7763409,
              5.394582
            ],
            [
              6.7762689,
              5.3946509
            ],
            [
              6.7763778,
              5.3947636
            ]
          ]
        ]
      }
    },
    {
      "type": "Feature",
      "properties": {
        "id": "node/10781886268",
        "name": "Obile Market",
        "name_en": null,
        "name_yo": null,
        "amenity": "marketplace",
        "man_made": null,
        "shop": null,
        "tourism": null,
        "opening_hours": null,
        "beds": null,
        "rooms": null,
        "addr_full": null,
        "addr_housenumber": null,
        "addr_street": null,
        "addr_city": null,
        "source": null,
        "adm0_pcode": "NGA",
        "adm0_name": "Nigeria",
        "adm1_pcode": "NG017",
        "adm1_name": "Imo",
        "adm2_pcode": "NG017018",
        "adm2_name": "Ohaji/Egbema",
        "adm3_pcode": null,
        "adm3_name": null,
        "adm4_pcode": null,
        "adm4_name": null,
        "name_latin": "Obile Market"
      },
      "geometry": {
        "type": "Point",
        "coordinates": [
          6.7740964,
          5.3891
        ]
      }
    },
    {
      "type": "Feature",
      "properties": {
        "id": "node/10781886269",
        "name": "Ekwo Market Obile",
        "name_en": null,
        "name_yo": null,
        "amenity": "marketplace",
        "man_made": null,
        "shop": null,
        "tourism": null,
        "opening_hours": null,
        "beds": null,
        "rooms": null,
        "addr_full": null,
        "addr_housenumber": null,
        "addr_street": null,
        "addr_city": null,
        "source": null,
        "adm0_pcode": "NGA",
        "adm0_name": "Nigeria",
        "adm1_pcode": "NG017",
        "adm1_name": "Imo",
        "adm2_pcode": "NG017018",
        "adm2_name": "Ohaji/Egbema",
        "adm3_pcode": null,
        "adm3_name": null,
        "adm4_pcode": null,
        "adm4_name": null,
        "name_latin": "Ekwo Market Obile"
      },
      "geometry": {
        "type": "Point",
        "coordinates": [
          6.7727161,
          5.3883256
        ]
      }
    },
    {
      "type": "Feature",
      "properties": {
        "id": "node/10781946175",
        "name": "Abbysina Palace",
        "name_en": null,
        "name_yo": null,
        "amenity": "community_centre",
        "man_made": null,
        "shop": null,
        "tourism": null,
        "opening_hours": null,
        "beds": null,
        "rooms": null,
        "addr_full": null,
        "addr_housenumber": null,
        "addr_street": null,
        "addr_city": null,
        "source": null,
        "adm0_pcode": "NGA",
        "adm0_name": "Nigeria",
        "adm1_pcode": "NG017",
        "adm1_name": "Imo",
        "adm2_pcode": "NG017018",
        "adm2_name": "Ohaji/Egbema",
        "adm3_pcode": null,
        "adm3_name": null,
        "adm4_pcode": null,
        "adm4_name": null,
        "name_latin": "Abbysina Palace"
      },
      "geometry": {
        "type": "Point",
        "coordinates": [
          6.7762842,
          5.3867517
        ]
      }
    },
    {
      "type": "Feature",
      "properties": {
        "id": "way/1186221156",
        "name": "Ime Afor Umuakah",
        "name_en": null,
        "name_yo": null,
        "amenity": "marketplace",
        "man_made": null,
        "shop": null,
        "tourism": null,
        "opening_hours": null,
        "beds": null,
        "rooms": null,
        "addr_full": null,
        "addr_housenumber": null,
        "addr_street": null,
        "addr_city": null,
        "source": null,
        "adm0_pcode": "NGA",
        "adm0_name": "Nigeria",
        "adm1_pcode": "NG017",
        "adm1_name": "Imo",
        "adm2_pcode": "NG017013",
        "adm2_name": "Njaba",
        "adm3_pcode": null,
        "adm3_name": null,
        "adm4_pcode": null,
        "adm4_name": null,
        "name_latin": "Ime Afor Umuakah"
      },
      "geometry": {
        "type": "Polygon",
        "coordinates": [
          [
            [
              7.0145633,
              5.6707294
            ],
            [
              7.014971,
              5.6709963
            ],
            [
              7.0151534,
              5.6711671
            ],
            [
              7.0153036,
              5.6712739
            ],
            [
              7.0155826,
              5.6709963
            ],
            [
              7.0158079,
              5.6707828
            ],
            [
              7.0159474,
              5.6705265
            ],
            [
              7.0160117,
              5.6703877
            ],
            [
              7.0160547,
              5.6703023
            ],
            [
              7.0150569,
              5.6698005
            ],
            [
              7.0147779,
              5.6697044
            ],
            [
              7.0144371,
              5.670603
            ],
            [
              7.0144545,
              5.6707625
            ],
            [
              7.0145633,
              5.6707294
            ]
          ]
        ]
      }
    },
    {
      "type": "Feature",
      "properties": {
        "id": "way/1186221157",
        "name": "Isiozi-Akah Hall",
        "name_en": null,
        "name_yo": null,
        "amenity": "community_centre",
        "man_made": null,
        "shop": null,
        "tourism": null,
        "opening_hours": null,
        "beds": null,
        "rooms": null,
        "addr_full": null,
        "addr_housenumber": null,
        "addr_street": null,
        "addr_city": null,
        "source": null,
        "adm0_pcode": "NGA",
        "adm0_name": "Nigeria",
        "adm1_pcode": "NG017",
        "adm1_name": "Imo",
        "adm2_pcode": "NG017013",
        "adm2_name": "Njaba",
        "adm3_pcode": null,
        "adm3_name": null,
        "adm4_pcode": null,
        "adm4_name": null,
        "name_latin": "Isiozi-Akah Hall"
      },
      "geometry": {
        "type": "Polygon",
        "coordinates": [
          [
            [
              7.0159688,
              5.6788487
            ],
            [
              7.0158294,
              5.6790195
            ],
            [
              7.0157328,
              5.6791316
            ],
            [
              7.0156577,
              5.6792437
            ],
            [
              7.0159581,
              5.6794732
            ],
            [
              7.0160225,
              5.6795373
            ],
            [
              7.0163604,
              5.6791262
            ],
            [
              7.0159688,
              5.6788487
            ]
          ]
        ]
      }
    },
    {
      "type": "Feature",
      "properties": {
        "id": "way/1186253172",
        "name": "Amaocha Umuokwaranwanaeri",
        "name_en": null,
        "name_yo": null,
        "amenity": "community_centre",
        "man_made": null,
        "shop": null,
        "tourism": null,
        "opening_hours": null,
        "beds": null,
        "rooms": null,
        "addr_full": null,
        "addr_housenumber": null,
        "addr_street": "Umuokwaranwaneri and Umuakachi Road",
        "addr_city": "Isiozi-Akah",
        "source": null,
        "adm0_pcode": "NGA",
        "adm0_name": "Nigeria",
        "adm1_pcode": "NG017",
        "adm1_name": "Imo",
        "adm2_pcode": "NG017013",
        "adm2_name": "Njaba",
        "adm3_pcode": null,
        "adm3_name": null,
        "adm4_pcode": null,
        "adm4_name": null,
        "name_latin": "Amaocha Umuokwaranwanaeri"
      },
      "geometry": {
        "type": "Polygon",
        "coordinates": [
          [
            [
              7.0255677,
              5.6829836
            ],
            [
              7.0256943,
              5.6828712
            ],
            [
              7.0256259,
              5.6827793
            ],
            [
              7.0255301,
              5.6826669
            ],
            [
              7.0254068,
              5.6827691
            ],
            [
              7.0253144,
              5.6828269
            ],
            [
              7.0253931,
              5.6829325
            ],
            [
              7.0254856,
              5.6830483
            ],
            [
              7.0255677,
              5.6829836
            ]
          ]
        ]
      }
    },
    {
      "type": "Feature",
      "properties": {
        "id": "way/1186222976",
        "name": "Ukwu Ebelebe",
        "name_en": null,
        "name_yo": null,
        "amenity": "marketplace",
        "man_made": null,
        "shop": null,
        "tourism": null,
        "opening_hours": null,
        "beds": null,
        "rooms": null,
        "addr_full": null,
        "addr_housenumber": null,
        "addr_street": "Eke Ebelebe",
        "addr_city": "Umuakachi",
        "source": null,
        "adm0_pcode": "NGA",
        "adm0_name": "Nigeria",
        "adm1_pcode": "NG017",
        "adm1_name": "Imo",
        "adm2_pcode": "NG017013",
        "adm2_name": "Njaba",
        "adm3_pcode": null,
        "adm3_name": null,
        "adm4_pcode": null,
        "adm4_name": null,
        "name_latin": "Ukwu Ebelebe"
      },
      "geometry": {
        "type": "Polygon",
        "coordinates": [
          [
            [
              7.0241676,
              5.6847032
            ],
            [
              7.0241147,
              5.6846465
            ],
            [
              7.0240395,
              5.6845676
            ],
            [
              7.0239826,
              5.6845049
            ],
            [
              7.0241147,
              5.6843957
            ],
            [
              7.0242814,
              5.684596
            ],
            [
              7.0241676,
              5.6847032
            ]
          ]
        ]
      }
    },
    {
      "type": "Feature",
      "properties": {
        "id": "way/1186221163",
        "name": "Amaocha Umuakachi",
        "name_en": null,
        "name_yo": null,
        "amenity": "community_centre",
        "man_made": null,
        "shop": null,
        "tourism": null,
        "opening_hours": null,
        "beds": null,
        "rooms": null,
        "addr_full": null,
        "addr_housenumber": null,
        "addr_street": null,
        "addr_city": null,
        "source": null,
        "adm0_pcode": "NGA",
        "adm0_name": "Nigeria",
        "adm1_pcode": "NG017",
        "adm1_name": "Imo",
        "adm2_pcode": "NG017013",
        "adm2_name": "Njaba",
        "adm3_pcode": null,
        "adm3_name": null,
        "adm4_pcode": null,
        "adm4_name": null,
        "name_latin": "Amaocha Umuakachi"
      },
      "geometry": {
        "type": "Polygon",
        "coordinates": [
          [
            [
              7.0220933,
              5.6874985
            ],
            [
              7.02213,
              5.6874666
            ],
            [
              7.0221714,
              5.68743
            ],
            [
              7.022215,
              5.6873843
            ],
            [
              7.0223091,
              5.6874506
            ],
            [
              7.0221966,
              5.6875694
            ],
            [
              7.0220933,
              5.6874985
            ]
          ]
        ]
      }
    },
    {
      "type": "Feature",
      "properties": {
        "id": "node/11034139689",
        "name": "Isu LGA Headquarters",
        "name_en": null,
        "name_yo": null,
        "amenity": "townhall",
        "man_made": null,
        "shop": null,
        "tourism": null,
        "opening_hours": null,
        "beds": null,
        "rooms": null,
        "addr_full": null,
        "addr_housenumber": null,
        "addr_street": null,
        "addr_city": null,
        "source": null,
        "adm0_pcode": "NGA",
        "adm0_name": "Nigeria",
        "adm1_pcode": "NG017",
        "adm1_name": "Imo",
        "adm2_pcode": "NG017010",
        "adm2_name": "Isu",
        "adm3_pcode": null,
        "adm3_name": null,
        "adm4_pcode": null,
        "adm4_name": null,
        "name_latin": "Isu LGA Headquarters"
      },
      "geometry": {
        "type": "Point",
        "coordinates": [
          7.0688195,
          5.6947297
        ]
      }
    },
    {
      "type": "Feature",
      "properties": {
        "id": "way/1416691112",
        "name": "Eke Mgbidi Mordern Market",
        "name_en": null,
        "name_yo": null,
        "amenity": "marketplace",
        "man_made": null,
        "shop": null,
        "tourism": null,
        "opening_hours": null,
        "beds": null,
        "rooms": null,
        "addr_full": null,
        "addr_housenumber": null,
        "addr_street": "Onitsha - Owerri Road",
        "addr_city": "Mgbidi",
        "source": null,
        "adm0_pcode": "NGA",
        "adm0_name": "Nigeria",
        "adm1_pcode": "NG017",
        "adm1_name": "Imo",
        "adm2_pcode": "NG017023",
        "adm2_name": "Oru West",
        "adm3_pcode": null,
        "adm3_name": null,
        "adm4_pcode": null,
        "adm4_name": null,
        "name_latin": "Eke Mgbidi Mordern Market"
      },
      "geometry": {
        "type": "Polygon",
        "coordinates": [
          [
            [
              6.8906272,
              5.7309326
            ],
            [
              6.8911994,
              5.7318008
            ],
            [
              6.891371,
              5.732484
            ],
            [
              6.892007,
              5.7325728
            ],
            [
              6.8920531,
              5.7314419
            ],
            [
              6.8912494,
              5.7304273
            ],
            [
              6.8906272,
              5.7309326
            ]
          ]
        ]
      }
    },
    {
      "type": "Feature",
      "properties": {
        "id": "node/4764182880",
        "name": "Njaba L.G.A Head Quarter",
        "name_en": null,
        "name_yo": null,
        "amenity": "townhall",
        "man_made": null,
        "shop": null,
        "tourism": null,
        "opening_hours": null,
        "beds": null,
        "rooms": null,
        "addr_full": null,
        "addr_housenumber": null,
        "addr_street": null,
        "addr_city": null,
        "source": null,
        "adm0_pcode": "NGA",
        "adm0_name": "Nigeria",
        "adm1_pcode": "NG017",
        "adm1_name": "Imo",
        "adm2_pcode": "NG017013",
        "adm2_name": "Njaba",
        "adm3_pcode": null,
        "adm3_name": null,
        "adm4_pcode": null,
        "adm4_name": null,
        "name_latin": "Njaba L.G.A Head Quarter"
      },
      "geometry": {
        "type": "Point",
        "coordinates": [
          7.0152088,
          5.7362704
        ]
      }
    },
    {
      "type": "Feature",
      "properties": {
        "id": "way/1007644545",
        "name": "Amuro Town Hall",
        "name_en": null,
        "name_yo": null,
        "amenity": "townhall",
        "man_made": null,
        "shop": null,
        "tourism": null,
        "opening_hours": null,
        "beds": null,
        "rooms": null,
        "addr_full": null,
        "addr_housenumber": null,
        "addr_street": null,
        "addr_city": null,
        "source": null,
        "adm0_pcode": "NGA",
        "adm0_name": "Nigeria",
        "adm1_pcode": "NG011",
        "adm1_name": "Ebonyi",
        "adm2_pcode": "NG011002",
        "adm2_name": "Afikpo North",
        "adm3_pcode": null,
        "adm3_name": null,
        "adm4_pcode": null,
        "adm4_name": null,
        "name_latin": "Amuro Town Hall"
      },
      "geometry": {
        "type": "Polygon",
        "coordinates": [
          [
            [
              7.9329516,
              5.8855393
            ],
            [
              7.9329346,
              5.8855618
            ],
            [
              7.9329972,
              5.8856084
            ],
            [
              7.9330342,
              5.8856359
            ],
            [
              7.9330874,
              5.8856754
            ],
            [
              7.9331914,
              5.8855369
            ],
            [
              7.9329841,
              5.8853827
            ],
            [
              7.932897,
              5.8854987
            ],
            [
              7.9329516,
              5.8855393
            ]
          ]
        ]
      }
    },
    {
      "type": "Feature",
      "properties": {
        "id": "way/1005950989",
        "name": "Afikpo North Local Government Headquarters",
        "name_en": null,
        "name_yo": null,
        "amenity": "townhall",
        "man_made": null,
        "shop": null,
        "tourism": null,
        "opening_hours": null,
        "beds": null,
        "rooms": null,
        "addr_full": null,
        "addr_housenumber": null,
        "addr_street": null,
        "addr_city": null,
        "source": null,
        "adm0_pcode": "NGA",
        "adm0_name": "Nigeria",
        "adm1_pcode": "NG011",
        "adm1_name": "Ebonyi",
        "adm2_pcode": "NG011002",
        "adm2_name": "Afikpo North",
        "adm3_pcode": null,
        "adm3_name": null,
        "adm4_pcode": null,
        "adm4_name": null,
        "name_latin": "Afikpo North Local Government Headquarters"
      },
      "geometry": {
        "type": "Polygon",
        "coordinates": [
          [
            [
              7.9250235,
              5.8912338
            ],
            [
              7.9250033,
              5.8912521
            ],
            [
              7.9250485,
              5.8913016
            ],
            [
              7.9253721,
              5.8910089
            ],
            [
              7.9253268,
              5.8909594
            ],
            [
              7.9250801,
              5.8911826
            ],
            [
              7.9249946,
              5.8910891
            ],
            [
              7.9252165,
              5.8908884
            ],
            [
              7.9251686,
              5.890836
            ],
            [
              7.9248574,
              5.8911175
            ],
            [
              7.9249053,
              5.8911699
            ],
            [
              7.924938,
              5.8911403
            ],
            [
              7.9249588,
              5.891163
            ],
            [
              7.924938,
              5.8911818
            ],
            [
              7.9249802,
              5.891228
            ],
            [
              7.925001,
              5.8912092
            ],
            [
              7.9250235,
              5.8912338
            ]
          ]
        ]
      }
    },
    {
      "type": "Feature",
      "properties": {
        "id": "node/4176683989",
        "name": "Eke Ngwuru",
        "name_en": null,
        "name_yo": null,
        "amenity": "marketplace",
        "man_made": null,
        "shop": null,
        "tourism": null,
        "opening_hours": null,
        "beds": null,
        "rooms": null,
        "addr_full": null,
        "addr_housenumber": null,
        "addr_street": null,
        "addr_city": null,
        "source": null,
        "adm0_pcode": "NGA",
        "adm0_name": "Nigeria",
        "adm1_pcode": "NG017",
        "adm1_name": "Imo",
        "adm2_pcode": "NG017001",
        "adm2_name": "Aboh-Mbaise",
        "adm3_pcode": null,
        "adm3_name": null,
        "adm4_pcode": null,
        "adm4_name": null,
        "name_latin": "Eke Ngwuru"
      },
      "geometry": {
        "type": "Point",
        "coordinates": [
          7.262282,
          5.4950576
        ]
      }
    },
    {
      "type": "Feature",
      "properties": {
        "id": "node/4176683991",
        "name": "Nkwo Ogwu",
        "name_en": null,
        "name_yo": null,
        "amenity": "marketplace",
        "man_made": null,
        "shop": null,
        "tourism": null,
        "opening_hours": null,
        "beds": null,
        "rooms": null,
        "addr_full": null,
        "addr_housenumber": null,
        "addr_street": null,
        "addr_city": null,
        "source": null,
        "adm0_pcode": "NGA",
        "adm0_name": "Nigeria",
        "adm1_pcode": "NG017",
        "adm1_name": "Imo",
        "adm2_pcode": "NG017001",
        "adm2_name": "Aboh-Mbaise",
        "adm3_pcode": null,
        "adm3_name": null,
        "adm4_pcode": null,
        "adm4_name": null,
        "name_latin": "Nkwo Ogwu"
      },
      "geometry": {
        "type": "Point",
        "coordinates": [
          7.238206,
          5.5009301
        ]
      }
    },
    {
      "type": "Feature",
      "properties": {
        "id": "node/6549161389",
        "name": "St Brigid old church( CYON International Conference Hall)",
        "name_en": null,
        "name_yo": null,
        "amenity": "events_venue",
        "man_made": null,
        "shop": null,
        "tourism": null,
        "opening_hours": null,
        "beds": null,
        "rooms": null,
        "addr_full": null,
        "addr_housenumber": null,
        "addr_street": null,
        "addr_city": null,
        "source": null,
        "adm0_pcode": "NGA",
        "adm0_name": "Nigeria",
        "adm1_pcode": "NG017",
        "adm1_name": "Imo",
        "adm2_pcode": "NG017002",
        "adm2_name": "Ahiazu-Mbaise",
        "adm3_pcode": null,
        "adm3_name": null,
        "adm4_pcode": null,
        "adm4_name": null,
        "name_latin": "St Brigid old church( CYON International Conference Hall)"
      },
      "geometry": {
        "type": "Point",
        "coordinates": [
          7.2631628,
          5.5228422
        ]
      }
    },
    {
      "type": "Feature",
      "properties": {
        "id": "node/8753127421",
        "name": "JB-Jem Fashion and Accessories",
        "name_en": null,
        "name_yo": null,
        "amenity": null,
        "man_made": null,
        "shop": "general",
        "tourism": null,
        "opening_hours": null,
        "beds": null,
        "rooms": null,
        "addr_full": null,
        "addr_housenumber": null,
        "addr_street": null,
        "addr_city": null,
        "source": null,
        "adm0_pcode": "NGA",
        "adm0_name": "Nigeria",
        "adm1_pcode": "NG014",
        "adm1_name": "Enugu",
        "adm2_pcode": "NG014004",
        "adm2_name": "Enugu North",
        "adm3_pcode": null,
        "adm3_name": null,
        "adm4_pcode": null,
        "adm4_name": null,
        "name_latin": "JB-Jem Fashion and Accessories"
      },
      "geometry": {
        "type": "Point",
        "coordinates": [
          7.5163788,
          6.4587301
        ]
      }
    },
    {
      "type": "Feature",
      "properties": {
        "id": "node/8753150412",
        "name": "Movin Star Supermarket",
        "name_en": null,
        "name_yo": null,
        "amenity": null,
        "man_made": null,
        "shop": "supermarket",
        "tourism": null,
        "opening_hours": null,
        "beds": null,
        "rooms": null,
        "addr_full": null,
        "addr_housenumber": null,
        "addr_street": null,
        "addr_city": null,
        "source": null,
        "adm0_pcode": "NGA",
        "adm0_name": "Nigeria",
        "adm1_pcode": "NG014",
        "adm1_name": "Enugu",
        "adm2_pcode": "NG014004",
        "adm2_name": "Enugu North",
        "adm3_pcode": null,
        "adm3_name": null,
        "adm4_pcode": null,
        "adm4_name": null,
        "name_latin": "Movin Star Supermarket"
      },
      "geometry": {
        "type": "Point",
        "coordinates": [
          7.5231681,
          6.458508
        ]
      }
    },
    {
      "type": "Feature",
      "properties": {
        "id": "node/8753070715",
        "name": "Frank Supermarket",
        "name_en": null,
        "name_yo": null,
        "amenity": null,
        "man_made": null,
        "shop": "supermarket",
        "tourism": null,
        "opening_hours": null,
        "beds": null,
        "rooms": null,
        "addr_full": null,
        "addr_housenumber": null,
        "addr_street": null,
        "addr_city": null,
        "source": null,
        "adm0_pcode": "NGA",
        "adm0_name": "Nigeria",
        "adm1_pcode": "NG014",
        "adm1_name": "Enugu",
        "adm2_pcode": "NG014004",
        "adm2_name": "Enugu North",
        "adm3_pcode": null,
        "adm3_name": null,
        "adm4_pcode": null,
        "adm4_name": null,
        "name_latin": "Frank Supermarket"
      },
      "geometry": {
        "type": "Point",
        "coordinates": [
          7.5167962,
          6.4581986
        ]
      }
    },
    {
      "type": "Feature",
      "properties": {
        "id": "node/8753126649",
        "name": "Friendly Supermarket",
        "name_en": null,
        "name_yo": null,
        "amenity": null,
        "man_made": null,
        "shop": "supermarket",
        "tourism": null,
        "opening_hours": null,
        "beds": null,
        "rooms": null,
        "addr_full": null,
        "addr_housenumber": null,
        "addr_street": null,
        "addr_city": null,
        "source": null,
        "adm0_pcode": "NGA",
        "adm0_name": "Nigeria",
        "adm1_pcode": "NG014",
        "adm1_name": "Enugu",
        "adm2_pcode": "NG014004",
        "adm2_name": "Enugu North",
        "adm3_pcode": null,
        "adm3_name": null,
        "adm4_pcode": null,
        "adm4_name": null,
        "name_latin": "Friendly Supermarket"
      },
      "geometry": {
        "type": "Point",
        "coordinates": [
          7.5177094,
          6.4581367
        ]
      }
    },
    {
      "type": "Feature",
      "properties": {
        "id": "node/8753676026",
        "name": "Old Artisan Market",
        "name_en": null,
        "name_yo": null,
        "amenity": "marketplace",
        "man_made": null,
        "shop": null,
        "tourism": null,
        "opening_hours": null,
        "beds": null,
        "rooms": null,
        "addr_full": null,
        "addr_housenumber": null,
        "addr_street": null,
        "addr_city": null,
        "source": null,
        "adm0_pcode": "NGA",
        "adm0_name": "Nigeria",
        "adm1_pcode": "NG014",
        "adm1_name": "Enugu",
        "adm2_pcode": "NG014004",
        "adm2_name": "Enugu North",
        "adm3_pcode": null,
        "adm3_name": null,
        "adm4_pcode": null,
        "adm4_name": null,
        "name_latin": "Old Artisan Market"
      },
      "geometry": {
        "type": "Point",
        "coordinates": [
          7.5011176,
          6.4538382
        ]
      }
    },
    {
      "type": "Feature",
      "properties": {
        "id": "node/13170584597",
        "name": "New Artisan",
        "name_en": null,
        "name_yo": null,
        "amenity": "marketplace",
        "man_made": null,
        "shop": null,
        "tourism": null,
        "opening_hours": null,
        "beds": null,
        "rooms": null,
        "addr_full": null,
        "addr_housenumber": null,
        "addr_street": null,
        "addr_city": null,
        "source": null,
        "adm0_pcode": "NGA",
        "adm0_name": "Nigeria",
        "adm1_pcode": "NG014",
        "adm1_name": "Enugu",
        "adm2_pcode": "NG014004",
        "adm2_name": "Enugu North",
        "adm3_pcode": null,
        "adm3_name": null,
        "adm4_pcode": null,
        "adm4_name": null,
        "name_latin": "New Artisan"
      },
      "geometry": {
        "type": "Point",
        "coordinates": [
          7.5417218,
          6.4526825
        ]
      }
    },
    {
      "type": "Feature",
      "properties": {
        "id": "node/8753646612",
        "name": "New Market",
        "name_en": null,
        "name_yo": null,
        "amenity": "marketplace",
        "man_made": null,
        "shop": null,
        "tourism": null,
        "opening_hours": null,
        "beds": null,
        "rooms": null,
        "addr_full": null,
        "addr_housenumber": null,
        "addr_street": null,
        "addr_city": null,
        "source": null,
        "adm0_pcode": "NGA",
        "adm0_name": "Nigeria",
        "adm1_pcode": "NG014",
        "adm1_name": "Enugu",
        "adm2_pcode": "NG014004",
        "adm2_name": "Enugu North",
        "adm3_pcode": null,
        "adm3_name": null,
        "adm4_pcode": null,
        "adm4_name": null,
        "name_latin": "New Market"
      },
      "geometry": {
        "type": "Point",
        "coordinates": [
          7.4803376,
          6.4519199
        ]
      }
    },
    {
      "type": "Feature",
      "properties": {
        "id": "node/2455133484",
        "name": "White Hall Medical Centre",
        "name_en": null,
        "name_yo": null,
        "amenity": "pharmacy",
        "man_made": null,
        "shop": null,
        "tourism": null,
        "opening_hours": null,
        "beds": null,
        "rooms": null,
        "addr_full": null,
        "addr_housenumber": "15.0",
        "addr_street": "Works Road",
        "addr_city": null,
        "source": null,
        "adm0_pcode": "NGA",
        "adm0_name": "Nigeria",
        "adm1_pcode": "NG014",
        "adm1_name": "Enugu",
        "adm2_pcode": "NG014004",
        "adm2_name": "Enugu North",
        "adm3_pcode": null,
        "adm3_name": null,
        "adm4_pcode": null,
        "adm4_name": null,
        "name_latin": "White Hall Medical Centre"
      },
      "geometry": {
        "type": "Point",
        "coordinates": [
          7.485499,
          6.450652
        ]
      }
    },
    {
      "type": "Feature",
      "properties": {
        "id": "way/1066222371",
        "name": "National Orientation Agency",
        "name_en": null,
        "name_yo": null,
        "amenity": "public_building",
        "man_made": null,
        "shop": null,
        "tourism": null,
        "opening_hours": null,
        "beds": null,
        "rooms": null,
        "addr_full": null,
        "addr_housenumber": "3.0",
        "addr_street": "Independence Avenue",
        "addr_city": null,
        "source": null,
        "adm0_pcode": "NGA",
        "adm0_name": "Nigeria",
        "adm1_pcode": "NG014",
        "adm1_name": "Enugu",
        "adm2_pcode": "NG014004",
        "adm2_name": "Enugu North",
        "adm3_pcode": null,
        "adm3_name": null,
        "adm4_pcode": null,
        "adm4_name": null,
        "name_latin": "National Orientation Agency"
      },
      "geometry": {
        "type": "Polygon",
        "coordinates": [
          [
            [
              7.5140858,
              6.4482923
            ],
            [
              7.5141752,
              6.4482362
            ],
            [
              7.5141929,
              6.448264
            ],
            [
              7.5142194,
              6.4482473
            ],
            [
              7.5142627,
              6.4483155
            ],
            [
              7.5141468,
              6.4483882
            ],
            [
              7.5140858,
              6.4482923
            ]
          ]
        ]
      }
    },
    {
      "type": "Feature",
      "properties": {
        "id": "node/2455133023",
        "name": "Conference Hall Ministry",
        "name_en": null,
        "name_yo": null,
        "amenity": "public_building",
        "man_made": null,
        "shop": null,
        "tourism": null,
        "opening_hours": null,
        "beds": null,
        "rooms": null,
        "addr_full": null,
        "addr_housenumber": null,
        "addr_street": "Ridgeway",
        "addr_city": null,
        "source": null,
        "adm0_pcode": "NGA",
        "adm0_name": "Nigeria",
        "adm1_pcode": "NG014",
        "adm1_name": "Enugu",
        "adm2_pcode": "NG014004",
        "adm2_name": "Enugu North",
        "adm3_pcode": null,
        "adm3_name": null,
        "adm4_pcode": null,
        "adm4_name": null,
        "name_latin": "Conference Hall Ministry"
      },
      "geometry": {
        "type": "Point",
        "coordinates": [
          7.488362,
          6.444029
        ]
      }
    },
    {
      "type": "Feature",
      "properties": {
        "id": "node/2492315499",
        "name": "Spar",
        "name_en": null,
        "name_yo": null,
        "amenity": null,
        "man_made": null,
        "shop": "supermarket",
        "tourism": null,
        "opening_hours": null,
        "beds": null,
        "rooms": null,
        "addr_full": null,
        "addr_housenumber": null,
        "addr_street": "NTA Road",
        "addr_city": null,
        "source": null,
        "adm0_pcode": "NGA",
        "adm0_name": "Nigeria",
        "adm1_pcode": "NG014",
        "adm1_name": "Enugu",
        "adm2_pcode": "NG014004",
        "adm2_name": "Enugu North",
        "adm3_pcode": null,
        "adm3_name": null,
        "adm4_pcode": null,
        "adm4_name": null,
        "name_latin": "Spar"
      },
      "geometry": {
        "type": "Point",
        "coordinates": [
          7.513594,
          6.436776
        ]
      }
    },
    {
      "type": "Feature",
      "properties": {
        "id": "node/11396393143",
        "name": "Coal City Plaza",
        "name_en": null,
        "name_yo": null,
        "amenity": null,
        "man_made": null,
        "shop": "supermarket",
        "tourism": null,
        "opening_hours": null,
        "beds": null,
        "rooms": null,
        "addr_full": null,
        "addr_housenumber": null,
        "addr_street": null,
        "addr_city": null,
        "source": null,
        "adm0_pcode": "NGA",
        "adm0_name": "Nigeria",
        "adm1_pcode": "NG014",
        "adm1_name": "Enugu",
        "adm2_pcode": "NG014004",
        "adm2_name": "Enugu North",
        "adm3_pcode": null,
        "adm3_name": null,
        "adm4_pcode": null,
        "adm4_name": null,
        "name_latin": "Coal City Plaza"
      },
      "geometry": {
        "type": "Point",
        "coordinates": [
          7.4919994,
          6.4358114
        ]
      }
    },
    {
      "type": "Feature",
      "properties": {
        "id": "node/13170601832",
        "name": "Ogbete Main Market",
        "name_en": null,
        "name_yo": null,
        "amenity": "marketplace",
        "man_made": null,
        "shop": null,
        "tourism": null,
        "opening_hours": null,
        "beds": null,
        "rooms": null,
        "addr_full": null,
        "addr_housenumber": null,
        "addr_street": null,
        "addr_city": null,
        "source": null,
        "adm0_pcode": "NGA",
        "adm0_name": "Nigeria",
        "adm1_pcode": "NG014",
        "adm1_name": "Enugu",
        "adm2_pcode": "NG014004",
        "adm2_name": "Enugu North",
        "adm3_pcode": null,
        "adm3_name": null,
        "adm4_pcode": null,
        "adm4_name": null,
        "name_latin": "Ogbete Main Market"
      },
      "geometry": {
        "type": "Point",
        "coordinates": [
          7.4844225,
          6.4356538
        ]
      }
    },
    {
      "type": "Feature",
      "properties": {
        "id": "node/8753676025",
        "name": "Ogbete main Market",
        "name_en": null,
        "name_yo": null,
        "amenity": "marketplace",
        "man_made": null,
        "shop": null,
        "tourism": null,
        "opening_hours": null,
        "beds": null,
        "rooms": null,
        "addr_full": null,
        "addr_housenumber": null,
        "addr_street": null,
        "addr_city": null,
        "source": null,
        "adm0_pcode": "NGA",
        "adm0_name": "Nigeria",
        "adm1_pcode": "NG014",
        "adm1_name": "Enugu",
        "adm2_pcode": "NG014004",
        "adm2_name": "Enugu North",
        "adm3_pcode": null,
        "adm3_name": null,
        "adm4_pcode": null,
        "adm4_name": null,
        "name_latin": "Ogbete main Market"
      },
      "geometry": {
        "type": "Point",
        "coordinates": [
          7.4815672,
          6.4354497
        ]
      }
    },
    {
      "type": "Feature",
      "properties": {
        "id": "way/760014544",
        "name": "Railway Line Ogbete Market",
        "name_en": null,
        "name_yo": null,
        "amenity": "marketplace",
        "man_made": null,
        "shop": null,
        "tourism": null,
        "opening_hours": null,
        "beds": null,
        "rooms": null,
        "addr_full": null,
        "addr_housenumber": null,
        "addr_street": null,
        "addr_city": null,
        "source": null,
        "adm0_pcode": "NGA",
        "adm0_name": "Nigeria",
        "adm1_pcode": "NG014",
        "adm1_name": "Enugu",
        "adm2_pcode": "NG014004",
        "adm2_name": "Enugu North",
        "adm3_pcode": null,
        "adm3_name": null,
        "adm4_pcode": null,
        "adm4_name": null,
        "name_latin": "Railway Line Ogbete Market"
      },
      "geometry": {
        "type": "Polygon",
        "coordinates": [
          [
            [
              7.4885161,
              6.4367712
            ],
            [
              7.4878111,
              6.4363354
            ],
            [
              7.4869694,
              6.4363926
            ],
            [
              7.4862131,
              6.4363019
            ],
            [
              7.4858002,
              6.4361717
            ],
            [
              7.4856712,
              6.4347554
            ],
            [
              7.485632,
              6.4338507
            ],
            [
              7.484249,
              6.4338877
            ],
            [
              7.4838734,
              6.4338977
            ],
            [
              7.482417,
              6.4331614
            ],
            [
              7.4819671,
              6.4328882
            ],
            [
              7.4819496,
              6.433431
            ],
            [
              7.4820355,
              6.4338869
            ],
            [
              7.4820415,
              6.4344375
            ],
            [
              7.4826866,
              6.4350598
            ],
            [
              7.4829883,
              6.4365364
            ],
            [
              7.4834282,
              6.4365577
            ],
            [
              7.4839593,
              6.4366536
            ],
            [
              7.4864645,
              6.4373839
            ],
            [
              7.4869419,
              6.4374372
            ],
            [
              7.4880148,
              6.4375012
            ],
            [
              7.4885161,
              6.4367712
            ]
          ]
        ]
      }
    },
    {
      "type": "Feature",
      "properties": {
        "id": "node/2455133680",
        "name": "Holy Child Motherless Babies Home",
        "name_en": null,
        "name_yo": null,
        "amenity": "community_centre",
        "man_made": null,
        "shop": null,
        "tourism": null,
        "opening_hours": null,
        "beds": null,
        "rooms": null,
        "addr_full": null,
        "addr_housenumber": null,
        "addr_street": "Holy Ghost",
        "addr_city": null,
        "source": null,
        "adm0_pcode": "NGA",
        "adm0_name": "Nigeria",
        "adm1_pcode": "NG014",
        "adm1_name": "Enugu",
        "adm2_pcode": "NG014004",
        "adm2_name": "Enugu North",
        "adm3_pcode": null,
        "adm3_name": null,
        "adm4_pcode": null,
        "adm4_name": null,
        "name_latin": "Holy Child Motherless Babies Home"
      },
      "geometry": {
        "type": "Point",
        "coordinates": [
          7.489003,
          6.434914
        ]
      }
    },
    {
      "type": "Feature",
      "properties": {
        "id": "way/572378769",
        "name": "Kingdom Hall of Jehovah",
        "name_en": null,
        "name_yo": null,
        "amenity": "place_of_worship",
        "man_made": null,
        "shop": null,
        "tourism": null,
        "opening_hours": null,
        "beds": null,
        "rooms": null,
        "addr_full": null,
        "addr_housenumber": "30",
        "addr_street": "Port Harcourt Street",
        "addr_city": "Ogui New Layout, enugu",
        "source": null,
        "adm0_pcode": "NGA",
        "adm0_name": "Nigeria",
        "adm1_pcode": "NG014",
        "adm1_name": "Enugu",
        "adm2_pcode": "NG014004",
        "adm2_name": "Enugu North",
        "adm3_pcode": null,
        "adm3_name": null,
        "adm4_pcode": null,
        "adm4_name": null,
        "name_latin": "Kingdom Hall of Jehovah"
      },
      "geometry": {
        "type": "Polygon",
        "coordinates": [
          [
            [
              7.4974752,
              6.4303007
            ],
            [
              7.4976496,
              6.4302396
            ],
            [
              7.4975497,
              6.429958
            ],
            [
              7.4973893,
              6.4300142
            ],
            [
              7.4973974,
              6.4300368
            ],
            [
              7.4973832,
              6.4300417
            ],
            [
              7.4974752,
              6.4303007
            ]
          ]
        ]
      }
    },
    {
      "type": "Feature",
      "properties": {
        "id": "way/1432944363",
        "name": "New Kenyatta",
        "name_en": null,
        "name_yo": null,
        "amenity": "marketplace",
        "man_made": null,
        "shop": null,
        "tourism": null,
        "opening_hours": null,
        "beds": null,
        "rooms": null,
        "addr_full": null,
        "addr_housenumber": null,
        "addr_street": null,
        "addr_city": null,
        "source": null,
        "adm0_pcode": "NGA",
        "adm0_name": "Nigeria",
        "adm1_pcode": "NG014",
        "adm1_name": "Enugu",
        "adm2_pcode": "NG014005",
        "adm2_name": "Enugu South",
        "adm3_pcode": null,
        "adm3_name": null,
        "adm4_pcode": null,
        "adm4_name": null,
        "name_latin": "New Kenyatta"
      },
      "geometry": {
        "type": "Polygon",
        "coordinates": [
          [
            [
              7.53897,
              6.4309984
            ],
            [
              7.5397344,
              6.4308225
            ],
            [
              7.5402977,
              6.4306306
            ],
            [
              7.5418265,
              6.4292073
            ],
            [
              7.5417783,
              6.4286236
            ],
            [
              7.5418587,
              6.4253612
            ],
            [
              7.5419553,
              6.4232982
            ],
            [
              7.5418748,
              6.4226505
            ],
            [
              7.5410621,
              6.4228584
            ],
            [
              7.5404345,
              6.4224666
            ],
            [
              7.5395091,
              6.4222427
            ],
            [
              7.539139,
              6.421841
            ],
            [
              7.5381488,
              6.4222995
            ],
            [
              7.5373768,
              6.4226505
            ],
            [
              7.5377549,
              6.4234821
            ],
            [
              7.538109,
              6.4261448
            ],
            [
              7.53897,
              6.4309984
            ]
          ]
        ]
      }
    },
    {
      "type": "Feature",
      "properties": {
        "id": "landmark-oilmill-obio-akpor",
        "name": "Oil Mill Market (Afor / Eke Rumukwrusi)",
        "name_en": null,
        "name_yo": null,
        "amenity": "marketplace",
        "man_made": null,
        "shop": null,
        "tourism": null,
        "opening_hours": null,
        "beds": null,
        "rooms": null,
        "addr_full": null,
        "addr_housenumber": null,
        "addr_street": null,
        "addr_city": "Port Harcourt / Obio",
        "source": "Historical Fieldwork & Gazettes",
        "adm0_pcode": "NGA",
        "adm0_name": "Nigeria",
        "adm1_pcode": "NG033",
        "adm1_name": "Rivers",
        "adm2_pcode": "NG033015",
        "adm2_name": "Obio/Akpor",
        "adm3_pcode": null,
        "adm3_name": null,
        "adm4_pcode": null,
        "adm4_name": null,
        "name_latin": "Oil Mill Market (Afor / Eke Rumukwrusi)"
      },
      "geometry": {
        "type": "Point",
        "coordinates": [
          7.0542,
          4.8465
        ]
      }
    },
    {
      "type": "Feature",
      "properties": {
        "id": "landmark-rumuokoro-market",
        "name": "Rumuokoro Market (Eke Rumuokoro)",
        "name_en": null,
        "name_yo": null,
        "amenity": "marketplace",
        "man_made": null,
        "shop": null,
        "tourism": null,
        "opening_hours": null,
        "beds": null,
        "rooms": null,
        "addr_full": null,
        "addr_housenumber": null,
        "addr_street": null,
        "addr_city": "Rumuokoro",
        "source": "Historical Fieldwork & Gazettes",
        "adm0_pcode": "NGA",
        "adm0_name": "Nigeria",
        "adm1_pcode": "NG033",
        "adm1_name": "Rivers",
        "adm2_pcode": "NG033015",
        "adm2_name": "Obio/Akpor",
        "adm3_pcode": null,
        "adm3_name": null,
        "adm4_pcode": null,
        "adm4_name": null,
        "name_latin": "Rumuokoro Market (Eke Rumuokoro)"
      },
      "geometry": {
        "type": "Point",
        "coordinates": [
          6.985,
          4.862
        ]
      }
    },
    {
      "type": "Feature",
      "properties": {
        "id": "landmark-omoku-central-market",
        "name": "Omoku Central Market (Ahia Omoku / Orie Omoku)",
        "name_en": null,
        "name_yo": null,
        "amenity": "marketplace",
        "man_made": null,
        "shop": null,
        "tourism": null,
        "opening_hours": null,
        "beds": null,
        "rooms": null,
        "addr_full": null,
        "addr_housenumber": null,
        "addr_street": null,
        "addr_city": "Omoku",
        "source": "Historical Fieldwork & Gazettes",
        "adm0_pcode": "NGA",
        "adm0_name": "Nigeria",
        "adm1_pcode": "NG033",
        "adm1_name": "Rivers",
        "adm2_pcode": "NG033017",
        "adm2_name": "Ogba/Egbema/Ndoni",
        "adm3_pcode": null,
        "adm3_name": null,
        "adm4_pcode": null,
        "adm4_name": null,
        "name_latin": "Omoku Central Market (Ahia Omoku / Orie Omoku)"
      },
      "geometry": {
        "type": "Point",
        "coordinates": [
          6.657,
          5.344
        ]
      }
    },
    {
      "type": "Feature",
      "properties": {
        "id": "landmark-etche-okehi-market",
        "name": "Eke Okehi Market (Etche Central Market)",
        "name_en": null,
        "name_yo": null,
        "amenity": "marketplace",
        "man_made": null,
        "shop": null,
        "tourism": null,
        "opening_hours": null,
        "beds": null,
        "rooms": null,
        "addr_full": null,
        "addr_housenumber": null,
        "addr_street": null,
        "addr_city": "Okehi",
        "source": "Historical Fieldwork & Gazettes",
        "adm0_pcode": "NGA",
        "adm0_name": "Nigeria",
        "adm1_pcode": "NG033",
        "adm1_name": "Rivers",
        "adm2_pcode": "NG033011",
        "adm2_name": "Etche",
        "adm3_pcode": null,
        "adm3_name": null,
        "adm4_pcode": null,
        "adm4_name": null,
        "name_latin": "Eke Okehi Market (Etche Central Market)"
      },
      "geometry": {
        "type": "Point",
        "coordinates": [
          7.085,
          5.035
        ]
      }
    },
    {
      "type": "Feature",
      "properties": {
        "id": "landmark-ahoada-market",
        "name": "Ahoada Central Market (Afor Ekpeye)",
        "name_en": null,
        "name_yo": null,
        "amenity": "marketplace",
        "man_made": null,
        "shop": null,
        "tourism": null,
        "opening_hours": null,
        "beds": null,
        "rooms": null,
        "addr_full": null,
        "addr_housenumber": null,
        "addr_street": null,
        "addr_city": "Ahoada",
        "source": "Historical Fieldwork & Gazettes",
        "adm0_pcode": "NGA",
        "adm0_name": "Nigeria",
        "adm1_pcode": "NG033",
        "adm1_name": "Rivers",
        "adm2_pcode": "NG033002",
        "adm2_name": "Ahoada East",
        "adm3_pcode": null,
        "adm3_name": null,
        "adm4_pcode": null,
        "adm4_name": null,
        "name_latin": "Ahoada Central Market (Afor Ekpeye)"
      },
      "geometry": {
        "type": "Point",
        "coordinates": [
          6.649,
          5.081
        ]
      }
    },
    {
      "type": "Feature",
      "properties": {
        "id": "landmark-oyigbo-afam-market",
        "name": "Oyigbo Central Market (Afor Afam)",
        "name_en": null,
        "name_yo": null,
        "amenity": "marketplace",
        "man_made": null,
        "shop": null,
        "tourism": null,
        "opening_hours": null,
        "beds": null,
        "rooms": null,
        "addr_full": null,
        "addr_housenumber": null,
        "addr_street": null,
        "addr_city": "Oyigbo (Obigbo)",
        "source": "Historical Fieldwork & Gazettes",
        "adm0_pcode": "NGA",
        "adm0_name": "Nigeria",
        "adm1_pcode": "NG033",
        "adm1_name": "Rivers",
        "adm2_pcode": "NG033021",
        "adm2_name": "Oyigbo",
        "adm3_pcode": null,
        "adm3_name": null,
        "adm4_pcode": null,
        "adm4_name": null,
        "name_latin": "Oyigbo Central Market (Afor Afam)"
      },
      "geometry": {
        "type": "Point",
        "coordinates": [
          7.155,
          4.878
        ]
      }
    },
    {
      "type": "Feature",
      "properties": {
        "id": "landmark-opobo-fish-market",
        "name": "Opobo River Market & Historic Fish Beach",
        "name_en": null,
        "name_yo": null,
        "amenity": "marketplace",
        "man_made": null,
        "shop": null,
        "tourism": "attraction",
        "opening_hours": null,
        "beds": null,
        "rooms": null,
        "addr_full": null,
        "addr_housenumber": null,
        "addr_street": null,
        "addr_city": "Opobo Town",
        "source": "Historical Fieldwork & Gazettes",
        "adm0_pcode": "NGA",
        "adm0_name": "Nigeria",
        "adm1_pcode": "NG033",
        "adm1_name": "Rivers",
        "adm2_pcode": "NG033020",
        "adm2_name": "Opobo/Nkoro",
        "adm3_pcode": null,
        "adm3_name": null,
        "adm4_pcode": null,
        "adm4_name": null,
        "name_latin": "Opobo River Market & Historic Fish Beach"
      },
      "geometry": {
        "type": "Point",
        "coordinates": [
          7.534,
          4.516
        ]
      }
    },
    {
      "type": "Feature",
      "properties": {
        "id": "landmark-jaja-palace-opobo",
        "name": "King Jaja of Opobo Palace & Bronze Monument",
        "name_en": null,
        "name_yo": null,
        "amenity": "townhall",
        "man_made": null,
        "shop": null,
        "tourism": "attraction",
        "opening_hours": null,
        "beds": null,
        "rooms": null,
        "addr_full": null,
        "addr_housenumber": null,
        "addr_street": null,
        "addr_city": "Opobo Town",
        "source": "Historical Fieldwork & Gazettes",
        "adm0_pcode": "NGA",
        "adm0_name": "Nigeria",
        "adm1_pcode": "NG033",
        "adm1_name": "Rivers",
        "adm2_pcode": "NG033020",
        "adm2_name": "Opobo/Nkoro",
        "adm3_pcode": null,
        "adm3_name": null,
        "adm4_pcode": null,
        "adm4_name": null,
        "name_latin": "King Jaja of Opobo Palace & Bronze Monument"
      },
      "geometry": {
        "type": "Point",
        "coordinates": [
          7.5375,
          4.518
        ]
      }
    },
    {
      "type": "Feature",
      "properties": {
        "id": "landmark-oba-ogba-palace",
        "name": "Oba of Ogbaland Imperial Palace & Ancestral Obiri",
        "name_en": null,
        "name_yo": null,
        "amenity": "townhall",
        "man_made": null,
        "shop": null,
        "tourism": "attraction",
        "opening_hours": null,
        "beds": null,
        "rooms": null,
        "addr_full": null,
        "addr_housenumber": null,
        "addr_street": null,
        "addr_city": "Omoku",
        "source": "Historical Fieldwork & Gazettes",
        "adm0_pcode": "NGA",
        "adm0_name": "Nigeria",
        "adm1_pcode": "NG033",
        "adm1_name": "Rivers",
        "adm2_pcode": "NG033017",
        "adm2_name": "Ogba/Egbema/Ndoni",
        "adm3_pcode": null,
        "adm3_name": null,
        "adm4_pcode": null,
        "adm4_name": null,
        "name_latin": "Oba of Ogbaland Imperial Palace & Ancestral Obiri"
      },
      "geometry": {
        "type": "Point",
        "coordinates": [
          6.6585,
          5.342
        ]
      }
    },
    {
      "type": "Feature",
      "properties": {
        "id": "landmark-eze-ekpeye-palace",
        "name": "Eze Ekpeye Logbo Palace & Council of Elders",
        "name_en": null,
        "name_yo": null,
        "amenity": "townhall",
        "man_made": null,
        "shop": null,
        "tourism": "attraction",
        "opening_hours": null,
        "beds": null,
        "rooms": null,
        "addr_full": null,
        "addr_housenumber": null,
        "addr_street": null,
        "addr_city": "Ahoada",
        "source": "Historical Fieldwork & Gazettes",
        "adm0_pcode": "NGA",
        "adm0_name": "Nigeria",
        "adm1_pcode": "NG033",
        "adm1_name": "Rivers",
        "adm2_pcode": "NG033002",
        "adm2_name": "Ahoada East",
        "adm3_pcode": null,
        "adm3_name": null,
        "adm4_pcode": null,
        "adm4_name": null,
        "name_latin": "Eze Ekpeye Logbo Palace & Council of Elders"
      },
      "geometry": {
        "type": "Point",
        "coordinates": [
          6.652,
          5.083
        ]
      }
    },
    {
      "type": "Feature",
      "properties": {
        "id": "landmark-isiokpo-obiri-ikwerre",
        "name": "Onye-Ishiala Ikwerre Ancestral Obiri (Isiokpo)",
        "name_en": null,
        "name_yo": null,
        "amenity": "community_centre",
        "man_made": null,
        "shop": null,
        "tourism": "attraction",
        "opening_hours": null,
        "beds": null,
        "rooms": null,
        "addr_full": null,
        "addr_housenumber": null,
        "addr_street": null,
        "addr_city": "Isiokpo",
        "source": "Historical Fieldwork & Gazettes",
        "adm0_pcode": "NGA",
        "adm0_name": "Nigeria",
        "adm1_pcode": "NG033",
        "adm1_name": "Rivers",
        "adm2_pcode": "NG033013",
        "adm2_name": "Ikwerre",
        "adm3_pcode": null,
        "adm3_name": null,
        "adm4_pcode": null,
        "adm4_name": null,
        "name_latin": "Onye-Ishiala Ikwerre Ancestral Obiri (Isiokpo)"
      },
      "geometry": {
        "type": "Point",
        "coordinates": [
          6.892,
          4.998
        ]
      }
    },
    {
      "type": "Feature",
      "properties": {
        "id": "landmark-ochichi-ali-shrine",
        "name": "Ochichi Sacred Grove & Shrine of Ali (Etche Earth Deity)",
        "name_en": null,
        "name_yo": null,
        "amenity": "community_centre",
        "man_made": null,
        "shop": null,
        "tourism": "attraction",
        "opening_hours": null,
        "beds": null,
        "rooms": null,
        "addr_full": null,
        "addr_housenumber": null,
        "addr_street": null,
        "addr_city": "Okehi",
        "source": "Historical Fieldwork & Gazettes",
        "adm0_pcode": "NGA",
        "adm0_name": "Nigeria",
        "adm1_pcode": "NG033",
        "adm1_name": "Rivers",
        "adm2_pcode": "NG033011",
        "adm2_name": "Etche",
        "adm3_pcode": null,
        "adm3_name": null,
        "adm4_pcode": null,
        "adm4_name": null,
        "name_latin": "Ochichi Sacred Grove & Shrine of Ali (Etche Earth Deity)"
      },
      "geometry": {
        "type": "Point",
        "coordinates": [
          7.09,
          5.04
        ]
      }
    },
    {
      "type": "Feature",
      "properties": {
        "id": "landmark-diobu-rebisi-hall",
        "name": "Rebisi (Diobu) Ancestral Civic Hall & Sacred Grounds",
        "name_en": null,
        "name_yo": null,
        "amenity": "townhall",
        "man_made": null,
        "shop": null,
        "tourism": "attraction",
        "opening_hours": null,
        "beds": null,
        "rooms": null,
        "addr_full": null,
        "addr_housenumber": null,
        "addr_street": null,
        "addr_city": "Diobu, Port Harcourt",
        "source": "Historical Fieldwork & Gazettes",
        "adm0_pcode": "NGA",
        "adm0_name": "Nigeria",
        "adm1_pcode": "NG033",
        "adm1_name": "Rivers",
        "adm2_pcode": "NG033022",
        "adm2_name": "Port-Harcourt",
        "adm3_pcode": null,
        "adm3_name": null,
        "adm4_pcode": null,
        "adm4_name": null,
        "name_latin": "Rebisi (Diobu) Ancestral Civic Hall & Sacred Grounds"
      },
      "geometry": {
        "type": "Point",
        "coordinates": [
          7.005,
          4.789
        ]
      }
    },
    {
      "type": "Feature",
      "properties": {
        "id": "landmark-asaba-cable-point-market",
        "name": "Otuogba / Asaba Cable Point Beach & Fish Market (Eke Asaba)",
        "name_en": null,
        "name_yo": null,
        "amenity": "marketplace",
        "man_made": null,
        "shop": null,
        "tourism": null,
        "opening_hours": null,
        "beds": null,
        "rooms": null,
        "addr_full": null,
        "addr_housenumber": null,
        "addr_street": null,
        "addr_city": "Asaba",
        "source": "Historical Fieldwork & Gazettes",
        "adm0_pcode": "NGA",
        "adm0_name": "Nigeria",
        "adm1_pcode": "NG010",
        "adm1_name": "Delta",
        "adm2_pcode": "NG010015",
        "adm2_name": "Oshimili South",
        "adm3_pcode": null,
        "adm3_name": null,
        "adm4_pcode": null,
        "adm4_name": null,
        "name_latin": "Otuogba / Asaba Cable Point Beach & Fish Market (Eke Asaba)"
      },
      "geometry": {
        "type": "Point",
        "coordinates": [
          6.745,
          6.198
        ]
      }
    },
    {
      "type": "Feature",
      "properties": {
        "id": "landmark-ogwashi-uku-eke-market",
        "name": "Ogwashi-Uku Eke Market (Ahia Eke Ogwashi)",
        "name_en": null,
        "name_yo": null,
        "amenity": "marketplace",
        "man_made": null,
        "shop": null,
        "tourism": null,
        "opening_hours": null,
        "beds": null,
        "rooms": null,
        "addr_full": null,
        "addr_housenumber": null,
        "addr_street": null,
        "addr_city": "Ogwashi-Uku",
        "source": "Historical Fieldwork & Gazettes",
        "adm0_pcode": "NGA",
        "adm0_name": "Nigeria",
        "adm1_pcode": "NG010",
        "adm1_name": "Delta",
        "adm2_pcode": "NG010002",
        "adm2_name": "Aniocha South",
        "adm3_pcode": null,
        "adm3_name": null,
        "adm4_pcode": null,
        "adm4_name": null,
        "name_latin": "Ogwashi-Uku Eke Market (Ahia Eke Ogwashi)"
      },
      "geometry": {
        "type": "Point",
        "coordinates": [
          6.522,
          6.179
        ]
      }
    },
    {
      "type": "Feature",
      "properties": {
        "id": "landmark-issele-uku-eke-market",
        "name": "Issele-Uku Eke Market (Ahia Eke Issele)",
        "name_en": null,
        "name_yo": null,
        "amenity": "marketplace",
        "man_made": null,
        "shop": null,
        "tourism": null,
        "opening_hours": null,
        "beds": null,
        "rooms": null,
        "addr_full": null,
        "addr_housenumber": null,
        "addr_street": null,
        "addr_city": "Issele-Uku",
        "source": "Historical Fieldwork & Gazettes",
        "adm0_pcode": "NGA",
        "adm0_name": "Nigeria",
        "adm1_pcode": "NG010",
        "adm1_name": "Delta",
        "adm2_pcode": "NG010001",
        "adm2_name": "Aniocha North",
        "adm3_pcode": null,
        "adm3_name": null,
        "adm4_pcode": null,
        "adm4_name": null,
        "name_latin": "Issele-Uku Eke Market (Ahia Eke Issele)"
      },
      "geometry": {
        "type": "Point",
        "coordinates": [
          6.485,
          6.321
        ]
      }
    },
    {
      "type": "Feature",
      "properties": {
        "id": "landmark-agbor-orogodo-market",
        "name": "Orogodo Market (Agbor Central Market / Eke Agbor)",
        "name_en": null,
        "name_yo": null,
        "amenity": "marketplace",
        "man_made": null,
        "shop": null,
        "tourism": null,
        "opening_hours": null,
        "beds": null,
        "rooms": null,
        "addr_full": null,
        "addr_housenumber": null,
        "addr_street": null,
        "addr_city": "Agbor",
        "source": "Historical Fieldwork & Gazettes",
        "adm0_pcode": "NGA",
        "adm0_name": "Nigeria",
        "adm1_pcode": "NG010",
        "adm1_name": "Delta",
        "adm2_pcode": "NG010008",
        "adm2_name": "Ika South",
        "adm3_pcode": null,
        "adm3_name": null,
        "adm4_pcode": null,
        "adm4_name": null,
        "name_latin": "Orogodo Market (Agbor Central Market / Eke Agbor)"
      },
      "geometry": {
        "type": "Point",
        "coordinates": [
          6.198,
          6.258
        ]
      }
    },
    {
      "type": "Feature",
      "properties": {
        "id": "landmark-kwale-utagba-ogbe-market",
        "name": "Utagba-Ogbe (Kwale) Central Market (Afor Kwale)",
        "name_en": null,
        "name_yo": null,
        "amenity": "marketplace",
        "man_made": null,
        "shop": null,
        "tourism": null,
        "opening_hours": null,
        "beds": null,
        "rooms": null,
        "addr_full": null,
        "addr_housenumber": null,
        "addr_street": null,
        "addr_city": "Kwale",
        "source": "Historical Fieldwork & Gazettes",
        "adm0_pcode": "NGA",
        "adm0_name": "Nigeria",
        "adm1_pcode": "NG010",
        "adm1_name": "Delta",
        "adm2_pcode": "NG010012",
        "adm2_name": "Ndokwa West",
        "adm3_pcode": null,
        "adm3_name": null,
        "adm4_pcode": null,
        "adm4_name": null,
        "name_latin": "Utagba-Ogbe (Kwale) Central Market (Afor Kwale)"
      },
      "geometry": {
        "type": "Point",
        "coordinates": [
          6.432,
          5.712
        ]
      }
    },
    {
      "type": "Feature",
      "properties": {
        "id": "landmark-aboh-wharf-market",
        "name": "Aboh Historic River Niger Wharf & Market (Ahia Aboh)",
        "name_en": null,
        "name_yo": null,
        "amenity": "marketplace",
        "man_made": null,
        "shop": null,
        "tourism": "attraction",
        "opening_hours": null,
        "beds": null,
        "rooms": null,
        "addr_full": null,
        "addr_housenumber": null,
        "addr_street": null,
        "addr_city": "Aboh",
        "source": "Historical Fieldwork & Gazettes",
        "adm0_pcode": "NGA",
        "adm0_name": "Nigeria",
        "adm1_pcode": "NG010",
        "adm1_name": "Delta",
        "adm2_pcode": "NG010011",
        "adm2_name": "Ndokwa East",
        "adm3_pcode": null,
        "adm3_name": null,
        "adm4_pcode": null,
        "adm4_name": null,
        "name_latin": "Aboh Historic River Niger Wharf & Market (Ahia Aboh)"
      },
      "geometry": {
        "type": "Point",
        "coordinates": [
          6.538,
          5.545
        ]
      }
    },
    {
      "type": "Feature",
      "properties": {
        "id": "landmark-obiaruku-eke-market",
        "name": "Eke Obiaruku Market",
        "name_en": null,
        "name_yo": null,
        "amenity": "marketplace",
        "man_made": null,
        "shop": null,
        "tourism": null,
        "opening_hours": null,
        "beds": null,
        "rooms": null,
        "addr_full": null,
        "addr_housenumber": null,
        "addr_street": null,
        "addr_city": "Obiaruku",
        "source": "Historical Fieldwork & Gazettes",
        "adm0_pcode": "NGA",
        "adm0_name": "Nigeria",
        "adm1_pcode": "NG010",
        "adm1_name": "Delta",
        "adm2_pcode": "NG010021",
        "adm2_name": "Ukwuani",
        "adm3_pcode": null,
        "adm3_name": null,
        "adm4_pcode": null,
        "adm4_name": null,
        "name_latin": "Eke Obiaruku Market"
      },
      "geometry": {
        "type": "Point",
        "coordinates": [
          6.155,
          5.845
        ]
      }
    },
    {
      "type": "Feature",
      "properties": {
        "id": "landmark-ashaka-river-market",
        "name": "Ashaka River Market (Ndokwa East)",
        "name_en": null,
        "name_yo": null,
        "amenity": "marketplace",
        "man_made": null,
        "shop": null,
        "tourism": null,
        "opening_hours": null,
        "beds": null,
        "rooms": null,
        "addr_full": null,
        "addr_housenumber": null,
        "addr_street": null,
        "addr_city": "Ashaka",
        "source": "Historical Fieldwork & Gazettes",
        "adm0_pcode": "NGA",
        "adm0_name": "Nigeria",
        "adm1_pcode": "NG010",
        "adm1_name": "Delta",
        "adm2_pcode": "NG010011",
        "adm2_name": "Ndokwa East",
        "adm3_pcode": null,
        "adm3_name": null,
        "adm4_pcode": null,
        "adm4_name": null,
        "name_latin": "Ashaka River Market (Ndokwa East)"
      },
      "geometry": {
        "type": "Point",
        "coordinates": [
          6.505,
          5.635
        ]
      }
    },
    {
      "type": "Feature",
      "properties": {
        "id": "landmark-asagba-palace-asaba",
        "name": "Palace of the Asagba of Asaba",
        "name_en": null,
        "name_yo": null,
        "amenity": "townhall",
        "man_made": null,
        "shop": null,
        "tourism": "attraction",
        "opening_hours": null,
        "beds": null,
        "rooms": null,
        "addr_full": null,
        "addr_housenumber": null,
        "addr_street": null,
        "addr_city": "Asaba",
        "source": "Historical Fieldwork & Gazettes",
        "adm0_pcode": "NGA",
        "adm0_name": "Nigeria",
        "adm1_pcode": "NG010",
        "adm1_name": "Delta",
        "adm2_pcode": "NG010015",
        "adm2_name": "Oshimili South",
        "adm3_pcode": null,
        "adm3_name": null,
        "adm4_pcode": null,
        "adm4_name": null,
        "name_latin": "Palace of the Asagba of Asaba"
      },
      "geometry": {
        "type": "Point",
        "coordinates": [
          6.732,
          6.202
        ]
      }
    },
    {
      "type": "Feature",
      "properties": {
        "id": "landmark-asaba-memorial-park",
        "name": "Asaba Memorial Park & October 1967 Mass Grave (Ogbeosowa)",
        "name_en": null,
        "name_yo": null,
        "amenity": "community_centre",
        "man_made": null,
        "shop": null,
        "tourism": "attraction",
        "opening_hours": null,
        "beds": null,
        "rooms": null,
        "addr_full": null,
        "addr_housenumber": null,
        "addr_street": null,
        "addr_city": "Asaba",
        "source": "Historical Fieldwork & Gazettes",
        "adm0_pcode": "NGA",
        "adm0_name": "Nigeria",
        "adm1_pcode": "NG010",
        "adm1_name": "Delta",
        "adm2_pcode": "NG010015",
        "adm2_name": "Oshimili South",
        "adm3_pcode": null,
        "adm3_name": null,
        "adm4_pcode": null,
        "adm4_name": null,
        "name_latin": "Asaba Memorial Park & October 1967 Mass Grave (Ogbeosowa)"
      },
      "geometry": {
        "type": "Point",
        "coordinates": [
          6.728,
          6.195
        ]
      }
    },
    {
      "type": "Feature",
      "properties": {
        "id": "landmark-issele-uku-royal-palace",
        "name": "Obi of Issele-Uku Royal Palace",
        "name_en": null,
        "name_yo": null,
        "amenity": "townhall",
        "man_made": null,
        "shop": null,
        "tourism": "attraction",
        "opening_hours": null,
        "beds": null,
        "rooms": null,
        "addr_full": null,
        "addr_housenumber": null,
        "addr_street": null,
        "addr_city": "Issele-Uku",
        "source": "Historical Fieldwork & Gazettes",
        "adm0_pcode": "NGA",
        "adm0_name": "Nigeria",
        "adm1_pcode": "NG010",
        "adm1_name": "Delta",
        "adm2_pcode": "NG010001",
        "adm2_name": "Aniocha North",
        "adm3_pcode": null,
        "adm3_name": null,
        "adm4_pcode": null,
        "adm4_name": null,
        "name_latin": "Obi of Issele-Uku Royal Palace"
      },
      "geometry": {
        "type": "Point",
        "coordinates": [
          6.488,
          6.324
        ]
      }
    },
    {
      "type": "Feature",
      "properties": {
        "id": "landmark-dein-agbor-palace",
        "name": "Dein of Agbor Royal Palace",
        "name_en": null,
        "name_yo": null,
        "amenity": "townhall",
        "man_made": null,
        "shop": null,
        "tourism": "attraction",
        "opening_hours": null,
        "beds": null,
        "rooms": null,
        "addr_full": null,
        "addr_housenumber": null,
        "addr_street": null,
        "addr_city": "Agbor",
        "source": "Historical Fieldwork & Gazettes",
        "adm0_pcode": "NGA",
        "adm0_name": "Nigeria",
        "adm1_pcode": "NG010",
        "adm1_name": "Delta",
        "adm2_pcode": "NG010008",
        "adm2_name": "Ika South",
        "adm3_pcode": null,
        "adm3_name": null,
        "adm4_pcode": null,
        "adm4_name": null,
        "name_latin": "Dein of Agbor Royal Palace"
      },
      "geometry": {
        "type": "Point",
        "coordinates": [
          6.192,
          6.255
        ]
      }
    },
    {
      "type": "Feature",
      "properties": {
        "id": "landmark-obi-aboh-palace-cannons",
        "name": "Palace of the Obi of Aboh & 19th-Century Naval Cannon Site",
        "name_en": null,
        "name_yo": null,
        "amenity": "townhall",
        "man_made": null,
        "shop": null,
        "tourism": "attraction",
        "opening_hours": null,
        "beds": null,
        "rooms": null,
        "addr_full": null,
        "addr_housenumber": null,
        "addr_street": null,
        "addr_city": "Aboh",
        "source": "Historical Fieldwork & Gazettes",
        "adm0_pcode": "NGA",
        "adm0_name": "Nigeria",
        "adm1_pcode": "NG010",
        "adm1_name": "Delta",
        "adm2_pcode": "NG010011",
        "adm2_name": "Ndokwa East",
        "adm3_pcode": null,
        "adm3_name": null,
        "adm4_pcode": null,
        "adm4_name": null,
        "name_latin": "Palace of the Obi of Aboh & 19th-Century Naval Cannon Site"
      },
      "geometry": {
        "type": "Point",
        "coordinates": [
          6.536,
          5.547
        ]
      }
    },
    {
      "type": "Feature",
      "properties": {
        "id": "landmark-ekumeku-resistance-memorial",
        "name": "Ekumeku Guerrilla Resistance Headquarters & Memorial (Ogwashi-Uku)",
        "name_en": null,
        "name_yo": null,
        "amenity": "community_centre",
        "man_made": null,
        "shop": null,
        "tourism": "attraction",
        "opening_hours": null,
        "beds": null,
        "rooms": null,
        "addr_full": null,
        "addr_housenumber": null,
        "addr_street": null,
        "addr_city": "Ogwashi-Uku",
        "source": "Historical Fieldwork & Gazettes",
        "adm0_pcode": "NGA",
        "adm0_name": "Nigeria",
        "adm1_pcode": "NG010",
        "adm1_name": "Delta",
        "adm2_pcode": "NG010002",
        "adm2_name": "Aniocha South",
        "adm3_pcode": null,
        "adm3_name": null,
        "adm4_pcode": null,
        "adm4_name": null,
        "name_latin": "Ekumeku Guerrilla Resistance Headquarters & Memorial (Ogwashi-Uku)"
      },
      "geometry": {
        "type": "Point",
        "coordinates": [
          6.518,
          6.175
        ]
      }
    },
    {
      "type": "Feature",
      "properties": {
        "id": "landmark-lander-brothers-anchorage",
        "name": "Lander Brothers Anchorage & Historic River Landing",
        "name_en": null,
        "name_yo": null,
        "amenity": "community_centre",
        "man_made": null,
        "shop": null,
        "tourism": "attraction",
        "opening_hours": null,
        "beds": null,
        "rooms": null,
        "addr_full": null,
        "addr_housenumber": null,
        "addr_street": null,
        "addr_city": "Asaba",
        "source": "Historical Fieldwork & Gazettes",
        "adm0_pcode": "NGA",
        "adm0_name": "Nigeria",
        "adm1_pcode": "NG010",
        "adm1_name": "Delta",
        "adm2_pcode": "NG010015",
        "adm2_name": "Oshimili South",
        "adm3_pcode": null,
        "adm3_name": null,
        "adm4_pcode": null,
        "adm4_name": null,
        "name_latin": "Lander Brothers Anchorage & Historic River Landing"
      },
      "geometry": {
        "type": "Point",
        "coordinates": [
          6.741,
          6.205
        ]
      }
    },
    {
      "type": "Feature",
      "properties": {
        "id": "landmark-oligie-eke-market",
        "name": "Oligie Central Market (Eke Oligie / Ahia Oligie)",
        "name_en": null,
        "name_yo": null,
        "amenity": "marketplace",
        "man_made": null,
        "shop": null,
        "tourism": null,
        "opening_hours": null,
        "beds": null,
        "rooms": null,
        "addr_full": null,
        "addr_housenumber": null,
        "addr_street": null,
        "addr_city": "Igbanke",
        "source": "Historical Fieldwork & Gazettes",
        "adm0_pcode": "NGA",
        "adm0_name": "Nigeria",
        "adm1_pcode": "NG012",
        "adm1_name": "Edo",
        "adm2_pcode": "NG012013",
        "adm2_name": "Orhionmwon",
        "adm3_pcode": null,
        "adm3_name": null,
        "adm4_pcode": null,
        "adm4_name": null,
        "name_latin": "Oligie Central Market (Eke Oligie / Ahia Oligie)"
      },
      "geometry": {
        "type": "Point",
        "coordinates": [
          6.152,
          6.208
        ]
      }
    },
    {
      "type": "Feature",
      "properties": {
        "id": "landmark-ottah-afor-market",
        "name": "Ottah / Idumuodin Agricultural Market (Afor Igbanke)",
        "name_en": null,
        "name_yo": null,
        "amenity": "marketplace",
        "man_made": null,
        "shop": null,
        "tourism": null,
        "opening_hours": null,
        "beds": null,
        "rooms": null,
        "addr_full": null,
        "addr_housenumber": null,
        "addr_street": null,
        "addr_city": "Igbanke",
        "source": "Historical Fieldwork & Gazettes",
        "adm0_pcode": "NGA",
        "adm0_name": "Nigeria",
        "adm1_pcode": "NG012",
        "adm1_name": "Edo",
        "adm2_pcode": "NG012013",
        "adm2_name": "Orhionmwon",
        "adm3_pcode": null,
        "adm3_name": null,
        "adm4_pcode": null,
        "adm4_name": null,
        "name_latin": "Ottah / Idumuodin Agricultural Market (Afor Igbanke)"
      },
      "geometry": {
        "type": "Point",
        "coordinates": [
          6.165,
          6.215
        ]
      }
    },
    {
      "type": "Feature",
      "properties": {
        "id": "landmark-oligie-enogie-palace",
        "name": "Enogie / Clan Palace of Oligie-Igbanke",
        "name_en": null,
        "name_yo": null,
        "amenity": "townhall",
        "man_made": null,
        "shop": null,
        "tourism": "attraction",
        "opening_hours": null,
        "beds": null,
        "rooms": null,
        "addr_full": null,
        "addr_housenumber": null,
        "addr_street": null,
        "addr_city": "Igbanke",
        "source": "Historical Fieldwork & Gazettes",
        "adm0_pcode": "NGA",
        "adm0_name": "Nigeria",
        "adm1_pcode": "NG012",
        "adm1_name": "Edo",
        "adm2_pcode": "NG012013",
        "adm2_name": "Orhionmwon",
        "adm3_pcode": null,
        "adm3_name": null,
        "adm4_pcode": null,
        "adm4_name": null,
        "name_latin": "Enogie / Clan Palace of Oligie-Igbanke"
      },
      "geometry": {
        "type": "Point",
        "coordinates": [
          6.155,
          6.205
        ]
      }
    },
    {
      "type": "Feature",
      "properties": {
        "id": "landmark-igbanke-unity-hall",
        "name": "Igbanke Six Clan Ancestral Unity Hall & Shrine",
        "name_en": null,
        "name_yo": null,
        "amenity": "community_centre",
        "man_made": null,
        "shop": null,
        "tourism": "attraction",
        "opening_hours": null,
        "beds": null,
        "rooms": null,
        "addr_full": null,
        "addr_housenumber": null,
        "addr_street": null,
        "addr_city": "Igbanke",
        "source": "Historical Fieldwork & Gazettes",
        "adm0_pcode": "NGA",
        "adm0_name": "Nigeria",
        "adm1_pcode": "NG012",
        "adm1_name": "Edo",
        "adm2_pcode": "NG012013",
        "adm2_name": "Orhionmwon",
        "adm3_pcode": null,
        "adm3_name": null,
        "adm4_pcode": null,
        "adm4_name": null,
        "name_latin": "Igbanke Six Clan Ancestral Unity Hall & Shrine"
      },
      "geometry": {
        "type": "Point",
        "coordinates": [
          6.158,
          6.21
        ]
      }
    },
    {
      "type": "Feature",
      "properties": {
        "id": "landmark-inikiri-ichari-market",
        "name": "Inikiri Ichari Central Market (Afor Inikiri)",
        "name_en": null,
        "name_yo": null,
        "amenity": "marketplace",
        "man_made": null,
        "shop": null,
        "tourism": null,
        "opening_hours": null,
        "beds": null,
        "rooms": null,
        "addr_full": null,
        "addr_housenumber": null,
        "addr_street": null,
        "addr_city": "Inikiri Ichari",
        "source": "Historical Fieldwork & Gazettes",
        "adm0_pcode": "NGA",
        "adm0_name": "Nigeria",
        "adm1_pcode": "NG007",
        "adm1_name": "Benue",
        "adm2_pcode": "NG007001",
        "adm2_name": "Ado",
        "adm3_pcode": null,
        "adm3_name": null,
        "adm4_pcode": null,
        "adm4_name": null,
        "name_latin": "Inikiri Ichari Central Market (Afor Inikiri)"
      },
      "geometry": {
        "type": "Point",
        "coordinates": [
          8.042,
          6.785
        ]
      }
    },
    {
      "type": "Feature",
      "properties": {
        "id": "landmark-umuezeoka-idelle-market",
        "name": "Umuezeoka Ugo / Idelle Market (Eke Idelle)",
        "name_en": null,
        "name_yo": null,
        "amenity": "marketplace",
        "man_made": null,
        "shop": null,
        "tourism": null,
        "opening_hours": null,
        "beds": null,
        "rooms": null,
        "addr_full": null,
        "addr_housenumber": null,
        "addr_street": null,
        "addr_city": "Idelle",
        "source": "Historical Fieldwork & Gazettes",
        "adm0_pcode": "NGA",
        "adm0_name": "Nigeria",
        "adm1_pcode": "NG007",
        "adm1_name": "Benue",
        "adm2_pcode": "NG007017",
        "adm2_name": "Oju",
        "adm3_pcode": null,
        "adm3_name": null,
        "adm4_pcode": null,
        "adm4_name": null,
        "name_latin": "Umuezeoka Ugo / Idelle Market (Eke Idelle)"
      },
      "geometry": {
        "type": "Point",
        "coordinates": [
          8.384,
          6.821
        ]
      }
    },
    {
      "type": "Feature",
      "properties": {
        "id": "landmark-amaeke-orie-market",
        "name": "Amaeke (Amaekka) Ancestral Market (Orie Amaeke)",
        "name_en": null,
        "name_yo": null,
        "amenity": "marketplace",
        "man_made": null,
        "shop": null,
        "tourism": null,
        "opening_hours": null,
        "beds": null,
        "rooms": null,
        "addr_full": null,
        "addr_housenumber": null,
        "addr_street": null,
        "addr_city": "Amaeke",
        "source": "Historical Fieldwork & Gazettes",
        "adm0_pcode": "NGA",
        "adm0_name": "Nigeria",
        "adm1_pcode": "NG007",
        "adm1_name": "Benue",
        "adm2_pcode": "NG007014",
        "adm2_name": "Obi",
        "adm3_pcode": null,
        "adm3_name": null,
        "adm4_pcode": null,
        "adm4_name": null,
        "name_latin": "Amaeke (Amaekka) Ancestral Market (Orie Amaeke)"
      },
      "geometry": {
        "type": "Point",
        "coordinates": [
          8.312,
          6.938
        ]
      }
    },
    {
      "type": "Feature",
      "properties": {
        "id": "landmark-ichama-afor-market",
        "name": "Ichama Borderland Market (Afor Ichama)",
        "name_en": null,
        "name_yo": null,
        "amenity": "marketplace",
        "man_made": null,
        "shop": null,
        "tourism": null,
        "opening_hours": null,
        "beds": null,
        "rooms": null,
        "addr_full": null,
        "addr_housenumber": null,
        "addr_street": null,
        "addr_city": "Ichama",
        "source": "Historical Fieldwork & Gazettes",
        "adm0_pcode": "NGA",
        "adm0_name": "Nigeria",
        "adm1_pcode": "NG007",
        "adm1_name": "Benue",
        "adm2_pcode": "NG007018",
        "adm2_name": "Okpokwu",
        "adm3_pcode": null,
        "adm3_name": null,
        "adm4_pcode": null,
        "adm4_name": null,
        "name_latin": "Ichama Borderland Market (Afor Ichama)"
      },
      "geometry": {
        "type": "Point",
        "coordinates": [
          7.842,
          6.985
        ]
      }
    },
    {
      "type": "Feature",
      "properties": {
        "id": "landmark-ulayi-nkwo-market",
        "name": "Ulayi Frontier Agricultural Exchange (Nkwo Ulayi)",
        "name_en": null,
        "name_yo": null,
        "amenity": "marketplace",
        "man_made": null,
        "shop": null,
        "tourism": null,
        "opening_hours": null,
        "beds": null,
        "rooms": null,
        "addr_full": null,
        "addr_housenumber": null,
        "addr_street": null,
        "addr_city": "Ulayi",
        "source": "Historical Fieldwork & Gazettes",
        "adm0_pcode": "NGA",
        "adm0_name": "Nigeria",
        "adm1_pcode": "NG007",
        "adm1_name": "Benue",
        "adm2_pcode": "NG007001",
        "adm2_name": "Ado",
        "adm3_pcode": null,
        "adm3_name": null,
        "adm4_pcode": null,
        "adm4_name": null,
        "name_latin": "Ulayi Frontier Agricultural Exchange (Nkwo Ulayi)"
      },
      "geometry": {
        "type": "Point",
        "coordinates": [
          8.065,
          6.792
        ]
      }
    },
    {
      "type": "Feature",
      "properties": {
        "id": "landmark-okpoku-ezekuna-amaeke-shrine",
        "name": "Okpoku Ezekuna Ancestral Shrine & Ofo Council Grounds",
        "name_en": null,
        "name_yo": null,
        "amenity": "community_centre",
        "man_made": null,
        "shop": null,
        "tourism": "attraction",
        "opening_hours": null,
        "beds": null,
        "rooms": null,
        "addr_full": null,
        "addr_housenumber": null,
        "addr_street": null,
        "addr_city": "Amaeke (Amaekka)",
        "source": "Historical Fieldwork & Gazettes",
        "adm0_pcode": "NGA",
        "adm0_name": "Nigeria",
        "adm1_pcode": "NG007",
        "adm1_name": "Benue",
        "adm2_pcode": "NG007014",
        "adm2_name": "Obi",
        "adm3_pcode": null,
        "adm3_name": null,
        "adm4_pcode": null,
        "adm4_name": null,
        "name_latin": "Okpoku Ezekuna Ancestral Shrine & Ofo Council Grounds"
      },
      "geometry": {
        "type": "Point",
        "coordinates": [
          8.315,
          6.941
        ]
      }
    },
    {
      "type": "Feature",
      "properties": {
        "id": "landmark-inikiri-traditional-assembly",
        "name": "Inikiri Traditional Assembly & Guild Grounds",
        "name_en": null,
        "name_yo": null,
        "amenity": "townhall",
        "man_made": null,
        "shop": null,
        "tourism": "attraction",
        "opening_hours": null,
        "beds": null,
        "rooms": null,
        "addr_full": null,
        "addr_housenumber": null,
        "addr_street": null,
        "addr_city": "Inikiri",
        "source": "Historical Fieldwork & Gazettes",
        "adm0_pcode": "NGA",
        "adm0_name": "Nigeria",
        "adm1_pcode": "NG007",
        "adm1_name": "Benue",
        "adm2_pcode": "NG007001",
        "adm2_name": "Ado",
        "adm3_pcode": null,
        "adm3_name": null,
        "adm4_pcode": null,
        "adm4_name": null,
        "name_latin": "Inikiri Traditional Assembly & Guild Grounds"
      },
      "geometry": {
        "type": "Point",
        "coordinates": [
          8.045,
          6.787
        ]
      }
    },
    {
      "type": "Feature",
      "properties": {
        "id": "landmark-idelle-festival-grounds",
        "name": "Idelle Ezza-Izzi Cultural Grounds & New Yam Arena",
        "name_en": null,
        "name_yo": null,
        "amenity": "community_centre",
        "man_made": null,
        "shop": null,
        "tourism": "attraction",
        "opening_hours": null,
        "beds": null,
        "rooms": null,
        "addr_full": null,
        "addr_housenumber": null,
        "addr_street": null,
        "addr_city": "Idelle",
        "source": "Historical Fieldwork & Gazettes",
        "adm0_pcode": "NGA",
        "adm0_name": "Nigeria",
        "adm1_pcode": "NG007",
        "adm1_name": "Benue",
        "adm2_pcode": "NG007017",
        "adm2_name": "Oju",
        "adm3_pcode": null,
        "adm3_name": null,
        "adm4_pcode": null,
        "adm4_name": null,
        "name_latin": "Idelle Ezza-Izzi Cultural Grounds & New Yam Arena"
      },
      "geometry": {
        "type": "Point",
        "coordinates": [
          8.387,
          6.824
        ]
      }
    },
    {
      "type": "Feature",
      "properties": {
        "id": "landmark-onyedega-eke-market",
        "name": "Onyedega River Market (Eke Onyedega)",
        "name_en": null,
        "name_yo": null,
        "amenity": "marketplace",
        "man_made": null,
        "shop": null,
        "tourism": null,
        "opening_hours": null,
        "beds": null,
        "rooms": null,
        "addr_full": null,
        "addr_housenumber": null,
        "addr_street": null,
        "addr_city": "Onyedega",
        "source": "Historical Fieldwork & Gazettes",
        "adm0_pcode": "NGA",
        "adm0_name": "Nigeria",
        "adm1_pcode": "NG023",
        "adm1_name": "Kogi",
        "adm2_pcode": "NG023006",
        "adm2_name": "Ibaji",
        "adm3_pcode": null,
        "adm3_name": null,
        "adm4_pcode": null,
        "adm4_name": null,
        "name_latin": "Onyedega River Market (Eke Onyedega)"
      },
      "geometry": {
        "type": "Point",
        "coordinates": [
          6.852,
          6.891
        ]
      }
    },
    {
      "type": "Feature",
      "properties": {
        "id": "landmark-odeke-afor-market",
        "name": "Odeke / Ihile Agricultural Market (Afor Odeke)",
        "name_en": null,
        "name_yo": null,
        "amenity": "marketplace",
        "man_made": null,
        "shop": null,
        "tourism": null,
        "opening_hours": null,
        "beds": null,
        "rooms": null,
        "addr_full": null,
        "addr_housenumber": null,
        "addr_street": null,
        "addr_city": "Odeke",
        "source": "Historical Fieldwork & Gazettes",
        "adm0_pcode": "NGA",
        "adm0_name": "Nigeria",
        "adm1_pcode": "NG023",
        "adm1_name": "Kogi",
        "adm2_pcode": "NG023006",
        "adm2_name": "Ibaji",
        "adm3_pcode": null,
        "adm3_name": null,
        "adm4_pcode": null,
        "adm4_name": null,
        "name_latin": "Odeke / Ihile Agricultural Market (Afor Odeke)"
      },
      "geometry": {
        "type": "Point",
        "coordinates": [
          6.885,
          6.924
        ]
      }
    },
    {
      "type": "Feature",
      "properties": {
        "id": "landmark-omambala-ibaji-groves",
        "name": "Omambala (Anambra River) Sacred Fishing Sanctuary",
        "name_en": null,
        "name_yo": null,
        "amenity": "community_centre",
        "man_made": null,
        "shop": null,
        "tourism": "attraction",
        "opening_hours": null,
        "beds": null,
        "rooms": null,
        "addr_full": null,
        "addr_housenumber": null,
        "addr_street": null,
        "addr_city": "Ibaji",
        "source": "Historical Fieldwork & Gazettes",
        "adm0_pcode": "NGA",
        "adm0_name": "Nigeria",
        "adm1_pcode": "NG023",
        "adm1_name": "Kogi",
        "adm2_pcode": "NG023006",
        "adm2_name": "Ibaji",
        "adm3_pcode": null,
        "adm3_name": null,
        "adm4_pcode": null,
        "adm4_name": null,
        "name_latin": "Omambala (Anambra River) Sacred Fishing Sanctuary"
      },
      "geometry": {
        "type": "Point",
        "coordinates": [
          6.86,
          6.905
        ]
      }
    },
    {
      "type": "Feature",
      "properties": {
        "id": "landmark-odolu-masquerade-enclosure",
        "name": "Odolu Borderland Egwugwu/Mmanwu Sacred Enclosure",
        "name_en": null,
        "name_yo": null,
        "amenity": "community_centre",
        "man_made": null,
        "shop": null,
        "tourism": "attraction",
        "opening_hours": null,
        "beds": null,
        "rooms": null,
        "addr_full": null,
        "addr_housenumber": null,
        "addr_street": null,
        "addr_city": "Odolu",
        "source": "Historical Fieldwork & Gazettes",
        "adm0_pcode": "NGA",
        "adm0_name": "Nigeria",
        "adm1_pcode": "NG023",
        "adm1_name": "Kogi",
        "adm2_pcode": "NG023007",
        "adm2_name": "Igalamela-Odolu",
        "adm3_pcode": null,
        "adm3_name": null,
        "adm4_pcode": null,
        "adm4_name": null,
        "name_latin": "Odolu Borderland Egwugwu/Mmanwu Sacred Enclosure"
      },
      "geometry": {
        "type": "Point",
        "coordinates": [
          7.125,
          6.978
        ]
      }
    },
    {
      "type": "Feature",
      "properties": {
        "id": "landmark-itu-aro-wharf-market",
        "name": "Itu Historic Aro Trading Beach & Wharf Market",
        "name_en": null,
        "name_yo": null,
        "amenity": "marketplace",
        "man_made": null,
        "shop": null,
        "tourism": "attraction",
        "opening_hours": null,
        "beds": null,
        "rooms": null,
        "addr_full": null,
        "addr_housenumber": null,
        "addr_street": null,
        "addr_city": "Itu",
        "source": "Historical Fieldwork & Gazettes",
        "adm0_pcode": "NGA",
        "adm0_name": "Nigeria",
        "adm1_pcode": "NG003",
        "adm1_name": "Akwa Ibom",
        "adm2_pcode": "NG003016",
        "adm2_name": "Itu",
        "adm3_pcode": null,
        "adm3_name": null,
        "adm4_pcode": null,
        "adm4_name": null,
        "name_latin": "Itu Historic Aro Trading Beach & Wharf Market"
      },
      "geometry": {
        "type": "Point",
        "coordinates": [
          7.9781,
          5.2009
        ]
      }
    },
    {
      "type": "Feature",
      "properties": {
        "id": "landmark-ekparakwa-market",
        "name": "Ekparakwa Crossroads Market",
        "name_en": null,
        "name_yo": null,
        "amenity": "marketplace",
        "man_made": null,
        "shop": null,
        "tourism": null,
        "opening_hours": null,
        "beds": null,
        "rooms": null,
        "addr_full": null,
        "addr_housenumber": null,
        "addr_street": null,
        "addr_city": "Ekparakwa",
        "source": "Historical Fieldwork & Gazettes",
        "adm0_pcode": "NGA",
        "adm0_name": "Nigeria",
        "adm1_pcode": "NG003",
        "adm1_name": "Akwa Ibom",
        "adm2_pcode": "NG003026",
        "adm2_name": "Oruk Anam",
        "adm3_pcode": null,
        "adm3_name": null,
        "adm4_pcode": null,
        "adm4_name": null,
        "name_latin": "Ekparakwa Crossroads Market"
      },
      "geometry": {
        "type": "Point",
        "coordinates": [
          7.7305,
          4.7967
        ]
      }
    },
    {
      "type": "Feature",
      "properties": {
        "id": "landmark-urua-inyang-market",
        "name": "Urua Inyang Central Border Market",
        "name_en": null,
        "name_yo": null,
        "amenity": "marketplace",
        "man_made": null,
        "shop": null,
        "tourism": null,
        "opening_hours": null,
        "beds": null,
        "rooms": null,
        "addr_full": null,
        "addr_housenumber": null,
        "addr_street": null,
        "addr_city": "Urua Inyang",
        "source": "Historical Fieldwork & Gazettes",
        "adm0_pcode": "NGA",
        "adm0_name": "Nigeria",
        "adm1_pcode": "NG003",
        "adm1_name": "Akwa Ibom",
        "adm2_pcode": "NG003011",
        "adm2_name": "Ika",
        "adm3_pcode": null,
        "adm3_name": null,
        "adm4_pcode": null,
        "adm4_name": null,
        "name_latin": "Urua Inyang Central Border Market"
      },
      "geometry": {
        "type": "Point",
        "coordinates": [
          7.5399,
          5.0232
        ]
      }
    },
    {
      "type": "Feature",
      "properties": {
        "id": "landmark-itu-treaty-site",
        "name": "Itu Enyong Creek Historic Wharves & Aro Treaty Site",
        "name_en": null,
        "name_yo": null,
        "amenity": "community_centre",
        "man_made": null,
        "shop": null,
        "tourism": "attraction",
        "opening_hours": null,
        "beds": null,
        "rooms": null,
        "addr_full": null,
        "addr_housenumber": null,
        "addr_street": null,
        "addr_city": "Itu",
        "source": "Historical Fieldwork & Gazettes",
        "adm0_pcode": "NGA",
        "adm0_name": "Nigeria",
        "adm1_pcode": "NG003",
        "adm1_name": "Akwa Ibom",
        "adm2_pcode": "NG003016",
        "adm2_name": "Itu",
        "adm3_pcode": null,
        "adm3_name": null,
        "adm4_pcode": null,
        "adm4_name": null,
        "name_latin": "Itu Enyong Creek Historic Wharves & Aro Treaty Site"
      },
      "geometry": {
        "type": "Point",
        "coordinates": [
          7.979,
          5.202
        ]
      }
    },
    {
      "type": "Feature",
      "properties": {
        "id": "landmark-mary-slessor-memorial",
        "name": "Mary Slessor Historic Memorial & Cairn at Itu",
        "name_en": null,
        "name_yo": null,
        "amenity": "community_centre",
        "man_made": null,
        "shop": null,
        "tourism": "attraction",
        "opening_hours": null,
        "beds": null,
        "rooms": null,
        "addr_full": null,
        "addr_housenumber": null,
        "addr_street": null,
        "addr_city": "Itu",
        "source": "Historical Fieldwork & Gazettes",
        "adm0_pcode": "NGA",
        "adm0_name": "Nigeria",
        "adm1_pcode": "NG003",
        "adm1_name": "Akwa Ibom",
        "adm2_pcode": "NG003016",
        "adm2_name": "Itu",
        "adm3_pcode": null,
        "adm3_name": null,
        "adm4_pcode": null,
        "adm4_name": null,
        "name_latin": "Mary Slessor Historic Memorial & Cairn at Itu"
      },
      "geometry": {
        "type": "Point",
        "coordinates": [
          7.975,
          5.198
        ]
      }
    },
    {
      "type": "Feature",
      "properties": {
        "id": "landmark-aro-amuvi-memorial",
        "name": "Aro Amuvi & Odoro Ikpe Ancestral Settlement Memorial",
        "name_en": null,
        "name_yo": null,
        "amenity": "community_centre",
        "man_made": null,
        "shop": null,
        "tourism": "attraction",
        "opening_hours": null,
        "beds": null,
        "rooms": null,
        "addr_full": null,
        "addr_housenumber": null,
        "addr_street": null,
        "addr_city": "Odoro Ikpe",
        "source": "Historical Fieldwork & Gazettes",
        "adm0_pcode": "NGA",
        "adm0_name": "Nigeria",
        "adm1_pcode": "NG003",
        "adm1_name": "Akwa Ibom",
        "adm2_pcode": "NG003015",
        "adm2_name": "Ini",
        "adm3_pcode": null,
        "adm3_name": null,
        "adm4_pcode": null,
        "adm4_name": null,
        "name_latin": "Aro Amuvi & Odoro Ikpe Ancestral Settlement Memorial"
      },
      "geometry": {
        "type": "Point",
        "coordinates": [
          7.755,
          5.42
        ]
      }
    }
  ]
}