{"type":"FeatureCollection","features":[
{"type":"Feature","properties":{"id":"node/501441252","name":"Onyah","name_en":null,"name_yo":null,"place":"village","landuse":null,"population":null,"is_in":null,"source":null,"adm0_pcode":"NGA","adm0_name":"Nigeria","adm1_pcode":"NG010","adm1_name":"Delta","adm2_pcode":"NG010011","adm2_name":"Ndokwa East","adm3_pcode":null,"adm3_name":null,"adm4_pcode":null,"adm4_name":null,"name_latin":"Onyah"},"geometry":{"type":"Point","coordinates":[6.4262102,5.331394]}},
{"type":"Feature","properties":{"id":"node/8828154395","name":"Aworobia","name_en":null,"name_yo":null,"place":"village","landuse":null,"population":null,"is_in":null,"source":null,"adm0_pcode":"NGA","adm0_name":"Nigeria","adm1_pcode":"NG010","adm1_name":"Delta","adm2_pcode":"NG010011","adm2_name":"Ndokwa East","adm3_pcode":null,"adm3_name":null,"adm4_pcode":null,"adm4_name":null,"name_latin":"Aworobia"},"geometry":{"type":"Point","coordinates":[6.4661807,5.3309137]}},
{"type":"Feature","properties":{"id":"node/8828165512","name":"Egbu","name_en":null,"name_yo":null,"place":"village","landuse":null,"population":null,"is_in":null,"source":null,"adm0_pcode":"NGA","adm0_name":"Nigeria","adm1_pcode":"NG010","adm1_name":"Delta","adm2_pcode":"NG010011","adm2_name":"Ndokwa East","adm3_pcode":null,"adm3_name":null,"adm4_pcode":null,"adm4_name":null,"name_latin":"Egbu"},"geometry":{"type":"Point","coordinates":[6.3496452,5.3260664]}},
{"type":"Feature","properties":{"id":"node/8828165513","name":"Ewhoeviri","name_en":null,"name_yo":null,"place":"village","landuse":null,"population":null,"is_in":null,"source":null,"adm0_pcode":"NGA","adm0_name":"Nigeria","adm1_pcode":"NG010","adm1_name":"Delta","adm2_pcode":"NG010011","adm2_name":"Ndokwa East","adm3_pcode":null,"adm3_name":null,"adm4_pcode":null,"adm4_name":null,"name_latin":"Ewhoeviri"},"geometry":{"type":"Point","coordinates":[6.3588332,5.3241477]}},
{"type":"Feature","properties":{"id":"node/8828154396","name":"Ekpeniwhare","name_en":null,"name_yo":null,"place":"village","landuse":null,"population":null,"is_in":null,"source":null,"adm0_pcode":"NGA","adm0_name":"Nigeria","adm1_pcode":"NG010","adm1_name":"Delta","adm2_pcode":"NG010011","adm2_name":"Ndokwa East","adm3_pcode":null,"adm3_name":null,"adm4_pcode":null,"adm4_name":null,"name_latin":"Ekpeniwhare"},"geometry":{"type":"Point","coordinates":[6.4694784,5.317717]}},
{"type":"Feature","properties":{"id":"node/501479764","name":"Opete","name_en":null,"name_yo":null,"place":"village","landuse":null,"population":null,"is_in":null,"source":null,"adm0_pcode":"NGA","adm0_name":"Nigeria","adm1_pcode":"NG017","adm1_name":"Imo","adm2_pcode":"NG017018","adm2_name":"Ohaji/Egbema","adm3_pcode":null,"adm3_name":null,"adm4_pcode":null,"adm4_name":null,"name_latin":"Opete"},"geometry":{"type":"Point","coordinates":[6.8262902,5.3154997]}},
{"type":"Feature","properties":{"id":"node/8828142915","name":"Kenan-Irri","name_en":null,"name_yo":null,"place":"village","landuse":null,"population":null,"is_in":null,"source":null,"adm0_pcode":"NGA","adm0_name":"Nigeria","adm1_pcode":"NG010","adm1_name":"Delta","adm2_pcode":"NG010011","adm2_name":"Ndokwa East","adm3_pcode":null,"adm3_name":null,"adm4_pcode":null,"adm4_name":null,"name_latin":"Kenan-Irri"},"geometry":{"type":"Point","coordinates":[6.401478,5.3029735]}},
{"type":"Feature","properties":{"id":"node/501479730","name":"Omo Akpo","name_en":null,"name_yo":null,"place":"village","landuse":null,"population":null,"is_in":null,"source":null,"adm0_pcode":"NGA","adm0_name":"Nigeria","adm1_pcode":"NG017","adm1_name":"Imo","adm2_pcode":"NG017018","adm2_name":"Ohaji/Egbema","adm3_pcode":null,"adm3_name":null,"adm4_pcode":null,"adm4_name":null,"name_latin":"Omo Akpo"},"geometry":{"type":"Point","coordinates":[6.8808195,5.2529901]}},
{"type":"Feature","properties":{"id":"node/501424110","name":"Umuakpu","name_en":null,"name_yo":null,"place":"village","landuse":null,"population":null,"is_in":null,"source":null,"adm0_pcode":"NGA","adm0_name":"Nigeria","adm1_pcode":"NG017","adm1_name":"Imo","adm2_pcode":"NG017018","adm2_name":"Ohaji/Egbema","adm3_pcode":null,"adm3_name":null,"adm4_pcode":null,"adm4_name":null,"name_latin":"Umuakpu"},"geometry":{"type":"Point","coordinates":[6.8810051,5.2526038]}},
{"type":"Feature","properties":{"id":"node/501381471","name":"Owakiko","name_en":null,"name_yo":null,"place":"village","landuse":null,"population":null,"is_in":null,"source":null,"adm0_pcode":"NGA","adm0_name":"Nigeria","adm1_pcode":"NG004","adm1_name":"Anambra","adm2_pcode":"NG004016","adm2_name":"Ogbaru","adm3_pcode":null,"adm3_name":null,"adm4_pcode":null,"adm4_name":null,"name_latin":"Owakiko"},"geometry":{"type":"Point","coordinates":[6.7521037,5.7558675]}},
{"type":"Feature","properties":{"id":"node/501528348","name":"Onwakiko","name_en":null,"name_yo":null,"place":"village","landuse":null,"population":null,"is_in":null,"source":null,"adm0_pcode":"NGA","adm0_name":"Nigeria","adm1_pcode":"NG004","adm1_name":"Anambra","adm2_pcode":"NG004016","adm2_name":"Ogbaru","adm3_pcode":null,"adm3_name":null,"adm4_pcode":null,"adm4_name":null,"name_latin":"Onwakiko"},"geometry":{"type":"Point","coordinates":[6.7521627,5.7558435]}},
{"type":"Feature","properties":{"id":"node/7838229379","name":"Amorka","name_en":null,"name_yo":null,"place":"town","landuse":null,"population":null,"is_in":null,"source":null,"adm0_pcode":"NGA","adm0_name":"Nigeria","adm1_pcode":"NG004","adm1_name":"Anambra","adm2_pcode":"NG004012","adm2_name":"Ihiala","adm3_pcode":null,"adm3_name":null,"adm4_pcode":null,"adm4_name":null,"name_latin":"Amorka"},"geometry":{"type":"Point","coordinates":[6.8766307,5.7555578]}},
{"type":"Feature","properties":{"id":"node/501417307","name":"Akri Ogidi","name_en":null,"name_yo":null,"place":"village","landuse":null,"population":null,"is_in":null,"source":null,"adm0_pcode":"NGA","adm0_name":"Nigeria","adm1_pcode":"NG004","adm1_name":"Anambra","adm2_pcode":"NG004016","adm2_name":"Ogbaru","adm3_pcode":null,"adm3_name":null,"adm4_pcode":null,"adm4_name":null,"name_latin":"Akri Ogidi"},"geometry":{"type":"Point","coordinates":[6.6570063,5.7550593]}},
{"type":"Feature","properties":{"id":"node/501489602","name":"Obetim Uno","name_en":null,"name_yo":null,"place":"village","landuse":null,"population":null,"is_in":null,"source":null,"adm0_pcode":"NGA","adm0_name":"Nigeria","adm1_pcode":"NG010","adm1_name":"Delta","adm2_pcode":"NG010012","adm2_name":"Ndokwa West","adm3_pcode":null,"adm3_name":null,"adm4_pcode":null,"adm4_name":null,"name_latin":"Obetim Uno"},"geometry":{"type":"Point","coordinates":[6.4418675,5.7468402]}},
{"type":"Feature","properties":{"id":"node/9194331185","name":"Uchi","name_en":null,"name_yo":null,"place":"village","landuse":null,"population":null,"is_in":null,"source":null,"adm0_pcode":"NGA","adm0_name":"Nigeria","adm1_pcode":"NG010","adm1_name":"Delta","adm2_pcode":"NG010011","adm2_name":"Ndokwa East","adm3_pcode":null,"adm3_name":null,"adm4_pcode":null,"adm4_name":null,"name_latin":"Uchi"},"geometry":{"type":"Point","coordinates":[6.6235071,5.7384352]}},
{"type":"Feature","properties":{"id":"node/9067851847","name":"Ogu-Ikpele","name_en":null,"name_yo":null,"place":"village","landuse":null,"population":null,"is_in":null,"source":null,"adm0_pcode":"NGA","adm0_name":"Nigeria","adm1_pcode":"NG010","adm1_name":"Delta","adm2_pcode":"NG010011","adm2_name":"Ndokwa East","adm3_pcode":null,"adm3_name":null,"adm4_pcode":null,"adm4_name":null,"name_latin":"Ogu-Ikpele"},"geometry":{"type":"Point","coordinates":[6.6424301,5.7278995]}},
{"type":"Feature","properties":{"id":"node/501499097","name":"Umuosonwu","name_en":null,"name_yo":null,"place":"village","landuse":null,"population":null,"is_in":null,"source":null,"adm0_pcode":"NGA","adm0_name":"Nigeria","adm1_pcode":"NG010","adm1_name":"Delta","adm2_pcode":"NG010012","adm2_name":"Ndokwa West","adm3_pcode":null,"adm3_name":null,"adm4_pcode":null,"adm4_name":null,"name_latin":"Umuosonwu"},"geometry":{"type":"Point","coordinates":[6.4400866,5.7253266]}},
{"type":"Feature","properties":{"id":"node/501508390","name":"Okpai Oluchi","name_en":null,"name_yo":null,"place":"village","landuse":null,"population":null,"is_in":null,"source":null,"adm0_pcode":"NGA","adm0_name":"Nigeria","adm1_pcode":"NG010","adm1_name":"Delta","adm2_pcode":"NG010011","adm2_name":"Ndokwa East","adm3_pcode":null,"adm3_name":null,"adm4_pcode":null,"adm4_name":null,"name_latin":"Okpai Oluchi"},"geometry":{"type":"Point","coordinates":[6.6021669,5.724994]}},
{"type":"Feature","properties":{"id":"node/501457501","name":"Obetim","name_en":null,"name_yo":null,"place":"village","landuse":null,"population":null,"is_in":null,"source":null,"adm0_pcode":"NGA","adm0_name":"Nigeria","adm1_pcode":"NG010","adm1_name":"Delta","adm2_pcode":"NG010012","adm2_name":"Ndokwa West","adm3_pcode":null,"adm3_name":null,"adm4_pcode":null,"adm4_name":null,"name_latin":"Obetim"},"geometry":{"type":"Point","coordinates":[6.4476831,5.7167406]}},
{"type":"Feature","properties":{"id":"node/501423677","name":"Kwale Station","name_en":null,"name_yo":null,"place":"village","landuse":null,"population":null,"is_in":null,"source":null,"adm0_pcode":"NGA","adm0_name":"Nigeria","adm1_pcode":"NG010","adm1_name":"Delta","adm2_pcode":"NG010012","adm2_name":"Ndokwa West","adm3_pcode":null,"adm3_name":null,"adm4_pcode":null,"adm4_name":null,"name_latin":"Kwale Station"},"geometry":{"type":"Point","coordinates":[6.4474366,5.716667]}},
{"type":"Feature","properties":{"id":"node/5918582386","name":"Oguta","name_en":null,"name_yo":null,"place":"town","landuse":null,"population":"300000","is_in":null,"source":null,"adm0_pcode":"NGA","adm0_name":"Nigeria","adm1_pcode":"NG017","adm1_name":"Imo","adm2_pcode":"NG017017","adm2_name":"Oguta","adm3_pcode":null,"adm3_name":null,"adm4_pcode":null,"adm4_name":null,"name_latin":"Oguta"},"geometry":{"type":"Point","coordinates":[6.809365,5.710435]}},
{"type":"Feature","properties":{"id":"node/501408450","name":"Egwe","name_en":null,"name_yo":null,"place":"village","landuse":null,"population":null,"is_in":null,"source":null,"adm0_pcode":"NGA","adm0_name":"Nigeria","adm1_pcode":"NG017","adm1_name":"Imo","adm2_pcode":"NG017017","adm2_name":"Oguta","adm3_pcode":null,"adm3_name":null,"adm4_pcode":null,"adm4_name":null,"name_latin":"Egwe"},"geometry":{"type":"Point","coordinates":[6.8321717,5.7096482]}},
{"type":"Feature","properties":{"id":"node/9416742113","name":"Ufulu","name_en":null,"name_yo":null,"place":"village","landuse":null,"population":null,"is_in":null,"source":null,"adm0_pcode":"NGA","adm0_name":"Nigeria","adm1_pcode":"NG010","adm1_name":"Delta","adm2_pcode":"NG010011","adm2_name":"Ndokwa East","adm3_pcode":null,"adm3_name":null,"adm4_pcode":null,"adm4_name":null,"name_latin":"Ufulu"},"geometry":{"type":"Point","coordinates":[6.5421076,5.7008695]}},
{"type":"Feature","properties":{"id":"node/8971892177","name":"Kalabari Beach","name_en":null,"name_yo":null,"place":"hamlet","landuse":null,"population":null,"is_in":null,"source":null,"adm0_pcode":"NGA","adm0_name":"Nigeria","adm1_pcode":"NG017","adm1_name":"Imo","adm2_pcode":"NG017017","adm2_name":"Oguta","adm3_pcode":null,"adm3_name":null,"adm4_pcode":null,"adm4_name":null,"name_latin":"Kalabari Beach"},"geometry":{"type":"Point","coordinates":[6.7980069,5.6986473]}},
{"type":"Feature","properties":{"id":"node/501423675","name":"Kwale","name_en":null,"name_yo":null,"place":"town","landuse":null,"population":null,"is_in":null,"source":null,"adm0_pcode":"NGA","adm0_name":"Nigeria","adm1_pcode":"NG010","adm1_name":"Delta","adm2_pcode":"NG010012","adm2_name":"Ndokwa West","adm3_pcode":null,"adm3_name":null,"adm4_pcode":null,"adm4_name":null,"name_latin":"Kwale"},"geometry":{"type":"Point","coordinates":[6.4265493,5.6965837]}},
{"type":"Feature","properties":{"id":"node/5918582385","name":"Oguta II","name_en":null,"name_yo":null,"place":"village","landuse":null,"population":null,"is_in":null,"source":null,"adm0_pcode":"NGA","adm0_name":"Nigeria","adm1_pcode":"NG017","adm1_name":"Imo","adm2_pcode":"NG017017","adm2_name":"Oguta","adm3_pcode":null,"adm3_name":null,"adm4_pcode":null,"adm4_name":null,"name_latin":"Oguta II"},"geometry":{"type":"Point","coordinates":[6.8080376,5.6935127]}},
{"type":"Feature","properties":{"id":"node/9563421930","name":"Obodougva","name_en":null,"name_yo":null,"place":"village","landuse":null,"population":null,"is_in":null,"source":null,"adm0_pcode":"NGA","adm0_name":"Nigeria","adm1_pcode":"NG010","adm1_name":"Delta","adm2_pcode":"NG010012","adm2_name":"Ndokwa West","adm3_pcode":null,"adm3_name":null,"adm4_pcode":null,"adm4_name":null,"name_latin":"Obodougva"},"geometry":{"type":"Point","coordinates":[6.3587536,5.6929193]}},
{"type":"Feature","properties":{"id":"node/9416742115","name":"Umuedem Camp","name_en":null,"name_yo":null,"place":"village","landuse":null,"population":null,"is_in":null,"source":null,"adm0_pcode":"NGA","adm0_name":"Nigeria","adm1_pcode":"NG010","adm1_name":"Delta","adm2_pcode":"NG010011","adm2_name":"Ndokwa East","adm3_pcode":null,"adm3_name":null,"adm4_pcode":null,"adm4_name":null,"name_latin":"Umuedem Camp"},"geometry":{"type":"Point","coordinates":[6.57591,5.6915389]}},
{"type":"Feature","properties":{"id":"node/8971892178","name":"Nnebuku","name_en":null,"name_yo":null,"place":"village","landuse":null,"population":null,"is_in":null,"source":null,"adm0_pcode":"NGA","adm0_name":"Nigeria","adm1_pcode":"NG017","adm1_name":"Imo","adm2_pcode":"NG017017","adm2_name":"Oguta","adm3_pcode":null,"adm3_name":null,"adm4_pcode":null,"adm4_name":null,"name_latin":"Nnebuku"},"geometry":{"type":"Point","coordinates":[6.8264128,5.6912606]}},
{"type":"Feature","properties":{"id":"node/9416742114","name":"Isuaja Camp","name_en":null,"name_yo":null,"place":"village","landuse":null,"population":null,"is_in":null,"source":null,"adm0_pcode":"NGA","adm0_name":"Nigeria","adm1_pcode":"NG010","adm1_name":"Delta","adm2_pcode":"NG010011","adm2_name":"Ndokwa East","adm3_pcode":null,"adm3_name":null,"adm4_pcode":null,"adm4_name":null,"name_latin":"Isuaja Camp"},"geometry":{"type":"Point","coordinates":[6.5545436,5.688894]}},
{"type":"Feature","properties":{"id":"node/9416712137","name":"Opaetenem-Afiaze","name_en":null,"name_yo":null,"place":"village","landuse":null,"population":null,"is_in":null,"source":null,"adm0_pcode":"NGA","adm0_name":"Nigeria","adm1_pcode":"NG010","adm1_name":"Delta","adm2_pcode":"NG010011","adm2_name":"Ndokwa East","adm3_pcode":null,"adm3_name":null,"adm4_pcode":null,"adm4_name":null,"name_latin":"Opaetenem-Afiaze"},"geometry":{"type":"Point","coordinates":[6.4595141,5.6848318]}},
{"type":"Feature","properties":{"id":"node/501471228","name":"Utagba","name_en":null,"name_yo":null,"place":"village","landuse":null,"population":null,"is_in":null,"source":null,"adm0_pcode":"NGA","adm0_name":"Nigeria","adm1_pcode":"NG010","adm1_name":"Delta","adm2_pcode":"NG010012","adm2_name":"Ndokwa West","adm3_pcode":null,"adm3_name":null,"adm4_pcode":null,"adm4_name":null,"name_latin":"Utagba"},"geometry":{"type":"Point","coordinates":[6.4167732,5.6837063]}},
{"type":"Feature","properties":{"id":"node/501516400","name":"Umugboma","name_en":null,"name_yo":null,"place":"village","landuse":null,"population":null,"is_in":null,"source":null,"adm0_pcode":"NGA","adm0_name":"Nigeria","adm1_pcode":"NG010","adm1_name":"Delta","adm2_pcode":"NG010011","adm2_name":"Ndokwa East","adm3_pcode":null,"adm3_name":null,"adm4_pcode":null,"adm4_name":null,"name_latin":"Umugboma"},"geometry":{"type":"Point","coordinates":[6.5931389,5.6820223]}},
{"type":"Feature","properties":{"id":"node/501367957","name":"Ngbele","name_en":null,"name_yo":null,"place":"village","landuse":null,"population":null,"is_in":null,"source":null,"adm0_pcode":"NGA","adm0_name":"Nigeria","adm1_pcode":"NG017","adm1_name":"Imo","adm2_pcode":"NG017017","adm2_name":"Oguta","adm3_pcode":null,"adm3_name":null,"adm4_pcode":null,"adm4_name":null,"name_latin":"Ngbele"},"geometry":{"type":"Point","coordinates":[6.8482437,5.6811015]}},
{"type":"Feature","properties":{"id":"node/501470081","name":"Opaetensm","name_en":null,"name_yo":null,"place":"village","landuse":null,"population":null,"is_in":null,"source":null,"adm0_pcode":"NGA","adm0_name":"Nigeria","adm1_pcode":"NG010","adm1_name":"Delta","adm2_pcode":"NG010011","adm2_name":"Ndokwa East","adm3_pcode":null,"adm3_name":null,"adm4_pcode":null,"adm4_name":null,"name_latin":"Opaetensm"},"geometry":{"type":"Point","coordinates":[6.4363585,5.6805359]}},
{"type":"Feature","properties":{"id":"node/9067851845","name":"Ogbeose","name_en":null,"name_yo":null,"place":"village","landuse":null,"population":null,"is_in":null,"source":null,"adm0_pcode":"NGA","adm0_name":"Nigeria","adm1_pcode":"NG010","adm1_name":"Delta","adm2_pcode":"NG010011","adm2_name":"Ndokwa East","adm3_pcode":null,"adm3_name":null,"adm4_pcode":null,"adm4_name":null,"name_latin":"Ogbeose"},"geometry":{"type":"Point","coordinates":[6.6133296,5.6797017]}},
{"type":"Feature","properties":{"id":"node/8971892179","name":"Abeizeam","name_en":null,"name_yo":null,"place":"village","landuse":null,"population":null,"is_in":null,"source":null,"adm0_pcode":"NGA","adm0_name":"Nigeria","adm1_pcode":"NG017","adm1_name":"Imo","adm2_pcode":"NG017017","adm2_name":"Oguta","adm3_pcode":null,"adm3_name":null,"adm4_pcode":null,"adm4_name":null,"name_latin":"Abeizeam"},"geometry":{"type":"Point","coordinates":[6.8720986,5.6704247]}},
{"type":"Feature","properties":{"id":"node/501364756","name":"Emu Ebendo","name_en":null,"name_yo":null,"place":"village","landuse":null,"population":null,"is_in":null,"source":null,"adm0_pcode":"NGA","adm0_name":"Nigeria","adm1_pcode":"NG010","adm1_name":"Delta","adm2_pcode":"NG010012","adm2_name":"Ndokwa West","adm3_pcode":null,"adm3_name":null,"adm4_pcode":null,"adm4_name":null,"name_latin":"Emu Ebendo"},"geometry":{"type":"Point","coordinates":[6.3527747,5.6703016]}},
{"type":"Feature","properties":{"id":"node/501380709","name":"Ossu","name_en":null,"name_yo":null,"place":"village","landuse":null,"population":null,"is_in":null,"source":null,"adm0_pcode":"NGA","adm0_name":"Nigeria","adm1_pcode":"NG017","adm1_name":"Imo","adm2_pcode":"NG017017","adm2_name":"Oguta","adm3_pcode":null,"adm3_name":null,"adm4_pcode":null,"adm4_name":null,"name_latin":"Ossu"},"geometry":{"type":"Point","coordinates":[6.7660835,5.6490825]}},
{"type":"Feature","properties":{"id":"node/9416724165","name":"Iseede Egerega","name_en":null,"name_yo":null,"place":"village","landuse":null,"population":null,"is_in":null,"source":null,"adm0_pcode":"NGA","adm0_name":"Nigeria","adm1_pcode":"NG010","adm1_name":"Delta","adm2_pcode":"NG010011","adm2_name":"Ndokwa East","adm3_pcode":null,"adm3_name":null,"adm4_pcode":null,"adm4_name":null,"name_latin":"Iseede Egerega"},"geometry":{"type":"Point","coordinates":[6.5566013,5.6443611]}},
{"type":"Feature","properties":{"id":"node/501497363","name":"Asemoke","name_en":null,"name_yo":null,"place":"village","landuse":null,"population":null,"is_in":null,"source":null,"adm0_pcode":"NGA","adm0_name":"Nigeria","adm1_pcode":"NG010","adm1_name":"Delta","adm2_pcode":"NG010011","adm2_name":"Ndokwa East","adm3_pcode":null,"adm3_name":null,"adm4_pcode":null,"adm4_name":null,"name_latin":"Asemoke"},"geometry":{"type":"Point","coordinates":[6.6069116,5.6404636]}},
{"type":"Feature","properties":{"id":"node/8942672446","name":"Umuokwu","name_en":null,"name_yo":null,"place":"village","landuse":null,"population":null,"is_in":null,"source":null,"adm0_pcode":"NGA","adm0_name":"Nigeria","adm1_pcode":"NG017","adm1_name":"Imo","adm2_pcode":"NG017017","adm2_name":"Oguta","adm3_pcode":null,"adm3_name":null,"adm4_pcode":null,"adm4_name":null,"name_latin":"Umuokwu"},"geometry":{"type":"Point","coordinates":[6.85578,5.6394388]}},
{"type":"Feature","properties":{"id":"node/9067851848","name":"Owosha","name_en":null,"name_yo":null,"place":"village","landuse":null,"population":null,"is_in":null,"source":null,"adm0_pcode":"NGA","adm0_name":"Nigeria","adm1_pcode":"NG017","adm1_name":"Imo","adm2_pcode":"NG017017","adm2_name":"Oguta","adm3_pcode":null,"adm3_name":null,"adm4_pcode":null,"adm4_name":null,"name_latin":"Owosha"},"geometry":{"type":"Point","coordinates":[6.6548142,5.6349933]}},
{"type":"Feature","properties":{"id":"node/501448963","name":"Ashaka","name_en":null,"name_yo":null,"place":"town","landuse":null,"population":null,"is_in":null,"source":null,"adm0_pcode":"NGA","adm0_name":"Nigeria","adm1_pcode":"NG010","adm1_name":"Delta","adm2_pcode":"NG010011","adm2_name":"Ndokwa East","adm3_pcode":null,"adm3_name":null,"adm4_pcode":null,"adm4_name":null,"name_latin":"Ashaka"},"geometry":{"type":"Point","coordinates":[6.400399,5.6339005]}},
{"type":"Feature","properties":{"id":"node/501476132","name":"Uchie","name_en":null,"name_yo":null,"place":"village","landuse":null,"population":null,"is_in":null,"source":null,"adm0_pcode":"NGA","adm0_name":"Nigeria","adm1_pcode":"NG010","adm1_name":"Delta","adm2_pcode":"NG010011","adm2_name":"Ndokwa East","adm3_pcode":null,"adm3_name":null,"adm4_pcode":null,"adm4_name":null,"name_latin":"Uchie"},"geometry":{"type":"Point","coordinates":[6.366903,5.633664]}},
{"type":"Feature","properties":{"id":"node/9067851849","name":"Inemirin","name_en":null,"name_yo":null,"place":"village","landuse":null,"population":null,"is_in":null,"source":null,"adm0_pcode":"NGA","adm0_name":"Nigeria","adm1_pcode":"NG017","adm1_name":"Imo","adm2_pcode":"NG017017","adm2_name":"Oguta","adm3_pcode":null,"adm3_name":null,"adm4_pcode":null,"adm4_name":null,"name_latin":"Inemirin"},"geometry":{"type":"Point","coordinates":[6.6729818,5.6294317]}},
{"type":"Feature","properties":{"id":"node/501472540","name":"Keonokpo","name_en":null,"name_yo":null,"place":"village","landuse":null,"population":null,"is_in":null,"source":null,"adm0_pcode":"NGA","adm0_name":"Nigeria","adm1_pcode":"NG010","adm1_name":"Delta","adm2_pcode":"NG010011","adm2_name":"Ndokwa East","adm3_pcode":null,"adm3_name":null,"adm4_pcode":null,"adm4_name":null,"name_latin":"Keonokpo"},"geometry":{"type":"Point","coordinates":[6.5927649,5.628478]}},
{"type":"Feature","properties":{"id":"node/501516205","name":"Ushie","name_en":null,"name_yo":null,"place":"village","landuse":null,"population":null,"is_in":null,"source":null,"adm0_pcode":"NGA","adm0_name":"Nigeria","adm1_pcode":"NG010","adm1_name":"Delta","adm2_pcode":"NG010011","adm2_name":"Ndokwa East","adm3_pcode":null,"adm3_name":null,"adm4_pcode":null,"adm4_name":null,"name_latin":"Ushie"},"geometry":{"type":"Point","coordinates":[6.332276,5.627507]}},
{"type":"Feature","properties":{"id":"node/501528186","name":"Izombe","name_en":null,"name_yo":null,"place":"village","landuse":null,"population":null,"is_in":null,"source":null,"adm0_pcode":"NGA","adm0_name":"Nigeria","adm1_pcode":"NG017","adm1_name":"Imo","adm2_pcode":"NG017017","adm2_name":"Oguta","adm3_pcode":null,"adm3_name":null,"adm4_pcode":null,"adm4_name":null,"name_latin":"Izombe"},"geometry":{"type":"Point","coordinates":[6.869058,5.6262317]}},
{"type":"Feature","properties":{"id":"node/9416684202","name":"Ise Edeugbana","name_en":null,"name_yo":null,"place":"village","landuse":null,"population":null,"is_in":null,"source":null,"adm0_pcode":"NGA","adm0_name":"Nigeria","adm1_pcode":"NG010","adm1_name":"Delta","adm2_pcode":"NG010011","adm2_name":"Ndokwa East","adm3_pcode":null,"adm3_name":null,"adm4_pcode":null,"adm4_name":null,"name_latin":"Ise Edeugbana"},"geometry":{"type":"Point","coordinates":[6.5884456,5.6197161]}},
{"type":"Feature","properties":{"id":"node/8972320760","name":"Ezi-Ossu Camp","name_en":null,"name_yo":null,"place":"hamlet","landuse":null,"population":null,"is_in":null,"source":null,"adm0_pcode":"NGA","adm0_name":"Nigeria","adm1_pcode":"NG017","adm1_name":"Imo","adm2_pcode":"NG017018","adm2_name":"Ohaji/Egbema","adm3_pcode":null,"adm3_name":null,"adm4_pcode":null,"adm4_name":null,"name_latin":"Ezi-Ossu Camp"},"geometry":{"type":"Point","coordinates":[6.7733004,5.6117206]}},
{"type":"Feature","properties":{"id":"node/501424457","name":"Ononofu","name_en":null,"name_yo":null,"place":"village","landuse":null,"population":null,"is_in":null,"source":null,"adm0_pcode":"NGA","adm0_name":"Nigeria","adm1_pcode":"NG010","adm1_name":"Delta","adm2_pcode":"NG010011","adm2_name":"Ndokwa East","adm3_pcode":null,"adm3_name":null,"adm4_pcode":null,"adm4_name":null,"name_latin":"Ononofu"},"geometry":{"type":"Point","coordinates":[6.5887725,5.610827]}},
{"type":"Feature","properties":{"id":"node/501416888","name":"Igbuku","name_en":null,"name_yo":null,"place":"village","landuse":null,"population":null,"is_in":null,"source":null,"adm0_pcode":"NGA","adm0_name":"Nigeria","adm1_pcode":"NG010","adm1_name":"Delta","adm2_pcode":"NG010011","adm2_name":"Ndokwa East","adm3_pcode":null,"adm3_name":null,"adm4_pcode":null,"adm4_name":null,"name_latin":"Igbuku"},"geometry":{"type":"Point","coordinates":[6.4090495,5.6101751]}},
{"type":"Feature","properties":{"id":"node/9416686387","name":"Ise-Owulume","name_en":null,"name_yo":null,"place":"village","landuse":null,"population":null,"is_in":null,"source":null,"adm0_pcode":"NGA","adm0_name":"Nigeria","adm1_pcode":"NG010","adm1_name":"Delta","adm2_pcode":"NG010011","adm2_name":"Ndokwa East","adm3_pcode":null,"adm3_name":null,"adm4_pcode":null,"adm4_name":null,"name_latin":"Ise-Owulume"},"geometry":{"type":"Point","coordinates":[6.5731248,5.607609]}},
{"type":"Feature","properties":{"id":"node/9416686389","name":"Abawagada","name_en":null,"name_yo":null,"place":"village","landuse":null,"population":null,"is_in":null,"source":null,"adm0_pcode":"NGA","adm0_name":"Nigeria","adm1_pcode":"NG010","adm1_name":"Delta","adm2_pcode":"NG010011","adm2_name":"Ndokwa East","adm3_pcode":null,"adm3_name":null,"adm4_pcode":null,"adm4_name":null,"name_latin":"Abawagada"},"geometry":{"type":"Point","coordinates":[6.51833,5.596634]}},
{"type":"Feature","properties":{"id":"node/8972397832","name":"Mkpataku","name_en":null,"name_yo":null,"place":"village","landuse":null,"population":null,"is_in":null,"source":null,"adm0_pcode":"NGA","adm0_name":"Nigeria","adm1_pcode":"NG017","adm1_name":"Imo","adm2_pcode":"NG017018","adm2_name":"Ohaji/Egbema","adm3_pcode":null,"adm3_name":null,"adm4_pcode":null,"adm4_name":null,"name_latin":"Mkpataku"},"geometry":{"type":"Point","coordinates":[6.7694915,5.5947785]}},
{"type":"Feature","properties":{"id":"node/501519649","name":"Obiakpo","name_en":null,"name_yo":null,"place":"village","landuse":null,"population":null,"is_in":null,"source":null,"adm0_pcode":"NGA","adm0_name":"Nigeria","adm1_pcode":"NG017","adm1_name":"Imo","adm2_pcode":"NG017018","adm2_name":"Ohaji/Egbema","adm3_pcode":null,"adm3_name":null,"adm4_pcode":null,"adm4_name":null,"name_latin":"Obiakpo"},"geometry":{"type":"Point","coordinates":[6.7452793,5.5947369]}},
{"type":"Feature","properties":{"id":"node/9416686388","name":"Iseonukpo","name_en":null,"name_yo":null,"place":"village","landuse":null,"population":null,"is_in":null,"source":null,"adm0_pcode":"NGA","adm0_name":"Nigeria","adm1_pcode":"NG010","adm1_name":"Delta","adm2_pcode":"NG010011","adm2_name":"Ndokwa East","adm3_pcode":null,"adm3_name":null,"adm4_pcode":null,"adm4_name":null,"name_latin":"Iseonukpo"},"geometry":{"type":"Point","coordinates":[6.5735912,5.5885255]}},
{"type":"Feature","properties":{"id":"node/8972397833","name":"Nwari","name_en":null,"name_yo":null,"place":"village","landuse":null,"population":null,"is_in":null,"source":null,"adm0_pcode":"NGA","adm0_name":"Nigeria","adm1_pcode":"NG017","adm1_name":"Imo","adm2_pcode":"NG017018","adm2_name":"Ohaji/Egbema","adm3_pcode":null,"adm3_name":null,"adm4_pcode":null,"adm4_name":null,"name_latin":"Nwari"},"geometry":{"type":"Point","coordinates":[6.7701863,5.579045]}},
{"type":"Feature","properties":{"id":"node/8933958473","name":"Obozo","name_en":null,"name_yo":null,"place":"village","landuse":null,"population":null,"is_in":null,"source":null,"adm0_pcode":"NGA","adm0_name":"Nigeria","adm1_pcode":"NG017","adm1_name":"Imo","adm2_pcode":"NG017018","adm2_name":"Ohaji/Egbema","adm3_pcode":null,"adm3_name":null,"adm4_pcode":null,"adm4_name":null,"name_latin":"Obozo"},"geometry":{"type":"Point","coordinates":[6.7448182,5.5704914]}},
{"type":"Feature","properties":{"id":"node/501408013","name":"Ohozotto","name_en":null,"name_yo":null,"place":"village","landuse":null,"population":null,"is_in":null,"source":null,"adm0_pcode":"NGA","adm0_name":"Nigeria","adm1_pcode":"NG017","adm1_name":"Imo","adm2_pcode":"NG017018","adm2_name":"Ohaji/Egbema","adm3_pcode":null,"adm3_name":null,"adm4_pcode":null,"adm4_name":null,"name_latin":"Ohozotto"},"geometry":{"type":"Point","coordinates":[6.733333,5.566667]}},
{"type":"Feature","properties":{"id":"node/501501273","name":"Ibrede","name_en":null,"name_yo":null,"place":"village","landuse":null,"population":null,"is_in":null,"source":null,"adm0_pcode":"NGA","adm0_name":"Nigeria","adm1_pcode":"NG010","adm1_name":"Delta","adm2_pcode":"NG010011","adm2_name":"Ndokwa East","adm3_pcode":null,"adm3_name":null,"adm4_pcode":null,"adm4_name":null,"name_latin":"Ibrede"},"geometry":{"type":"Point","coordinates":[6.3912882,5.5607212]}},
{"type":"Feature","properties":{"id":"node/501517194","name":"Aboh","name_en":null,"name_yo":null,"place":"town","landuse":null,"population":null,"is_in":null,"source":null,"adm0_pcode":"NGA","adm0_name":"Nigeria","adm1_pcode":"NG010","adm1_name":"Delta","adm2_pcode":"NG010011","adm2_name":"Ndokwa East","adm3_pcode":null,"adm3_name":null,"adm4_pcode":null,"adm4_name":null,"name_latin":"Aboh"},"geometry":{"type":"Point","coordinates":[6.5265047,5.5484889]}},
{"type":"Feature","properties":{"id":"node/8933958472","name":"Obudu","name_en":null,"name_yo":null,"place":"village","landuse":null,"population":null,"is_in":null,"source":null,"adm0_pcode":"NGA","adm0_name":"Nigeria","adm1_pcode":"NG017","adm1_name":"Imo","adm2_pcode":"NG017018","adm2_name":"Ohaji/Egbema","adm3_pcode":null,"adm3_name":null,"adm4_pcode":null,"adm4_name":null,"name_latin":"Obudu"},"geometry":{"type":"Point","coordinates":[6.759663,5.5451256]}},
{"type":"Feature","properties":{"id":"node/501405300","name":"Obokofia","name_en":null,"name_yo":null,"place":"village","landuse":null,"population":null,"is_in":null,"source":null,"adm0_pcode":"NGA","adm0_name":"Nigeria","adm1_pcode":"NG017","adm1_name":"Imo","adm2_pcode":"NG017018","adm2_name":"Ohaji/Egbema","adm3_pcode":null,"adm3_name":null,"adm4_pcode":null,"adm4_name":null,"name_latin":"Obokofia"},"geometry":{"type":"Point","coordinates":[6.8044658,5.5351215]}},
{"type":"Feature","properties":{"id":"node/501491340","name":"Awah","name_en":null,"name_yo":null,"place":"village","landuse":null,"population":null,"is_in":null,"source":null,"adm0_pcode":"NGA","adm0_name":"Nigeria","adm1_pcode":"NG010","adm1_name":"Delta","adm2_pcode":"NG010011","adm2_name":"Ndokwa East","adm3_pcode":null,"adm3_name":null,"adm4_pcode":null,"adm4_name":null,"name_latin":"Awah"},"geometry":{"type":"Point","coordinates":[6.3844372,5.5249526]}},
{"type":"Feature","properties":{"id":"node/8873204359","name":"Mmahu-Egbema","name_en":null,"name_yo":null,"place":"town","landuse":null,"population":null,"is_in":null,"source":null,"adm0_pcode":"NGA","adm0_name":"Nigeria","adm1_pcode":"NG017","adm1_name":"Imo","adm2_pcode":"NG017018","adm2_name":"Ohaji/Egbema","adm3_pcode":null,"adm3_name":null,"adm4_pcode":null,"adm4_name":null,"name_latin":"Mmahu-Egbema"},"geometry":{"type":"Point","coordinates":[6.7525504,5.5239273]}},
{"type":"Feature","properties":{"id":"node/8828206465","name":"Ewhogu","name_en":null,"name_yo":null,"place":"village","landuse":null,"population":null,"is_in":null,"source":null,"adm0_pcode":"NGA","adm0_name":"Nigeria","adm1_pcode":"NG010","adm1_name":"Delta","adm2_pcode":"NG010011","adm2_name":"Ndokwa East","adm3_pcode":null,"adm3_name":null,"adm4_pcode":null,"adm4_name":null,"name_latin":"Ewhogu"},"geometry":{"type":"Point","coordinates":[6.4856547,5.5152114]}},
{"type":"Feature","properties":{"id":"node/501445929","name":"Avba","name_en":null,"name_yo":null,"place":"village","landuse":null,"population":null,"is_in":null,"source":null,"adm0_pcode":"NGA","adm0_name":"Nigeria","adm1_pcode":"NG010","adm1_name":"Delta","adm2_pcode":"NG010011","adm2_name":"Ndokwa East","adm3_pcode":null,"adm3_name":null,"adm4_pcode":null,"adm4_name":null,"name_latin":"Avba"},"geometry":{"type":"Point","coordinates":[6.3844655,5.5147647]}},
{"type":"Feature","properties":{"id":"node/8848962269","name":"Obodo-Ugboma","name_en":null,"name_yo":null,"place":"village","landuse":null,"population":null,"is_in":null,"source":null,"adm0_pcode":"NGA","adm0_name":"Nigeria","adm1_pcode":"NG010","adm1_name":"Delta","adm2_pcode":"NG010011","adm2_name":"Ndokwa East","adm3_pcode":null,"adm3_name":null,"adm4_pcode":null,"adm4_name":null,"name_latin":"Obodo-Ugboma"},"geometry":{"type":"Point","coordinates":[6.5282152,5.5121212]}},
{"type":"Feature","properties":{"id":"node/8828206464","name":"Obodo-Ugbogu","name_en":null,"name_yo":null,"place":"village","landuse":null,"population":null,"is_in":null,"source":null,"adm0_pcode":"NGA","adm0_name":"Nigeria","adm1_pcode":"NG010","adm1_name":"Delta","adm2_pcode":"NG010011","adm2_name":"Ndokwa East","adm3_pcode":null,"adm3_name":null,"adm4_pcode":null,"adm4_name":null,"name_latin":"Obodo-Ugbogu"},"geometry":{"type":"Point","coordinates":[6.4982783,5.5074576]}},
{"type":"Feature","properties":{"id":"node/8848962268","name":"Ise-Elili","name_en":null,"name_yo":null,"place":"village","landuse":null,"population":null,"is_in":null,"source":null,"adm0_pcode":"NGA","adm0_name":"Nigeria","adm1_pcode":"NG010","adm1_name":"Delta","adm2_pcode":"NG010011","adm2_name":"Ndokwa East","adm3_pcode":null,"adm3_name":null,"adm4_pcode":null,"adm4_name":null,"name_latin":"Ise-Elili"},"geometry":{"type":"Point","coordinates":[6.5265884,5.5018903]}},
{"type":"Feature","properties":{"id":"node/9408702721","name":"Ewo-Okorafor","name_en":null,"name_yo":null,"place":"village","landuse":null,"population":null,"is_in":null,"source":null,"adm0_pcode":"NGA","adm0_name":"Nigeria","adm1_pcode":"NG010","adm1_name":"Delta","adm2_pcode":"NG010011","adm2_name":"Ndokwa East","adm3_pcode":null,"adm3_name":null,"adm4_pcode":null,"adm4_name":null,"name_latin":"Ewo-Okorafor"},"geometry":{"type":"Point","coordinates":[6.3898019,5.5018153]}},
{"type":"Feature","properties":{"id":"node/8828206463","name":"Akrai","name_en":null,"name_yo":null,"place":"village","landuse":null,"population":null,"is_in":null,"source":null,"adm0_pcode":"NGA","adm0_name":"Nigeria","adm1_pcode":"NG010","adm1_name":"Delta","adm2_pcode":"NG010011","adm2_name":"Ndokwa East","adm3_pcode":null,"adm3_name":null,"adm4_pcode":null,"adm4_name":null,"name_latin":"Akrai"},"geometry":{"type":"Point","coordinates":[6.4846644,5.4955806]}},
{"type":"Feature","properties":{"id":"node/8848962267","name":"Afia-Nkwo","name_en":null,"name_yo":null,"place":"village","landuse":null,"population":null,"is_in":null,"source":null,"adm0_pcode":"NGA","adm0_name":"Nigeria","adm1_pcode":"NG010","adm1_name":"Delta","adm2_pcode":"NG010011","adm2_name":"Ndokwa East","adm3_pcode":null,"adm3_name":null,"adm4_pcode":null,"adm4_name":null,"name_latin":"Afia-Nkwo"},"geometry":{"type":"Point","coordinates":[6.5274142,5.4924989]}},
{"type":"Feature","properties":{"id":"node/8873226122","name":"Obokofia","name_en":null,"name_yo":null,"place":"village","landuse":null,"population":null,"is_in":null,"source":null,"adm0_pcode":"NGA","adm0_name":"Nigeria","adm1_pcode":"NG017","adm1_name":"Imo","adm2_pcode":"NG017018","adm2_name":"Ohaji/Egbema","adm3_pcode":null,"adm3_name":null,"adm4_pcode":null,"adm4_name":null,"name_latin":"Obokofia"},"geometry":{"type":"Point","coordinates":[6.8035012,5.4923649]}},
{"type":"Feature","properties":{"id":"node/9408702561","name":"Lagos-Iyidi","name_en":null,"name_yo":null,"place":"village","landuse":null,"population":null,"is_in":null,"source":null,"adm0_pcode":"NGA","adm0_name":"Nigeria","adm1_pcode":"NG010","adm1_name":"Delta","adm2_pcode":"NG010011","adm2_name":"Ndokwa East","adm3_pcode":null,"adm3_name":null,"adm4_pcode":null,"adm4_name":null,"name_latin":"Lagos-Iyidi"},"geometry":{"type":"Point","coordinates":[6.4640834,5.4886217]}},
{"type":"Feature","properties":{"id":"node/9408570771","name":"Ekpe","name_en":null,"name_yo":null,"place":"village","landuse":null,"population":null,"is_in":null,"source":null,"adm0_pcode":"NGA","adm0_name":"Nigeria","adm1_pcode":"NG010","adm1_name":"Delta","adm2_pcode":"NG010011","adm2_name":"Ndokwa East","adm3_pcode":null,"adm3_name":null,"adm4_pcode":null,"adm4_name":null,"name_latin":"Ekpe"},"geometry":{"type":"Point","coordinates":[6.3749802,5.4855975]}},
{"type":"Feature","properties":{"id":"node/501479415","name":"Azagba","name_en":null,"name_yo":null,"place":"village","landuse":null,"population":null,"is_in":null,"source":null,"adm0_pcode":"NGA","adm0_name":"Nigeria","adm1_pcode":"NG010","adm1_name":"Delta","adm2_pcode":"NG010011","adm2_name":"Ndokwa East","adm3_pcode":null,"adm3_name":null,"adm4_pcode":null,"adm4_name":null,"name_latin":"Azagba"},"geometry":{"type":"Point","coordinates":[6.4088337,5.4795547]}},
{"type":"Feature","properties":{"id":"node/8873226121","name":"Mgbara","name_en":null,"name_yo":null,"place":"village","landuse":null,"population":null,"is_in":null,"source":null,"adm0_pcode":"NGA","adm0_name":"Nigeria","adm1_pcode":"NG017","adm1_name":"Imo","adm2_pcode":"NG017018","adm2_name":"Ohaji/Egbema","adm3_pcode":null,"adm3_name":null,"adm4_pcode":null,"adm4_name":null,"name_latin":"Mgbara"},"geometry":{"type":"Point","coordinates":[6.7968187,5.4787064]}},
{"type":"Feature","properties":{"id":"node/8848962266","name":"Okpo-Krika","name_en":null,"name_yo":null,"place":"village","landuse":null,"population":null,"is_in":null,"source":null,"adm0_pcode":"NGA","adm0_name":"Nigeria","adm1_pcode":"NG010","adm1_name":"Delta","adm2_pcode":"NG010011","adm2_name":"Ndokwa East","adm3_pcode":null,"adm3_name":null,"adm4_pcode":null,"adm4_name":null,"name_latin":"Okpo-Krika"},"geometry":{"type":"Point","coordinates":[6.5252613,5.4755624]}},
{"type":"Feature","properties":{"id":"node/9408702560","name":"Ewhokpe","name_en":null,"name_yo":null,"place":"village","landuse":null,"population":null,"is_in":null,"source":null,"adm0_pcode":"NGA","adm0_name":"Nigeria","adm1_pcode":"NG010","adm1_name":"Delta","adm2_pcode":"NG010011","adm2_name":"Ndokwa East","adm3_pcode":null,"adm3_name":null,"adm4_pcode":null,"adm4_name":null,"name_latin":"Ewhokpe"},"geometry":{"type":"Point","coordinates":[6.4629494,5.4746552]}},
{"type":"Feature","properties":{"id":"node/9408702559","name":"Iyedema","name_en":null,"name_yo":null,"place":"village","landuse":null,"population":null,"is_in":null,"source":null,"adm0_pcode":"NGA","adm0_name":"Nigeria","adm1_pcode":"NG010","adm1_name":"Delta","adm2_pcode":"NG010011","adm2_name":"Ndokwa East","adm3_pcode":null,"adm3_name":null,"adm4_pcode":null,"adm4_name":null,"name_latin":"Iyedema"},"geometry":{"type":"Point","coordinates":[6.4532138,5.4693352]}},
{"type":"Feature","properties":{"id":"node/8828154384","name":"Ige","name_en":null,"name_yo":null,"place":"village","landuse":null,"population":null,"is_in":null,"source":null,"adm0_pcode":"NGA","adm0_name":"Nigeria","adm1_pcode":"NG010","adm1_name":"Delta","adm2_pcode":"NG010011","adm2_name":"Ndokwa East","adm3_pcode":null,"adm3_name":null,"adm4_pcode":null,"adm4_name":null,"name_latin":"Ige"},"geometry":{"type":"Point","coordinates":[6.4193082,5.4601442]}},
{"type":"Feature","properties":{"id":"node/8873226123","name":"Ohaji Farm Settlement","name_en":null,"name_yo":null,"place":"village","landuse":null,"population":null,"is_in":null,"source":null,"adm0_pcode":"NGA","adm0_name":"Nigeria","adm1_pcode":"NG017","adm1_name":"Imo","adm2_pcode":"NG017018","adm2_name":"Ohaji/Egbema","adm3_pcode":null,"adm3_name":null,"adm4_pcode":null,"adm4_name":null,"name_latin":"Ohaji Farm Settlement"},"geometry":{"type":"Point","coordinates":[6.8280666,5.4595305]}},
{"type":"Feature","properties":{"id":"node/8828154390","name":"Iyede","name_en":null,"name_yo":null,"place":"village","landuse":null,"population":null,"is_in":null,"source":null,"adm0_pcode":"NGA","adm0_name":"Nigeria","adm1_pcode":"NG010","adm1_name":"Delta","adm2_pcode":"NG010011","adm2_name":"Ndokwa East","adm3_pcode":null,"adm3_name":null,"adm4_pcode":null,"adm4_name":null,"name_latin":"Iyede"},"geometry":{"type":"Point","coordinates":[6.4325671,5.4591753]}},
{"type":"Feature","properties":{"id":"node/8873226120","name":"Ukwugba","name_en":null,"name_yo":null,"place":"village","landuse":null,"population":null,"is_in":null,"source":null,"adm0_pcode":"NGA","adm0_name":"Nigeria","adm1_pcode":"NG017","adm1_name":"Imo","adm2_pcode":"NG017018","adm2_name":"Ohaji/Egbema","adm3_pcode":null,"adm3_name":null,"adm4_pcode":null,"adm4_name":null,"name_latin":"Ukwugba"},"geometry":{"type":"Point","coordinates":[6.7868409,5.4581367]}},
{"type":"Feature","properties":{"id":"node/501491663","name":"Onogboko","name_en":null,"name_yo":null,"place":"village","landuse":null,"population":null,"is_in":null,"source":null,"adm0_pcode":"NGA","adm0_name":"Nigeria","adm1_pcode":"NG010","adm1_name":"Delta","adm2_pcode":"NG010011","adm2_name":"Ndokwa East","adm3_pcode":null,"adm3_name":null,"adm4_pcode":null,"adm4_name":null,"name_latin":"Onogboko"},"geometry":{"type":"Point","coordinates":[6.4359334,5.4552141]}},
{"type":"Feature","properties":{"id":"node/8873226119","name":"Etekuru","name_en":null,"name_yo":null,"place":"village","landuse":null,"population":null,"is_in":null,"source":null,"adm0_pcode":"NGA","adm0_name":"Nigeria","adm1_pcode":"NG017","adm1_name":"Imo","adm2_pcode":"NG017018","adm2_name":"Ohaji/Egbema","adm3_pcode":null,"adm3_name":null,"adm4_pcode":null,"adm4_name":null,"name_latin":"Etekuru"},"geometry":{"type":"Point","coordinates":[6.780189,5.4468796]}},
{"type":"Feature","properties":{"id":"node/501417617","name":"Ekpe","name_en":null,"name_yo":null,"place":"village","landuse":null,"population":null,"is_in":null,"source":null,"adm0_pcode":"NGA","adm0_name":"Nigeria","adm1_pcode":"NG010","adm1_name":"Delta","adm2_pcode":"NG010011","adm2_name":"Ndokwa East","adm3_pcode":null,"adm3_name":null,"adm4_pcode":null,"adm4_name":null,"name_latin":"Ekpe"},"geometry":{"type":"Point","coordinates":[6.3580003,5.4318973]}},
{"type":"Feature","properties":{"id":"node/8828154391","name":"Umuolo","name_en":null,"name_yo":null,"place":"village","landuse":null,"population":null,"is_in":null,"source":null,"adm0_pcode":"NGA","adm0_name":"Nigeria","adm1_pcode":"NG010","adm1_name":"Delta","adm2_pcode":"NG010011","adm2_name":"Ndokwa East","adm3_pcode":null,"adm3_name":null,"adm4_pcode":null,"adm4_name":null,"name_latin":"Umuolo"},"geometry":{"type":"Point","coordinates":[6.4864847,5.4306108]}},
{"type":"Feature","properties":{"id":"node/501366738","name":"Ohoba","name_en":null,"name_yo":null,"place":"village","landuse":null,"population":null,"is_in":null,"source":null,"adm0_pcode":"NGA","adm0_name":"Nigeria","adm1_pcode":"NG017","adm1_name":"Imo","adm2_pcode":"NG017018","adm2_name":"Ohaji/Egbema","adm3_pcode":null,"adm3_name":null,"adm4_pcode":null,"adm4_name":null,"name_latin":"Ohoba"},"geometry":{"type":"Point","coordinates":[6.8811973,5.4126689]}},
{"type":"Feature","properties":{"id":"node/501448890","name":"Ibredeni","name_en":null,"name_yo":null,"place":"village","landuse":null,"population":null,"is_in":null,"source":null,"adm0_pcode":"NGA","adm0_name":"Nigeria","adm1_pcode":"NG010","adm1_name":"Delta","adm2_pcode":"NG010011","adm2_name":"Ndokwa East","adm3_pcode":null,"adm3_name":null,"adm4_pcode":null,"adm4_name":null,"name_latin":"Ibredeni"},"geometry":{"type":"Point","coordinates":[6.3417229,5.4002182]}},
{"type":"Feature","properties":{"id":"node/8828154393","name":"Itebiege","name_en":null,"name_yo":null,"place":"village","landuse":null,"population":null,"is_in":null,"source":null,"adm0_pcode":"NGA","adm0_name":"Nigeria","adm1_pcode":"NG010","adm1_name":"Delta","adm2_pcode":"NG010011","adm2_name":"Ndokwa East","adm3_pcode":null,"adm3_name":null,"adm4_pcode":null,"adm4_name":null,"name_latin":"Itebiege"},"geometry":{"type":"Point","coordinates":[6.4562333,5.3923013]}},
{"type":"Feature","properties":{"id":"node/8828154392","name":"Iyedame","name_en":null,"name_yo":null,"place":"village","landuse":null,"population":null,"is_in":null,"source":null,"adm0_pcode":"NGA","adm0_name":"Nigeria","adm1_pcode":"NG010","adm1_name":"Delta","adm2_pcode":"NG010011","adm2_name":"Ndokwa East","adm3_pcode":null,"adm3_name":null,"adm4_pcode":null,"adm4_name":null,"name_latin":"Iyedame"},"geometry":{"type":"Point","coordinates":[6.4498061,5.3883831]}},
{"type":"Feature","properties":{"id":"node/501499126","name":"Utuoku","name_en":null,"name_yo":null,"place":"village","landuse":null,"population":null,"is_in":null,"source":null,"adm0_pcode":"NGA","adm0_name":"Nigeria","adm1_pcode":"NG010","adm1_name":"Delta","adm2_pcode":"NG010011","adm2_name":"Ndokwa East","adm3_pcode":null,"adm3_name":null,"adm4_pcode":null,"adm4_name":null,"name_latin":"Utuoku"},"geometry":{"type":"Point","coordinates":[6.4842318,5.3782743]}},
{"type":"Feature","properties":{"id":"node/8828216530","name":"Egbeme","name_en":null,"name_yo":null,"place":"village","landuse":null,"population":null,"is_in":null,"source":null,"adm0_pcode":"NGA","adm0_name":"Nigeria","adm1_pcode":"NG010","adm1_name":"Delta","adm2_pcode":"NG010011","adm2_name":"Ndokwa East","adm3_pcode":null,"adm3_name":null,"adm4_pcode":null,"adm4_name":null,"name_latin":"Egbeme"},"geometry":{"type":"Point","coordinates":[6.3424649,5.3631919]}},
{"type":"Feature","properties":{"id":"node/8828216527","name":"Emadia","name_en":null,"name_yo":null,"place":"village","landuse":null,"population":null,"is_in":null,"source":null,"adm0_pcode":"NGA","adm0_name":"Nigeria","adm1_pcode":"NG010","adm1_name":"Delta","adm2_pcode":"NG010011","adm2_name":"Ndokwa East","adm3_pcode":null,"adm3_name":null,"adm4_pcode":null,"adm4_name":null,"name_latin":"Emadia"},"geometry":{"type":"Point","coordinates":[6.3382447,5.3481208]}},
{"type":"Feature","properties":{"id":"node/8828216526","name":"Ase","name_en":null,"name_yo":null,"place":"village","landuse":null,"population":null,"is_in":null,"source":null,"adm0_pcode":"NGA","adm0_name":"Nigeria","adm1_pcode":"NG010","adm1_name":"Delta","adm2_pcode":"NG010011","adm2_name":"Ndokwa East","adm3_pcode":null,"adm3_name":null,"adm4_pcode":null,"adm4_name":null,"name_latin":"Ase"},"geometry":{"type":"Point","coordinates":[6.3323416,5.3414177]}},
{"type":"Feature","properties":{"id":"node/8828154394","name":"Kwale","name_en":null,"name_yo":null,"place":"village","landuse":null,"population":null,"is_in":null,"source":null,"adm0_pcode":"NGA","adm0_name":"Nigeria","adm1_pcode":"NG010","adm1_name":"Delta","adm2_pcode":"NG010011","adm2_name":"Ndokwa East","adm3_pcode":null,"adm3_name":null,"adm4_pcode":null,"adm4_name":null,"name_latin":"Kwale"},"geometry":{"type":"Point","coordinates":[6.4927684,5.341016]}},
{"type":"Feature","properties":{"id":"node/501517282","name":"Edenyaka","name_en":null,"name_yo":null,"place":"village","landuse":null,"population":null,"is_in":null,"source":null,"adm0_pcode":"NGA","adm0_name":"Nigeria","adm1_pcode":"NG011","adm1_name":"Ebonyi","adm2_pcode":"NG011010","adm2_name":"Izzi","adm3_pcode":null,"adm3_name":null,"adm4_pcode":null,"adm4_name":null,"name_latin":"Edenyaka"},"geometry":{"type":"Point","coordinates":[8.283333,6.533333]}},
{"type":"Feature","properties":{"id":"node/501516357","name":"Nwomila","name_en":null,"name_yo":null,"place":"village","landuse":null,"population":null,"is_in":null,"source":null,"adm0_pcode":"NGA","adm0_name":"Nigeria","adm1_pcode":"NG011","adm1_name":"Ebonyi","adm2_pcode":"NG011010","adm2_name":"Izzi","adm3_pcode":null,"adm3_name":null,"adm4_pcode":null,"adm4_name":null,"name_latin":"Nwomila"},"geometry":{"type":"Point","coordinates":[8.3,6.533333]}},
{"type":"Feature","properties":{"id":"node/501525647","name":"Indigele","name_en":null,"name_yo":null,"place":"village","landuse":null,"population":null,"is_in":null,"source":null,"adm0_pcode":"NGA","adm0_name":"Nigeria","adm1_pcode":"NG011","adm1_name":"Ebonyi","adm2_pcode":"NG011010","adm2_name":"Izzi","adm3_pcode":null,"adm3_name":null,"adm4_pcode":null,"adm4_name":null,"name_latin":"Indigele"},"geometry":{"type":"Point","coordinates":[8.316667,6.533333]}},
{"type":"Feature","properties":{"id":"node/501464523","name":"Ubahu","name_en":null,"name_yo":null,"place":"village","landuse":null,"population":null,"is_in":null,"source":null,"adm0_pcode":"NGA","adm0_name":"Nigeria","adm1_pcode":"NG014","adm1_name":"Enugu","adm2_pcode":"NG014011","adm2_name":"Nkanu East","adm3_pcode":null,"adm3_name":null,"adm4_pcode":null,"adm4_name":null,"name_latin":"Ubahu"},"geometry":{"type":"Point","coordinates":[7.6819663,6.5345268]}},
{"type":"Feature","properties":{"id":"node/501518741","name":"Olua","name_en":null,"name_yo":null,"place":"village","landuse":null,"population":null,"is_in":null,"source":null,"adm0_pcode":"NGA","adm0_name":"Nigeria","adm1_pcode":"NG011","adm1_name":"Ebonyi","adm2_pcode":"NG011010","adm2_name":"Izzi","adm3_pcode":null,"adm3_name":null,"adm4_pcode":null,"adm4_name":null,"name_latin":"Olua"},"geometry":{"type":"Point","coordinates":[8.349043,6.5376933]}},
{"type":"Feature","properties":{"id":"node/501512923","name":"Mkpumeakwaokoro","name_en":null,"name_yo":null,"place":"village","landuse":null,"population":null,"is_in":null,"source":null,"adm0_pcode":"NGA","adm0_name":"Nigeria","adm1_pcode":"NG011","adm1_name":"Ebonyi","adm2_pcode":"NG011010","adm2_name":"Izzi","adm3_pcode":null,"adm3_name":null,"adm4_pcode":null,"adm4_name":null,"name_latin":"Mkpumeakwaokoro"},"geometry":{"type":"Point","coordinates":[8.283333,6.55]}},
{"type":"Feature","properties":{"id":"node/501501760","name":"Indingele","name_en":null,"name_yo":null,"place":"village","landuse":null,"population":null,"is_in":null,"source":null,"adm0_pcode":"NGA","adm0_name":"Nigeria","adm1_pcode":"NG011","adm1_name":"Ebonyi","adm2_pcode":"NG011010","adm2_name":"Izzi","adm3_pcode":null,"adm3_name":null,"adm4_pcode":null,"adm4_name":null,"name_latin":"Indingele"},"geometry":{"type":"Point","coordinates":[8.333333,6.55]}},
{"type":"Feature","properties":{"id":"node/501410278","name":"Indiogogo","name_en":null,"name_yo":null,"place":"village","landuse":null,"population":null,"is_in":null,"source":null,"adm0_pcode":"NGA","adm0_name":"Nigeria","adm1_pcode":"NG011","adm1_name":"Ebonyi","adm2_pcode":"NG011010","adm2_name":"Izzi","adm3_pcode":null,"adm3_name":null,"adm4_pcode":null,"adm4_name":null,"name_latin":"Indiogogo"},"geometry":{"type":"Point","coordinates":[8.333333,6.55]}},
{"type":"Feature","properties":{"id":"node/501518620","name":"Oforekpe","name_en":null,"name_yo":null,"place":"village","landuse":null,"population":null,"is_in":null,"source":null,"adm0_pcode":"NGA","adm0_name":"Nigeria","adm1_pcode":"NG011","adm1_name":"Ebonyi","adm2_pcode":"NG011010","adm2_name":"Izzi","adm3_pcode":null,"adm3_name":null,"adm4_pcode":null,"adm4_name":null,"name_latin":"Oforekpe"},"geometry":{"type":"Point","coordinates":[8.245079,6.5749]}},
{"type":"Feature","properties":{"id":"node/501514030","name":"Obogu","name_en":null,"name_yo":null,"place":"village","landuse":null,"population":null,"is_in":null,"source":null,"adm0_pcode":"NGA","adm0_name":"Nigeria","adm1_pcode":"NG011","adm1_name":"Ebonyi","adm2_pcode":"NG011008","adm2_name":"Ishielu","adm3_pcode":null,"adm3_name":null,"adm4_pcode":null,"adm4_name":null,"name_latin":"Obogu"},"geometry":{"type":"Point","coordinates":[7.7312,6.5995]}},
{"type":"Feature","properties":{"id":"node/501354542","name":"Okporo","name_en":null,"name_yo":null,"place":"village","landuse":null,"population":null,"is_in":null,"source":null,"adm0_pcode":"NGA","adm0_name":"Nigeria","adm1_pcode":"NG011","adm1_name":"Ebonyi","adm2_pcode":"NG011012","adm2_name":"Ohaukwu","adm3_pcode":null,"adm3_name":null,"adm4_pcode":null,"adm4_name":null,"name_latin":"Okporo"},"geometry":{"type":"Point","coordinates":[8.05,6.6]}},
{"type":"Feature","properties":{"id":"node/3974130458","name":"Effium","name_en":null,"name_yo":null,"place":"town","landuse":null,"population":null,"is_in":null,"source":null,"adm0_pcode":"NGA","adm0_name":"Nigeria","adm1_pcode":"NG011","adm1_name":"Ebonyi","adm2_pcode":"NG011012","adm2_name":"Ohaukwu","adm3_pcode":null,"adm3_name":null,"adm4_pcode":null,"adm4_name":null,"name_latin":"Effium"},"geometry":{"type":"Point","coordinates":[8.0572947,6.6308218]}},
{"type":"Feature","properties":{"id":"node/501505735","name":"Okponga","name_en":null,"name_yo":null,"place":"village","landuse":null,"population":null,"is_in":null,"source":null,"adm0_pcode":"NGA","adm0_name":"Nigeria","adm1_pcode":"NG011","adm1_name":"Ebonyi","adm2_pcode":"NG011010","adm2_name":"Izzi","adm3_pcode":null,"adm3_name":null,"adm4_pcode":null,"adm4_name":null,"name_latin":"Okponga"},"geometry":{"type":"Point","coordinates":[8.301195,6.6396]}},
{"type":"Feature","properties":{"id":"node/501518629","name":"Isi Ohumini","name_en":null,"name_yo":null,"place":"village","landuse":null,"population":null,"is_in":null,"source":null,"adm0_pcode":"NGA","adm0_name":"Nigeria","adm1_pcode":"NG011","adm1_name":"Ebonyi","adm2_pcode":"NG011004","adm2_name":"Ebonyi","adm3_pcode":null,"adm3_name":null,"adm4_pcode":null,"adm4_name":null,"name_latin":"Isi Ohumini"},"geometry":{"type":"Point","coordinates":[8.1602,6.6404]}},
{"type":"Feature","properties":{"id":"node/501493471","name":"Iziogo","name_en":null,"name_yo":null,"place":"village","landuse":null,"population":null,"is_in":null,"source":null,"adm0_pcode":"NGA","adm0_name":"Nigeria","adm1_pcode":"NG011","adm1_name":"Ebonyi","adm2_pcode":"NG011010","adm2_name":"Izzi","adm3_pcode":null,"adm3_name":null,"adm4_pcode":null,"adm4_name":null,"name_latin":"Iziogo"},"geometry":{"type":"Point","coordinates":[8.202862,6.644635]}},
{"type":"Feature","properties":{"id":"node/501394441","name":"Eha Amufu","name_en":null,"name_yo":null,"place":"town","landuse":null,"population":null,"is_in":null,"source":null,"adm0_pcode":"NGA","adm0_name":"Nigeria","adm1_pcode":"NG014","adm1_name":"Enugu","adm2_pcode":"NG014010","adm2_name":"Isi-Uzo","adm3_pcode":null,"adm3_name":null,"adm4_pcode":null,"adm4_name":null,"name_latin":"Eha Amufu"},"geometry":{"type":"Point","coordinates":[7.768373,6.652226]}},
{"type":"Feature","properties":{"id":"node/501485120","name":"Nrobo","name_en":null,"name_yo":null,"place":"village","landuse":null,"population":null,"is_in":null,"source":null,"adm0_pcode":"NGA","adm0_name":"Nigeria","adm1_pcode":"NG014","adm1_name":"Enugu","adm2_pcode":"NG014017","adm2_name":"Uzo-Uwani","adm3_pcode":null,"adm3_name":null,"adm4_pcode":null,"adm4_name":null,"name_latin":"Nrobo"},"geometry":{"type":"Point","coordinates":[7.2782,6.8398]}},
{"type":"Feature","properties":{"id":"node/501431782","name":"Eha-Alumona","name_en":null,"name_yo":null,"place":"village","landuse":null,"population":null,"is_in":null,"source":null,"adm0_pcode":"NGA","adm0_name":"Nigeria","adm1_pcode":"NG014","adm1_name":"Enugu","adm2_pcode":"NG014013","adm2_name":"Nsukka","adm3_pcode":null,"adm3_name":null,"adm4_pcode":null,"adm4_name":null,"name_latin":"Eha-Alumona"},"geometry":{"type":"Point","coordinates":[7.4573,6.8232]}},
{"type":"Feature","properties":{"id":"node/501464967","name":"Umabo","name_en":null,"name_yo":null,"place":"village","landuse":null,"population":null,"is_in":null,"source":null,"adm0_pcode":"NGA","adm0_name":"Nigeria","adm1_pcode":"NG014","adm1_name":"Enugu","adm2_pcode":"NG014013","adm2_name":"Nsukka","adm3_pcode":null,"adm3_name":null,"adm4_pcode":null,"adm4_name":null,"name_latin":"Umabo"},"geometry":{"type":"Point","coordinates":[7.556,6.8161]}},
{"type":"Feature","properties":{"id":"node/501486662","name":"Opi","name_en":null,"name_yo":null,"place":"town","landuse":null,"population":null,"is_in":null,"source":null,"adm0_pcode":"NGA","adm0_name":"Nigeria","adm1_pcode":"NG014","adm1_name":"Enugu","adm2_pcode":"NG014013","adm2_name":"Nsukka","adm3_pcode":null,"adm3_name":null,"adm4_pcode":null,"adm4_name":null,"name_latin":"Opi"},"geometry":{"type":"Point","coordinates":[7.4339046,6.7835186]}},
{"type":"Feature","properties":{"id":"node/12740766007","name":"Umu Dikwu Ibeku Opi","name_en":null,"name_yo":null,"place":"village","landuse":null,"population":null,"is_in":null,"source":null,"adm0_pcode":"NGA","adm0_name":"Nigeria","adm1_pcode":"NG014","adm1_name":"Enugu","adm2_pcode":"NG014013","adm2_name":"Nsukka","adm3_pcode":null,"adm3_name":null,"adm4_pcode":null,"adm4_name":null,"name_latin":"Umu Dikwu Ibeku Opi"},"geometry":{"type":"Point","coordinates":[7.4226458,6.7808934]}},
{"type":"Feature","properties":{"id":"node/501431279","name":"Leja","name_en":null,"name_yo":null,"place":"village","landuse":null,"population":null,"is_in":null,"source":null,"adm0_pcode":"NGA","adm0_name":"Nigeria","adm1_pcode":"NG014","adm1_name":"Enugu","adm2_pcode":"NG014013","adm2_name":"Nsukka","adm3_pcode":null,"adm3_name":null,"adm4_pcode":null,"adm4_name":null,"name_latin":"Leja"},"geometry":{"type":"Point","coordinates":[7.3697,6.7535]}},
{"type":"Feature","properties":{"id":"node/501464301","name":"Ekwegbe","name_en":null,"name_yo":null,"place":"village","landuse":null,"population":null,"is_in":null,"source":null,"adm0_pcode":"NGA","adm0_name":"Nigeria","adm1_pcode":"NG014","adm1_name":"Enugu","adm2_pcode":"NG014007","adm2_name":"Igbo-Etiti","adm3_pcode":null,"adm3_name":null,"adm4_pcode":null,"adm4_name":null,"name_latin":"Ekwegbe"},"geometry":{"type":"Point","coordinates":[7.4279,6.7151]}},
{"type":"Feature","properties":{"id":"node/501496815","name":"Aku","name_en":null,"name_yo":null,"place":"village","landuse":null,"population":null,"is_in":null,"source":null,"adm0_pcode":"NGA","adm0_name":"Nigeria","adm1_pcode":"NG014","adm1_name":"Enugu","adm2_pcode":"NG014007","adm2_name":"Igbo-Etiti","adm3_pcode":null,"adm3_name":null,"adm4_pcode":null,"adm4_name":null,"name_latin":"Aku"},"geometry":{"type":"Point","coordinates":[7.3211286,6.7064612]}},
{"type":"Feature","properties":{"id":"node/14109339775","name":"Aku Diewa","name_en":null,"name_yo":null,"place":"town","landuse":null,"population":null,"is_in":null,"source":null,"adm0_pcode":"NGA","adm0_name":"Nigeria","adm1_pcode":"NG014","adm1_name":"Enugu","adm2_pcode":"NG014007","adm2_name":"Igbo-Etiti","adm3_pcode":null,"adm3_name":null,"adm4_pcode":null,"adm4_name":null,"name_latin":"Aku Diewa"},"geometry":{"type":"Point","coordinates":[7.3391521,6.695544]}},
{"type":"Feature","properties":{"id":"node/14109263564","name":"Amokwu Afa","name_en":null,"name_yo":null,"place":"village","landuse":null,"population":null,"is_in":null,"source":null,"adm0_pcode":"NGA","adm0_name":"Nigeria","adm1_pcode":"NG014","adm1_name":"Enugu","adm2_pcode":"NG014016","adm2_name":"Udi","adm3_pcode":null,"adm3_name":null,"adm4_pcode":null,"adm4_name":null,"name_latin":"Amokwu Afa"},"geometry":{"type":"Point","coordinates":[7.3572989,6.6120117]}},
{"type":"Feature","properties":{"id":"node/14109263563","name":"Afa","name_en":null,"name_yo":null,"place":"town","landuse":null,"population":null,"is_in":null,"source":null,"adm0_pcode":"NGA","adm0_name":"Nigeria","adm1_pcode":"NG014","adm1_name":"Enugu","adm2_pcode":"NG014016","adm2_name":"Udi","adm3_pcode":null,"adm3_name":null,"adm4_pcode":null,"adm4_name":null,"name_latin":"Afa"},"geometry":{"type":"Point","coordinates":[7.3234879,6.6019448]}},
{"type":"Feature","properties":{"id":"node/501484813","name":"Umulumgbe","name_en":null,"name_yo":null,"place":"village","landuse":null,"population":null,"is_in":null,"source":null,"adm0_pcode":"NGA","adm0_name":"Nigeria","adm1_pcode":"NG014","adm1_name":"Enugu","adm2_pcode":"NG014016","adm2_name":"Udi","adm3_pcode":null,"adm3_name":null,"adm4_pcode":null,"adm4_name":null,"name_latin":"Umulumgbe"},"geometry":{"type":"Point","coordinates":[7.425097,6.5938265]}},
{"type":"Feature","properties":{"id":"node/501514061","name":"Effokwo","name_en":null,"name_yo":null,"place":"village","landuse":null,"population":null,"is_in":null,"source":null,"adm0_pcode":"NGA","adm0_name":"Nigeria","adm1_pcode":"NG014","adm1_name":"Enugu","adm2_pcode":"NG014003","adm2_name":"Enugu East","adm3_pcode":null,"adm3_name":null,"adm4_pcode":null,"adm4_name":null,"name_latin":"Effokwo"},"geometry":{"type":"Point","coordinates":[7.5417,6.5747]}},
{"type":"Feature","properties":{"id":"node/501394493","name":"Okpatu-Ukehe","name_en":null,"name_yo":null,"place":"village","landuse":null,"population":null,"is_in":null,"source":null,"adm0_pcode":"NGA","adm0_name":"Nigeria","adm1_pcode":"NG014","adm1_name":"Enugu","adm2_pcode":"NG014016","adm2_name":"Udi","adm3_pcode":null,"adm3_name":null,"adm4_pcode":null,"adm4_name":null,"name_latin":"Okpatu-Ukehe"},"geometry":{"type":"Point","coordinates":[7.4125,6.56]}},
{"type":"Feature","properties":{"id":"node/14109263562","name":"Egede","name_en":null,"name_yo":null,"place":"town","landuse":null,"population":null,"is_in":null,"source":null,"adm0_pcode":"NGA","adm0_name":"Nigeria","adm1_pcode":"NG014","adm1_name":"Enugu","adm2_pcode":"NG014016","adm2_name":"Udi","adm3_pcode":null,"adm3_name":null,"adm4_pcode":null,"adm4_name":null,"name_latin":"Egede"},"geometry":{"type":"Point","coordinates":[7.362117,6.5478656]}},
{"type":"Feature","properties":{"id":"node/501394632","name":"Ohum","name_en":null,"name_yo":null,"place":"village","landuse":null,"population":null,"is_in":null,"source":null,"adm0_pcode":"NGA","adm0_name":"Nigeria","adm1_pcode":"NG014","adm1_name":"Enugu","adm2_pcode":"NG014016","adm2_name":"Udi","adm3_pcode":null,"adm3_name":null,"adm4_pcode":null,"adm4_name":null,"name_latin":"Ohum"},"geometry":{"type":"Point","coordinates":[7.4159,6.545]}},
{"type":"Feature","properties":{"id":"node/10964112752","name":"Unwana","name_en":null,"name_yo":null,"place":"town","landuse":null,"population":null,"is_in":null,"source":null,"adm0_pcode":"NGA","adm0_name":"Nigeria","adm1_pcode":"NG011","adm1_name":"Ebonyi","adm2_pcode":"NG011002","adm2_name":"Afikpo North","adm3_pcode":null,"adm3_name":null,"adm4_pcode":null,"adm4_name":null,"name_latin":"Unwana"},"geometry":{"type":"Point","coordinates":[7.9323308,5.7958008]}},
{"type":"Feature","properties":{"id":"node/501528135","name":"Igbarra","name_en":null,"name_yo":null,"place":"village","landuse":null,"population":null,"is_in":null,"source":null,"adm0_pcode":"NGA","adm0_name":"Nigeria","adm1_pcode":"NG011","adm1_name":"Ebonyi","adm2_pcode":"NG011003","adm2_name":"Afikpo South","adm3_pcode":null,"adm3_name":null,"adm4_pcode":null,"adm4_name":null,"name_latin":"Igbarra"},"geometry":{"type":"Point","coordinates":[7.8666677,5.799969]}},
{"type":"Feature","properties":{"id":"node/501432878","name":"Ezeukwu","name_en":null,"name_yo":null,"place":"village","landuse":null,"population":null,"is_in":null,"source":null,"adm0_pcode":"NGA","adm0_name":"Nigeria","adm1_pcode":"NG001","adm1_name":"Abia","adm2_pcode":"NG001004","adm2_name":"Bende","adm3_pcode":null,"adm3_name":null,"adm4_pcode":null,"adm4_name":null,"name_latin":"Ezeukwu"},"geometry":{"type":"Point","coordinates":[7.566667,5.8]}},
{"type":"Feature","properties":{"id":"node/501449373","name":"Ndagbo Nkporo","name_en":null,"name_yo":null,"place":"village","landuse":null,"population":null,"is_in":null,"source":null,"adm0_pcode":"NGA","adm0_name":"Nigeria","adm1_pcode":"NG001","adm1_name":"Abia","adm2_pcode":"NG001010","adm2_name":"Ohafia","adm3_pcode":null,"adm3_name":null,"adm4_pcode":null,"adm4_name":null,"name_latin":"Ndagbo Nkporo"},"geometry":{"type":"Point","coordinates":[7.766667,5.8]}},
{"type":"Feature","properties":{"id":"node/501494633","name":"Igbara","name_en":null,"name_yo":null,"place":"village","landuse":null,"population":null,"is_in":null,"source":null,"adm0_pcode":"NGA","adm0_name":"Nigeria","adm1_pcode":"NG011","adm1_name":"Ebonyi","adm2_pcode":"NG011003","adm2_name":"Afikpo South","adm3_pcode":null,"adm3_name":null,"adm4_pcode":null,"adm4_name":null,"name_latin":"Igbara"},"geometry":{"type":"Point","coordinates":[7.8666687,5.8000243]}},
{"type":"Feature","properties":{"id":"node/501491719","name":"Kpogrikpo","name_en":null,"name_yo":null,"place":"village","landuse":null,"population":null,"is_in":null,"source":null,"adm0_pcode":"NGA","adm0_name":"Nigeria","adm1_pcode":"NG011","adm1_name":"Ebonyi","adm2_pcode":"NG011002","adm2_name":"Afikpo North","adm3_pcode":null,"adm3_name":null,"adm4_pcode":null,"adm4_name":null,"name_latin":"Kpogrikpo"},"geometry":{"type":"Point","coordinates":[7.924113,5.8150115]}},
{"type":"Feature","properties":{"id":"node/501363238","name":"Achara","name_en":null,"name_yo":null,"place":"village","landuse":null,"population":null,"is_in":null,"source":null,"adm0_pcode":"NGA","adm0_name":"Nigeria","adm1_pcode":"NG011","adm1_name":"Ebonyi","adm2_pcode":"NG011003","adm2_name":"Afikpo South","adm3_pcode":null,"adm3_name":null,"adm4_pcode":null,"adm4_name":null,"name_latin":"Achara"},"geometry":{"type":"Point","coordinates":[7.8333327,5.8166783]}},
{"type":"Feature","properties":{"id":"node/501516209","name":"Ogbu","name_en":null,"name_yo":null,"place":"village","landuse":null,"population":null,"is_in":null,"source":null,"adm0_pcode":"NGA","adm0_name":"Nigeria","adm1_pcode":"NG011","adm1_name":"Ebonyi","adm2_pcode":"NG011002","adm2_name":"Afikpo North","adm3_pcode":null,"adm3_name":null,"adm4_pcode":null,"adm4_name":null,"name_latin":"Ogbu"},"geometry":{"type":"Point","coordinates":[7.9083581,5.8173655]}},
{"type":"Feature","properties":{"id":"node/10964112751","name":"Anofia","name_en":null,"name_yo":null,"place":"village","landuse":null,"population":null,"is_in":null,"source":null,"adm0_pcode":"NGA","adm0_name":"Nigeria","adm1_pcode":"NG011","adm1_name":"Ebonyi","adm2_pcode":"NG011002","adm2_name":"Afikpo North","adm3_pcode":null,"adm3_name":null,"adm4_pcode":null,"adm4_name":null,"name_latin":"Anofia"},"geometry":{"type":"Point","coordinates":[7.9266366,5.8319517]}},
{"type":"Feature","properties":{"id":"node/501518362","name":"Asaga Amangwu","name_en":null,"name_yo":null,"place":"village","landuse":null,"population":null,"is_in":null,"source":null,"adm0_pcode":"NGA","adm0_name":"Nigeria","adm1_pcode":"NG011","adm1_name":"Ebonyi","adm2_pcode":"NG011003","adm2_name":"Afikpo South","adm3_pcode":null,"adm3_name":null,"adm4_pcode":null,"adm4_name":null,"name_latin":"Asaga Amangwu"},"geometry":{"type":"Point","coordinates":[7.8666687,5.8332973]}},
{"type":"Feature","properties":{"id":"node/501459196","name":"Ufueseni","name_en":null,"name_yo":null,"place":"village","landuse":null,"population":null,"is_in":null,"source":null,"adm0_pcode":"NGA","adm0_name":"Nigeria","adm1_pcode":"NG011","adm1_name":"Ebonyi","adm2_pcode":"NG011003","adm2_name":"Afikpo South","adm3_pcode":null,"adm3_name":null,"adm4_pcode":null,"adm4_name":null,"name_latin":"Ufueseni"},"geometry":{"type":"Point","coordinates":[7.8333327,5.83332]}},
{"type":"Feature","properties":{"id":"node/501495054","name":"Ufu Esioni","name_en":null,"name_yo":null,"place":"village","landuse":null,"population":null,"is_in":null,"source":null,"adm0_pcode":"NGA","adm0_name":"Nigeria","adm1_pcode":"NG011","adm1_name":"Ebonyi","adm2_pcode":"NG011003","adm2_name":"Afikpo South","adm3_pcode":null,"adm3_name":null,"adm4_pcode":null,"adm4_name":null,"name_latin":"Ufu Esioni"},"geometry":{"type":"Point","coordinates":[7.8333333,5.833352]}},
{"type":"Feature","properties":{"id":"node/501425305","name":"Amangwu","name_en":null,"name_yo":null,"place":"village","landuse":null,"population":null,"is_in":null,"source":null,"adm0_pcode":"NGA","adm0_name":"Nigeria","adm1_pcode":"NG011","adm1_name":"Ebonyi","adm2_pcode":"NG011003","adm2_name":"Afikpo South","adm3_pcode":null,"adm3_name":null,"adm4_pcode":null,"adm4_name":null,"name_latin":"Amangwu"},"geometry":{"type":"Point","coordinates":[7.8666693,5.8333587]}},
{"type":"Feature","properties":{"id":"node/10964102513","name":"Nkanu, Enugu State","name_en":null,"name_yo":null,"place":"town","landuse":null,"population":"245469","is_in":null,"source":null,"adm0_pcode":"NGA","adm0_name":"Nigeria","adm1_pcode":"NG011","adm1_name":"Ebonyi","adm2_pcode":"NG011002","adm2_name":"Afikpo North","adm3_pcode":null,"adm3_name":null,"adm4_pcode":null,"adm4_name":null,"name_latin":"Nkanu, Enugu State"},"geometry":{"type":"Point","coordinates":[7.9485626,5.862346]}},
{"type":"Feature","properties":{"id":"node/10972073079","name":"Igoni-Igoni","name_en":null,"name_yo":null,"place":"village","landuse":null,"population":null,"is_in":null,"source":null,"adm0_pcode":"NGA","adm0_name":"Nigeria","adm1_pcode":"NG011","adm1_name":"Ebonyi","adm2_pcode":"NG011002","adm2_name":"Afikpo North","adm3_pcode":null,"adm3_name":null,"adm4_pcode":null,"adm4_name":null,"name_latin":"Igoni-Igoni"},"geometry":{"type":"Point","coordinates":[7.9707604,5.8707725]}},
{"type":"Feature","properties":{"id":"node/10964102412","name":"Ora","name_en":null,"name_yo":null,"place":"village","landuse":null,"population":null,"is_in":null,"source":null,"adm0_pcode":"NGA","adm0_name":"Nigeria","adm1_pcode":"NG011","adm1_name":"Ebonyi","adm2_pcode":"NG011002","adm2_name":"Afikpo North","adm3_pcode":null,"adm3_name":null,"adm4_pcode":null,"adm4_name":null,"name_latin":"Ora"},"geometry":{"type":"Point","coordinates":[7.9730052,5.8821414]}},
{"type":"Feature","properties":{"id":"node/501493222","name":"Afikpo","name_en":null,"name_yo":null,"place":"city","landuse":null,"population":"0","is_in":null,"source":null,"adm0_pcode":"NGA","adm0_name":"Nigeria","adm1_pcode":"NG011","adm1_name":"Ebonyi","adm2_pcode":"NG011002","adm2_name":"Afikpo North","adm3_pcode":null,"adm3_name":null,"adm4_pcode":null,"adm4_name":null,"name_latin":"Afikpo"},"geometry":{"type":"Point","coordinates":[7.9372068,5.8837902]}},
{"type":"Feature","properties":{"id":"node/10964102411","name":"Ozizza","name_en":null,"name_yo":null,"place":"village","landuse":null,"population":null,"is_in":null,"source":null,"adm0_pcode":"NGA","adm0_name":"Nigeria","adm1_pcode":"NG011","adm1_name":"Ebonyi","adm2_pcode":"NG011002","adm2_name":"Afikpo North","adm3_pcode":null,"adm3_name":null,"adm4_pcode":null,"adm4_name":null,"name_latin":"Ozizza"},"geometry":{"type":"Point","coordinates":[7.9722974,5.8896613]}},
{"type":"Feature","properties":{"id":"node/10964112717","name":"Ozara-Ukwu","name_en":null,"name_yo":null,"place":"village","landuse":null,"population":null,"is_in":null,"source":null,"adm0_pcode":"NGA","adm0_name":"Nigeria","adm1_pcode":"NG011","adm1_name":"Ebonyi","adm2_pcode":"NG011002","adm2_name":"Afikpo North","adm3_pcode":null,"adm3_name":null,"adm4_pcode":null,"adm4_name":null,"name_latin":"Ozara-Ukwu"},"geometry":{"type":"Point","coordinates":[7.9079709,5.9010155]}},
{"type":"Feature","properties":{"id":"node/10964112716","name":"Amaseri","name_en":null,"name_yo":null,"place":"town","landuse":null,"population":null,"is_in":null,"source":null,"adm0_pcode":"NGA","adm0_name":"Nigeria","adm1_pcode":"NG011","adm1_name":"Ebonyi","adm2_pcode":"NG011002","adm2_name":"Afikpo North","adm3_pcode":null,"adm3_name":null,"adm4_pcode":null,"adm4_name":null,"name_latin":"Amaseri"},"geometry":{"type":"Point","coordinates":[7.8834768,5.9139535]}},
{"type":"Feature","properties":{"id":"node/501502987","name":"Ameta","name_en":null,"name_yo":null,"place":"village","landuse":null,"population":null,"is_in":null,"source":null,"adm0_pcode":"NGA","adm0_name":"Nigeria","adm1_pcode":"NG011","adm1_name":"Ebonyi","adm2_pcode":"NG011002","adm2_name":"Afikpo North","adm3_pcode":null,"adm3_name":null,"adm4_pcode":null,"adm4_name":null,"name_latin":"Ameta"},"geometry":{"type":"Point","coordinates":[7.9929906,5.9145961]}},
{"type":"Feature","properties":{"id":"node/501500726","name":"Akeze","name_en":null,"name_yo":null,"place":"town","landuse":null,"population":null,"is_in":null,"source":null,"adm0_pcode":"NGA","adm0_name":"Nigeria","adm1_pcode":"NG011","adm1_name":"Ebonyi","adm2_pcode":"NG011009","adm2_name":"Ivo","adm3_pcode":null,"adm3_name":null,"adm4_pcode":null,"adm4_name":null,"name_latin":"Akeze"},"geometry":{"type":"Point","coordinates":[7.6751106,5.9175101]}},
{"type":"Feature","properties":{"id":"node/501528575","name":"Ishiagu","name_en":null,"name_yo":null,"place":"town","landuse":null,"population":null,"is_in":null,"source":null,"adm0_pcode":"NGA","adm0_name":"Nigeria","adm1_pcode":"NG011","adm1_name":"Ebonyi","adm2_pcode":"NG011009","adm2_name":"Ivo","adm3_pcode":null,"adm3_name":null,"adm4_pcode":null,"adm4_name":null,"name_latin":"Ishiagu"},"geometry":{"type":"Point","coordinates":[7.566667,5.95]}},
{"type":"Feature","properties":{"id":"node/501503521","name":"Ndioko","name_en":null,"name_yo":null,"place":"village","landuse":null,"population":null,"is_in":null,"source":null,"adm0_pcode":"NGA","adm0_name":"Nigeria","adm1_pcode":"NG011","adm1_name":"Ebonyi","adm2_pcode":"NG011003","adm2_name":"Afikpo South","adm3_pcode":null,"adm3_name":null,"adm4_pcode":null,"adm4_name":null,"name_latin":"Ndioko"},"geometry":{"type":"Point","coordinates":[7.816667,5.95]}},
{"type":"Feature","properties":{"id":"node/501517093","name":"Amate Enu","name_en":null,"name_yo":null,"place":"village","landuse":null,"population":null,"is_in":null,"source":null,"adm0_pcode":"NGA","adm0_name":"Nigeria","adm1_pcode":"NG011","adm1_name":"Ebonyi","adm2_pcode":"NG011002","adm2_name":"Afikpo North","adm3_pcode":null,"adm3_name":null,"adm4_pcode":null,"adm4_name":null,"name_latin":"Amate Enu"},"geometry":{"type":"Point","coordinates":[7.933333,5.95]}},
{"type":"Feature","properties":{"id":"node/501528598","name":"Okpo Ezi","name_en":null,"name_yo":null,"place":"village","landuse":null,"population":null,"is_in":null,"source":null,"adm0_pcode":"NGA","adm0_name":"Nigeria","adm1_pcode":"NG011","adm1_name":"Ebonyi","adm2_pcode":"NG011002","adm2_name":"Afikpo North","adm3_pcode":null,"adm3_name":null,"adm4_pcode":null,"adm4_name":null,"name_latin":"Okpo Ezi"},"geometry":{"type":"Point","coordinates":[7.95,5.95]}},
{"type":"Feature","properties":{"id":"node/501525256","name":"Amagu","name_en":null,"name_yo":null,"place":"village","landuse":null,"population":null,"is_in":null,"source":null,"adm0_pcode":"NGA","adm0_name":"Nigeria","adm1_pcode":"NG014","adm1_name":"Enugu","adm2_pcode":"NG014001","adm2_name":"Aninri","adm3_pcode":null,"adm3_name":null,"adm4_pcode":null,"adm4_name":null,"name_latin":"Amagu"},"geometry":{"type":"Point","coordinates":[7.683333,5.966667]}},
{"type":"Feature","properties":{"id":"node/501413777","name":"Ameze","name_en":null,"name_yo":null,"place":"village","landuse":null,"population":null,"is_in":null,"source":null,"adm0_pcode":"NGA","adm0_name":"Nigeria","adm1_pcode":"NG014","adm1_name":"Enugu","adm2_pcode":"NG014001","adm2_name":"Aninri","adm3_pcode":null,"adm3_name":null,"adm4_pcode":null,"adm4_name":null,"name_latin":"Ameze"},"geometry":{"type":"Point","coordinates":[7.7,5.966667]}},
{"type":"Feature","properties":{"id":"node/501479502","name":"Amauro","name_en":null,"name_yo":null,"place":"village","landuse":null,"population":null,"is_in":null,"source":null,"adm0_pcode":"NGA","adm0_name":"Nigeria","adm1_pcode":"NG011","adm1_name":"Ebonyi","adm2_pcode":"NG011011","adm2_name":"Ohaozara","adm3_pcode":null,"adm3_name":null,"adm4_pcode":null,"adm4_name":null,"name_latin":"Amauro"},"geometry":{"type":"Point","coordinates":[7.866667,5.966667]}},
{"type":"Feature","properties":{"id":"node/501451379","name":"Okpoha","name_en":null,"name_yo":null,"place":"village","landuse":null,"population":null,"is_in":null,"source":null,"adm0_pcode":"NGA","adm0_name":"Nigeria","adm1_pcode":"NG011","adm1_name":"Ebonyi","adm2_pcode":"NG011002","adm2_name":"Afikpo North","adm3_pcode":null,"adm3_name":null,"adm4_pcode":null,"adm4_name":null,"name_latin":"Okpoha"},"geometry":{"type":"Point","coordinates":[7.966667,5.966667]}},
{"type":"Feature","properties":{"id":"node/501491537","name":"Ihuibe","name_en":null,"name_yo":null,"place":"village","landuse":null,"population":null,"is_in":null,"source":null,"adm0_pcode":"NGA","adm0_name":"Nigeria","adm1_pcode":"NG011","adm1_name":"Ebonyi","adm2_pcode":"NG011011","adm2_name":"Ohaozara","adm3_pcode":null,"adm3_name":null,"adm4_pcode":null,"adm4_name":null,"name_latin":"Ihuibe"},"geometry":{"type":"Point","coordinates":[7.7,5.983333]}},
{"type":"Feature","properties":{"id":"node/501332876","name":"Akpoha-Igbo","name_en":null,"name_yo":null,"place":"village","landuse":null,"population":null,"is_in":null,"source":null,"adm0_pcode":"NGA","adm0_name":"Nigeria","adm1_pcode":"NG011","adm1_name":"Ebonyi","adm2_pcode":"NG011013","adm2_name":"Onicha","adm3_pcode":null,"adm3_name":null,"adm4_pcode":null,"adm4_name":null,"name_latin":"Akpoha-Igbo"},"geometry":{"type":"Point","coordinates":[8.0122345,5.992937]}},
{"type":"Feature","properties":{"id":"node/501453021","name":"Abba Omega","name_en":null,"name_yo":null,"place":"village","landuse":null,"population":null,"is_in":null,"source":null,"adm0_pcode":"NGA","adm0_name":"Nigeria","adm1_pcode":"NG011","adm1_name":"Ebonyi","adm2_pcode":"NG011013","adm2_name":"Onicha","adm3_pcode":null,"adm3_name":null,"adm4_pcode":null,"adm4_name":null,"name_latin":"Abba Omega"},"geometry":{"type":"Point","coordinates":[8.003707,6.003315]}},
{"type":"Feature","properties":{"id":"node/501484768","name":"Amofia","name_en":null,"name_yo":null,"place":"village","landuse":null,"population":null,"is_in":null,"source":null,"adm0_pcode":"NGA","adm0_name":"Nigeria","adm1_pcode":"NG011","adm1_name":"Ebonyi","adm2_pcode":"NG011013","adm2_name":"Onicha","adm3_pcode":null,"adm3_name":null,"adm4_pcode":null,"adm4_name":null,"name_latin":"Amofia"},"geometry":{"type":"Point","coordinates":[7.9388,6.0065933]}},
{"type":"Feature","properties":{"id":"node/501518769","name":"Nsobo","name_en":null,"name_yo":null,"place":"village","landuse":null,"population":null,"is_in":null,"source":null,"adm0_pcode":"NGA","adm0_name":"Nigeria","adm1_pcode":"NG011","adm1_name":"Ebonyi","adm2_pcode":"NG011007","adm2_name":"Ikwo","adm3_pcode":null,"adm3_name":null,"adm4_pcode":null,"adm4_name":null,"name_latin":"Nsobo"},"geometry":{"type":"Point","coordinates":[8.11626,6.01172]}},
{"type":"Feature","properties":{"id":"node/501331851","name":"Umuka","name_en":null,"name_yo":null,"place":"village","landuse":null,"population":null,"is_in":null,"source":null,"adm0_pcode":"NGA","adm0_name":"Nigeria","adm1_pcode":"NG011","adm1_name":"Ebonyi","adm2_pcode":"NG011011","adm2_name":"Ohaozara","adm3_pcode":null,"adm3_name":null,"adm4_pcode":null,"adm4_name":null,"name_latin":"Umuka"},"geometry":{"type":"Point","coordinates":[7.8835,6.0144]}},
{"type":"Feature","properties":{"id":"node/501373399","name":"Nko","name_en":null,"name_yo":null,"place":"village","landuse":null,"population":null,"is_in":null,"source":null,"adm0_pcode":"NGA","adm0_name":"Nigeria","adm1_pcode":"NG011","adm1_name":"Ebonyi","adm2_pcode":"NG011007","adm2_name":"Ikwo","adm3_pcode":null,"adm3_name":null,"adm4_pcode":null,"adm4_name":null,"name_latin":"Nko"},"geometry":{"type":"Point","coordinates":[8.1417,6.0163]}},
{"type":"Feature","properties":{"id":"node/501452356","name":"Ochokwu","name_en":null,"name_yo":null,"place":"village","landuse":null,"population":null,"is_in":null,"source":null,"adm0_pcode":"NGA","adm0_name":"Nigeria","adm1_pcode":"NG011","adm1_name":"Ebonyi","adm2_pcode":"NG011007","adm2_name":"Ikwo","adm3_pcode":null,"adm3_name":null,"adm4_pcode":null,"adm4_name":null,"name_latin":"Ochokwu"},"geometry":{"type":"Point","coordinates":[8.204167,6.02343]}},
{"type":"Feature","properties":{"id":"node/501493523","name":"Opuitumo","name_en":null,"name_yo":null,"place":"village","landuse":null,"population":null,"is_in":null,"source":null,"adm0_pcode":"NGA","adm0_name":"Nigeria","adm1_pcode":"NG011","adm1_name":"Ebonyi","adm2_pcode":"NG011007","adm2_name":"Ikwo","adm3_pcode":null,"adm3_name":null,"adm4_pcode":null,"adm4_name":null,"name_latin":"Opuitumo"},"geometry":{"type":"Point","coordinates":[8.107,6.024]}},
{"type":"Feature","properties":{"id":"node/501452725","name":"Igberi","name_en":null,"name_yo":null,"place":"village","landuse":null,"population":null,"is_in":null,"source":null,"adm0_pcode":"NGA","adm0_name":"Nigeria","adm1_pcode":"NG011","adm1_name":"Ebonyi","adm2_pcode":"NG011007","adm2_name":"Ikwo","adm3_pcode":null,"adm3_name":null,"adm4_pcode":null,"adm4_name":null,"name_latin":"Igberi"},"geometry":{"type":"Point","coordinates":[8.043516,6.025581]}},
{"type":"Feature","properties":{"id":"node/501506072","name":"Ahumanum","name_en":null,"name_yo":null,"place":"village","landuse":null,"population":null,"is_in":null,"source":null,"adm0_pcode":"NGA","adm0_name":"Nigeria","adm1_pcode":"NG011","adm1_name":"Ebonyi","adm2_pcode":"NG011007","adm2_name":"Ikwo","adm3_pcode":null,"adm3_name":null,"adm4_pcode":null,"adm4_name":null,"name_latin":"Ahumanum"},"geometry":{"type":"Point","coordinates":[8.1075,6.033]}},
{"type":"Feature","properties":{"id":"node/501496826","name":"Asumgbom","name_en":null,"name_yo":null,"place":"village","landuse":null,"population":null,"is_in":null,"source":null,"adm0_pcode":"NGA","adm0_name":"Nigeria","adm1_pcode":"NG011","adm1_name":"Ebonyi","adm2_pcode":"NG011011","adm2_name":"Ohaozara","adm3_pcode":null,"adm3_name":null,"adm4_pcode":null,"adm4_name":null,"name_latin":"Asumgbom"},"geometry":{"type":"Point","coordinates":[7.75,6.033333]}},
{"type":"Feature","properties":{"id":"node/501496882","name":"Ndeaboh","name_en":null,"name_yo":null,"place":"village","landuse":null,"population":null,"is_in":null,"source":null,"adm0_pcode":"NGA","adm0_name":"Nigeria","adm1_pcode":"NG014","adm1_name":"Enugu","adm2_pcode":"NG014001","adm2_name":"Aninri","adm3_pcode":null,"adm3_name":null,"adm4_pcode":null,"adm4_name":null,"name_latin":"Ndeaboh"},"geometry":{"type":"Point","coordinates":[7.5820715,6.042548]}},
{"type":"Feature","properties":{"id":"node/501526940","name":"Afiaelem","name_en":null,"name_yo":null,"place":"village","landuse":null,"population":null,"is_in":null,"source":null,"adm0_pcode":"NGA","adm0_name":"Nigeria","adm1_pcode":"NG011","adm1_name":"Ebonyi","adm2_pcode":"NG011007","adm2_name":"Ikwo","adm3_pcode":null,"adm3_name":null,"adm4_pcode":null,"adm4_name":null,"name_latin":"Afiaelem"},"geometry":{"type":"Point","coordinates":[8.149746,6.044248]}},
{"type":"Feature","properties":{"id":"node/501332377","name":"Uburu","name_en":null,"name_yo":null,"place":"village","landuse":null,"population":null,"is_in":null,"source":null,"adm0_pcode":"NGA","adm0_name":"Nigeria","adm1_pcode":"NG011","adm1_name":"Ebonyi","adm2_pcode":"NG011011","adm2_name":"Ohaozara","adm3_pcode":null,"adm3_name":null,"adm4_pcode":null,"adm4_name":null,"name_latin":"Uburu"},"geometry":{"type":"Point","coordinates":[7.7692054,6.044504]}},
{"type":"Feature","properties":{"id":"node/10975220046","name":"Obiozara","name_en":null,"name_yo":null,"place":"town","landuse":null,"population":null,"is_in":null,"source":null,"adm0_pcode":"NGA","adm0_name":"Nigeria","adm1_pcode":"NG011","adm1_name":"Ebonyi","adm2_pcode":"NG011011","adm2_name":"Ohaozara","adm3_pcode":null,"adm3_name":null,"adm4_pcode":null,"adm4_name":null,"name_latin":"Obiozara"},"geometry":{"type":"Point","coordinates":[7.7593485,6.0451574]}},
{"type":"Feature","properties":{"id":"node/501476269","name":"Agbanyim","name_en":null,"name_yo":null,"place":"village","landuse":null,"population":null,"is_in":null,"source":null,"adm0_pcode":"NGA","adm0_name":"Nigeria","adm1_pcode":"NG011","adm1_name":"Ebonyi","adm2_pcode":"NG011007","adm2_name":"Ikwo","adm3_pcode":null,"adm3_name":null,"adm4_pcode":null,"adm4_name":null,"name_latin":"Agbanyim"},"geometry":{"type":"Point","coordinates":[8.203398,6.045212]}},
{"type":"Feature","properties":{"id":"node/501476677","name":"Udomowo","name_en":null,"name_yo":null,"place":"village","landuse":null,"population":null,"is_in":null,"source":null,"adm0_pcode":"NGA","adm0_name":"Nigeria","adm1_pcode":"NG011","adm1_name":"Ebonyi","adm2_pcode":"NG011007","adm2_name":"Ikwo","adm3_pcode":null,"adm3_name":null,"adm4_pcode":null,"adm4_name":null,"name_latin":"Udomowo"},"geometry":{"type":"Point","coordinates":[8.231496,6.056072]}},
{"type":"Feature","properties":{"id":"node/501527036","name":"Imogu","name_en":null,"name_yo":null,"place":"village","landuse":null,"population":null,"is_in":null,"source":null,"adm0_pcode":"NGA","adm0_name":"Nigeria","adm1_pcode":"NG011","adm1_name":"Ebonyi","adm2_pcode":"NG011007","adm2_name":"Ikwo","adm3_pcode":null,"adm3_name":null,"adm4_pcode":null,"adm4_name":null,"name_latin":"Imogu"},"geometry":{"type":"Point","coordinates":[8.165322,6.057719]}},
{"type":"Feature","properties":{"id":"node/501379496","name":"Rim","name_en":null,"name_yo":null,"place":"village","landuse":null,"population":null,"is_in":null,"source":null,"adm0_pcode":"NGA","adm0_name":"Nigeria","adm1_pcode":"NG032","adm1_name":"Plateau","adm2_pcode":"NG032015","adm2_name":"Riyom","adm3_pcode":null,"adm3_name":null,"adm4_pcode":null,"adm4_name":null,"name_latin":"Rim"},"geometry":{"type":"Point","coordinates":[8.75,9.55]}},
{"type":"Feature","properties":{"id":"node/501494598","name":"Manyi","name_en":null,"name_yo":null,"place":"village","landuse":null,"population":null,"is_in":null,"source":null,"adm0_pcode":"NGA","adm0_name":"Nigeria","adm1_pcode":"NG032","adm1_name":"Plateau","adm2_pcode":"NG032015","adm2_name":"Riyom","adm3_pcode":null,"adm3_name":null,"adm4_pcode":null,"adm4_name":null,"name_latin":"Manyi"},"geometry":{"type":"Point","coordinates":[8.583333,9.533333]}},
{"type":"Feature","properties":{"id":"node/501473831","name":"Assob Hausa","name_en":null,"name_yo":null,"place":"village","landuse":null,"population":null,"is_in":null,"source":null,"adm0_pcode":"NGA","adm0_name":"Nigeria","adm1_pcode":"NG032","adm1_name":"Plateau","adm2_pcode":"NG032015","adm2_name":"Riyom","adm3_pcode":null,"adm3_name":null,"adm4_pcode":null,"adm4_name":null,"name_latin":"Assob Hausa"},"geometry":{"type":"Point","coordinates":[8.65,9.533333]}},
{"type":"Feature","properties":{"id":"node/501440415","name":"Shua","name_en":null,"name_yo":null,"place":"hamlet","landuse":null,"population":null,"is_in":null,"source":null,"adm0_pcode":"NGA","adm0_name":"Nigeria","adm1_pcode":"NG032","adm1_name":"Plateau","adm2_pcode":"NG032015","adm2_name":"Riyom","adm3_pcode":null,"adm3_name":null,"adm4_pcode":null,"adm4_name":null,"name_latin":"Shua"},"geometry":{"type":"Point","coordinates":[8.816667,9.533333]}},
{"type":"Feature","properties":{"id":"node/501329006","name":"Barakin","name_en":null,"name_yo":null,"place":"village","landuse":null,"population":null,"is_in":null,"source":null,"adm0_pcode":"NGA","adm0_name":"Nigeria","adm1_pcode":"NG032","adm1_name":"Plateau","adm2_pcode":"NG032001","adm2_name":"Barikin Ladi","adm3_pcode":null,"adm3_name":null,"adm4_pcode":null,"adm4_name":null,"name_latin":"Barakin"},"geometry":{"type":"Point","coordinates":[8.9,9.533333]}},
{"type":"Feature","properties":{"id":"node/501492408","name":"Bar-n-John","name_en":null,"name_yo":null,"place":"village","landuse":null,"population":null,"is_in":null,"source":null,"adm0_pcode":"NGA","adm0_name":"Nigeria","adm1_pcode":"NG032","adm1_name":"Plateau","adm2_pcode":"NG032001","adm2_name":"Barikin Ladi","adm3_pcode":null,"adm3_name":null,"adm4_pcode":null,"adm4_name":null,"name_latin":"Bar-n-John"},"geometry":{"type":"Point","coordinates":[8.95,9.533333]}},
{"type":"Feature","properties":{"id":"node/501528761","name":"Soki Kafuta","name_en":null,"name_yo":null,"place":"village","landuse":null,"population":null,"is_in":null,"source":null,"adm0_pcode":"NGA","adm0_name":"Nigeria","adm1_pcode":"NG032","adm1_name":"Plateau","adm2_pcode":"NG032001","adm2_name":"Barikin Ladi","adm3_pcode":null,"adm3_name":null,"adm4_pcode":null,"adm4_name":null,"name_latin":"Soki Kafuta"},"geometry":{"type":"Point","coordinates":[8.9839411,9.5293568]}},
{"type":"Feature","properties":{"id":"node/501495137","name":"Soka ca Futa","name_en":null,"name_yo":null,"place":"village","landuse":null,"population":null,"is_in":null,"source":null,"adm0_pcode":"NGA","adm0_name":"Nigeria","adm1_pcode":"NG032","adm1_name":"Plateau","adm2_pcode":"NG032001","adm2_name":"Barikin Ladi","adm3_pcode":null,"adm3_name":null,"adm4_pcode":null,"adm4_name":null,"name_latin":"Soka ca Futa"},"geometry":{"type":"Point","coordinates":[8.9888334,9.5271284]}},
{"type":"Feature","properties":{"id":"node/501524218","name":"Sho","name_en":null,"name_yo":null,"place":"village","landuse":null,"population":null,"is_in":null,"source":null,"adm0_pcode":"NGA","adm0_name":"Nigeria","adm1_pcode":"NG032","adm1_name":"Plateau","adm2_pcode":"NG032001","adm2_name":"Barikin Ladi","adm3_pcode":null,"adm3_name":null,"adm4_pcode":null,"adm4_name":null,"name_latin":"Sho"},"geometry":{"type":"Point","coordinates":[8.8364094,9.5219464]}},
{"type":"Feature","properties":{"id":"node/501492451","name":"Barakin Sho","name_en":null,"name_yo":null,"place":"hamlet","landuse":null,"population":null,"is_in":null,"source":null,"adm0_pcode":"NGA","adm0_name":"Nigeria","adm1_pcode":"NG032","adm1_name":"Plateau","adm2_pcode":"NG032015","adm2_name":"Riyom","adm3_pcode":null,"adm3_name":null,"adm4_pcode":null,"adm4_name":null,"name_latin":"Barakin Sho"},"geometry":{"type":"Point","coordinates":[8.816667,9.516667]}},
{"type":"Feature","properties":{"id":"node/501417166","name":"Dorowa","name_en":null,"name_yo":null,"place":"village","landuse":null,"population":null,"is_in":null,"source":null,"adm0_pcode":"NGA","adm0_name":"Nigeria","adm1_pcode":"NG032","adm1_name":"Plateau","adm2_pcode":"NG032001","adm2_name":"Barikin Ladi","adm3_pcode":null,"adm3_name":null,"adm4_pcode":null,"adm4_name":null,"name_latin":"Dorowa"},"geometry":{"type":"Point","coordinates":[8.9673976,9.5164067]}},
{"type":"Feature","properties":{"id":"node/501371446","name":"Mangu Halle","name_en":null,"name_yo":null,"place":"village","landuse":null,"population":null,"is_in":null,"source":null,"adm0_pcode":"NGA","adm0_name":"Nigeria","adm1_pcode":"NG032","adm1_name":"Plateau","adm2_pcode":"NG032011","adm2_name":"Mangu","adm3_pcode":null,"adm3_name":null,"adm4_pcode":null,"adm4_name":null,"name_latin":"Mangu Halle"},"geometry":{"type":"Point","coordinates":[9.1070433,9.5064431]}},
{"type":"Feature","properties":{"id":"node/501473271","name":"Gennaret","name_en":null,"name_yo":null,"place":"village","landuse":null,"population":null,"is_in":null,"source":null,"adm0_pcode":"NGA","adm0_name":"Nigeria","adm1_pcode":"NG032","adm1_name":"Plateau","adm2_pcode":"NG032013","adm2_name":"Pankshin","adm3_pcode":null,"adm3_name":null,"adm4_pcode":null,"adm4_name":null,"name_latin":"Gennaret"},"geometry":{"type":"Point","coordinates":[9.2726751,9.5020169]}},
{"type":"Feature","properties":{"id":"node/501509172","name":"Ropp","name_en":null,"name_yo":null,"place":"village","landuse":null,"population":null,"is_in":null,"source":null,"adm0_pcode":"NGA","adm0_name":"Nigeria","adm1_pcode":"NG032","adm1_name":"Plateau","adm2_pcode":"NG032001","adm2_name":"Barikin Ladi","adm3_pcode":null,"adm3_name":null,"adm4_pcode":null,"adm4_name":null,"name_latin":"Ropp"},"geometry":{"type":"Point","coordinates":[8.916667,9.5]}},
{"type":"Feature","properties":{"id":"node/501411718","name":"Mangu Town","name_en":null,"name_yo":null,"place":"town","landuse":null,"population":null,"is_in":null,"source":null,"adm0_pcode":"NGA","adm0_name":"Nigeria","adm1_pcode":"NG032","adm1_name":"Plateau","adm2_pcode":"NG032011","adm2_name":"Mangu","adm3_pcode":null,"adm3_name":null,"adm4_pcode":null,"adm4_name":null,"name_latin":"Mangu Town"},"geometry":{"type":"Point","coordinates":[9.1409637,9.4857537]}},
{"type":"Feature","properties":{"id":"node/501504921","name":"Mangu","name_en":null,"name_yo":null,"place":"village","landuse":null,"population":null,"is_in":null,"source":null,"adm0_pcode":"NGA","adm0_name":"Nigeria","adm1_pcode":"NG032","adm1_name":"Plateau","adm2_pcode":"NG032011","adm2_name":"Mangu","adm3_pcode":null,"adm3_name":null,"adm4_pcode":null,"adm4_name":null,"name_latin":"Mangu"},"geometry":{"type":"Point","coordinates":[9.1581676,9.4762394]}},
{"type":"Feature","properties":{"id":"node/501413396","name":"Afang","name_en":null,"name_yo":null,"place":"village","landuse":null,"population":null,"is_in":null,"source":null,"adm0_pcode":"NGA","adm0_name":"Nigeria","adm1_pcode":"NG032","adm1_name":"Plateau","adm2_pcode":"NG032015","adm2_name":"Riyom","adm3_pcode":null,"adm3_name":null,"adm4_pcode":null,"adm4_name":null,"name_latin":"Afang"},"geometry":{"type":"Point","coordinates":[8.683333,9.466667]}},
{"type":"Feature","properties":{"id":"node/501519707","name":"Gashish","name_en":null,"name_yo":null,"place":"village","landuse":null,"population":null,"is_in":null,"source":null,"adm0_pcode":"NGA","adm0_name":"Nigeria","adm1_pcode":"NG032","adm1_name":"Plateau","adm2_pcode":"NG032015","adm2_name":"Riyom","adm3_pcode":null,"adm3_name":null,"adm4_pcode":null,"adm4_name":null,"name_latin":"Gashish"},"geometry":{"type":"Point","coordinates":[8.766667,9.45]}},
{"type":"Feature","properties":{"id":"node/501425500","name":"Major Porter","name_en":null,"name_yo":null,"place":"village","landuse":null,"population":null,"is_in":null,"source":null,"adm0_pcode":"NGA","adm0_name":"Nigeria","adm1_pcode":"NG032","adm1_name":"Plateau","adm2_pcode":"NG032001","adm2_name":"Barikin Ladi","adm3_pcode":null,"adm3_name":null,"adm4_pcode":null,"adm4_name":null,"name_latin":"Major Porter"},"geometry":{"type":"Point","coordinates":[8.9350121,9.4474082]}},
{"type":"Feature","properties":{"id":"node/501516990","name":"Gana Daji","name_en":null,"name_yo":null,"place":"village","landuse":null,"population":null,"is_in":null,"source":null,"adm0_pcode":"NGA","adm0_name":"Nigeria","adm1_pcode":"NG032","adm1_name":"Plateau","adm2_pcode":"NG032001","adm2_name":"Barikin Ladi","adm3_pcode":null,"adm3_name":null,"adm4_pcode":null,"adm4_name":null,"name_latin":"Gana Daji"},"geometry":{"type":"Point","coordinates":[8.9615129,9.443323]}},
{"type":"Feature","properties":{"id":"node/501459526","name":"Bugundu","name_en":null,"name_yo":null,"place":"village","landuse":null,"population":null,"is_in":null,"source":null,"adm0_pcode":"NGA","adm0_name":"Nigeria","adm1_pcode":"NG032","adm1_name":"Plateau","adm2_pcode":"NG032001","adm2_name":"Barikin Ladi","adm3_pcode":null,"adm3_name":null,"adm4_pcode":null,"adm4_name":null,"name_latin":"Bugundu"},"geometry":{"type":"Point","coordinates":[8.9410685,9.4348803]}},
{"type":"Feature","properties":{"id":"node/501472568","name":"Gashish","name_en":null,"name_yo":null,"place":"village","landuse":null,"population":null,"is_in":null,"source":null,"adm0_pcode":"NGA","adm0_name":"Nigeria","adm1_pcode":"NG032","adm1_name":"Plateau","adm2_pcode":"NG032001","adm2_name":"Barikin Ladi","adm3_pcode":null,"adm3_name":null,"adm4_pcode":null,"adm4_name":null,"name_latin":"Gashish"},"geometry":{"type":"Point","coordinates":[8.7537336,9.4332568]}},
{"type":"Feature","properties":{"id":"node/501473875","name":"Gwol","name_en":null,"name_yo":null,"place":"village","landuse":null,"population":null,"is_in":null,"source":null,"adm0_pcode":"NGA","adm0_name":"Nigeria","adm1_pcode":"NG032","adm1_name":"Plateau","adm2_pcode":"NG032001","adm2_name":"Barikin Ladi","adm3_pcode":null,"adm3_name":null,"adm4_pcode":null,"adm4_name":null,"name_latin":"Gwol"},"geometry":{"type":"Point","coordinates":[8.9275663,9.4177043]}},
{"type":"Feature","properties":{"id":"node/501448579","name":"Durumi","name_en":null,"name_yo":null,"place":"village","landuse":null,"population":null,"is_in":null,"source":null,"adm0_pcode":"NGA","adm0_name":"Nigeria","adm1_pcode":"NG032","adm1_name":"Plateau","adm2_pcode":"NG032001","adm2_name":"Barikin Ladi","adm3_pcode":null,"adm3_name":null,"adm4_pcode":null,"adm4_name":null,"name_latin":"Durumi"},"geometry":{"type":"Point","coordinates":[8.9284675,9.4167739]}},
{"type":"Feature","properties":{"id":"node/501492391","name":"Durimi","name_en":null,"name_yo":null,"place":"village","landuse":null,"population":null,"is_in":null,"source":null,"adm0_pcode":"NGA","adm0_name":"Nigeria","adm1_pcode":"NG032","adm1_name":"Plateau","adm2_pcode":"NG032001","adm2_name":"Barikin Ladi","adm3_pcode":null,"adm3_name":null,"adm4_pcode":null,"adm4_name":null,"name_latin":"Durimi"},"geometry":{"type":"Point","coordinates":[8.9290468,9.4155916]}},
{"type":"Feature","properties":{"id":"node/501271858","name":"Duwop","name_en":null,"name_yo":null,"place":"village","landuse":null,"population":null,"is_in":null,"source":null,"adm0_pcode":"NGA","adm0_name":"Nigeria","adm1_pcode":"NG032","adm1_name":"Plateau","adm2_pcode":"NG032011","adm2_name":"Mangu","adm3_pcode":null,"adm3_name":null,"adm4_pcode":null,"adm4_name":null,"name_latin":"Duwop"},"geometry":{"type":"Point","coordinates":[9.2161348,9.4151725]}},
{"type":"Feature","properties":{"id":"node/501425457","name":"Panyam","name_en":null,"name_yo":null,"place":"village","landuse":null,"population":null,"is_in":null,"source":null,"adm0_pcode":"NGA","adm0_name":"Nigeria","adm1_pcode":"NG032","adm1_name":"Plateau","adm2_pcode":"NG032011","adm2_name":"Mangu","adm3_pcode":null,"adm3_name":null,"adm4_pcode":null,"adm4_name":null,"name_latin":"Panyam"},"geometry":{"type":"Point","coordinates":[9.2145255,9.4094358]}},
{"type":"Feature","properties":{"id":"node/501369899","name":"Kurra","name_en":null,"name_yo":null,"place":"village","landuse":null,"population":null,"is_in":null,"source":null,"adm0_pcode":"NGA","adm0_name":"Nigeria","adm1_pcode":"NG032","adm1_name":"Plateau","adm2_pcode":"NG032001","adm2_name":"Barikin Ladi","adm3_pcode":null,"adm3_name":null,"adm4_pcode":null,"adm4_name":null,"name_latin":"Kurra"},"geometry":{"type":"Point","coordinates":[8.7428803,9.4007812]}},
{"type":"Feature","properties":{"id":"node/501424046","name":"Vodni","name_en":null,"name_yo":null,"place":"village","landuse":null,"population":null,"is_in":null,"source":null,"adm0_pcode":"NGA","adm0_name":"Nigeria","adm1_pcode":"NG032","adm1_name":"Plateau","adm2_pcode":"NG032011","adm2_name":"Mangu","adm3_pcode":null,"adm3_name":null,"adm4_pcode":null,"adm4_name":null,"name_latin":"Vodni"},"geometry":{"type":"Point","coordinates":[9.2732508,9.4002413]}},
{"type":"Feature","properties":{"id":"node/501492419","name":"Baron","name_en":null,"name_yo":null,"place":"village","landuse":null,"population":null,"is_in":null,"source":null,"adm0_pcode":"NGA","adm0_name":"Nigeria","adm1_pcode":"NG032","adm1_name":"Plateau","adm2_pcode":"NG032011","adm2_name":"Mangu","adm3_pcode":null,"adm3_name":null,"adm4_pcode":null,"adm4_name":null,"name_latin":"Baron"},"geometry":{"type":"Point","coordinates":[9.15,9.4]}},
{"type":"Feature","properties":{"id":"node/501441938","name":"Mianga","name_en":null,"name_yo":null,"place":"village","landuse":null,"population":null,"is_in":null,"source":null,"adm0_pcode":"NGA","adm0_name":"Nigeria","adm1_pcode":"NG032","adm1_name":"Plateau","adm2_pcode":"NG032003","adm2_name":"Bokkos","adm3_pcode":null,"adm3_name":null,"adm4_pcode":null,"adm4_name":null,"name_latin":"Mianga"},"geometry":{"type":"Point","coordinates":[8.8982126,9.3995036]}},
{"type":"Feature","properties":{"id":"node/501475339","name":"Dutsin Kurra","name_en":null,"name_yo":null,"place":"village","landuse":null,"population":null,"is_in":null,"source":null,"adm0_pcode":"NGA","adm0_name":"Nigeria","adm1_pcode":"NG032","adm1_name":"Plateau","adm2_pcode":"NG032001","adm2_name":"Barikin Ladi","adm3_pcode":null,"adm3_name":null,"adm4_pcode":null,"adm4_name":null,"name_latin":"Dutsin Kurra"},"geometry":{"type":"Point","coordinates":[8.7388957,9.3991892]}},
{"type":"Feature","properties":{"id":"node/501490341","name":"Maiyanga","name_en":null,"name_yo":null,"place":"village","landuse":null,"population":null,"is_in":null,"source":null,"adm0_pcode":"NGA","adm0_name":"Nigeria","adm1_pcode":"NG032","adm1_name":"Plateau","adm2_pcode":"NG032003","adm2_name":"Bokkos","adm3_pcode":null,"adm3_name":null,"adm4_pcode":null,"adm4_name":null,"name_latin":"Maiyanga"},"geometry":{"type":"Point","coordinates":[8.8988188,9.3990209]}},
{"type":"Feature","properties":{"id":"node/501391756","name":"Tenti","name_en":null,"name_yo":null,"place":"village","landuse":null,"population":null,"is_in":null,"source":null,"adm0_pcode":"NGA","adm0_name":"Nigeria","adm1_pcode":"NG032","adm1_name":"Plateau","adm2_pcode":"NG032003","adm2_name":"Bokkos","adm3_pcode":null,"adm3_name":null,"adm4_pcode":null,"adm4_name":null,"name_latin":"Tenti"},"geometry":{"type":"Point","coordinates":[8.8722718,9.3875819]}},
{"type":"Feature","properties":{"id":"node/501515823","name":"Ozarra","name_en":null,"name_yo":null,"place":"village","landuse":null,"population":null,"is_in":null,"source":null,"adm0_pcode":"NGA","adm0_name":"Nigeria","adm1_pcode":"NG010","adm1_name":"Delta","adm2_pcode":"NG010008","adm2_name":"Ika South","adm3_pcode":null,"adm3_name":null,"adm4_pcode":null,"adm4_name":null,"name_latin":"Ozarra"},"geometry":{"type":"Point","coordinates":[6.123776,6.313751]}},
{"type":"Feature","properties":{"id":"node/501468968","name":"Ozarra","name_en":null,"name_yo":null,"place":"village","landuse":null,"population":null,"is_in":null,"source":null,"adm0_pcode":"NGA","adm0_name":"Nigeria","adm1_pcode":"NG010","adm1_name":"Delta","adm2_pcode":"NG010008","adm2_name":"Ika South","adm3_pcode":null,"adm3_name":null,"adm4_pcode":null,"adm4_name":null,"name_latin":"Ozarra"},"geometry":{"type":"Point","coordinates":[6.143197,6.320555]}},
{"type":"Feature","properties":{"id":"node/501476298","name":"Ugbala","name_en":null,"name_yo":null,"place":"village","landuse":null,"population":null,"is_in":null,"source":null,"adm0_pcode":"NGA","adm0_name":"Nigeria","adm1_pcode":"NG011","adm1_name":"Ebonyi","adm2_pcode":"NG011004","adm2_name":"Ebonyi","adm3_pcode":null,"adm3_name":null,"adm4_pcode":null,"adm4_name":null,"name_latin":"Ugbala"},"geometry":{"type":"Point","coordinates":[8.156757,6.664534]}},
{"type":"Feature","properties":{"id":"node/501483497","name":"Ibenta Ezza","name_en":null,"name_yo":null,"place":"village","landuse":null,"population":null,"is_in":null,"source":null,"adm0_pcode":"NGA","adm0_name":"Nigeria","adm1_pcode":"NG011","adm1_name":"Ebonyi","adm2_pcode":"NG011012","adm2_name":"Ohaukwu","adm3_pcode":null,"adm3_name":null,"adm4_pcode":null,"adm4_name":null,"name_latin":"Ibenta Ezza"},"geometry":{"type":"Point","coordinates":[8.066667,6.666667]}},
{"type":"Feature","properties":{"id":"node/9570599797","name":"Inikiri Bernard","name_en":null,"name_yo":null,"place":"village","landuse":null,"population":null,"is_in":null,"source":null,"adm0_pcode":"NGA","adm0_name":"Nigeria","adm1_pcode":"NG011","adm1_name":"Ebonyi","adm2_pcode":"NG011012","adm2_name":"Ohaukwu","adm3_pcode":null,"adm3_name":null,"adm4_pcode":null,"adm4_name":null,"name_latin":"Inikiri Bernard"},"geometry":{"type":"Point","coordinates":[8.0013892,6.6750014]}},
{"type":"Feature","properties":{"id":"way/1039168974","name":"Inikiri Umuezeoka","name_en":null,"name_yo":null,"place":"village","landuse":null,"population":null,"is_in":null,"source":null,"adm0_pcode":"NGA","adm0_name":"Nigeria","adm1_pcode":"NG011","adm1_name":"Ebonyi","adm2_pcode":"NG011012","adm2_name":"Ohaukwu","adm3_pcode":null,"adm3_name":null,"adm4_pcode":null,"adm4_name":null,"name_latin":"Inikiri Umuezeoka"},"geometry":{"type":"Polygon","coordinates":[[[7.9962436,6.6884385],[8.0130154,6.6848255],[8.0156854,6.6777855],[8.0106442,6.6631631],[8.0012628,6.6618634],[7.99082,6.6651388],[7.9862344,6.6774131],[7.9962436,6.6884385]]]}},
{"type":"Feature","properties":{"id":"node/501517965","name":"Ndiogbokote","name_en":null,"name_yo":null,"place":"village","landuse":null,"population":null,"is_in":null,"source":null,"adm0_pcode":"NGA","adm0_name":"Nigeria","adm1_pcode":"NG011","adm1_name":"Ebonyi","adm2_pcode":"NG011010","adm2_name":"Izzi","adm3_pcode":null,"adm3_name":null,"adm4_pcode":null,"adm4_name":null,"name_latin":"Ndiogbokote"},"geometry":{"type":"Point","coordinates":[8.266667,6.683333]}},
{"type":"Feature","properties":{"id":"node/501493546","name":"Ozante","name_en":null,"name_yo":null,"place":"village","landuse":null,"population":null,"is_in":null,"source":null,"adm0_pcode":"NGA","adm0_name":"Nigeria","adm1_pcode":"NG011","adm1_name":"Ebonyi","adm2_pcode":"NG011004","adm2_name":"Ebonyi","adm3_pcode":null,"adm3_name":null,"adm4_pcode":null,"adm4_name":null,"name_latin":"Ozante"},"geometry":{"type":"Point","coordinates":[8.1688845,6.686631]}},
{"type":"Feature","properties":{"id":"node/501373153","name":"Ohaglede","name_en":null,"name_yo":null,"place":"village","landuse":null,"population":null,"is_in":null,"source":null,"adm0_pcode":"NGA","adm0_name":"Nigeria","adm1_pcode":"NG011","adm1_name":"Ebonyi","adm2_pcode":"NG011004","adm2_name":"Ebonyi","adm3_pcode":null,"adm3_name":null,"adm4_pcode":null,"adm4_name":null,"name_latin":"Ohaglede"},"geometry":{"type":"Point","coordinates":[8.1443,6.692]}},
{"type":"Feature","properties":{"id":"node/501473036","name":"Azu Owuchele","name_en":null,"name_yo":null,"place":"village","landuse":null,"population":null,"is_in":null,"source":null,"adm0_pcode":"NGA","adm0_name":"Nigeria","adm1_pcode":"NG011","adm1_name":"Ebonyi","adm2_pcode":"NG011012","adm2_name":"Ohaukwu","adm3_pcode":null,"adm3_name":null,"adm4_pcode":null,"adm4_name":null,"name_latin":"Azu Owuchele"},"geometry":{"type":"Point","coordinates":[8.033333,6.7]}},
{"type":"Feature","properties":{"id":"node/501373080","name":"Ndegbaraso","name_en":null,"name_yo":null,"place":"village","landuse":null,"population":null,"is_in":null,"source":null,"adm0_pcode":"NGA","adm0_name":"Nigeria","adm1_pcode":"NG011","adm1_name":"Ebonyi","adm2_pcode":"NG011004","adm2_name":"Ebonyi","adm3_pcode":null,"adm3_name":null,"adm4_pcode":null,"adm4_name":null,"name_latin":"Ndegbaraso"},"geometry":{"type":"Point","coordinates":[8.142645,6.705366]}},
{"type":"Feature","properties":{"id":"node/501476250","name":"Ofianko","name_en":null,"name_yo":null,"place":"village","landuse":null,"population":null,"is_in":null,"source":null,"adm0_pcode":"NGA","adm0_name":"Nigeria","adm1_pcode":"NG011","adm1_name":"Ebonyi","adm2_pcode":"NG011010","adm2_name":"Izzi","adm3_pcode":null,"adm3_name":null,"adm4_pcode":null,"adm4_name":null,"name_latin":"Ofianko"},"geometry":{"type":"Point","coordinates":[8.251595,6.708403]}},
{"type":"Feature","properties":{"id":"node/501331538","name":"Leke-Onueme","name_en":null,"name_yo":null,"place":"village","landuse":null,"population":null,"is_in":null,"source":null,"adm0_pcode":"NGA","adm0_name":"Nigeria","adm1_pcode":"NG014","adm1_name":"Enugu","adm2_pcode":"NG014010","adm2_name":"Isi-Uzo","adm3_pcode":null,"adm3_name":null,"adm4_pcode":null,"adm4_name":null,"name_latin":"Leke-Onueme"},"geometry":{"type":"Point","coordinates":[7.6424,6.7193]}},
{"type":"Feature","properties":{"id":"node/501373089","name":"Edukwu Iyima","name_en":null,"name_yo":null,"place":"village","landuse":null,"population":null,"is_in":null,"source":null,"adm0_pcode":"NGA","adm0_name":"Nigeria","adm1_pcode":"NG011","adm1_name":"Ebonyi","adm2_pcode":"NG011004","adm2_name":"Ebonyi","adm3_pcode":null,"adm3_name":null,"adm4_pcode":null,"adm4_name":null,"name_latin":"Edukwu Iyima"},"geometry":{"type":"Point","coordinates":[8.175235,6.7208]}},
{"type":"Feature","properties":{"id":"node/501394540","name":"Akpochi","name_en":null,"name_yo":null,"place":"village","landuse":null,"population":null,"is_in":null,"source":null,"adm0_pcode":"NGA","adm0_name":"Nigeria","adm1_pcode":"NG014","adm1_name":"Enugu","adm2_pcode":"NG014010","adm2_name":"Isi-Uzo","adm3_pcode":null,"adm3_name":null,"adm4_pcode":null,"adm4_name":null,"name_latin":"Akpochi"},"geometry":{"type":"Point","coordinates":[7.6127,6.753]}},
{"type":"Feature","properties":{"id":"node/501496827","name":"Iseagu","name_en":null,"name_yo":null,"place":"village","landuse":null,"population":null,"is_in":null,"source":null,"adm0_pcode":"NGA","adm0_name":"Nigeria","adm1_pcode":"NG014","adm1_name":"Enugu","adm2_pcode":"NG014010","adm2_name":"Isi-Uzo","adm3_pcode":null,"adm3_name":null,"adm4_pcode":null,"adm4_name":null,"name_latin":"Iseagu"},"geometry":{"type":"Point","coordinates":[7.566,6.7567]}},
{"type":"Feature","properties":{"id":"node/14008694673","name":"Ikem","name_en":null,"name_yo":null,"place":"town","landuse":null,"population":null,"is_in":null,"source":null,"adm0_pcode":"NGA","adm0_name":"Nigeria","adm1_pcode":"NG014","adm1_name":"Enugu","adm2_pcode":"NG014010","adm2_name":"Isi-Uzo","adm3_pcode":null,"adm3_name":null,"adm4_pcode":null,"adm4_name":null,"name_latin":"Ikem"},"geometry":{"type":"Point","coordinates":[7.7126443,6.7750825]}},
{"type":"Feature","properties":{"id":"node/501431779","name":"Akpoga-Ndiagu","name_en":null,"name_yo":null,"place":"village","landuse":null,"population":null,"is_in":null,"source":null,"adm0_pcode":"NGA","adm0_name":"Nigeria","adm1_pcode":"NG014","adm1_name":"Enugu","adm2_pcode":"NG014010","adm2_name":"Isi-Uzo","adm3_pcode":null,"adm3_name":null,"adm4_pcode":null,"adm4_name":null,"name_latin":"Akpoga-Ndiagu"},"geometry":{"type":"Point","coordinates":[7.6208,6.8194]}},
{"type":"Feature","properties":{"id":"node/501522267","name":"Akpoga","name_en":null,"name_yo":null,"place":"village","landuse":null,"population":null,"is_in":null,"source":null,"adm0_pcode":"NGA","adm0_name":"Nigeria","adm1_pcode":"NG014","adm1_name":"Enugu","adm2_pcode":"NG014013","adm2_name":"Nsukka","adm3_pcode":null,"adm3_name":null,"adm4_pcode":null,"adm4_name":null,"name_latin":"Akpoga"},"geometry":{"type":"Point","coordinates":[7.6204,6.8314]}},
{"type":"Feature","properties":{"id":"node/501514385","name":"Ogbodu-Aba","name_en":null,"name_yo":null,"place":"village","landuse":null,"population":null,"is_in":null,"source":null,"adm0_pcode":"NGA","adm0_name":"Nigeria","adm1_pcode":"NG014","adm1_name":"Enugu","adm2_pcode":"NG014013","adm2_name":"Nsukka","adm3_pcode":null,"adm3_name":null,"adm4_pcode":null,"adm4_name":null,"name_latin":"Ogbodu-Aba"},"geometry":{"type":"Point","coordinates":[7.6149665,6.841843]}},
{"type":"Feature","properties":{"id":"node/501464641","name":"Amala","name_en":null,"name_yo":null,"place":"village","landuse":null,"population":null,"is_in":null,"source":null,"adm0_pcode":"NGA","adm0_name":"Nigeria","adm1_pcode":"NG014","adm1_name":"Enugu","adm2_pcode":"NG014015","adm2_name":"Udenu","adm3_pcode":null,"adm3_name":null,"adm4_pcode":null,"adm4_name":null,"name_latin":"Amala"},"geometry":{"type":"Point","coordinates":[7.5588,6.9427]}},
{"type":"Feature","properties":{"id":"node/501509142","name":"Monguna","name_en":null,"name_yo":null,"place":"village","landuse":null,"population":null,"is_in":null,"source":null,"adm0_pcode":"NGA","adm0_name":"Nigeria","adm1_pcode":"NG032","adm1_name":"Plateau","adm2_pcode":"NG032003","adm2_name":"Bokkos","adm3_pcode":null,"adm3_name":null,"adm4_pcode":null,"adm4_name":null,"name_latin":"Monguna"},"geometry":{"type":"Point","coordinates":[8.8,9.333333]}},
{"type":"Feature","properties":{"id":"node/501517452","name":"Monguna Hausawa","name_en":null,"name_yo":null,"place":"village","landuse":null,"population":null,"is_in":null,"source":null,"adm0_pcode":"NGA","adm0_name":"Nigeria","adm1_pcode":"NG032","adm1_name":"Plateau","adm2_pcode":"NG032003","adm2_name":"Bokkos","adm3_pcode":null,"adm3_name":null,"adm4_pcode":null,"adm4_name":null,"name_latin":"Monguna Hausawa"},"geometry":{"type":"Point","coordinates":[8.8734992,9.3241352]}},
{"type":"Feature","properties":{"id":"node/501501594","name":"Hausa","name_en":null,"name_yo":null,"place":"village","landuse":null,"population":null,"is_in":null,"source":null,"adm0_pcode":"NGA","adm0_name":"Nigeria","adm1_pcode":"NG032","adm1_name":"Plateau","adm2_pcode":"NG032003","adm2_name":"Bokkos","adm3_pcode":null,"adm3_name":null,"adm4_pcode":null,"adm4_name":null,"name_latin":"Hausa"},"geometry":{"type":"Point","coordinates":[8.8767349,9.3223841]}},
{"type":"Feature","properties":{"id":"node/501501596","name":"Monguna","name_en":null,"name_yo":null,"place":"village","landuse":null,"population":null,"is_in":null,"source":null,"adm0_pcode":"NGA","adm0_name":"Nigeria","adm1_pcode":"NG032","adm1_name":"Plateau","adm2_pcode":"NG032003","adm2_name":"Bokkos","adm3_pcode":null,"adm3_name":null,"adm4_pcode":null,"adm4_name":null,"name_latin":"Monguna"},"geometry":{"type":"Point","coordinates":[8.8754689,9.321156]}},
{"type":"Feature","properties":{"id":"node/501358978","name":"Mpan","name_en":null,"name_yo":null,"place":"village","landuse":null,"population":null,"is_in":null,"source":null,"adm0_pcode":"NGA","adm0_name":"Nigeria","adm1_pcode":"NG032","adm1_name":"Plateau","adm2_pcode":"NG032011","adm2_name":"Mangu","adm3_pcode":null,"adm3_name":null,"adm4_pcode":null,"adm4_name":null,"name_latin":"Mpan"},"geometry":{"type":"Point","coordinates":[9.18843,9.3013722]}},
{"type":"Feature","properties":{"id":"node/501501739","name":"Jibilik","name_en":null,"name_yo":null,"place":"village","landuse":null,"population":null,"is_in":null,"source":null,"adm0_pcode":"NGA","adm0_name":"Nigeria","adm1_pcode":"NG032","adm1_name":"Plateau","adm2_pcode":"NG032013","adm2_name":"Pankshin","adm3_pcode":null,"adm3_name":null,"adm4_pcode":null,"adm4_name":null,"name_latin":"Jibilik"},"geometry":{"type":"Point","coordinates":[9.2602495,9.2881732]}},
{"type":"Feature","properties":{"id":"node/501526171","name":"Hurti","name_en":null,"name_yo":null,"place":"village","landuse":null,"population":null,"is_in":null,"source":null,"adm0_pcode":"NGA","adm0_name":"Nigeria","adm1_pcode":"NG032","adm1_name":"Plateau","adm2_pcode":"NG032003","adm2_name":"Bokkos","adm3_pcode":null,"adm3_name":null,"adm4_pcode":null,"adm4_name":null,"name_latin":"Hurti"},"geometry":{"type":"Point","coordinates":[8.7887704,9.2757898]}},
{"type":"Feature","properties":{"id":"node/501367069","name":"Mbar","name_en":null,"name_yo":null,"place":"village","landuse":null,"population":null,"is_in":null,"source":null,"adm0_pcode":"NGA","adm0_name":"Nigeria","adm1_pcode":"NG032","adm1_name":"Plateau","adm2_pcode":"NG032003","adm2_name":"Bokkos","adm3_pcode":null,"adm3_name":null,"adm4_pcode":null,"adm4_name":null,"name_latin":"Mbar"},"geometry":{"type":"Point","coordinates":[8.9431507,9.2683157]}},
{"type":"Feature","properties":{"id":"node/501470657","name":"Tangu","name_en":null,"name_yo":null,"place":"village","landuse":null,"population":null,"is_in":null,"source":null,"adm0_pcode":"NGA","adm0_name":"Nigeria","adm1_pcode":"NG032","adm1_name":"Plateau","adm2_pcode":"NG032003","adm2_name":"Bokkos","adm3_pcode":null,"adm3_name":null,"adm4_pcode":null,"adm4_name":null,"name_latin":"Tangu"},"geometry":{"type":"Point","coordinates":[9.0003691,9.2670355]}},
{"type":"Feature","properties":{"id":"node/501369841","name":"Gu","name_en":null,"name_yo":null,"place":"village","landuse":null,"population":null,"is_in":null,"source":null,"adm0_pcode":"NGA","adm0_name":"Nigeria","adm1_pcode":"NG032","adm1_name":"Plateau","adm2_pcode":"NG032013","adm2_name":"Pankshin","adm3_pcode":null,"adm3_name":null,"adm4_pcode":null,"adm4_name":null,"name_latin":"Gu"},"geometry":{"type":"Point","coordinates":[9.2820957,9.2590658]}},
{"type":"Feature","properties":{"id":"node/501492023","name":"Daffo","name_en":null,"name_yo":null,"place":"village","landuse":null,"population":null,"is_in":null,"source":null,"adm0_pcode":"NGA","adm0_name":"Nigeria","adm1_pcode":"NG032","adm1_name":"Plateau","adm2_pcode":"NG032003","adm2_name":"Bokkos","adm3_pcode":null,"adm3_name":null,"adm4_pcode":null,"adm4_name":null,"name_latin":"Daffo"},"geometry":{"type":"Point","coordinates":[8.8429361,9.2230035]}},
{"type":"Feature","properties":{"id":"node/501509237","name":"Mangar","name_en":null,"name_yo":null,"place":"village","landuse":null,"population":null,"is_in":null,"source":null,"adm0_pcode":"NGA","adm0_name":"Nigeria","adm1_pcode":"NG032","adm1_name":"Plateau","adm2_pcode":"NG032003","adm2_name":"Bokkos","adm3_pcode":null,"adm3_name":null,"adm4_pcode":null,"adm4_name":null,"name_latin":"Mangar"},"geometry":{"type":"Point","coordinates":[8.6914727,9.2094596]}},
{"type":"Feature","properties":{"id":"node/501518277","name":"Amangam","name_en":null,"name_yo":null,"place":"village","landuse":null,"population":null,"is_in":null,"source":null,"adm0_pcode":"NGA","adm0_name":"Nigeria","adm1_pcode":"NG032","adm1_name":"Plateau","adm2_pcode":"NG032003","adm2_name":"Bokkos","adm3_pcode":null,"adm3_name":null,"adm4_pcode":null,"adm4_name":null,"name_latin":"Amangam"},"geometry":{"type":"Point","coordinates":[8.753282,9.2010601]}},
{"type":"Feature","properties":{"id":"node/501524453","name":"Trum","name_en":null,"name_yo":null,"place":"village","landuse":null,"population":null,"is_in":null,"source":null,"adm0_pcode":"NGA","adm0_name":"Nigeria","adm1_pcode":"NG032","adm1_name":"Plateau","adm2_pcode":"NG032003","adm2_name":"Bokkos","adm3_pcode":null,"adm3_name":null,"adm4_pcode":null,"adm4_name":null,"name_latin":"Trum"},"geometry":{"type":"Point","coordinates":[8.7529842,9.2000535]}},
{"type":"Feature","properties":{"id":"way/198282787","name":"Mistakuku","name_en":null,"name_yo":null,"place":"village","landuse":"residential","population":null,"is_in":null,"source":null,"adm0_pcode":"NGA","adm0_name":"Nigeria","adm1_pcode":"NG032","adm1_name":"Plateau","adm2_pcode":"NG032003","adm2_name":"Bokkos","adm3_pcode":null,"adm3_name":null,"adm4_pcode":null,"adm4_name":null,"name_latin":"Mistakuku"},"geometry":{"type":"Polygon","coordinates":[[[8.7951024,9.1739253],[8.7954458,9.1745078],[8.7957993,9.1747536],[8.7962606,9.1739804],[8.7967869,9.1735016],[8.7968393,9.172922],[8.7958723,9.1725856],[8.7954565,9.1723689],[8.7951234,9.1731224],[8.7950917,9.1738723],[8.7951024,9.1739253]]]}},
{"type":"Feature","properties":{"id":"way/198281899","name":"Passa Kai","name_en":null,"name_yo":null,"place":"village","landuse":"residential","population":null,"is_in":null,"source":null,"adm0_pcode":"NGA","adm0_name":"Nigeria","adm1_pcode":"NG032","adm1_name":"Plateau","adm2_pcode":"NG032003","adm2_name":"Bokkos","adm3_pcode":null,"adm3_name":null,"adm4_pcode":null,"adm4_name":null,"name_latin":"Passa Kai"},"geometry":{"type":"Polygon","coordinates":[[[8.8127723,9.1477324],[8.8138988,9.1489621],[8.8148966,9.1494907],[8.8153043,9.1487916],[8.814986,9.1472476],[8.8153258,9.1463342],[8.8153258,9.1455503],[8.8136521,9.1454868],[8.8123002,9.146207],[8.8127723,9.1477324]]]}},
{"type":"Feature","properties":{"id":"node/501476038","name":"Richa","name_en":null,"name_yo":null,"place":"village","landuse":null,"population":null,"is_in":null,"source":null,"adm0_pcode":"NGA","adm0_name":"Nigeria","adm1_pcode":"NG032","adm1_name":"Plateau","adm2_pcode":"NG032003","adm2_name":"Bokkos","adm3_pcode":null,"adm3_name":null,"adm4_pcode":null,"adm4_name":null,"name_latin":"Richa"},"geometry":{"type":"Point","coordinates":[8.866667,9.133333]}},
{"type":"Feature","properties":{"id":"node/501501119","name":"Jepel","name_en":null,"name_yo":null,"place":"village","landuse":null,"population":null,"is_in":null,"source":null,"adm0_pcode":"NGA","adm0_name":"Nigeria","adm1_pcode":"NG032","adm1_name":"Plateau","adm2_pcode":"NG032011","adm2_name":"Mangu","adm3_pcode":null,"adm3_name":null,"adm4_pcode":null,"adm4_name":null,"name_latin":"Jepel"},"geometry":{"type":"Point","coordinates":[9.166667,9.1]}},
{"type":"Feature","properties":{"id":"node/501526516","name":"Kwong","name_en":null,"name_yo":null,"place":"village","landuse":null,"population":null,"is_in":null,"source":null,"adm0_pcode":"NGA","adm0_name":"Nigeria","adm1_pcode":"NG032","adm1_name":"Plateau","adm2_pcode":"NG032014","adm2_name":"Qua'an Pan","adm3_pcode":null,"adm3_name":null,"adm4_pcode":null,"adm4_name":null,"name_latin":"Kwong"},"geometry":{"type":"Point","coordinates":[9.2648109,9.01952]}},
{"type":"Feature","properties":{"id":"node/501516685","name":"Kurgwi","name_en":null,"name_yo":null,"place":"village","landuse":null,"population":null,"is_in":null,"source":null,"adm0_pcode":"NGA","adm0_name":"Nigeria","adm1_pcode":"NG032","adm1_name":"Plateau","adm2_pcode":"NG032014","adm2_name":"Qua'an Pan","adm3_pcode":null,"adm3_name":null,"adm4_pcode":null,"adm4_name":null,"name_latin":"Kurgwi"},"geometry":{"type":"Point","coordinates":[9.295888,8.78212]}},
{"type":"Feature","properties":{"id":"node/501517522","name":"Emu Obiogo","name_en":null,"name_yo":null,"place":"village","landuse":null,"population":null,"is_in":null,"source":null,"adm0_pcode":"NGA","adm0_name":"Nigeria","adm1_pcode":"NG010","adm1_name":"Delta","adm2_pcode":"NG010012","adm2_name":"Ndokwa West","adm3_pcode":null,"adm3_name":null,"adm4_pcode":null,"adm4_name":null,"name_latin":"Emu Obiogo"},"geometry":{"type":"Point","coordinates":[6.2905207,5.65212]}},
{"type":"Feature","properties":{"id":"node/501504830","name":"Emu Obodeti","name_en":null,"name_yo":null,"place":"village","landuse":null,"population":null,"is_in":null,"source":null,"adm0_pcode":"NGA","adm0_name":"Nigeria","adm1_pcode":"NG010","adm1_name":"Delta","adm2_pcode":"NG010012","adm2_name":"Ndokwa West","adm3_pcode":null,"adm3_name":null,"adm4_pcode":null,"adm4_name":null,"name_latin":"Emu Obodeti"},"geometry":{"type":"Point","coordinates":[6.3196789,5.659183]}},
{"type":"Feature","properties":{"id":"node/501495045","name":"Abbi","name_en":null,"name_yo":null,"place":"town","landuse":null,"population":null,"is_in":null,"source":null,"adm0_pcode":"NGA","adm0_name":"Nigeria","adm1_pcode":"NG010","adm1_name":"Delta","adm2_pcode":"NG010012","adm2_name":"Ndokwa West","adm3_pcode":null,"adm3_name":null,"adm4_pcode":null,"adm4_name":null,"name_latin":"Abbi"},"geometry":{"type":"Point","coordinates":[6.212109,5.6733086]}},
{"type":"Feature","properties":{"id":"node/501444199","name":"Ezionum","name_en":null,"name_yo":null,"place":"village","landuse":null,"population":null,"is_in":null,"source":null,"adm0_pcode":"NGA","adm0_name":"Nigeria","adm1_pcode":"NG010","adm1_name":"Delta","adm2_pcode":"NG010012","adm2_name":"Ndokwa West","adm3_pcode":null,"adm3_name":null,"adm4_pcode":null,"adm4_name":null,"name_latin":"Ezionum"},"geometry":{"type":"Point","coordinates":[6.2306102,5.7282354]}},
{"type":"Feature","properties":{"id":"node/501354623","name":"Umuebu","name_en":null,"name_yo":null,"place":"village","landuse":null,"population":null,"is_in":null,"source":null,"adm0_pcode":"NGA","adm0_name":"Nigeria","adm1_pcode":"NG010","adm1_name":"Delta","adm2_pcode":"NG010021","adm2_name":"Ukwuani","adm3_pcode":null,"adm3_name":null,"adm4_pcode":null,"adm4_name":null,"name_latin":"Umuebu"},"geometry":{"type":"Point","coordinates":[6.1615232,5.7568003]}},
{"type":"Feature","properties":{"id":"node/501499129","name":"Umukwata","name_en":null,"name_yo":null,"place":"village","landuse":null,"population":null,"is_in":null,"source":null,"adm0_pcode":"NGA","adm0_name":"Nigeria","adm1_pcode":"NG010","adm1_name":"Delta","adm2_pcode":"NG010021","adm2_name":"Ukwuani","adm3_pcode":null,"adm3_name":null,"adm4_pcode":null,"adm4_name":null,"name_latin":"Umukwata"},"geometry":{"type":"Point","coordinates":[6.2502439,5.8031063]}},
{"type":"Feature","properties":{"id":"node/501372302","name":"Obiaruku","name_en":null,"name_yo":null,"place":"town","landuse":null,"population":null,"is_in":null,"source":null,"adm0_pcode":"NGA","adm0_name":"Nigeria","adm1_pcode":"NG010","adm1_name":"Delta","adm2_pcode":"NG010021","adm2_name":"Ukwuani","adm3_pcode":null,"adm3_name":null,"adm4_pcode":null,"adm4_name":null,"name_latin":"Obiaruku"},"geometry":{"type":"Point","coordinates":[6.153376,5.841407]}},
{"type":"Feature","properties":{"id":"node/13789187326","name":"Ikengé Ethiope Villa","name_en":null,"name_yo":null,"place":null,"landuse":"residential","population":null,"is_in":null,"source":null,"adm0_pcode":"NGA","adm0_name":"Nigeria","adm1_pcode":"NG010","adm1_name":"Delta","adm2_pcode":"NG010021","adm2_name":"Ukwuani","adm3_pcode":null,"adm3_name":null,"adm4_pcode":null,"adm4_name":null,"name_latin":"Ikenge Ethiope Villa"},"geometry":{"type":"Point","coordinates":[6.1463532,5.8519563]}},
{"type":"Feature","properties":{"id":"node/501508416","name":"Obinomba","name_en":null,"name_yo":null,"place":"village","landuse":null,"population":null,"is_in":null,"source":null,"adm0_pcode":"NGA","adm0_name":"Nigeria","adm1_pcode":"NG010","adm1_name":"Delta","adm2_pcode":"NG010021","adm2_name":"Ukwuani","adm3_pcode":null,"adm3_name":null,"adm4_pcode":null,"adm4_name":null,"name_latin":"Obinomba"},"geometry":{"type":"Point","coordinates":[6.1763794,5.8618045]}},
{"type":"Feature","properties":{"id":"node/501524258","name":"Owah Abe","name_en":null,"name_yo":null,"place":"village","landuse":null,"population":null,"is_in":null,"source":null,"adm0_pcode":"NGA","adm0_name":"Nigeria","adm1_pcode":"NG010","adm1_name":"Delta","adm2_pcode":"NG010021","adm2_name":"Ukwuani","adm3_pcode":null,"adm3_name":null,"adm4_pcode":null,"adm4_name":null,"name_latin":"Owah Abe"},"geometry":{"type":"Point","coordinates":[6.1876218,5.8751016]}},
{"type":"Feature","properties":{"id":"node/9544781266","name":"Obuikwole","name_en":null,"name_yo":null,"place":"village","landuse":null,"population":null,"is_in":null,"source":null,"adm0_pcode":"NGA","adm0_name":"Nigeria","adm1_pcode":"NG010","adm1_name":"Delta","adm2_pcode":"NG010021","adm2_name":"Ukwuani","adm3_pcode":null,"adm3_name":null,"adm4_pcode":null,"adm4_name":null,"name_latin":"Obuikwole"},"geometry":{"type":"Point","coordinates":[6.2119056,5.890324]}},
{"type":"Feature","properties":{"id":"node/501498729","name":"Umutu","name_en":null,"name_yo":null,"place":"village","landuse":null,"population":null,"is_in":null,"source":null,"adm0_pcode":"NGA","adm0_name":"Nigeria","adm1_pcode":"NG010","adm1_name":"Delta","adm2_pcode":"NG010021","adm2_name":"Ukwuani","adm3_pcode":null,"adm3_name":null,"adm4_pcode":null,"adm4_name":null,"name_latin":"Umutu"},"geometry":{"type":"Point","coordinates":[6.2264274,5.9166616]}},
{"type":"Feature","properties":{"id":"node/9544781267","name":"Obi-Ebeti","name_en":null,"name_yo":null,"place":"village","landuse":null,"population":null,"is_in":null,"source":null,"adm0_pcode":"NGA","adm0_name":"Nigeria","adm1_pcode":"NG010","adm1_name":"Delta","adm2_pcode":"NG010021","adm2_name":"Ukwuani","adm3_pcode":null,"adm3_name":null,"adm4_pcode":null,"adm4_name":null,"name_latin":"Obi-Ebeti"},"geometry":{"type":"Point","coordinates":[6.2409914,5.9613785]}},
{"type":"Feature","properties":{"id":"node/501348366","name":"Alidima","name_en":null,"name_yo":null,"place":"village","landuse":null,"population":null,"is_in":null,"source":null,"adm0_pcode":"NGA","adm0_name":"Nigeria","adm1_pcode":"NG010","adm1_name":"Delta","adm2_pcode":"NG010008","adm2_name":"Ika South","adm3_pcode":null,"adm3_name":null,"adm4_pcode":null,"adm4_name":null,"name_latin":"Alidima"},"geometry":{"type":"Point","coordinates":[6.29514,6.023956]}},
{"type":"Feature","properties":{"id":"node/501438307","name":"Obi Iduhan","name_en":null,"name_yo":null,"place":"village","landuse":null,"population":null,"is_in":null,"source":null,"adm0_pcode":"NGA","adm0_name":"Nigeria","adm1_pcode":"NG010","adm1_name":"Delta","adm2_pcode":"NG010008","adm2_name":"Ika South","adm3_pcode":null,"adm3_name":null,"adm4_pcode":null,"adm4_name":null,"name_latin":"Obi Iduhan"},"geometry":{"type":"Point","coordinates":[6.301944,6.054536]}},
{"type":"Feature","properties":{"id":"node/501404222","name":"Akuku Agbor","name_en":null,"name_yo":null,"place":"village","landuse":null,"population":null,"is_in":null,"source":null,"adm0_pcode":"NGA","adm0_name":"Nigeria","adm1_pcode":"NG010","adm1_name":"Delta","adm2_pcode":"NG010008","adm2_name":"Ika South","adm3_pcode":null,"adm3_name":null,"adm4_pcode":null,"adm4_name":null,"name_latin":"Akuku Agbor"},"geometry":{"type":"Point","coordinates":[6.305328,6.080741]}},
{"type":"Feature","properties":{"id":"node/501403317","name":"Oyoko","name_en":null,"name_yo":null,"place":"village","landuse":null,"population":null,"is_in":null,"source":null,"adm0_pcode":"NGA","adm0_name":"Nigeria","adm1_pcode":"NG010","adm1_name":"Delta","adm2_pcode":"NG010008","adm2_name":"Ika South","adm3_pcode":null,"adm3_name":null,"adm4_pcode":null,"adm4_name":null,"name_latin":"Oyoko"},"geometry":{"type":"Point","coordinates":[6.169907,6.104067]}},
{"type":"Feature","properties":{"id":"node/501498605","name":"Abavo","name_en":null,"name_yo":null,"place":"village","landuse":null,"population":null,"is_in":null,"source":null,"adm0_pcode":"NGA","adm0_name":"Nigeria","adm1_pcode":"NG010","adm1_name":"Delta","adm2_pcode":"NG010008","adm2_name":"Ika South","adm3_pcode":null,"adm3_name":null,"adm4_pcode":null,"adm4_name":null,"name_latin":"Abavo"},"geometry":{"type":"Point","coordinates":[6.180255,6.118773]}},
{"type":"Feature","properties":{"id":"node/501403916","name":"Idumuesah","name_en":null,"name_yo":null,"place":"village","landuse":null,"population":null,"is_in":null,"source":null,"adm0_pcode":"NGA","adm0_name":"Nigeria","adm1_pcode":"NG010","adm1_name":"Delta","adm2_pcode":"NG010007","adm2_name":"Ika North East","adm3_pcode":null,"adm3_name":null,"adm4_pcode":null,"adm4_name":null,"name_latin":"Idumuesah"},"geometry":{"type":"Point","coordinates":[6.23634,6.164462]}},
{"type":"Feature","properties":{"id":"node/501488599","name":"Owa Oyiebu","name_en":null,"name_yo":null,"place":"town","landuse":null,"population":null,"is_in":null,"source":null,"adm0_pcode":"NGA","adm0_name":"Nigeria","adm1_pcode":"NG010","adm1_name":"Delta","adm2_pcode":"NG010007","adm2_name":"Ika North East","adm3_pcode":null,"adm3_name":null,"adm4_pcode":null,"adm4_name":null,"name_latin":"Owa Oyiebu"},"geometry":{"type":"Point","coordinates":[6.1985872,6.1837271]}},
{"type":"Feature","properties":{"id":"node/501482941","name":"Ute Okpo","name_en":null,"name_yo":null,"place":"village","landuse":null,"population":null,"is_in":null,"source":null,"adm0_pcode":"NGA","adm0_name":"Nigeria","adm1_pcode":"NG010","adm1_name":"Delta","adm2_pcode":"NG010007","adm2_name":"Ika North East","adm3_pcode":null,"adm3_name":null,"adm4_pcode":null,"adm4_name":null,"name_latin":"Ute Okpo"},"geometry":{"type":"Point","coordinates":[6.265676,6.18965]}},
{"type":"Feature","properties":{"id":"node/501488931","name":"Owa-Alero","name_en":null,"name_yo":null,"place":"village","landuse":null,"population":null,"is_in":null,"source":null,"adm0_pcode":"NGA","adm0_name":"Nigeria","adm1_pcode":"NG010","adm1_name":"Delta","adm2_pcode":"NG010007","adm2_name":"Ika North East","adm3_pcode":null,"adm3_name":null,"adm4_pcode":null,"adm4_name":null,"name_latin":"Owa-Alero"},"geometry":{"type":"Point","coordinates":[6.219078,6.207775]}},
{"type":"Feature","properties":{"id":"node/501438254","name":"Okie Agbie","name_en":null,"name_yo":null,"place":"village","landuse":null,"population":null,"is_in":null,"source":null,"adm0_pcode":"NGA","adm0_name":"Nigeria","adm1_pcode":"NG010","adm1_name":"Delta","adm2_pcode":"NG010008","adm2_name":"Ika South","adm3_pcode":null,"adm3_name":null,"adm4_pcode":null,"adm4_name":null,"name_latin":"Okie Agbie"},"geometry":{"type":"Point","coordinates":[6.124741,6.21117]}},
{"type":"Feature","properties":{"id":"node/501468756","name":"Umunede","name_en":null,"name_yo":null,"place":"town","landuse":null,"population":null,"is_in":null,"source":null,"adm0_pcode":"NGA","adm0_name":"Nigeria","adm1_pcode":"NG010","adm1_name":"Delta","adm2_pcode":"NG010007","adm2_name":"Ika North East","adm3_pcode":null,"adm3_name":null,"adm4_pcode":null,"adm4_name":null,"name_latin":"Umunede"},"geometry":{"type":"Point","coordinates":[6.3099699,6.2645769]}},
{"type":"Feature","properties":{"id":"node/501469183","name":"Emuhu","name_en":null,"name_yo":null,"place":"village","landuse":null,"population":null,"is_in":null,"source":null,"adm0_pcode":"NGA","adm0_name":"Nigeria","adm1_pcode":"NG010","adm1_name":"Delta","adm2_pcode":"NG010008","adm2_name":"Ika South","adm3_pcode":null,"adm3_name":null,"adm4_pcode":null,"adm4_name":null,"name_latin":"Emuhu"},"geometry":{"type":"Point","coordinates":[6.262131,6.272013]}},
{"type":"Feature","properties":{"id":"node/501489028","name":"Alihagun","name_en":null,"name_yo":null,"place":"village","landuse":null,"population":null,"is_in":null,"source":null,"adm0_pcode":"NGA","adm0_name":"Nigeria","adm1_pcode":"NG010","adm1_name":"Delta","adm2_pcode":"NG010008","adm2_name":"Ika South","adm3_pcode":null,"adm3_name":null,"adm4_pcode":null,"adm4_name":null,"name_latin":"Alihagun"},"geometry":{"type":"Point","coordinates":[6.086069,6.273128]}},
{"type":"Feature","properties":{"id":"node/501516049","name":"Alijemisi","name_en":null,"name_yo":null,"place":"village","landuse":null,"population":null,"is_in":null,"source":null,"adm0_pcode":"NGA","adm0_name":"Nigeria","adm1_pcode":"NG010","adm1_name":"Delta","adm2_pcode":"NG010008","adm2_name":"Ika South","adm3_pcode":null,"adm3_name":null,"adm4_pcode":null,"adm4_name":null,"name_latin":"Alijemisi"},"geometry":{"type":"Point","coordinates":[6.1577614,6.2844573]}},
{"type":"Feature","properties":{"id":"node/501469519","name":"Ikpowku","name_en":null,"name_yo":null,"place":"village","landuse":null,"population":null,"is_in":null,"source":null,"adm0_pcode":"NGA","adm0_name":"Nigeria","adm1_pcode":"NG001","adm1_name":"Abia","adm2_pcode":"NG001014","adm2_name":"Ukwa West","adm3_pcode":null,"adm3_name":null,"adm4_pcode":null,"adm4_name":null,"name_latin":"Ikpowku"},"geometry":{"type":"Point","coordinates":[7.269256,4.936385]}},
{"type":"Feature","properties":{"id":"node/10984743866","name":"Obehie","name_en":null,"name_yo":null,"place":"town","landuse":null,"population":null,"is_in":null,"source":null,"adm0_pcode":"NGA","adm0_name":"Nigeria","adm1_pcode":"NG001","adm1_name":"Abia","adm2_pcode":"NG001014","adm2_name":"Ukwa West","adm3_pcode":null,"adm3_name":null,"adm4_pcode":null,"adm4_name":null,"name_latin":"Obehie"},"geometry":{"type":"Point","coordinates":[7.2597753,4.9458975]}},
{"type":"Feature","properties":{"id":"node/501474222","name":"Owerre-Nkworji","name_en":null,"name_yo":null,"place":"village","landuse":null,"population":null,"is_in":null,"source":null,"adm0_pcode":"NGA","adm0_name":"Nigeria","adm1_pcode":"NG017","adm1_name":"Imo","adm2_pcode":"NG017014","adm2_name":"Nkwerre","adm3_pcode":null,"adm3_name":null,"adm4_pcode":null,"adm4_name":null,"name_latin":"Owerre-Nkworji"},"geometry":{"type":"Point","coordinates":[7.1134591,5.7467409]}},
{"type":"Feature","properties":{"id":"node/501508527","name":"Owerri","name_en":null,"name_yo":null,"place":"village","landuse":null,"population":null,"is_in":null,"source":null,"adm0_pcode":"NGA","adm0_name":"Nigeria","adm1_pcode":"NG017","adm1_name":"Imo","adm2_pcode":"NG017014","adm2_name":"Nkwerre","adm3_pcode":null,"adm3_name":null,"adm4_pcode":null,"adm4_name":null,"name_latin":"Owerri"},"geometry":{"type":"Point","coordinates":[7.1167394,5.7498852]}},
{"type":"Feature","properties":{"id":"node/9056768921","name":"Omuma","name_en":null,"name_yo":null,"place":"town","landuse":null,"population":null,"is_in":null,"source":null,"adm0_pcode":"NGA","adm0_name":"Nigeria","adm1_pcode":"NG017","adm1_name":"Imo","adm2_pcode":"NG017022","adm2_name":"Oru East","adm3_pcode":null,"adm3_name":null,"adm4_pcode":null,"adm4_name":null,"name_latin":"Omuma"},"geometry":{"type":"Point","coordinates":[6.9457363,5.7565793]}},
{"type":"Feature","properties":{"id":"node/501424119","name":"Umudi","name_en":null,"name_yo":null,"place":"village","landuse":null,"population":null,"is_in":null,"source":null,"adm0_pcode":"NGA","adm0_name":"Nigeria","adm1_pcode":"NG017","adm1_name":"Imo","adm2_pcode":"NG017014","adm2_name":"Nkwerre","adm3_pcode":null,"adm3_name":null,"adm4_pcode":null,"adm4_name":null,"name_latin":"Umudi"},"geometry":{"type":"Point","coordinates":[7.1420607,5.75817]}},
{"type":"Feature","properties":{"id":"node/13018722855","name":"Eleh","name_en":null,"name_yo":null,"place":"town","landuse":null,"population":null,"is_in":null,"source":null,"adm0_pcode":"NGA","adm0_name":"Nigeria","adm1_pcode":"NG017","adm1_name":"Imo","adm2_pcode":"NG017023","adm2_name":"Oru West","adm3_pcode":null,"adm3_name":null,"adm4_pcode":null,"adm4_name":null,"name_latin":"Eleh"},"geometry":{"type":"Point","coordinates":[6.9277919,5.7588405]}},
{"type":"Feature","properties":{"id":"node/501362948","name":"Nkwerre","name_en":null,"name_yo":null,"place":"town","landuse":null,"population":null,"is_in":null,"source":null,"adm0_pcode":"NGA","adm0_name":"Nigeria","adm1_pcode":"NG017","adm1_name":"Imo","adm2_pcode":"NG017014","adm2_name":"Nkwerre","adm3_pcode":null,"adm3_name":null,"adm4_pcode":null,"adm4_name":null,"name_latin":"Nkwerre"},"geometry":{"type":"Point","coordinates":[7.103838,5.7591349]}},
{"type":"Feature","properties":{"id":"node/13018702779","name":"Aji","name_en":null,"name_yo":null,"place":"town","landuse":null,"population":"100000","is_in":null,"source":null,"adm0_pcode":"NGA","adm0_name":"Nigeria","adm1_pcode":"NG017","adm1_name":"Imo","adm2_pcode":"NG017023","adm2_name":"Oru West","adm3_pcode":null,"adm3_name":null,"adm4_pcode":null,"adm4_name":null,"name_latin":"Aji"},"geometry":{"type":"Point","coordinates":[6.9164622,5.7615447]}},
{"type":"Feature","properties":{"id":"node/501364846","name":"Dikenafai","name_en":null,"name_yo":null,"place":"town","landuse":null,"population":null,"is_in":null,"source":null,"adm0_pcode":"NGA","adm0_name":"Nigeria","adm1_pcode":"NG017","adm1_name":"Imo","adm2_pcode":"NG017014","adm2_name":"Nkwerre","adm3_pcode":null,"adm3_name":null,"adm4_pcode":null,"adm4_name":null,"name_latin":"Dikenafai"},"geometry":{"type":"Point","coordinates":[7.1544417,5.7702109]}},
{"type":"Feature","properties":{"id":"node/13018750642","name":"Nempi","name_en":null,"name_yo":null,"place":"town","landuse":null,"population":"200000","is_in":null,"source":null,"adm0_pcode":"NGA","adm0_name":"Nigeria","adm1_pcode":"NG017","adm1_name":"Imo","adm2_pcode":"NG017023","adm2_name":"Oru West","adm3_pcode":null,"adm3_name":null,"adm4_pcode":null,"adm4_name":null,"name_latin":"Nempi"},"geometry":{"type":"Point","coordinates":[6.9279206,5.7750942]}},
{"type":"Feature","properties":{"id":"node/13018709698","name":"Ibiasogbe","name_en":null,"name_yo":null,"place":"town","landuse":null,"population":"150000","is_in":null,"source":null,"adm0_pcode":"NGA","adm0_name":"Nigeria","adm1_pcode":"NG017","adm1_name":"Imo","adm2_pcode":"NG017023","adm2_name":"Oru West","adm3_pcode":null,"adm3_name":null,"adm4_pcode":null,"adm4_name":null,"name_latin":"Ibiasogbe"},"geometry":{"type":"Point","coordinates":[6.9066632,5.7818831]}},
{"type":"Feature","properties":{"id":"node/501494645","name":"Isiekenesi","name_en":null,"name_yo":null,"place":"village","landuse":null,"population":null,"is_in":null,"source":null,"adm0_pcode":"NGA","adm0_name":"Nigeria","adm1_pcode":"NG017","adm1_name":"Imo","adm2_pcode":"NG017006","adm2_name":"Ideato South","adm3_pcode":null,"adm3_name":null,"adm4_pcode":null,"adm4_name":null,"name_latin":"Isiekenesi"},"geometry":{"type":"Point","coordinates":[7.129299,5.7909058]}},
{"type":"Feature","properties":{"id":"node/3121060069","name":"Nwekerre","name_en":null,"name_yo":null,"place":"village","landuse":null,"population":null,"is_in":null,"source":null,"adm0_pcode":"NGA","adm0_name":"Nigeria","adm1_pcode":"NG017","adm1_name":"Imo","adm2_pcode":"NG017006","adm2_name":"Ideato South","adm3_pcode":null,"adm3_name":null,"adm4_pcode":null,"adm4_name":null,"name_latin":"Nwekerre"},"geometry":{"type":"Point","coordinates":[7.1315987,5.7929483]}},
{"type":"Feature","properties":{"id":"node/501528686","name":"Orlu","name_en":null,"name_yo":null,"place":"town","landuse":null,"population":null,"is_in":null,"source":null,"adm0_pcode":"NGA","adm0_name":"Nigeria","adm1_pcode":"NG017","adm1_name":"Imo","adm2_pcode":"NG017020","adm2_name":"Orlu","adm3_pcode":null,"adm3_name":null,"adm4_pcode":null,"adm4_name":null,"name_latin":"Orlu"},"geometry":{"type":"Point","coordinates":[7.0335047,5.7958217]}},
{"type":"Feature","properties":{"id":"node/13018757626","name":"Ubulu","name_en":null,"name_yo":null,"place":"town","landuse":null,"population":"200000","is_in":null,"source":null,"adm0_pcode":"NGA","adm0_name":"Nigeria","adm1_pcode":"NG017","adm1_name":"Imo","adm2_pcode":"NG017023","adm2_name":"Oru West","adm3_pcode":null,"adm3_name":null,"adm4_pcode":null,"adm4_name":null,"name_latin":"Ubulu"},"geometry":{"type":"Point","coordinates":[6.9195807,5.7988905]}},
{"type":"Feature","properties":{"id":"node/501440059","name":"Umuma","name_en":null,"name_yo":null,"place":"village","landuse":null,"population":null,"is_in":null,"source":null,"adm0_pcode":"NGA","adm0_name":"Nigeria","adm1_pcode":"NG017","adm1_name":"Imo","adm2_pcode":"NG017006","adm2_name":"Ideato South","adm3_pcode":null,"adm3_name":null,"adm4_pcode":null,"adm4_name":null,"name_latin":"Umuma"},"geometry":{"type":"Point","coordinates":[7.0692634,5.8154182]}},
{"type":"Feature","properties":{"id":"node/501445483","name":"Awo Idemiri","name_en":null,"name_yo":null,"place":"village","landuse":null,"population":null,"is_in":null,"source":null,"adm0_pcode":"NGA","adm0_name":"Nigeria","adm1_pcode":"NG017","adm1_name":"Imo","adm2_pcode":"NG017022","adm2_name":"Oru East","adm3_pcode":null,"adm3_name":null,"adm4_pcode":null,"adm4_name":null,"name_latin":"Awo Idemiri"},"geometry":{"type":"Point","coordinates":[6.933333,5.816667]}},
{"type":"Feature","properties":{"id":"node/13018740231","name":"Amafuo","name_en":null,"name_yo":null,"place":"town","landuse":null,"population":null,"is_in":null,"source":null,"adm0_pcode":"NGA","adm0_name":"Nigeria","adm1_pcode":"NG017","adm1_name":"Imo","adm2_pcode":"NG017023","adm2_name":"Oru West","adm3_pcode":null,"adm3_name":null,"adm4_pcode":null,"adm4_name":null,"name_latin":"Amafuo"},"geometry":{"type":"Point","coordinates":[6.8977082,5.8172778]}},
{"type":"Feature","properties":{"id":"node/501516109","name":"Umu Akam","name_en":null,"name_yo":null,"place":"village","landuse":null,"population":null,"is_in":null,"source":null,"adm0_pcode":"NGA","adm0_name":"Nigeria","adm1_pcode":"NG017","adm1_name":"Imo","adm2_pcode":"NG017006","adm2_name":"Ideato South","adm3_pcode":null,"adm3_name":null,"adm4_pcode":null,"adm4_name":null,"name_latin":"Umu Akam"},"geometry":{"type":"Point","coordinates":[7.166667,5.833333]}},
{"type":"Feature","properties":{"id":"node/501496796","name":"Isu-Ulo","name_en":null,"name_yo":null,"place":"village","landuse":null,"population":null,"is_in":null,"source":null,"adm0_pcode":"NGA","adm0_name":"Nigeria","adm1_pcode":"NG004","adm1_name":"Anambra","adm2_pcode":"NG004020","adm2_name":"Orumba South","adm3_pcode":null,"adm3_name":null,"adm4_pcode":null,"adm4_name":null,"name_latin":"Isu-Ulo"},"geometry":{"type":"Point","coordinates":[7.2269,6.0116]}},
{"type":"Feature","properties":{"id":"node/501522082","name":"Igbo-Ukwu","name_en":null,"name_yo":null,"place":"town","landuse":null,"population":null,"is_in":null,"source":null,"adm0_pcode":"NGA","adm0_name":"Nigeria","adm1_pcode":"NG004","adm1_name":"Anambra","adm2_pcode":"NG004001","adm2_name":"Aguata","adm3_pcode":null,"adm3_name":null,"adm4_pcode":null,"adm4_name":null,"name_latin":"Igbo-Ukwu"},"geometry":{"type":"Point","coordinates":[7.026333,6.016154]}},
{"type":"Feature","properties":{"id":"node/501518326","name":"Aguluezechuku","name_en":null,"name_yo":null,"place":"village","landuse":null,"population":null,"is_in":null,"source":null,"adm0_pcode":"NGA","adm0_name":"Nigeria","adm1_pcode":"NG004","adm1_name":"Anambra","adm2_pcode":"NG004001","adm2_name":"Aguata","adm3_pcode":null,"adm3_name":null,"adm4_pcode":null,"adm4_name":null,"name_latin":"Aguluezechuku"},"geometry":{"type":"Point","coordinates":[7.0831861,6.0166023]}},
{"type":"Feature","properties":{"id":"node/501498472","name":"Nnewi","name_en":null,"name_yo":null,"place":"city","landuse":null,"population":"900000","is_in":null,"source":null,"adm0_pcode":"NGA","adm0_name":"Nigeria","adm1_pcode":"NG004","adm1_name":"Anambra","adm2_pcode":"NG004014","adm2_name":"Nnewi North","adm3_pcode":null,"adm3_name":null,"adm4_pcode":null,"adm4_name":null,"name_latin":"Nnewi"},"geometry":{"type":"Point","coordinates":[6.917181,6.019531]}},
{"type":"Feature","properties":{"id":"node/13204030355","name":"Ekwulobia","name_en":null,"name_yo":null,"place":"city","landuse":null,"population":null,"is_in":null,"source":null,"adm0_pcode":"NGA","adm0_name":"Nigeria","adm1_pcode":"NG004","adm1_name":"Anambra","adm2_pcode":"NG004001","adm2_name":"Aguata","adm3_pcode":null,"adm3_name":null,"adm4_pcode":null,"adm4_name":null,"name_latin":"Ekwulobia"},"geometry":{"type":"Point","coordinates":[7.0823847,6.02381]}},
{"type":"Feature","properties":{"id":"node/501514033","name":"Umueje","name_en":null,"name_yo":null,"place":"village","landuse":null,"population":null,"is_in":null,"source":null,"adm0_pcode":"NGA","adm0_name":"Nigeria","adm1_pcode":"NG004","adm1_name":"Anambra","adm2_pcode":"NG004020","adm2_name":"Orumba South","adm3_pcode":null,"adm3_name":null,"adm4_pcode":null,"adm4_name":null,"name_latin":"Umueje"},"geometry":{"type":"Point","coordinates":[7.266681,6.0241415]}},
{"type":"Feature","properties":{"id":"node/501514036","name":"Isuofia","name_en":null,"name_yo":null,"place":"village","landuse":null,"population":null,"is_in":null,"source":null,"adm0_pcode":"NGA","adm0_name":"Nigeria","adm1_pcode":"NG004","adm1_name":"Anambra","adm2_pcode":"NG004019","adm2_name":"Orumba North","adm3_pcode":null,"adm3_name":null,"adm4_pcode":null,"adm4_name":null,"name_latin":"Isuofia"},"geometry":{"type":"Point","coordinates":[7.0583,6.0297]}},
{"type":"Feature","properties":{"id":"way/1494642151","name":"NAWFIJA","name_en":null,"name_yo":null,"place":"town","landuse":null,"population":"150000","is_in":null,"source":null,"adm0_pcode":"NGA","adm0_name":"Nigeria","adm1_pcode":"NG004","adm1_name":"Anambra","adm2_pcode":"NG004020","adm2_name":"Orumba South","adm3_pcode":null,"adm3_name":null,"adm4_pcode":null,"adm4_name":null,"name_latin":"NAWFIJA"},"geometry":{"type":"Polygon","coordinates":[[[7.2205325,6.0423181],[7.2307084,6.0490056],[7.2399825,6.0325926],[7.2200693,6.0163357],[7.2046646,6.0187732],[7.2025764,6.0313133],[7.2029736,6.0317396],[7.2053302,6.0330699],[7.2111499,6.0350234],[7.2137447,6.036313],[7.2205325,6.0423181]]]}},
{"type":"Feature","properties":{"id":"node/501498596","name":"Akwa Etiti","name_en":null,"name_yo":null,"place":"town","landuse":null,"population":null,"is_in":null,"source":null,"adm0_pcode":"NGA","adm0_name":"Nigeria","adm1_pcode":"NG004","adm1_name":"Anambra","adm2_pcode":"NG004011","adm2_name":"Idemili South","adm3_pcode":null,"adm3_name":null,"adm4_pcode":null,"adm4_name":null,"name_latin":"Akwa Etiti"},"geometry":{"type":"Point","coordinates":[6.965606,6.033665]}},
{"type":"Feature","properties":{"id":"node/5022361629","name":"Ora-Eri","name_en":null,"name_yo":null,"place":"town","landuse":null,"population":null,"is_in":null,"source":null,"adm0_pcode":"NGA","adm0_name":"Nigeria","adm1_pcode":"NG004","adm1_name":"Anambra","adm2_pcode":"NG004001","adm2_name":"Aguata","adm3_pcode":null,"adm3_name":null,"adm4_pcode":null,"adm4_name":null,"name_latin":"Ora-Eri"},"geometry":{"type":"Point","coordinates":[7.0099687,6.0336799]}},
{"type":"Feature","properties":{"id":"way/1425070013","name":"Oko Town","name_en":null,"name_yo":null,"place":"town","landuse":null,"population":"3000","is_in":null,"source":null,"adm0_pcode":"NGA","adm0_name":"Nigeria","adm1_pcode":"NG004","adm1_name":"Anambra","adm2_pcode":"NG004019","adm2_name":"Orumba North","adm3_pcode":null,"adm3_name":null,"adm4_pcode":null,"adm4_name":null,"name_latin":"Oko Town"},"geometry":{"type":"Polygon","coordinates":[[[7.086508,6.0295935],[7.0798781,6.0305751],[7.0757893,6.0363129],[7.0770133,6.0417623],[7.0929914,6.0456168],[7.0968588,6.052564],[7.1082392,6.056129],[7.112266,6.0578106],[7.1160737,6.0603867],[7.1257103,6.0476312],[7.1232709,6.0270775],[7.086508,6.0295935]]]}},
{"type":"Feature","properties":{"id":"node/501522158","name":"Ajalli","name_en":null,"name_yo":null,"place":"town","landuse":null,"population":null,"is_in":null,"source":null,"adm0_pcode":"NGA","adm0_name":"Nigeria","adm1_pcode":"NG004","adm1_name":"Anambra","adm2_pcode":"NG004020","adm2_name":"Orumba South","adm3_pcode":null,"adm3_name":null,"adm4_pcode":null,"adm4_name":null,"name_latin":"Ajalli"},"geometry":{"type":"Point","coordinates":[7.2106589,6.0444826]}},
{"type":"Feature","properties":{"id":"node/501439062","name":"Nnobi","name_en":null,"name_yo":null,"place":"town","landuse":null,"population":null,"is_in":null,"source":null,"adm0_pcode":"NGA","adm0_name":"Nigeria","adm1_pcode":"NG004","adm1_name":"Anambra","adm2_pcode":"NG004011","adm2_name":"Idemili South","adm3_pcode":null,"adm3_name":null,"adm4_pcode":null,"adm4_name":null,"name_latin":"Nnobi"},"geometry":{"type":"Point","coordinates":[6.948471,6.0481762]}},
{"type":"Feature","properties":{"id":"node/501438959","name":"Ichida","name_en":null,"name_yo":null,"place":"village","landuse":null,"population":null,"is_in":null,"source":null,"adm0_pcode":"NGA","adm0_name":"Nigeria","adm1_pcode":"NG004","adm1_name":"Anambra","adm2_pcode":"NG004004","adm2_name":"Anaocha","adm3_pcode":null,"adm3_name":null,"adm4_pcode":null,"adm4_name":null,"name_latin":"Ichida"},"geometry":{"type":"Point","coordinates":[7.0124489,6.050013]}},
{"type":"Feature","properties":{"id":"node/13850726987","name":"OBELEDU","name_en":null,"name_yo":null,"place":"town","landuse":null,"population":"3 million","is_in":null,"source":null,"adm0_pcode":"NGA","adm0_name":"Nigeria","adm1_pcode":"NG004","adm1_name":"Anambra","adm2_pcode":"NG004004","adm2_name":"Anaocha","adm3_pcode":null,"adm3_name":null,"adm4_pcode":null,"adm4_name":null,"name_latin":"OBELEDU"},"geometry":{"type":"Point","coordinates":[7.0217838,6.0771737]}},
{"type":"Feature","properties":{"id":"node/11048418337","name":"Alor","name_en":null,"name_yo":null,"place":"town","landuse":null,"population":null,"is_in":null,"source":null,"adm0_pcode":"NGA","adm0_name":"Nigeria","adm1_pcode":"NG004","adm1_name":"Anambra","adm2_pcode":"NG004011","adm2_name":"Idemili South","adm3_pcode":null,"adm3_name":null,"adm4_pcode":null,"adm4_name":null,"name_latin":"Alor"},"geometry":{"type":"Point","coordinates":[6.9651037,6.08016]}},
{"type":"Feature","properties":{"id":"node/501438337","name":"Obeledu","name_en":null,"name_yo":null,"place":"village","landuse":null,"population":null,"is_in":null,"source":null,"adm0_pcode":"NGA","adm0_name":"Nigeria","adm1_pcode":"NG004","adm1_name":"Anambra","adm2_pcode":"NG004004","adm2_name":"Anaocha","adm3_pcode":null,"adm3_name":null,"adm4_pcode":null,"adm4_name":null,"name_latin":"Obeledu"},"geometry":{"type":"Point","coordinates":[7.0224538,6.0817639]}},
{"type":"Feature","properties":{"id":"node/501332893","name":"Neni","name_en":null,"name_yo":null,"place":"town","landuse":null,"population":null,"is_in":null,"source":null,"adm0_pcode":"NGA","adm0_name":"Nigeria","adm1_pcode":"NG004","adm1_name":"Anambra","adm2_pcode":"NG004004","adm2_name":"Anaocha","adm3_pcode":null,"adm3_name":null,"adm4_pcode":null,"adm4_name":null,"name_latin":"Neni"},"geometry":{"type":"Point","coordinates":[7.0047316,6.0826886]}},
{"type":"Feature","properties":{"id":"node/501498551","name":"Ideani","name_en":null,"name_yo":null,"place":"village","landuse":null,"population":null,"is_in":null,"source":null,"adm0_pcode":"NGA","adm0_name":"Nigeria","adm1_pcode":"NG004","adm1_name":"Anambra","adm2_pcode":"NG004010","adm2_name":"Idemili North","adm3_pcode":null,"adm3_name":null,"adm4_pcode":null,"adm4_name":null,"name_latin":"Ideani"},"geometry":{"type":"Point","coordinates":[6.9321455,6.1013434]}},
{"type":"Feature","properties":{"id":"node/11048477221","name":"Umuoji","name_en":null,"name_yo":null,"place":"town","landuse":null,"population":null,"is_in":null,"source":null,"adm0_pcode":"NGA","adm0_name":"Nigeria","adm1_pcode":"NG004","adm1_name":"Anambra","adm2_pcode":"NG004010","adm2_name":"Idemili North","adm3_pcode":null,"adm3_name":null,"adm4_pcode":null,"adm4_name":null,"name_latin":"Umuoji"},"geometry":{"type":"Point","coordinates":[6.8864883,6.104673]}},
{"type":"Feature","properties":{"id":"node/501522097","name":"Ogbunu","name_en":null,"name_yo":null,"place":"village","landuse":null,"population":null,"is_in":null,"source":null,"adm0_pcode":"NGA","adm0_name":"Nigeria","adm1_pcode":"NG004","adm1_name":"Anambra","adm2_pcode":"NG004019","adm2_name":"Orumba North","adm3_pcode":null,"adm3_name":null,"adm4_pcode":null,"adm4_name":null,"name_latin":"Ogbunu"},"geometry":{"type":"Point","coordinates":[7.1029159,6.1055922]}},
{"type":"Feature","properties":{"id":"node/501514279","name":"Adazi Nnukwu","name_en":null,"name_yo":null,"place":"town","landuse":null,"population":null,"is_in":null,"source":null,"adm0_pcode":"NGA","adm0_name":"Nigeria","adm1_pcode":"NG004","adm1_name":"Anambra","adm2_pcode":"NG004004","adm2_name":"Anaocha","adm3_pcode":null,"adm3_name":null,"adm4_pcode":null,"adm4_name":null,"name_latin":"Adazi Nnukwu"},"geometry":{"type":"Point","coordinates":[7.0274093,6.1065652]}},
{"type":"Feature","properties":{"id":"node/11048471588","name":"Uke","name_en":null,"name_yo":null,"place":"village","landuse":null,"population":null,"is_in":null,"source":null,"adm0_pcode":"NGA","adm0_name":"Nigeria","adm1_pcode":"NG004","adm1_name":"Anambra","adm2_pcode":"NG004010","adm2_name":"Idemili North","adm3_pcode":null,"adm3_name":null,"adm4_pcode":null,"adm4_name":null,"name_latin":"Uke"},"geometry":{"type":"Point","coordinates":[6.9192479,6.1098466]}},
{"type":"Feature","properties":{"id":"node/501431601","name":"Agulu","name_en":null,"name_yo":null,"place":"village","landuse":null,"population":null,"is_in":null,"source":null,"adm0_pcode":"NGA","adm0_name":"Nigeria","adm1_pcode":"NG004","adm1_name":"Anambra","adm2_pcode":"NG004004","adm2_name":"Anaocha","adm3_pcode":null,"adm3_name":null,"adm4_pcode":null,"adm4_name":null,"name_latin":"Agulu"},"geometry":{"type":"Point","coordinates":[7.0724,6.11]}},
{"type":"Feature","properties":{"id":"node/501496936","name":"Agbaliji","name_en":null,"name_yo":null,"place":"village","landuse":null,"population":null,"is_in":null,"source":null,"adm0_pcode":"NGA","adm0_name":"Nigeria","adm1_pcode":"NG014","adm1_name":"Enugu","adm2_pcode":"NG014014","adm2_name":"Oji-River","adm3_pcode":null,"adm3_name":null,"adm4_pcode":null,"adm4_name":null,"name_latin":"Agbaliji"},"geometry":{"type":"Point","coordinates":[7.2708,6.1269]}},
{"type":"Feature","properties":{"id":"node/501524095","name":"Abatete","name_en":null,"name_yo":null,"place":"village","landuse":null,"population":null,"is_in":null,"source":null,"adm0_pcode":"NGA","adm0_name":"Nigeria","adm1_pcode":"NG004","adm1_name":"Anambra","adm2_pcode":"NG004010","adm2_name":"Idemili North","adm3_pcode":null,"adm3_name":null,"adm4_pcode":null,"adm4_name":null,"name_latin":"Abatete"},"geometry":{"type":"Point","coordinates":[6.932685,6.129769]}},
{"type":"Feature","properties":{"id":"node/501332583","name":"Mgbaukwu","name_en":null,"name_yo":null,"place":"village","landuse":null,"population":null,"is_in":null,"source":null,"adm0_pcode":"NGA","adm0_name":"Nigeria","adm1_pcode":"NG004","adm1_name":"Anambra","adm2_pcode":"NG004006","adm2_name":"Awka South","adm3_pcode":null,"adm3_name":null,"adm4_pcode":null,"adm4_name":null,"name_latin":"Mgbaukwu"},"geometry":{"type":"Point","coordinates":[7.0744,6.1426]}},
{"type":"Feature","properties":{"id":"node/501359550","name":"Agukwu Nri","name_en":null,"name_yo":null,"place":"village","landuse":null,"population":null,"is_in":null,"source":null,"adm0_pcode":"NGA","adm0_name":"Nigeria","adm1_pcode":"NG004","adm1_name":"Anambra","adm2_pcode":"NG004004","adm2_name":"Anaocha","adm3_pcode":null,"adm3_name":null,"adm4_pcode":null,"adm4_name":null,"name_latin":"Agukwu Nri"},"geometry":{"type":"Point","coordinates":[7.0236545,6.1460939]}},
{"type":"Feature","properties":{"id":"node/501485048","name":"Umuawulu","name_en":null,"name_yo":null,"place":"village","landuse":null,"population":null,"is_in":null,"source":null,"adm0_pcode":"NGA","adm0_name":"Nigeria","adm1_pcode":"NG004","adm1_name":"Anambra","adm2_pcode":"NG004006","adm2_name":"Awka South","adm3_pcode":null,"adm3_name":null,"adm4_pcode":null,"adm4_name":null,"name_latin":"Umuawulu"},"geometry":{"type":"Point","coordinates":[7.102763,6.147889]}},
{"type":"Feature","properties":{"id":"node/501438962","name":"Eziowelle","name_en":null,"name_yo":null,"place":"village","landuse":null,"population":null,"is_in":null,"source":null,"adm0_pcode":"NGA","adm0_name":"Nigeria","adm1_pcode":"NG004","adm1_name":"Anambra","adm2_pcode":"NG004008","adm2_name":"Dunukofia","adm3_pcode":null,"adm3_name":null,"adm4_pcode":null,"adm4_name":null,"name_latin":"Eziowelle"},"geometry":{"type":"Point","coordinates":[6.939812,6.153564]}},
{"type":"Feature","properties":{"id":"node/501442516","name":"Ndiobani","name_en":null,"name_yo":null,"place":"village","landuse":null,"population":null,"is_in":null,"source":null,"adm0_pcode":"NGA","adm0_name":"Nigeria","adm1_pcode":"NG004","adm1_name":"Anambra","adm2_pcode":"NG004019","adm2_name":"Orumba North","adm3_pcode":null,"adm3_name":null,"adm4_pcode":null,"adm4_name":null,"name_latin":"Ndiobani"},"geometry":{"type":"Point","coordinates":[7.177657,6.1591184]}},
{"type":"Feature","properties":{"id":"node/501517172","name":"Kumbul","name_en":null,"name_yo":null,"place":"village","landuse":null,"population":null,"is_in":null,"source":null,"adm0_pcode":"NGA","adm0_name":"Nigeria","adm1_pcode":"NG032","adm1_name":"Plateau","adm2_pcode":"NG032011","adm2_name":"Mangu","adm3_pcode":null,"adm3_name":null,"adm4_pcode":null,"adm4_name":null,"name_latin":"Kumbul"},"geometry":{"type":"Point","coordinates":[9.1408389,9.381578]}},
{"type":"Feature","properties":{"id":"node/501505018","name":"Burdinga","name_en":null,"name_yo":null,"place":"village","landuse":null,"population":null,"is_in":null,"source":null,"adm0_pcode":"NGA","adm0_name":"Nigeria","adm1_pcode":"NG032","adm1_name":"Plateau","adm2_pcode":"NG032001","adm2_name":"Barikin Ladi","adm3_pcode":null,"adm3_name":null,"adm4_pcode":null,"adm4_name":null,"name_latin":"Burdinga"},"geometry":{"type":"Point","coordinates":[8.8234809,9.3641095]}},
{"type":"Feature","properties":{"id":"node/501517510","name":"Kerang","name_en":null,"name_yo":null,"place":"village","landuse":null,"population":null,"is_in":null,"source":null,"adm0_pcode":"NGA","adm0_name":"Nigeria","adm1_pcode":"NG032","adm1_name":"Plateau","adm2_pcode":"NG032011","adm2_name":"Mangu","adm3_pcode":null,"adm3_name":null,"adm4_pcode":null,"adm4_name":null,"name_latin":"Kerang"},"geometry":{"type":"Point","coordinates":[9.2076703,9.3420882]}},
{"type":"Feature","properties":{"id":"node/501426399","name":"Barakin Babele","name_en":null,"name_yo":null,"place":"village","landuse":null,"population":null,"is_in":null,"source":null,"adm0_pcode":"NGA","adm0_name":"Nigeria","adm1_pcode":"NG032","adm1_name":"Plateau","adm2_pcode":"NG032005","adm2_name":"Jos North","adm3_pcode":null,"adm3_name":null,"adm4_pcode":null,"adm4_name":null,"name_latin":"Barakin Babele"},"geometry":{"type":"Point","coordinates":[8.9458599,10.0183947]}},
{"type":"Feature","properties":{"id":"node/501512037","name":"Binchi","name_en":null,"name_yo":null,"place":"village","landuse":null,"population":null,"is_in":null,"source":null,"adm0_pcode":"NGA","adm0_name":"Nigeria","adm1_pcode":"NG032","adm1_name":"Plateau","adm2_pcode":"NG032002","adm2_name":"Bassa","adm3_pcode":null,"adm3_name":null,"adm4_pcode":null,"adm4_name":null,"name_latin":"Binchi"},"geometry":{"type":"Point","coordinates":[8.702815,10.00922]}},
{"type":"Feature","properties":{"id":"node/501418800","name":"Naraguta Hausawa","name_en":null,"name_yo":null,"place":"village","landuse":null,"population":null,"is_in":null,"source":null,"adm0_pcode":"NGA","adm0_name":"Nigeria","adm1_pcode":"NG032","adm1_name":"Plateau","adm2_pcode":"NG032005","adm2_name":"Jos North","adm3_pcode":null,"adm3_name":null,"adm4_pcode":null,"adm4_name":null,"name_latin":"Naraguta Hausawa"},"geometry":{"type":"Point","coordinates":[8.9,9.983333]}},
{"type":"Feature","properties":{"id":"node/501492592","name":"Gusti","name_en":null,"name_yo":null,"place":"hamlet","landuse":null,"population":null,"is_in":null,"source":null,"adm0_pcode":"NGA","adm0_name":"Nigeria","adm1_pcode":"NG032","adm1_name":"Plateau","adm2_pcode":"NG032005","adm2_name":"Jos North","adm3_pcode":null,"adm3_name":null,"adm4_pcode":null,"adm4_name":null,"name_latin":"Gusti"},"geometry":{"type":"Point","coordinates":[8.966667,9.983333]}},
{"type":"Feature","properties":{"id":"node/501471882","name":"Kufai","name_en":null,"name_yo":null,"place":"village","landuse":null,"population":null,"is_in":null,"source":null,"adm0_pcode":"NGA","adm0_name":"Nigeria","adm1_pcode":"NG032","adm1_name":"Plateau","adm2_pcode":"NG032004","adm2_name":"Jos East","adm3_pcode":null,"adm3_name":null,"adm4_pcode":null,"adm4_name":null,"name_latin":"Kufai"},"geometry":{"type":"Point","coordinates":[9.233333,9.983333]}},
{"type":"Feature","properties":{"id":"node/501489486","name":"Yelwa","name_en":null,"name_yo":null,"place":"village","landuse":null,"population":null,"is_in":null,"source":null,"adm0_pcode":"NGA","adm0_name":"Nigeria","adm1_pcode":"NG032","adm1_name":"Plateau","adm2_pcode":"NG032005","adm2_name":"Jos North","adm3_pcode":null,"adm3_name":null,"adm4_pcode":null,"adm4_name":null,"name_latin":"Yelwa"},"geometry":{"type":"Point","coordinates":[8.8833315,9.9832856]}},
{"type":"Feature","properties":{"id":"node/10844822430","name":"Emerald City Naraguta Village","name_en":null,"name_yo":null,"place":null,"landuse":"residential","population":null,"is_in":null,"source":null,"adm0_pcode":"NGA","adm0_name":"Nigeria","adm1_pcode":"NG032","adm1_name":"Plateau","adm2_pcode":"NG032005","adm2_name":"Jos North","adm3_pcode":null,"adm3_name":null,"adm4_pcode":null,"adm4_name":null,"name_latin":"Emerald City Naraguta Village"},"geometry":{"type":"Point","coordinates":[8.8892325,9.9747561]}},
{"type":"Feature","properties":{"id":"way/848569859","name":"Staff Quarters","name_en":null,"name_yo":null,"place":null,"landuse":"residential","population":null,"is_in":null,"source":null,"adm0_pcode":"NGA","adm0_name":"Nigeria","adm1_pcode":"NG032","adm1_name":"Plateau","adm2_pcode":"NG032005","adm2_name":"Jos North","adm3_pcode":null,"adm3_name":null,"adm4_pcode":null,"adm4_name":null,"name_latin":"Staff Quarters"},"geometry":{"type":"Polygon","coordinates":[[[8.8777363,9.9655009],[8.8773501,9.9652473],[8.8770711,9.9661825],[8.8768297,9.9667267],[8.875832,9.9668006],[8.8752955,9.9676671],[8.8751936,9.9687344],[8.8754833,9.9698967],[8.8761646,9.9701398],[8.8752472,9.971487],[8.8752419,9.9725648],[8.8757193,9.9740283],[8.8760626,9.9737642],[8.8767064,9.974023],[8.877688,9.9735792],[8.8773662,9.9724962],[8.8761002,9.9729505],[8.8759285,9.9723641],[8.8761377,9.9717618],[8.8766795,9.9719731],[8.8780314,9.9697224],[8.8776505,9.969268],[8.8776988,9.9683276],[8.8781923,9.966975],[8.8783532,9.9664255],[8.8778275,9.9661455],[8.8777363,9.9655009]]]}},
{"type":"Feature","properties":{"id":"node/501406138","name":"Ohit","name_en":null,"name_yo":null,"place":"village","landuse":null,"population":null,"is_in":null,"source":null,"adm0_pcode":"NGA","adm0_name":"Nigeria","adm1_pcode":"NG032","adm1_name":"Plateau","adm2_pcode":"NG032002","adm2_name":"Bassa","adm3_pcode":null,"adm3_name":null,"adm4_pcode":null,"adm4_name":null,"name_latin":"Ohit"},"geometry":{"type":"Point","coordinates":[8.733333,9.966667]}},
{"type":"Feature","properties":{"id":"node/501365124","name":"Durbi","name_en":null,"name_yo":null,"place":"hamlet","landuse":null,"population":null,"is_in":null,"source":null,"adm0_pcode":"NGA","adm0_name":"Nigeria","adm1_pcode":"NG032","adm1_name":"Plateau","adm2_pcode":"NG032004","adm2_name":"Jos East","adm3_pcode":null,"adm3_name":null,"adm4_pcode":null,"adm4_name":null,"name_latin":"Durbi"},"geometry":{"type":"Point","coordinates":[8.983333,9.966667]}},
{"type":"Feature","properties":{"id":"node/501408181","name":"Shere","name_en":null,"name_yo":null,"place":"village","landuse":null,"population":null,"is_in":null,"source":null,"adm0_pcode":"NGA","adm0_name":"Nigeria","adm1_pcode":"NG032","adm1_name":"Plateau","adm2_pcode":"NG032004","adm2_name":"Jos East","adm3_pcode":null,"adm3_name":null,"adm4_pcode":null,"adm4_name":null,"name_latin":"Shere"},"geometry":{"type":"Point","coordinates":[9.05,9.966667]}},
{"type":"Feature","properties":{"id":"way/1165055264","name":"God's Star lodge russau","name_en":null,"name_yo":null,"place":null,"landuse":"residential","population":null,"is_in":null,"source":null,"adm0_pcode":"NGA","adm0_name":"Nigeria","adm1_pcode":"NG032","adm1_name":"Plateau","adm2_pcode":"NG032005","adm2_name":"Jos North","adm3_pcode":null,"adm3_name":null,"adm4_pcode":null,"adm4_name":null,"name_latin":"God's Star lodge russau"},"geometry":{"type":"Polygon","coordinates":[[[8.8702342,9.9655907],[8.8701985,9.9655491],[8.8702897,9.965691],[8.8702342,9.9655907]]]}},
{"type":"Feature","properties":{"id":"node/501493103","name":"Rafin Par","name_en":null,"name_yo":null,"place":"village","landuse":null,"population":null,"is_in":null,"source":null,"adm0_pcode":"NGA","adm0_name":"Nigeria","adm1_pcode":"NG032","adm1_name":"Plateau","adm2_pcode":"NG032005","adm2_name":"Jos North","adm3_pcode":null,"adm3_name":null,"adm4_pcode":null,"adm4_name":null,"name_latin":"Rafin Par"},"geometry":{"type":"Point","coordinates":[8.8671992,9.9538296]}},
{"type":"Feature","properties":{"id":"way/1170961758","name":"Prime Halls","name_en":null,"name_yo":null,"place":null,"landuse":"residential","population":null,"is_in":null,"source":null,"adm0_pcode":"NGA","adm0_name":"Nigeria","adm1_pcode":"NG032","adm1_name":"Plateau","adm2_pcode":"NG032005","adm2_name":"Jos North","adm3_pcode":null,"adm3_name":null,"adm4_pcode":null,"adm4_name":null,"name_latin":"Prime Halls"},"geometry":{"type":"Polygon","coordinates":[[[8.9038013,9.9528438],[8.9038086,9.9528906],[8.9039165,9.952941],[8.9040919,9.952734],[8.9040864,9.9526853],[8.9039329,9.9525971],[8.9038013,9.9528438]]]}},
{"type":"Feature","properties":{"id":"node/501357926","name":"New Stadium","name_en":null,"name_yo":null,"place":"village","landuse":null,"population":null,"is_in":null,"source":null,"adm0_pcode":"NGA","adm0_name":"Nigeria","adm1_pcode":"NG032","adm1_name":"Plateau","adm2_pcode":"NG032005","adm2_name":"Jos North","adm3_pcode":null,"adm3_name":null,"adm4_pcode":null,"adm4_name":null,"name_latin":"New Stadium"},"geometry":{"type":"Point","coordinates":[8.866667,9.95]}},
{"type":"Feature","properties":{"id":"node/501525032","name":"Gwadung","name_en":null,"name_yo":null,"place":"village","landuse":null,"population":null,"is_in":null,"source":null,"adm0_pcode":"NGA","adm0_name":"Nigeria","adm1_pcode":"NG032","adm1_name":"Plateau","adm2_pcode":"NG032004","adm2_name":"Jos East","adm3_pcode":null,"adm3_name":null,"adm4_pcode":null,"adm4_name":null,"name_latin":"Gwadung"},"geometry":{"type":"Point","coordinates":[9.183333,9.95]}},
{"type":"Feature","properties":{"id":"node/501520132","name":"Rukuba Road","name_en":null,"name_yo":null,"place":"village","landuse":null,"population":null,"is_in":null,"source":null,"adm0_pcode":"NGA","adm0_name":"Nigeria","adm1_pcode":"NG032","adm1_name":"Plateau","adm2_pcode":"NG032005","adm2_name":"Jos North","adm3_pcode":null,"adm3_name":null,"adm4_pcode":null,"adm4_name":null,"name_latin":"Rukuba Road"},"geometry":{"type":"Point","coordinates":[8.85,9.933333]}},
{"type":"Feature","properties":{"id":"node/501493399","name":"Kabong","name_en":null,"name_yo":null,"place":"village","landuse":null,"population":null,"is_in":null,"source":null,"adm0_pcode":"NGA","adm0_name":"Nigeria","adm1_pcode":"NG032","adm1_name":"Plateau","adm2_pcode":"NG032005","adm2_name":"Jos North","adm3_pcode":null,"adm3_name":null,"adm4_pcode":null,"adm4_name":null,"name_latin":"Kabong"},"geometry":{"type":"Point","coordinates":[8.866667,9.933333]}},
{"type":"Feature","properties":{"id":"node/501540902","name":"Jos","name_en":null,"name_yo":null,"place":"city","landuse":null,"population":"900000","is_in":null,"source":null,"adm0_pcode":"NGA","adm0_name":"Nigeria","adm1_pcode":"NG032","adm1_name":"Plateau","adm2_pcode":"NG032005","adm2_name":"Jos North","adm3_pcode":null,"adm3_name":null,"adm4_pcode":null,"adm4_name":null,"name_latin":"Jos"},"geometry":{"type":"Point","coordinates":[8.8979401,9.9175125]}},
{"type":"Feature","properties":{"id":"node/501423590","name":"Gwong","name_en":null,"name_yo":null,"place":"village","landuse":null,"population":null,"is_in":null,"source":null,"adm0_pcode":"NGA","adm0_name":"Nigeria","adm1_pcode":"NG032","adm1_name":"Plateau","adm2_pcode":"NG032005","adm2_name":"Jos North","adm3_pcode":null,"adm3_name":null,"adm4_pcode":null,"adm4_name":null,"name_latin":"Gwong"},"geometry":{"type":"Point","coordinates":[8.916667,9.916667]}},
{"type":"Feature","properties":{"id":"node/501357593","name":"Gwafan","name_en":null,"name_yo":null,"place":"village","landuse":null,"population":null,"is_in":null,"source":null,"adm0_pcode":"NGA","adm0_name":"Nigeria","adm1_pcode":"NG032","adm1_name":"Plateau","adm2_pcode":"NG032005","adm2_name":"Jos North","adm3_pcode":null,"adm3_name":null,"adm4_pcode":null,"adm4_name":null,"name_latin":"Gwafan"},"geometry":{"type":"Point","coordinates":[8.966667,9.9]}},
{"type":"Feature","properties":{"id":"node/501408555","name":"Nabatum","name_en":null,"name_yo":null,"place":"village","landuse":null,"population":null,"is_in":null,"source":null,"adm0_pcode":"NGA","adm0_name":"Nigeria","adm1_pcode":"NG032","adm1_name":"Plateau","adm2_pcode":"NG032004","adm2_name":"Jos East","adm3_pcode":null,"adm3_name":null,"adm4_pcode":null,"adm4_name":null,"name_latin":"Nabatum"},"geometry":{"type":"Point","coordinates":[9,9.9]}},
{"type":"Feature","properties":{"id":"node/501519819","name":"Farin Yashe","name_en":null,"name_yo":null,"place":"village","landuse":null,"population":null,"is_in":null,"source":null,"adm0_pcode":"NGA","adm0_name":"Nigeria","adm1_pcode":"NG032","adm1_name":"Plateau","adm2_pcode":"NG032005","adm2_name":"Jos North","adm3_pcode":null,"adm3_name":null,"adm4_pcode":null,"adm4_name":null,"name_latin":"Farin Yashe"},"geometry":{"type":"Point","coordinates":[8.9805338,9.8836728]}},
{"type":"Feature","properties":{"id":"node/10844094029","name":"Widows compound","name_en":null,"name_yo":null,"place":null,"landuse":"residential","population":null,"is_in":null,"source":null,"adm0_pcode":"NGA","adm0_name":"Nigeria","adm1_pcode":"NG032","adm1_name":"Plateau","adm2_pcode":"NG032005","adm2_name":"Jos North","adm3_pcode":null,"adm3_name":null,"adm4_pcode":null,"adm4_name":null,"name_latin":"Widows compound"},"geometry":{"type":"Point","coordinates":[8.9356557,9.8752266]}},
{"type":"Feature","properties":{"id":"way/1165917383","name":"Widows House","name_en":null,"name_yo":null,"place":null,"landuse":"residential","population":null,"is_in":null,"source":null,"adm0_pcode":"NGA","adm0_name":"Nigeria","adm1_pcode":"NG032","adm1_name":"Plateau","adm2_pcode":"NG032005","adm2_name":"Jos North","adm3_pcode":null,"adm3_name":null,"adm4_pcode":null,"adm4_name":null,"name_latin":"Widows House"},"geometry":{"type":"Polygon","coordinates":[[[8.9356532,9.8753896],[8.9358946,9.8752292],[8.9357395,9.8749924],[8.9355152,9.8751523],[8.9356532,9.8753896]]]}},
{"type":"Feature","properties":{"id":"node/501444196","name":"Barakin Sabawa","name_en":null,"name_yo":null,"place":"village","landuse":null,"population":null,"is_in":null,"source":null,"adm0_pcode":"NGA","adm0_name":"Nigeria","adm1_pcode":"NG032","adm1_name":"Plateau","adm2_pcode":"NG032005","adm2_name":"Jos North","adm3_pcode":null,"adm3_name":null,"adm4_pcode":null,"adm4_name":null,"name_latin":"Barakin Sabawa"},"geometry":{"type":"Point","coordinates":[8.9335047,9.8687338]}},
{"type":"Feature","properties":{"id":"node/501457704","name":"Barakin Lerawi","name_en":null,"name_yo":null,"place":"village","landuse":null,"population":null,"is_in":null,"source":null,"adm0_pcode":"NGA","adm0_name":"Nigeria","adm1_pcode":"NG032","adm1_name":"Plateau","adm2_pcode":"NG032006","adm2_name":"Jos South","adm3_pcode":null,"adm3_name":null,"adm4_pcode":null,"adm4_name":null,"name_latin":"Barakin Lerawi"},"geometry":{"type":"Point","coordinates":[8.8833518,9.8667278]}},
{"type":"Feature","properties":{"id":"node/501502370","name":"Fobur","name_en":null,"name_yo":null,"place":"village","landuse":null,"population":null,"is_in":null,"source":null,"adm0_pcode":"NGA","adm0_name":"Nigeria","adm1_pcode":"NG032","adm1_name":"Plateau","adm2_pcode":"NG032004","adm2_name":"Jos East","adm3_pcode":null,"adm3_name":null,"adm4_pcode":null,"adm4_name":null,"name_latin":"Fobur"},"geometry":{"type":"Point","coordinates":[9.033333,9.866667]}},
{"type":"Feature","properties":{"id":"node/501367114","name":"Laminga","name_en":null,"name_yo":null,"place":"village","landuse":null,"population":null,"is_in":null,"source":null,"adm0_pcode":"NGA","adm0_name":"Nigeria","adm1_pcode":"NG032","adm1_name":"Plateau","adm2_pcode":"NG032005","adm2_name":"Jos North","adm3_pcode":null,"adm3_name":null,"adm4_pcode":null,"adm4_name":null,"name_latin":"Laminga"},"geometry":{"type":"Point","coordinates":[8.9500044,9.8665919]}},
{"type":"Feature","properties":{"id":"node/501450909","name":"Russo","name_en":null,"name_yo":null,"place":"village","landuse":null,"population":null,"is_in":null,"source":null,"adm0_pcode":"NGA","adm0_name":"Nigeria","adm1_pcode":"NG032","adm1_name":"Plateau","adm2_pcode":"NG032005","adm2_name":"Jos North","adm3_pcode":null,"adm3_name":null,"adm4_pcode":null,"adm4_name":null,"name_latin":"Russo"},"geometry":{"type":"Point","coordinates":[8.9482362,9.8662928]}},
{"type":"Feature","properties":{"id":"node/501492410","name":"Barikin Jirga Summa","name_en":null,"name_yo":null,"place":"village","landuse":null,"population":null,"is_in":null,"source":null,"adm0_pcode":"NGA","adm0_name":"Nigeria","adm1_pcode":"NG032","adm1_name":"Plateau","adm2_pcode":"NG032006","adm2_name":"Jos South","adm3_pcode":null,"adm3_name":null,"adm4_pcode":null,"adm4_name":null,"name_latin":"Barikin Jirga Summa"},"geometry":{"type":"Point","coordinates":[8.898443,9.86616]}},
{"type":"Feature","properties":{"id":"node/501413664","name":"Bar Jirgi Summa","name_en":null,"name_yo":null,"place":"village","landuse":null,"population":null,"is_in":null,"source":null,"adm0_pcode":"NGA","adm0_name":"Nigeria","adm1_pcode":"NG032","adm1_name":"Plateau","adm2_pcode":"NG032006","adm2_name":"Jos South","adm3_pcode":null,"adm3_name":null,"adm4_pcode":null,"adm4_name":null,"name_latin":"Bar Jirgi Summa"},"geometry":{"type":"Point","coordinates":[8.9004775,9.865832]}},
{"type":"Feature","properties":{"id":"way/653112113","name":"Old Govt House","name_en":null,"name_yo":null,"place":null,"landuse":"residential","population":null,"is_in":null,"source":null,"adm0_pcode":"NGA","adm0_name":"Nigeria","adm1_pcode":"NG032","adm1_name":"Plateau","adm2_pcode":"NG032006","adm2_name":"Jos South","adm3_pcode":null,"adm3_name":null,"adm4_pcode":null,"adm4_name":null,"name_latin":"Old Govt House"},"geometry":{"type":"Polygon","coordinates":[[[8.8937613,9.8526603],[8.8927635,9.8525335],[8.8922699,9.8524806],[8.8916316,9.8526181],[8.8912936,9.8527026],[8.8912239,9.8527238],[8.8910898,9.8526868],[8.8908376,9.8525758],[8.8908806,9.8522111],[8.8906874,9.8518993],[8.8904836,9.8517618],[8.8903388,9.8517143],[8.8905104,9.8511012],[8.8907894,9.850134],[8.890902,9.8497323],[8.8915082,9.8489395],[8.8918354,9.8485589],[8.8920768,9.8482841],[8.8923558,9.8479617],[8.8940617,9.848839],[8.8948288,9.8492037],[8.894979,9.8492672],[8.8950326,9.8491562],[8.8959553,9.8493359],[8.8958051,9.8497534],[8.8958426,9.8500494],[8.8948878,9.8501709],[8.8944211,9.8502291],[8.8943674,9.8503031],[8.8942655,9.8506731],[8.8940885,9.8513179],[8.8939168,9.8520578],[8.8937613,9.8526603]]]}},
{"type":"Feature","properties":{"id":"node/501496390","name":"Dutsen Daji","name_en":null,"name_yo":null,"place":"village","landuse":null,"population":null,"is_in":null,"source":null,"adm0_pcode":"NGA","adm0_name":"Nigeria","adm1_pcode":"NG032","adm1_name":"Plateau","adm2_pcode":"NG032004","adm2_name":"Jos East","adm3_pcode":null,"adm3_name":null,"adm4_pcode":null,"adm4_name":null,"name_latin":"Dutsen Daji"},"geometry":{"type":"Point","coordinates":[9.116667,9.85]}},
{"type":"Feature","properties":{"id":"node/501469969","name":"Zendi","name_en":null,"name_yo":null,"place":"village","landuse":null,"population":null,"is_in":null,"source":null,"adm0_pcode":"NGA","adm0_name":"Nigeria","adm1_pcode":"NG032","adm1_name":"Plateau","adm2_pcode":"NG032004","adm2_name":"Jos East","adm3_pcode":null,"adm3_name":null,"adm4_pcode":null,"adm4_name":null,"name_latin":"Zendi"},"geometry":{"type":"Point","coordinates":[9.25,9.85]}},
{"type":"Feature","properties":{"id":"node/501504788","name":"Gura Top","name_en":null,"name_yo":null,"place":"village","landuse":null,"population":null,"is_in":null,"source":null,"adm0_pcode":"NGA","adm0_name":"Nigeria","adm1_pcode":"NG032","adm1_name":"Plateau","adm2_pcode":"NG032006","adm2_name":"Jos South","adm3_pcode":null,"adm3_name":null,"adm4_pcode":null,"adm4_name":null,"name_latin":"Gura Top"},"geometry":{"type":"Point","coordinates":[8.883333,9.833333]}},
{"type":"Feature","properties":{"id":"node/501504785","name":"Gura Top","name_en":null,"name_yo":null,"place":"village","landuse":null,"population":null,"is_in":null,"source":null,"adm0_pcode":"NGA","adm0_name":"Nigeria","adm1_pcode":"NG032","adm1_name":"Plateau","adm2_pcode":"NG032006","adm2_name":"Jos South","adm3_pcode":null,"adm3_name":null,"adm4_pcode":null,"adm4_name":null,"name_latin":"Gura Top"},"geometry":{"type":"Point","coordinates":[8.8833286,9.8332358]}},
{"type":"Feature","properties":{"id":"way/653088651","name":"Elim Top Suites and Bar","name_en":null,"name_yo":null,"place":null,"landuse":"residential","population":null,"is_in":null,"source":null,"adm0_pcode":"NGA","adm0_name":"Nigeria","adm1_pcode":"NG032","adm1_name":"Plateau","adm2_pcode":"NG032006","adm2_name":"Jos South","adm3_pcode":null,"adm3_name":null,"adm4_pcode":null,"adm4_name":null,"name_latin":"Elim Top Suites and Bar"},"geometry":{"type":"Polygon","coordinates":[[[8.8938762,9.8327197],[8.8942437,9.8329735],[8.8946326,9.8325717],[8.8948119,9.8322471],[8.8949289,9.8320616],[8.8945707,9.8318408],[8.8943644,9.831792],[8.8942222,9.8318132],[8.8941457,9.8318104],[8.8941122,9.8317894],[8.8938226,9.8315965],[8.8936226,9.8314876],[8.8936127,9.8314882],[8.893445,9.8317244],[8.8932371,9.8320861],[8.8934878,9.8322605],[8.8935522,9.8323016],[8.8938682,9.8319053],[8.8941617,9.8320891],[8.8938149,9.8326781],[8.8938762,9.8327197]]]}},
{"type":"Feature","properties":{"id":"node/501517882","name":"Zebir","name_en":null,"name_yo":null,"place":"village","landuse":null,"population":null,"is_in":null,"source":null,"adm0_pcode":"NGA","adm0_name":"Nigeria","adm1_pcode":"NG032","adm1_name":"Plateau","adm2_pcode":"NG032004","adm2_name":"Jos East","adm3_pcode":null,"adm3_name":null,"adm4_pcode":null,"adm4_name":null,"name_latin":"Zebir"},"geometry":{"type":"Point","coordinates":[9.15,9.816667]}},
{"type":"Feature","properties":{"id":"node/501524194","name":"Zebir","name_en":null,"name_yo":null,"place":"village","landuse":null,"population":null,"is_in":null,"source":null,"adm0_pcode":"NGA","adm0_name":"Nigeria","adm1_pcode":"NG032","adm1_name":"Plateau","adm2_pcode":"NG032004","adm2_name":"Jos East","adm3_pcode":null,"adm3_name":null,"adm4_pcode":null,"adm4_name":null,"name_latin":"Zebir"},"geometry":{"type":"Point","coordinates":[9.183333,9.816667]}},
{"type":"Feature","properties":{"id":"node/501449229","name":"DU","name_en":null,"name_yo":null,"place":"village","landuse":null,"population":null,"is_in":null,"source":null,"adm0_pcode":"NGA","adm0_name":"Nigeria","adm1_pcode":"NG032","adm1_name":"Plateau","adm2_pcode":"NG032001","adm2_name":"Barikin Ladi","adm3_pcode":null,"adm3_name":null,"adm4_pcode":null,"adm4_name":null,"name_latin":"DU"},"geometry":{"type":"Point","coordinates":[8.949824,9.8050017]}},
{"type":"Feature","properties":{"id":"node/501508922","name":"Bukuru","name_en":null,"name_yo":null,"place":"village","landuse":null,"population":null,"is_in":null,"source":null,"adm0_pcode":"NGA","adm0_name":"Nigeria","adm1_pcode":"NG032","adm1_name":"Plateau","adm2_pcode":"NG032006","adm2_name":"Jos South","adm3_pcode":null,"adm3_name":null,"adm4_pcode":null,"adm4_name":null,"name_latin":"Bukuru"},"geometry":{"type":"Point","coordinates":[8.866667,9.799912]}},
{"type":"Feature","properties":{"id":"node/501525280","name":"Kamaru","name_en":null,"name_yo":null,"place":"village","landuse":null,"population":null,"is_in":null,"source":null,"adm0_pcode":"NGA","adm0_name":"Nigeria","adm1_pcode":"NG032","adm1_name":"Plateau","adm2_pcode":"NG032001","adm2_name":"Barikin Ladi","adm3_pcode":null,"adm3_name":null,"adm4_pcode":null,"adm4_name":null,"name_latin":"Kamaru"},"geometry":{"type":"Point","coordinates":[8.9703148,9.7834979]}},
{"type":"Feature","properties":{"id":"node/501457726","name":"Dass","name_en":null,"name_yo":null,"place":"village","landuse":null,"population":null,"is_in":null,"source":null,"adm0_pcode":"NGA","adm0_name":"Nigeria","adm1_pcode":"NG032","adm1_name":"Plateau","adm2_pcode":"NG032004","adm2_name":"Jos East","adm3_pcode":null,"adm3_name":null,"adm4_pcode":null,"adm4_name":null,"name_latin":"Dass"},"geometry":{"type":"Point","coordinates":[9.2007725,9.783333]}},
{"type":"Feature","properties":{"id":"node/501361941","name":"Fusa","name_en":null,"name_yo":null,"place":"village","landuse":null,"population":null,"is_in":null,"source":null,"adm0_pcode":"NGA","adm0_name":"Nigeria","adm1_pcode":"NG032","adm1_name":"Plateau","adm2_pcode":"NG032004","adm2_name":"Jos East","adm3_pcode":null,"adm3_name":null,"adm4_pcode":null,"adm4_name":null,"name_latin":"Fusa"},"geometry":{"type":"Point","coordinates":[9.0012574,9.7696043]}},
{"type":"Feature","properties":{"id":"node/501366139","name":"Barikin Gidar Kanat","name_en":null,"name_yo":null,"place":"village","landuse":null,"population":null,"is_in":null,"source":null,"adm0_pcode":"NGA","adm0_name":"Nigeria","adm1_pcode":"NG032","adm1_name":"Plateau","adm2_pcode":"NG032006","adm2_name":"Jos South","adm3_pcode":null,"adm3_name":null,"adm4_pcode":null,"adm4_name":null,"name_latin":"Barikin Gidar Kanat"},"geometry":{"type":"Point","coordinates":[8.8166758,9.7667687]}},
{"type":"Feature","properties":{"id":"node/501379853","name":"Barikin Tin Tin","name_en":null,"name_yo":null,"place":"village","landuse":null,"population":null,"is_in":null,"source":null,"adm0_pcode":"NGA","adm0_name":"Nigeria","adm1_pcode":"NG032","adm1_name":"Plateau","adm2_pcode":"NG032006","adm2_name":"Jos South","adm3_pcode":null,"adm3_name":null,"adm4_pcode":null,"adm4_name":null,"name_latin":"Barikin Tin Tin"},"geometry":{"type":"Point","coordinates":[8.9333418,9.7665698]}},
{"type":"Feature","properties":{"id":"node/501295006","name":"Central Shen","name_en":null,"name_yo":null,"place":"village","landuse":null,"population":null,"is_in":null,"source":null,"adm0_pcode":"NGA","adm0_name":"Nigeria","adm1_pcode":"NG032","adm1_name":"Plateau","adm2_pcode":"NG032006","adm2_name":"Jos South","adm3_pcode":null,"adm3_name":null,"adm4_pcode":null,"adm4_name":null,"name_latin":"Central Shen"},"geometry":{"type":"Point","coordinates":[8.9500044,9.7665698]}},
{"type":"Feature","properties":{"id":"node/501473922","name":"Barikin Sabon Gidan Kanat","name_en":null,"name_yo":null,"place":"village","landuse":null,"population":null,"is_in":null,"source":null,"adm0_pcode":"NGA","adm0_name":"Nigeria","adm1_pcode":"NG032","adm1_name":"Plateau","adm2_pcode":"NG032006","adm2_name":"Jos South","adm3_pcode":null,"adm3_name":null,"adm4_pcode":null,"adm4_name":null,"name_latin":"Barikin Sabon Gidan Kanat"},"geometry":{"type":"Point","coordinates":[8.8166582,9.7665653]}},
{"type":"Feature","properties":{"id":"node/501425411","name":"Buga da Gindi","name_en":null,"name_yo":null,"place":"village","landuse":null,"population":null,"is_in":null,"source":null,"adm0_pcode":"NGA","adm0_name":"Nigeria","adm1_pcode":"NG032","adm1_name":"Plateau","adm2_pcode":"NG032001","adm2_name":"Barikin Ladi","adm3_pcode":null,"adm3_name":null,"adm4_pcode":null,"adm4_name":null,"name_latin":"Buga da Gindi"},"geometry":{"type":"Point","coordinates":[8.9611352,9.7611619]}},
{"type":"Feature","properties":{"id":"node/501412079","name":"Maijuju","name_en":null,"name_yo":null,"place":"village","landuse":null,"population":null,"is_in":null,"source":null,"adm0_pcode":"NGA","adm0_name":"Nigeria","adm1_pcode":"NG032","adm1_name":"Plateau","adm2_pcode":"NG032004","adm2_name":"Jos East","adm3_pcode":null,"adm3_name":null,"adm4_pcode":null,"adm4_name":null,"name_latin":"Maijuju"},"geometry":{"type":"Point","coordinates":[9.151389,9.755]}},
{"type":"Feature","properties":{"id":"node/501517379","name":"Fursum (1)","name_en":null,"name_yo":null,"place":"village","landuse":null,"population":null,"is_in":null,"source":null,"adm0_pcode":"NGA","adm0_name":"Nigeria","adm1_pcode":"NG032","adm1_name":"Plateau","adm2_pcode":"NG032004","adm2_name":"Jos East","adm3_pcode":null,"adm3_name":null,"adm4_pcode":null,"adm4_name":null,"name_latin":"Fursum (1)"},"geometry":{"type":"Point","coordinates":[9.0661949,9.75]}},
{"type":"Feature","properties":{"id":"node/501473690","name":"Du","name_en":null,"name_yo":null,"place":"village","landuse":null,"population":null,"is_in":null,"source":null,"adm0_pcode":"NGA","adm0_name":"Nigeria","adm1_pcode":"NG032","adm1_name":"Plateau","adm2_pcode":"NG032006","adm2_name":"Jos South","adm3_pcode":null,"adm3_name":null,"adm4_pcode":null,"adm4_name":null,"name_latin":"Du"},"geometry":{"type":"Point","coordinates":[8.8833374,9.7499337]}},
{"type":"Feature","properties":{"id":"node/501528796","name":"Dutsen Kato","name_en":null,"name_yo":null,"place":"village","landuse":null,"population":null,"is_in":null,"source":null,"adm0_pcode":"NGA","adm0_name":"Nigeria","adm1_pcode":"NG032","adm1_name":"Plateau","adm2_pcode":"NG032006","adm2_name":"Jos South","adm3_pcode":null,"adm3_name":null,"adm4_pcode":null,"adm4_name":null,"name_latin":"Dutsen Kato"},"geometry":{"type":"Point","coordinates":[8.783333,9.7499072]}},
{"type":"Feature","properties":{"id":"node/501501358","name":"Fursum","name_en":null,"name_yo":null,"place":"village","landuse":null,"population":null,"is_in":null,"source":null,"adm0_pcode":"NGA","adm0_name":"Nigeria","adm1_pcode":"NG032","adm1_name":"Plateau","adm2_pcode":"NG032004","adm2_name":"Jos East","adm3_pcode":null,"adm3_name":null,"adm4_pcode":null,"adm4_name":null,"name_latin":"Fursum"},"geometry":{"type":"Point","coordinates":[9.1137316,9.749797]}},
{"type":"Feature","properties":{"id":"node/12462071430","name":"Mr. Dung Residence/compound","name_en":null,"name_yo":null,"place":null,"landuse":"residential","population":null,"is_in":null,"source":null,"adm0_pcode":"NGA","adm0_name":"Nigeria","adm1_pcode":"NG032","adm1_name":"Plateau","adm2_pcode":"NG032006","adm2_name":"Jos South","adm3_pcode":null,"adm3_name":null,"adm4_pcode":null,"adm4_name":null,"name_latin":"Mr. Dung Residence/compound"},"geometry":{"type":"Point","coordinates":[8.8753092,9.7445373]}},
{"type":"Feature","properties":{"id":"node/501473928","name":"Bar-N-Bako","name_en":null,"name_yo":null,"place":"village","landuse":null,"population":null,"is_in":null,"source":null,"adm0_pcode":"NGA","adm0_name":"Nigeria","adm1_pcode":"NG032","adm1_name":"Plateau","adm2_pcode":"NG032001","adm2_name":"Barikin Ladi","adm3_pcode":null,"adm3_name":null,"adm4_pcode":null,"adm4_name":null,"name_latin":"Bar-N-Bako"},"geometry":{"type":"Point","coordinates":[8.9565055,9.7346782]}},
{"type":"Feature","properties":{"id":"node/501413670","name":"Barikin Bako","name_en":null,"name_yo":null,"place":"village","landuse":null,"population":null,"is_in":null,"source":null,"adm0_pcode":"NGA","adm0_name":"Nigeria","adm1_pcode":"NG032","adm1_name":"Plateau","adm2_pcode":"NG032001","adm2_name":"Barikin Ladi","adm3_pcode":null,"adm3_name":null,"adm4_pcode":null,"adm4_name":null,"name_latin":"Barikin Bako"},"geometry":{"type":"Point","coordinates":[8.9561192,9.7344454]}},
{"type":"Feature","properties":{"id":"node/501500598","name":"Dan Aba","name_en":null,"name_yo":null,"place":"village","landuse":null,"population":null,"is_in":null,"source":null,"adm0_pcode":"NGA","adm0_name":"Nigeria","adm1_pcode":"NG032","adm1_name":"Plateau","adm2_pcode":"NG032001","adm2_name":"Barikin Ladi","adm3_pcode":null,"adm3_name":null,"adm4_pcode":null,"adm4_name":null,"name_latin":"Dan Aba"},"geometry":{"type":"Point","coordinates":[8.9541255,9.7335803]}},
{"type":"Feature","properties":{"id":"node/501517713","name":"Barakin Momo Dogo","name_en":null,"name_yo":null,"place":"village","landuse":null,"population":null,"is_in":null,"source":null,"adm0_pcode":"NGA","adm0_name":"Nigeria","adm1_pcode":"NG032","adm1_name":"Plateau","adm2_pcode":"NG032006","adm2_name":"Jos South","adm3_pcode":null,"adm3_name":null,"adm4_pcode":null,"adm4_name":null,"name_latin":"Barakin Momo Dogo"},"geometry":{"type":"Point","coordinates":[8.7166847,9.7332313]}},
{"type":"Feature","properties":{"id":"node/13322028837","name":"Vom","name_en":null,"name_yo":null,"place":"village","landuse":null,"population":null,"is_in":null,"source":null,"adm0_pcode":"NGA","adm0_name":"Nigeria","adm1_pcode":"NG032","adm1_name":"Plateau","adm2_pcode":"NG032006","adm2_name":"Jos South","adm3_pcode":null,"adm3_name":null,"adm4_pcode":null,"adm4_name":null,"name_latin":"Vom"},"geometry":{"type":"Point","coordinates":[8.7919464,9.7311917]}},
{"type":"Feature","properties":{"id":"node/501501906","name":"Mai Idon Taro","name_en":null,"name_yo":null,"place":"village","landuse":null,"population":null,"is_in":null,"source":null,"adm0_pcode":"NGA","adm0_name":"Nigeria","adm1_pcode":"NG032","adm1_name":"Plateau","adm2_pcode":"NG032001","adm2_name":"Barikin Ladi","adm3_pcode":null,"adm3_name":null,"adm4_pcode":null,"adm4_name":null,"name_latin":"Mai Idon Taro"},"geometry":{"type":"Point","coordinates":[8.9887665,9.717537]}},
{"type":"Feature","properties":{"id":"node/501447349","name":"Mai Idontoro","name_en":null,"name_yo":null,"place":"village","landuse":null,"population":null,"is_in":null,"source":null,"adm0_pcode":"NGA","adm0_name":"Nigeria","adm1_pcode":"NG032","adm1_name":"Plateau","adm2_pcode":"NG032001","adm2_name":"Barikin Ladi","adm3_pcode":null,"adm3_name":null,"adm4_pcode":null,"adm4_name":null,"name_latin":"Mai Idontoro"},"geometry":{"type":"Point","coordinates":[8.9898615,9.717071]}},
{"type":"Feature","properties":{"id":"node/501517088","name":"Kuru Dungus","name_en":null,"name_yo":null,"place":"village","landuse":null,"population":null,"is_in":null,"source":null,"adm0_pcode":"NGA","adm0_name":"Nigeria","adm1_pcode":"NG032","adm1_name":"Plateau","adm2_pcode":"NG032006","adm2_name":"Jos South","adm3_pcode":null,"adm3_name":null,"adm4_pcode":null,"adm4_name":null,"name_latin":"Kuru Dungus"},"geometry":{"type":"Point","coordinates":[8.85,9.7165919]}},
{"type":"Feature","properties":{"id":"node/501516870","name":"Bisichi","name_en":null,"name_yo":null,"place":"village","landuse":null,"population":null,"is_in":null,"source":null,"adm0_pcode":"NGA","adm0_name":"Nigeria","adm1_pcode":"NG032","adm1_name":"Plateau","adm2_pcode":"NG032001","adm2_name":"Barikin Ladi","adm3_pcode":null,"adm3_name":null,"adm4_pcode":null,"adm4_name":null,"name_latin":"Bisichi"},"geometry":{"type":"Point","coordinates":[8.9166758,9.7165742]}},
{"type":"Feature","properties":{"id":"node/501501168","name":"Gabgell","name_en":null,"name_yo":null,"place":"village","landuse":null,"population":null,"is_in":null,"source":null,"adm0_pcode":"NGA","adm0_name":"Nigeria","adm1_pcode":"NG032","adm1_name":"Plateau","adm2_pcode":"NG032011","adm2_name":"Mangu","adm3_pcode":null,"adm3_name":null,"adm4_pcode":null,"adm4_name":null,"name_latin":"Gabgell"},"geometry":{"type":"Point","coordinates":[9.25,9.7]}},
{"type":"Feature","properties":{"id":"node/501516928","name":"Kuru","name_en":null,"name_yo":null,"place":"village","landuse":null,"population":null,"is_in":null,"source":null,"adm0_pcode":"NGA","adm0_name":"Nigeria","adm1_pcode":"NG032","adm1_name":"Plateau","adm2_pcode":"NG032006","adm2_name":"Jos South","adm3_pcode":null,"adm3_name":null,"adm4_pcode":null,"adm4_name":null,"name_latin":"Kuru"},"geometry":{"type":"Point","coordinates":[8.866667,9.6999249]}},
{"type":"Feature","properties":{"id":"node/501492513","name":"Gidan Tsofo","name_en":null,"name_yo":null,"place":"village","landuse":null,"population":null,"is_in":null,"source":null,"adm0_pcode":"NGA","adm0_name":"Nigeria","adm1_pcode":"NG032","adm1_name":"Plateau","adm2_pcode":"NG032001","adm2_name":"Barikin Ladi","adm3_pcode":null,"adm3_name":null,"adm4_pcode":null,"adm4_name":null,"name_latin":"Gidan Tsofo"},"geometry":{"type":"Point","coordinates":[9.0850668,9.6834684]}},
{"type":"Feature","properties":{"id":"node/501444181","name":"Kuru","name_en":null,"name_yo":null,"place":"village","landuse":null,"population":null,"is_in":null,"source":null,"adm0_pcode":"NGA","adm0_name":"Nigeria","adm1_pcode":"NG032","adm1_name":"Plateau","adm2_pcode":"NG032006","adm2_name":"Jos South","adm3_pcode":null,"adm3_name":null,"adm4_pcode":null,"adm4_name":null,"name_latin":"Kuru"},"geometry":{"type":"Point","coordinates":[8.8,9.683333]}},
{"type":"Feature","properties":{"id":"node/501490311","name":"Wang","name_en":null,"name_yo":null,"place":"village","landuse":null,"population":null,"is_in":null,"source":null,"adm0_pcode":"NGA","adm0_name":"Nigeria","adm1_pcode":"NG032","adm1_name":"Plateau","adm2_pcode":"NG032006","adm2_name":"Jos South","adm3_pcode":null,"adm3_name":null,"adm4_pcode":null,"adm4_name":null,"name_latin":"Wang"},"geometry":{"type":"Point","coordinates":[8.7333418,9.6832534]}},
{"type":"Feature","properties":{"id":"node/501489765","name":"Kadunu","name_en":null,"name_yo":null,"place":"village","landuse":null,"population":null,"is_in":null,"source":null,"adm0_pcode":"NGA","adm0_name":"Nigeria","adm1_pcode":"NG032","adm1_name":"Plateau","adm2_pcode":"NG032011","adm2_name":"Mangu","adm3_pcode":null,"adm3_name":null,"adm4_pcode":null,"adm4_name":null,"name_latin":"Kadunu"},"geometry":{"type":"Point","coordinates":[9.1518668,9.6783009]}},
{"type":"Feature","properties":{"id":"node/501518416","name":"Barikin Kogi","name_en":null,"name_yo":null,"place":"village","landuse":null,"population":null,"is_in":null,"source":null,"adm0_pcode":"NGA","adm0_name":"Nigeria","adm1_pcode":"NG032","adm1_name":"Plateau","adm2_pcode":"NG032001","adm2_name":"Barikin Ladi","adm3_pcode":null,"adm3_name":null,"adm4_pcode":null,"adm4_name":null,"name_latin":"Barikin Kogi"},"geometry":{"type":"Point","coordinates":[9.066667,9.666667]}},
{"type":"Feature","properties":{"id":"node/501518417","name":"Bakin Kogi","name_en":null,"name_yo":null,"place":"village","landuse":null,"population":null,"is_in":null,"source":null,"adm0_pcode":"NGA","adm0_name":"Nigeria","adm1_pcode":"NG032","adm1_name":"Plateau","adm2_pcode":"NG032001","adm2_name":"Barikin Ladi","adm3_pcode":null,"adm3_name":null,"adm4_pcode":null,"adm4_name":null,"name_latin":"Bakin Kogi"},"geometry":{"type":"Point","coordinates":[9.066667,9.666667]}},
{"type":"Feature","properties":{"id":"node/501517345","name":"Foram","name_en":null,"name_yo":null,"place":"village","landuse":null,"population":null,"is_in":null,"source":null,"adm0_pcode":"NGA","adm0_name":"Nigeria","adm1_pcode":"NG032","adm1_name":"Plateau","adm2_pcode":"NG032001","adm2_name":"Barikin Ladi","adm3_pcode":null,"adm3_name":null,"adm4_pcode":null,"adm4_name":null,"name_latin":"Foram"},"geometry":{"type":"Point","coordinates":[8.966667,9.666583]}},
{"type":"Feature","properties":{"id":"node/501518390","name":"Bawan Dodo","name_en":null,"name_yo":null,"place":"village","landuse":null,"population":null,"is_in":null,"source":null,"adm0_pcode":"NGA","adm0_name":"Nigeria","adm1_pcode":"NG032","adm1_name":"Plateau","adm2_pcode":"NG032001","adm2_name":"Barikin Ladi","adm3_pcode":null,"adm3_name":null,"adm4_pcode":null,"adm4_name":null,"name_latin":"Bawan Dodo"},"geometry":{"type":"Point","coordinates":[9.066667,9.633333]}},
{"type":"Feature","properties":{"id":"node/501516378","name":"Riyom","name_en":null,"name_yo":null,"place":"village","landuse":null,"population":null,"is_in":null,"source":null,"adm0_pcode":"NGA","adm0_name":"Nigeria","adm1_pcode":"NG032","adm1_name":"Plateau","adm2_pcode":"NG032015","adm2_name":"Riyom","adm3_pcode":null,"adm3_name":null,"adm4_pcode":null,"adm4_name":null,"name_latin":"Riyom"},"geometry":{"type":"Point","coordinates":[8.766667,9.633249]}},
{"type":"Feature","properties":{"id":"node/501519708","name":"Makera","name_en":null,"name_yo":null,"place":"village","landuse":null,"population":null,"is_in":null,"source":null,"adm0_pcode":"NGA","adm0_name":"Nigeria","adm1_pcode":"NG032","adm1_name":"Plateau","adm2_pcode":"NG032015","adm2_name":"Riyom","adm3_pcode":null,"adm3_name":null,"adm4_pcode":null,"adm4_name":null,"name_latin":"Makera"},"geometry":{"type":"Point","coordinates":[8.716667,9.616667]}},
{"type":"Feature","properties":{"id":"node/501479783","name":"Hoss","name_en":null,"name_yo":null,"place":"village","landuse":null,"population":null,"is_in":null,"source":null,"adm0_pcode":"NGA","adm0_name":"Nigeria","adm1_pcode":"NG032","adm1_name":"Plateau","adm2_pcode":"NG032015","adm2_name":"Riyom","adm3_pcode":null,"adm3_name":null,"adm4_pcode":null,"adm4_name":null,"name_latin":"Hoss"},"geometry":{"type":"Point","coordinates":[8.733333,9.616667]}},
{"type":"Feature","properties":{"id":"node/501407082","name":"Werram","name_en":null,"name_yo":null,"place":"village","landuse":null,"population":null,"is_in":null,"source":null,"adm0_pcode":"NGA","adm0_name":"Nigeria","adm1_pcode":"NG032","adm1_name":"Plateau","adm2_pcode":"NG032015","adm2_name":"Riyom","adm3_pcode":null,"adm3_name":null,"adm4_pcode":null,"adm4_name":null,"name_latin":"Werram"},"geometry":{"type":"Point","coordinates":[8.8,9.616667]}},
{"type":"Feature","properties":{"id":"node/501516218","name":"Tafan","name_en":null,"name_yo":null,"place":"village","landuse":null,"population":null,"is_in":null,"source":null,"adm0_pcode":"NGA","adm0_name":"Nigeria","adm1_pcode":"NG032","adm1_name":"Plateau","adm2_pcode":"NG032001","adm2_name":"Barikin Ladi","adm3_pcode":null,"adm3_name":null,"adm4_pcode":null,"adm4_name":null,"name_latin":"Tafan"},"geometry":{"type":"Point","coordinates":[8.966667,9.616667]}},
{"type":"Feature","properties":{"id":"node/501483620","name":"Barakin Werram","name_en":null,"name_yo":null,"place":"village","landuse":null,"population":null,"is_in":null,"source":null,"adm0_pcode":"NGA","adm0_name":"Nigeria","adm1_pcode":"NG032","adm1_name":"Plateau","adm2_pcode":"NG032015","adm2_name":"Riyom","adm3_pcode":null,"adm3_name":null,"adm4_pcode":null,"adm4_name":null,"name_latin":"Barakin Werram"},"geometry":{"type":"Point","coordinates":[8.7982244,9.6046842]}},
{"type":"Feature","properties":{"id":"node/501456937","name":"Gindiri","name_en":null,"name_yo":null,"place":"town","landuse":null,"population":null,"is_in":null,"source":null,"adm0_pcode":"NGA","adm0_name":"Nigeria","adm1_pcode":"NG032","adm1_name":"Plateau","adm2_pcode":"NG032011","adm2_name":"Mangu","adm3_pcode":null,"adm3_name":null,"adm4_pcode":null,"adm4_name":null,"name_latin":"Gindiri"},"geometry":{"type":"Point","coordinates":[9.2288591,9.5984026]}},
{"type":"Feature","properties":{"id":"node/501499618","name":"Kassa","name_en":null,"name_yo":null,"place":"village","landuse":null,"population":null,"is_in":null,"source":null,"adm0_pcode":"NGA","adm0_name":"Nigeria","adm1_pcode":"NG032","adm1_name":"Plateau","adm2_pcode":"NG032001","adm2_name":"Barikin Ladi","adm3_pcode":null,"adm3_name":null,"adm4_pcode":null,"adm4_name":null,"name_latin":"Kassa"},"geometry":{"type":"Point","coordinates":[8.895687,9.5884935]}},
{"type":"Feature","properties":{"id":"node/501528090","name":"Tashok","name_en":null,"name_yo":null,"place":"hamlet","landuse":null,"population":null,"is_in":null,"source":null,"adm0_pcode":"NGA","adm0_name":"Nigeria","adm1_pcode":"NG032","adm1_name":"Plateau","adm2_pcode":"NG032015","adm2_name":"Riyom","adm3_pcode":null,"adm3_name":null,"adm4_pcode":null,"adm4_name":null,"name_latin":"Tashok"},"geometry":{"type":"Point","coordinates":[8.78638,9.584923]}},
{"type":"Feature","properties":{"id":"node/501494788","name":"Ran Kassa","name_en":null,"name_yo":null,"place":"village","landuse":null,"population":null,"is_in":null,"source":null,"adm0_pcode":"NGA","adm0_name":"Nigeria","adm1_pcode":"NG032","adm1_name":"Plateau","adm2_pcode":"NG032001","adm2_name":"Barikin Ladi","adm3_pcode":null,"adm3_name":null,"adm4_pcode":null,"adm4_name":null,"name_latin":"Ran Kassa"},"geometry":{"type":"Point","coordinates":[8.9407252,9.5848818]}},
{"type":"Feature","properties":{"id":"node/501443154","name":"Kassa Market","name_en":null,"name_yo":null,"place":"village","landuse":null,"population":null,"is_in":null,"source":null,"adm0_pcode":"NGA","adm0_name":"Nigeria","adm1_pcode":"NG032","adm1_name":"Plateau","adm2_pcode":"NG032001","adm2_name":"Barikin Ladi","adm3_pcode":null,"adm3_name":null,"adm4_pcode":null,"adm4_name":null,"name_latin":"Kassa Market"},"geometry":{"type":"Point","coordinates":[8.9020385,9.5839656]}},
{"type":"Feature","properties":{"id":"node/501364657","name":"Kaku","name_en":null,"name_yo":null,"place":"hamlet","landuse":null,"population":null,"is_in":null,"source":null,"adm0_pcode":"NGA","adm0_name":"Nigeria","adm1_pcode":"NG032","adm1_name":"Plateau","adm2_pcode":"NG032015","adm2_name":"Riyom","adm3_pcode":null,"adm3_name":null,"adm4_pcode":null,"adm4_name":null,"name_latin":"Kaku"},"geometry":{"type":"Point","coordinates":[8.766667,9.583333]}},
{"type":"Feature","properties":{"id":"node/501491482","name":"Barakin Nafam Dregi","name_en":null,"name_yo":null,"place":"hamlet","landuse":null,"population":null,"is_in":null,"source":null,"adm0_pcode":"NGA","adm0_name":"Nigeria","adm1_pcode":"NG032","adm1_name":"Plateau","adm2_pcode":"NG032001","adm2_name":"Barikin Ladi","adm3_pcode":null,"adm3_name":null,"adm4_pcode":null,"adm4_name":null,"name_latin":"Barakin Nafam Dregi"},"geometry":{"type":"Point","coordinates":[8.983333,9.583333]}},
{"type":"Feature","properties":{"id":"node/501359978","name":"Chemso","name_en":null,"name_yo":null,"place":"village","landuse":null,"population":null,"is_in":null,"source":null,"adm0_pcode":"NGA","adm0_name":"Nigeria","adm1_pcode":"NG032","adm1_name":"Plateau","adm2_pcode":"NG032011","adm2_name":"Mangu","adm3_pcode":null,"adm3_name":null,"adm4_pcode":null,"adm4_name":null,"name_latin":"Chemso"},"geometry":{"type":"Point","coordinates":[9.2588996,9.5824475]}},
{"type":"Feature","properties":{"id":"node/501379651","name":"Mara Mara","name_en":null,"name_yo":null,"place":"hamlet","landuse":null,"population":null,"is_in":null,"source":null,"adm0_pcode":"NGA","adm0_name":"Nigeria","adm1_pcode":"NG032","adm1_name":"Plateau","adm2_pcode":"NG032015","adm2_name":"Riyom","adm3_pcode":null,"adm3_name":null,"adm4_pcode":null,"adm4_name":null,"name_latin":"Mara Mara"},"geometry":{"type":"Point","coordinates":[8.7807793,9.5811357]}},
{"type":"Feature","properties":{"id":"node/501494675","name":"Gassa","name_en":null,"name_yo":null,"place":"village","landuse":null,"population":null,"is_in":null,"source":null,"adm0_pcode":"NGA","adm0_name":"Nigeria","adm1_pcode":"NG032","adm1_name":"Plateau","adm2_pcode":"NG032001","adm2_name":"Barikin Ladi","adm3_pcode":null,"adm3_name":null,"adm4_pcode":null,"adm4_name":null,"name_latin":"Gassa"},"geometry":{"type":"Point","coordinates":[8.9075518,9.5791267]}},
{"type":"Feature","properties":{"id":"node/501495011","name":"Nding","name_en":null,"name_yo":null,"place":"village","landuse":null,"population":null,"is_in":null,"source":null,"adm0_pcode":"NGA","adm0_name":"Nigeria","adm1_pcode":"NG032","adm1_name":"Plateau","adm2_pcode":"NG032001","adm2_name":"Barikin Ladi","adm3_pcode":null,"adm3_name":null,"adm4_pcode":null,"adm4_name":null,"name_latin":"Nding"},"geometry":{"type":"Point","coordinates":[8.933333,9.566667]}},
{"type":"Feature","properties":{"id":"node/501528288","name":"Old Durowa","name_en":null,"name_yo":null,"place":"village","landuse":null,"population":null,"is_in":null,"source":null,"adm0_pcode":"NGA","adm0_name":"Nigeria","adm1_pcode":"NG032","adm1_name":"Plateau","adm2_pcode":"NG032001","adm2_name":"Barikin Ladi","adm3_pcode":null,"adm3_name":null,"adm4_pcode":null,"adm4_name":null,"name_latin":"Old Durowa"},"geometry":{"type":"Point","coordinates":[9.05,9.566667]}},
{"type":"Feature","properties":{"id":"node/501445455","name":"Dokku","name_en":null,"name_yo":null,"place":"hamlet","landuse":null,"population":null,"is_in":null,"source":null,"adm0_pcode":"NGA","adm0_name":"Nigeria","adm1_pcode":"NG032","adm1_name":"Plateau","adm2_pcode":"NG032015","adm2_name":"Riyom","adm3_pcode":null,"adm3_name":null,"adm4_pcode":null,"adm4_name":null,"name_latin":"Dokku"},"geometry":{"type":"Point","coordinates":[8.8184104,9.5649563]}},
{"type":"Feature","properties":{"id":"node/501429648","name":"Jol","name_en":null,"name_yo":null,"place":"hamlet","landuse":null,"population":null,"is_in":null,"source":null,"adm0_pcode":"NGA","adm0_name":"Nigeria","adm1_pcode":"NG032","adm1_name":"Plateau","adm2_pcode":"NG032015","adm2_name":"Riyom","adm3_pcode":null,"adm3_name":null,"adm4_pcode":null,"adm4_name":null,"name_latin":"Jol"},"geometry":{"type":"Point","coordinates":[8.8055414,9.5514283]}},
{"type":"Feature","properties":{"id":"node/501524255","name":"Ogbunike","name_en":null,"name_yo":null,"place":"village","landuse":null,"population":null,"is_in":null,"source":null,"adm0_pcode":"NGA","adm0_name":"Nigeria","adm1_pcode":"NG004","adm1_name":"Anambra","adm2_pcode":"NG004021","adm2_name":"Oyi","adm3_pcode":null,"adm3_name":null,"adm4_pcode":null,"adm4_name":null,"name_latin":"Ogbunike"},"geometry":{"type":"Point","coordinates":[6.8538082,6.1868372]}},
{"type":"Feature","properties":{"id":"node/501540929","name":"Asaba","name_en":null,"name_yo":null,"place":"city","landuse":null,"population":"149603","is_in":null,"source":null,"adm0_pcode":"NGA","adm0_name":"Nigeria","adm1_pcode":"NG010","adm1_name":"Delta","adm2_pcode":"NG010015","adm2_name":"Oshimili South","adm3_pcode":null,"adm3_name":null,"adm4_pcode":null,"adm4_name":null,"name_latin":"Asaba"},"geometry":{"type":"Point","coordinates":[6.7297071,6.1858825]}},
{"type":"Feature","properties":{"id":"node/501515838","name":"Ogwashi-Uku","name_en":null,"name_yo":null,"place":"town","landuse":null,"population":"50240","is_in":null,"source":null,"adm0_pcode":"NGA","adm0_name":"Nigeria","adm1_pcode":"NG010","adm1_name":"Delta","adm2_pcode":"NG010002","adm2_name":"Aniocha South","adm3_pcode":null,"adm3_name":null,"adm4_pcode":null,"adm4_name":null,"name_latin":"Ogwashi-Uku"},"geometry":{"type":"Point","coordinates":[6.532877,6.1817718]}},
{"type":"Feature","properties":{"id":"node/501346143","name":"Ughoru","name_en":null,"name_yo":null,"place":"village","landuse":null,"population":null,"is_in":null,"source":null,"adm0_pcode":"NGA","adm0_name":"Nigeria","adm1_pcode":"NG010","adm1_name":"Delta","adm2_pcode":"NG010014","adm2_name":"Oshimili North","adm3_pcode":null,"adm3_name":null,"adm4_pcode":null,"adm4_name":null,"name_latin":"Ughoru"},"geometry":{"type":"Point","coordinates":[6.651367,6.180687]}},
{"type":"Feature","properties":{"id":"node/501498552","name":"Ibusa","name_en":null,"name_yo":null,"place":"town","landuse":null,"population":null,"is_in":null,"source":null,"adm0_pcode":"NGA","adm0_name":"Nigeria","adm1_pcode":"NG010","adm1_name":"Delta","adm2_pcode":"NG010014","adm2_name":"Oshimili North","adm3_pcode":null,"adm3_name":null,"adm4_pcode":null,"adm4_name":null,"name_latin":"Ibusa"},"geometry":{"type":"Point","coordinates":[6.623776,6.175882]}},
{"type":"Feature","properties":{"id":"node/501404056","name":"Abo-Ogwashi Ukwu","name_en":null,"name_yo":null,"place":"village","landuse":null,"population":null,"is_in":null,"source":null,"adm0_pcode":"NGA","adm0_name":"Nigeria","adm1_pcode":"NG010","adm1_name":"Delta","adm2_pcode":"NG010002","adm2_name":"Aniocha South","adm3_pcode":null,"adm3_name":null,"adm4_pcode":null,"adm4_name":null,"name_latin":"Abo-Ogwashi Ukwu"},"geometry":{"type":"Point","coordinates":[6.562979,6.164606]}},
{"type":"Feature","properties":{"id":"node/501469390","name":"Asama","name_en":null,"name_yo":null,"place":"village","landuse":null,"population":null,"is_in":null,"source":null,"adm0_pcode":"NGA","adm0_name":"Nigeria","adm1_pcode":"NG010","adm1_name":"Delta","adm2_pcode":"NG010002","adm2_name":"Aniocha South","adm3_pcode":null,"adm3_name":null,"adm4_pcode":null,"adm4_name":null,"name_latin":"Asama"},"geometry":{"type":"Point","coordinates":[6.429931,6.162293]}},
{"type":"Feature","properties":{"id":"node/501438288","name":"Ogidi","name_en":null,"name_yo":null,"place":"town","landuse":null,"population":null,"is_in":null,"source":null,"adm0_pcode":"NGA","adm0_name":"Nigeria","adm1_pcode":"NG004","adm1_name":"Anambra","adm2_pcode":"NG004010","adm2_name":"Idemili North","adm3_pcode":null,"adm3_name":null,"adm4_pcode":null,"adm4_name":null,"name_latin":"Ogidi"},"geometry":{"type":"Point","coordinates":[6.8668298,6.1526863]}},
{"type":"Feature","properties":{"id":"node/501347024","name":"Nkpor","name_en":null,"name_yo":null,"place":"town","landuse":null,"population":null,"is_in":null,"source":null,"adm0_pcode":"NGA","adm0_name":"Nigeria","adm1_pcode":"NG004","adm1_name":"Anambra","adm2_pcode":"NG004010","adm2_name":"Idemili North","adm3_pcode":null,"adm3_name":null,"adm4_pcode":null,"adm4_name":null,"name_latin":"Nkpor"},"geometry":{"type":"Point","coordinates":[6.842826,6.15055]}},
{"type":"Feature","properties":{"id":"node/501468998","name":"Okwe","name_en":null,"name_yo":null,"place":"village","landuse":null,"population":null,"is_in":null,"source":null,"adm0_pcode":"NGA","adm0_name":"Nigeria","adm1_pcode":"NG010","adm1_name":"Delta","adm2_pcode":"NG010015","adm2_name":"Oshimili South","adm3_pcode":null,"adm3_name":null,"adm4_pcode":null,"adm4_name":null,"name_latin":"Okwe"},"geometry":{"type":"Point","coordinates":[6.743895,6.1494642]}},
{"type":"Feature","properties":{"id":"node/501469188","name":"Ikenga","name_en":null,"name_yo":null,"place":"village","landuse":null,"population":null,"is_in":null,"source":null,"adm0_pcode":"NGA","adm0_name":"Nigeria","adm1_pcode":"NG004","adm1_name":"Anambra","adm2_pcode":"NG004010","adm2_name":"Idemili North","adm3_pcode":null,"adm3_name":null,"adm4_pcode":null,"adm4_name":null,"name_latin":"Ikenga"},"geometry":{"type":"Point","coordinates":[6.8694359,6.14654]}},
{"type":"Feature","properties":{"id":"node/5232601618","name":"Onitsha","name_en":null,"name_yo":null,"place":"city","landuse":null,"population":"1080000","is_in":null,"source":null,"adm0_pcode":"NGA","adm0_name":"Nigeria","adm1_pcode":"NG004","adm1_name":"Anambra","adm2_pcode":"NG004017","adm2_name":"Onitsha North","adm3_pcode":null,"adm3_name":null,"adm4_pcode":null,"adm4_name":null,"name_latin":"Onitsha"},"geometry":{"type":"Point","coordinates":[6.8019088,6.1461619]}},
{"type":"Feature","properties":{"id":"node/9130040855","name":"Fegge","name_en":null,"name_yo":null,"place":"town","landuse":null,"population":null,"is_in":null,"source":null,"adm0_pcode":"NGA","adm0_name":"Nigeria","adm1_pcode":"NG004","adm1_name":"Anambra","adm2_pcode":"NG004018","adm2_name":"Onitsha South","adm3_pcode":null,"adm3_name":null,"adm4_pcode":null,"adm4_name":null,"name_latin":"Fegge"},"geometry":{"type":"Point","coordinates":[6.7740194,6.1370492]}},
{"type":"Feature","properties":{"id":"node/501498612","name":"Ani-Ugbo","name_en":null,"name_yo":null,"place":"village","landuse":null,"population":null,"is_in":null,"source":null,"adm0_pcode":"NGA","adm0_name":"Nigeria","adm1_pcode":"NG010","adm1_name":"Delta","adm2_pcode":"NG010002","adm2_name":"Aniocha South","adm3_pcode":null,"adm3_name":null,"adm4_pcode":null,"adm4_name":null,"name_latin":"Ani-Ugbo"},"geometry":{"type":"Point","coordinates":[6.3972423,6.1307503]}},
{"type":"Feature","properties":{"id":"node/501523929","name":"Oko Amakom","name_en":null,"name_yo":null,"place":"village","landuse":null,"population":null,"is_in":null,"source":null,"adm0_pcode":"NGA","adm0_name":"Nigeria","adm1_pcode":"NG010","adm1_name":"Delta","adm2_pcode":"NG010015","adm2_name":"Oshimili South","adm3_pcode":null,"adm3_name":null,"adm4_pcode":null,"adm4_name":null,"name_latin":"Oko Amakom"},"geometry":{"type":"Point","coordinates":[6.7399136,6.127298]}},
{"type":"Feature","properties":{"id":"node/501346873","name":"Ogwashi Olor","name_en":null,"name_yo":null,"place":"village","landuse":null,"population":null,"is_in":null,"source":null,"adm0_pcode":"NGA","adm0_name":"Nigeria","adm1_pcode":"NG010","adm1_name":"Delta","adm2_pcode":"NG010002","adm2_name":"Aniocha South","adm3_pcode":null,"adm3_name":null,"adm4_pcode":null,"adm4_name":null,"name_latin":"Ogwashi Olor"},"geometry":{"type":"Point","coordinates":[6.523351,6.124524]}},
{"type":"Feature","properties":{"id":"node/501519768","name":"Ikanekpo","name_en":null,"name_yo":null,"place":"village","landuse":null,"population":null,"is_in":null,"source":null,"adm0_pcode":"NGA","adm0_name":"Nigeria","adm1_pcode":"NG014","adm1_name":"Enugu","adm2_pcode":"NG014008","adm2_name":"Igbo-Eze North","adm3_pcode":null,"adm3_name":null,"adm4_pcode":null,"adm4_name":null,"name_latin":"Ikanekpo"},"geometry":{"type":"Point","coordinates":[7.466667,7.1]}},
{"type":"Feature","properties":{"id":"node/501360102","name":"Ete Nawo","name_en":null,"name_yo":null,"place":"village","landuse":null,"population":null,"is_in":null,"source":null,"adm0_pcode":"NGA","adm0_name":"Nigeria","adm1_pcode":"NG014","adm1_name":"Enugu","adm2_pcode":"NG014008","adm2_name":"Igbo-Eze North","adm3_pcode":null,"adm3_name":null,"adm4_pcode":null,"adm4_name":null,"name_latin":"Ete Nawo"},"geometry":{"type":"Point","coordinates":[7.383333,7.083333]}},
{"type":"Feature","properties":{"id":"node/501431097","name":"Akpanya","name_en":null,"name_yo":null,"place":"village","landuse":null,"population":null,"is_in":null,"source":null,"adm0_pcode":"NGA","adm0_name":"Nigeria","adm1_pcode":"NG014","adm1_name":"Enugu","adm2_pcode":"NG014009","adm2_name":"Igbo-Eze South","adm3_pcode":null,"adm3_name":null,"adm4_pcode":null,"adm4_name":null,"name_latin":"Akpanya"},"geometry":{"type":"Point","coordinates":[7.3277333,7.0033803]}},
{"type":"Feature","properties":{"id":"node/501522142","name":"Enugu-Ezike","name_en":null,"name_yo":null,"place":"town","landuse":null,"population":null,"is_in":null,"source":null,"adm0_pcode":"NGA","adm0_name":"Nigeria","adm1_pcode":"NG014","adm1_name":"Enugu","adm2_pcode":"NG014008","adm2_name":"Igbo-Eze North","adm3_pcode":null,"adm3_name":null,"adm4_pcode":null,"adm4_name":null,"name_latin":"Enugu-Ezike"},"geometry":{"type":"Point","coordinates":[7.457,6.9825]}},
{"type":"Feature","properties":{"id":"node/501496879","name":"Mkpor-Agwu","name_en":null,"name_yo":null,"place":"village","landuse":null,"population":null,"is_in":null,"source":null,"adm0_pcode":"NGA","adm0_name":"Nigeria","adm1_pcode":"NG014","adm1_name":"Enugu","adm2_pcode":"NG014008","adm2_name":"Igbo-Eze North","adm3_pcode":null,"adm3_name":null,"adm4_pcode":null,"adm4_name":null,"name_latin":"Mkpor-Agwu"},"geometry":{"type":"Point","coordinates":[7.4145,6.9704]}},
{"type":"Feature","properties":{"id":"node/501496940","name":"Aka","name_en":null,"name_yo":null,"place":"village","landuse":null,"population":null,"is_in":null,"source":null,"adm0_pcode":"NGA","adm0_name":"Nigeria","adm1_pcode":"NG014","adm1_name":"Enugu","adm2_pcode":"NG014009","adm2_name":"Igbo-Eze South","adm3_pcode":null,"adm3_name":null,"adm4_pcode":null,"adm4_name":null,"name_latin":"Aka"},"geometry":{"type":"Point","coordinates":[7.419974,6.915063]}},
{"type":"Feature","properties":{"id":"node/501395404","name":"Okuje","name_en":null,"name_yo":null,"place":"village","landuse":null,"population":null,"is_in":null,"source":null,"adm0_pcode":"NGA","adm0_name":"Nigeria","adm1_pcode":"NG014","adm1_name":"Enugu","adm2_pcode":"NG014013","adm2_name":"Nsukka","adm3_pcode":null,"adm3_name":null,"adm4_pcode":null,"adm4_name":null,"name_latin":"Okuje"},"geometry":{"type":"Point","coordinates":[7.2993,6.9041]}},
{"type":"Feature","properties":{"id":"node/501332944","name":"Umundu","name_en":null,"name_yo":null,"place":"village","landuse":null,"population":null,"is_in":null,"source":null,"adm0_pcode":"NGA","adm0_name":"Nigeria","adm1_pcode":"NG014","adm1_name":"Enugu","adm2_pcode":"NG014015","adm2_name":"Udenu","adm3_pcode":null,"adm3_name":null,"adm4_pcode":null,"adm4_name":null,"name_latin":"Umundu"},"geometry":{"type":"Point","coordinates":[7.4940778,6.8869334]}},
{"type":"Feature","properties":{"id":"node/501514386","name":"Ovoko","name_en":null,"name_yo":null,"place":"village","landuse":null,"population":null,"is_in":null,"source":null,"adm0_pcode":"NGA","adm0_name":"Nigeria","adm1_pcode":"NG014","adm1_name":"Enugu","adm2_pcode":"NG014009","adm2_name":"Igbo-Eze South","adm3_pcode":null,"adm3_name":null,"adm4_pcode":null,"adm4_name":null,"name_latin":"Ovoko"},"geometry":{"type":"Point","coordinates":[7.458466,6.885826]}},
{"type":"Feature","properties":{"id":"node/501514354","name":"Igugu","name_en":null,"name_yo":null,"place":"village","landuse":null,"population":null,"is_in":null,"source":null,"adm0_pcode":"NGA","adm0_name":"Nigeria","adm1_pcode":"NG014","adm1_name":"Enugu","adm2_pcode":"NG014015","adm2_name":"Udenu","adm3_pcode":null,"adm3_name":null,"adm4_pcode":null,"adm4_name":null,"name_latin":"Igugu"},"geometry":{"type":"Point","coordinates":[7.4923414,6.8832586]}},
{"type":"Feature","properties":{"id":"node/501522235","name":"Imilike","name_en":null,"name_yo":null,"place":"village","landuse":null,"population":null,"is_in":null,"source":null,"adm0_pcode":"NGA","adm0_name":"Nigeria","adm1_pcode":"NG014","adm1_name":"Enugu","adm2_pcode":"NG014015","adm2_name":"Udenu","adm3_pcode":null,"adm3_name":null,"adm4_pcode":null,"adm4_name":null,"name_latin":"Imilike"},"geometry":{"type":"Point","coordinates":[7.4836987,6.8808057]}},
{"type":"Feature","properties":{"id":"node/501395379","name":"Ezimo","name_en":null,"name_yo":null,"place":"village","landuse":null,"population":null,"is_in":null,"source":null,"adm0_pcode":"NGA","adm0_name":"Nigeria","adm1_pcode":"NG014","adm1_name":"Enugu","adm2_pcode":"NG014015","adm2_name":"Udenu","adm3_pcode":null,"adm3_name":null,"adm4_pcode":null,"adm4_name":null,"name_latin":"Ezimo"},"geometry":{"type":"Point","coordinates":[7.5347,6.87]}},
{"type":"Feature","properties":{"id":"node/501464850","name":"Ezumo","name_en":null,"name_yo":null,"place":"village","landuse":null,"population":null,"is_in":null,"source":null,"adm0_pcode":"NGA","adm0_name":"Nigeria","adm1_pcode":"NG014","adm1_name":"Enugu","adm2_pcode":"NG014015","adm2_name":"Udenu","adm3_pcode":null,"adm3_name":null,"adm4_pcode":null,"adm4_name":null,"name_latin":"Ezumo"},"geometry":{"type":"Point","coordinates":[7.5347,6.87]}},
{"type":"Feature","properties":{"id":"way/1424152800","name":"Enugu","name_en":null,"name_yo":null,"place":null,"landuse":"residential","population":null,"is_in":null,"source":null,"adm0_pcode":"NGA","adm0_name":"Nigeria","adm1_pcode":"NG014","adm1_name":"Enugu","adm2_pcode":"NG014004","adm2_name":"Enugu North","adm3_pcode":null,"adm3_name":null,"adm4_pcode":null,"adm4_name":null,"name_latin":"Enugu"},"geometry":{"type":"Polygon","coordinates":[[[7.5310465,6.5496484],[7.5280615,6.5497859],[7.5277452,6.5482737],[7.5236531,6.5484897],[7.5240089,6.5440904],[7.520846,6.5454848],[7.5194622,6.5429906],[7.5179796,6.5436387],[7.5174854,6.5425193],[7.5129094,6.5477182],[7.5099525,6.5451872],[7.5090148,6.541939],[7.5068668,6.539535],[7.5028743,6.5406891],[7.5029987,6.5412822],[7.5015523,6.5420032],[7.5012498,6.5420287],[7.5011896,6.5441297],[7.501165,6.5443736],[7.5008863,6.5459264],[7.4969432,6.5453368],[7.497211,6.546242],[7.498605,6.5477209],[7.4936163,6.5472172],[7.4925008,6.5461138],[7.491608,6.5429067],[7.4923364,6.5398418],[7.4902647,6.5396809],[7.4890503,6.5374432],[7.4913719,6.5324883],[7.4922524,6.5272882],[7.4939387,6.5275887],[7.4947185,6.5288163],[7.496278,6.5296354],[7.4964534,6.5288365],[7.4971899,6.5281438],[7.4961748,6.5270719],[7.4956163,6.5255895],[7.4914509,6.5264194],[7.4887354,6.5268495],[7.4880216,6.5258807],[7.4876544,6.5245844],[7.4881573,6.5226973],[7.4874273,6.5231321],[7.4866973,6.5229867],[7.4842965,6.5233083],[7.4834943,6.5224939],[7.4829304,6.5211725],[7.483714,6.5186339],[7.4857215,6.5173421],[7.4881557,6.5153342],[7.489349,6.5143065],[7.4871568,6.5066462],[7.4853326,6.5072333],[7.4811717,6.5047153],[7.4747696,6.5037133],[7.4733634,6.5021561],[7.4720919,6.5011869],[7.4695467,6.5026084],[7.4675909,6.4982574],[7.4646747,6.4950322],[7.4613187,6.4921303],[7.4610195,6.4895671],[7.4630112,6.4890915],[7.464802,6.489998],[7.4660704,6.4921759],[7.4688946,6.4913468],[7.4682303,6.4902875],[7.4663571,6.487582],[7.4661991,6.486197],[7.467566,6.4836837],[7.4681504,6.480982],[7.4672322,6.4805461],[7.4654978,6.481519],[7.4652179,6.480124],[7.4674623,6.4781566],[7.466807,6.4762757],[7.4660291,6.4751428],[7.4640817,6.4745318],[7.4622915,6.472232],[7.4619778,6.4704387],[7.4621358,6.4688666],[7.4591622,6.4699271],[7.4552387,6.4703011],[7.4530738,6.4683445],[7.4520561,6.4574611],[7.4545582,6.455391],[7.4589388,6.4600209],[7.4632322,6.4621002],[7.4642224,6.4593718],[7.4630222,6.4572379],[7.4639424,6.453437],[7.4668223,6.451855],[7.4681732,6.4531802],[7.4693126,6.4534687],[7.4698099,6.4552019],[7.470283,6.4543559],[7.4710706,6.4551803],[7.4715065,6.4561477],[7.4723008,6.456329],[7.4719587,6.4538775],[7.4719844,6.4529019],[7.4730243,6.4540148],[7.4734964,6.4543999],[7.474133,6.4542407],[7.4753292,6.45455],[7.4758639,6.4540611],[7.4760081,6.4531441],[7.4755796,6.452555],[7.4735494,6.4518278],[7.4736631,6.4509742],[7.4702084,6.4473837],[7.4725195,6.4427144],[7.474221,6.4431174],[7.4766003,6.4441186],[7.4782364,6.4441648],[7.4764992,6.4438665],[7.4751911,6.4432147],[7.4748425,6.4421197],[7.474666,6.4407359],[7.474944,6.4400353],[7.473443,6.4395564],[7.4735696,6.4388291],[7.4740551,6.4381027],[7.4751285,6.437765],[7.4743458,6.4368719],[7.4729408,6.4367898],[7.472405,6.4361568],[7.4712409,6.4371151],[7.4700206,6.4362959],[7.4694933,6.4353175],[7.4683681,6.4342937],[7.4667427,6.4338358],[7.4675718,6.4313682],[7.4661984,6.4287218],[7.4665163,6.4281795],[7.4695441,6.4316071],[7.4719683,6.4300838],[7.4755079,6.4300114],[7.477035,6.4300053],[7.4760676,6.4274405],[7.4752325,6.4263356],[7.4739914,6.4269244],[7.4727609,6.4244195],[7.4722641,6.4236355],[7.4724314,6.4228437],[7.4738159,6.4229809],[7.4746557,6.4222232],[7.4743246,6.4205916],[7.4730727,6.419336],[7.471499,6.4196797],[7.4694238,6.4179671],[7.4667145,6.4172838],[7.4680211,6.4160775],[7.4666824,6.4145844],[7.4660813,6.4132112],[7.4673113,6.4119975],[7.4698287,6.4147152],[7.4697086,6.4114618],[7.4710701,6.4109413],[7.4728237,6.4124269],[7.4737727,6.4107673],[7.4756052,6.4112591],[7.4746439,6.4102256],[7.4744604,6.4091655],[7.4747818,6.4080465],[7.477757,6.4078102],[7.4806137,6.4103262],[7.4816129,6.4122239],[7.4837386,6.413322],[7.482883,6.4114869],[7.4804717,6.4093054],[7.4781167,6.4070746],[7.4771324,6.4054444],[7.4759441,6.4044808],[7.4753501,6.4007177],[7.470808,6.4014632],[7.4705659,6.3952822],[7.46839,6.3945993],[7.4692952,6.3921292],[7.473649,6.3900808],[7.467834,6.3897105],[7.4669876,6.3886896],[7.4673595,6.3866742],[7.4664856,6.3799529],[7.4813005,6.3779347],[7.4867814,6.3730078],[7.490407,6.3689134],[7.4914717,6.3673045],[7.5052353,6.3654081],[7.5070401,6.3640001],[7.5150822,6.3687954],[7.5182162,6.369676],[7.5194561,6.3676741],[7.5234527,6.3657365],[7.5263226,6.3667541],[7.5297537,6.3652412],[7.5329,6.3638925],[7.5353664,6.3646819],[7.5380247,6.3639286],[7.5404203,6.3631691],[7.5437359,6.3629563],[7.550805,6.3621353],[7.5483917,6.3671352],[7.5444612,6.3679883],[7.5448153,6.3694577],[7.5484953,6.3691945],[7.5506062,6.3717741],[7.5511245,6.3750483],[7.5490264,6.3769556],[7.5538215,6.3779032],[7.5547151,6.3870046],[7.5578948,6.3902969],[7.5619823,6.3904712],[7.5640908,6.3920478],[7.5629733,6.3936492],[7.5642987,6.3941787],[7.5642956,6.3953534],[7.562539,6.397598],[7.5600296,6.3984401],[7.5574677,6.396886],[7.5595513,6.3987951],[7.5614839,6.3997442],[7.5658945,6.3989277],[7.5674206,6.400457],[7.5614805,6.4085263],[7.5595149,6.4104438],[7.5566186,6.4117915],[7.5530763,6.4145198],[7.5581127,6.4120743],[7.559603,6.419303],[7.5620293,6.420575],[7.5622946,6.4235449],[7.5638444,6.4238404],[7.5641085,6.4250445],[7.5690246,6.4242266],[7.5698037,6.4271489],[7.5723081,6.4293886],[7.5755419,6.4285717],[7.5799131,6.4314941],[7.5837697,6.4335871],[7.58472,6.4325998],[7.587319,6.4331016],[7.5887295,6.434022],[7.5901747,6.4347891],[7.5903353,6.4368976],[7.5904864,6.4385238],[7.5913168,6.4388727],[7.5924038,6.4388572],[7.5923407,6.4400913],[7.5933142,6.440101],[7.5954424,6.4427668],[7.5955088,6.4455383],[7.5976136,6.4448982],[7.5983993,6.4478342],[7.6021783,6.4465568],[7.6044691,6.4469688],[7.6055627,6.4478248],[7.6064576,6.4472272],[7.6079136,6.4472268],[7.608887,6.448175],[7.6095284,6.4502567],[7.6103844,6.4475196],[7.6120319,6.4468429],[7.6126038,6.447615],[7.6118052,6.4492379],[7.6129465,6.4500616],[7.6146053,6.4489749],[7.6220373,6.4595745],[7.6214175,6.460795],[7.6183896,6.4618079],[7.6164346,6.4639728],[7.6160293,6.4668009],[7.6149018,6.4672332],[7.6159678,6.4678551],[7.6164784,6.4691225],[7.6180242,6.4690513],[7.6184853,6.4704135],[7.6197171,6.4707392],[7.6201622,6.4694303],[7.6221732,6.4696432],[7.6242879,6.4729357],[7.6275139,6.477687],[7.6216893,6.4804642],[7.6178103,6.4802283],[7.6134051,6.4798971],[7.6169918,6.4827357],[7.6210382,6.4899589],[7.6201348,6.4926939],[7.6140816,6.4937944],[7.6088983,6.4928507],[7.6073391,6.4932904],[7.6059038,6.4958554],[7.6069958,6.4965964],[7.6149638,6.50065],[7.6234552,6.5078593],[7.6267565,6.5132988],[7.62241,6.5141165],[7.619938,6.5127416],[7.6161729,6.5147905],[7.6096628,6.5097167],[7.6045941,6.5104522],[7.5999554,6.5098644],[7.596401,6.5091341],[7.5927287,6.5068465],[7.5932641,6.5031217],[7.5940325,6.4992458],[7.595812,6.4994536],[7.5969722,6.498712],[7.5963125,6.4937433],[7.5943653,6.4921903],[7.5930616,6.4938814],[7.5912324,6.4962869],[7.5870171,6.5001277],[7.5837166,6.5027684],[7.579614,6.5044285],[7.5808317,6.5074888],[7.5793774,6.510228],[7.577494,6.5097457],[7.576922,6.5105576],[7.5750389,6.510002],[7.5737417,6.5088752],[7.5693392,6.5092479],[7.565509,6.5081046],[7.5631085,6.5042908],[7.5567632,6.5091777],[7.5545678,6.5025965],[7.5501434,6.5032691],[7.5484461,6.4996522],[7.5397415,6.5030578],[7.5375787,6.5070117],[7.5368159,6.5096825],[7.5391334,6.5094072],[7.5423736,6.5136963],[7.5415783,6.5173298],[7.5398509,6.5180371],[7.5418787,6.5208763],[7.5418315,6.521561],[7.5414913,6.5263234],[7.5412134,6.529694],[7.537738,6.5317134],[7.5310456,6.5298799],[7.5310772,6.5327845],[7.5306842,6.5347293],[7.529465,6.5378646],[7.5319756,6.5387484],[7.5313826,6.5405553],[7.5330826,6.5450331],[7.5335769,6.5468596],[7.531264,6.5475863],[7.5315209,6.5491967],[7.5310465,6.5496484]]]}},
{"type":"Feature","properties":{"id":"node/501394741","name":"Amankwo","name_en":null,"name_yo":null,"place":"village","landuse":null,"population":null,"is_in":null,"source":null,"adm0_pcode":"NGA","adm0_name":"Nigeria","adm1_pcode":"NG014","adm1_name":"Enugu","adm2_pcode":"NG014006","adm2_name":"Ezeagu","adm3_pcode":null,"adm3_name":null,"adm4_pcode":null,"adm4_name":null,"name_latin":"Amankwo"},"geometry":{"type":"Point","coordinates":[7.3018,6.452]}},
{"type":"Feature","properties":{"id":"node/27565107","name":"Enugu","name_en":null,"name_yo":null,"place":"city","landuse":null,"population":"722664","is_in":null,"source":null,"adm0_pcode":"NGA","adm0_name":"Nigeria","adm1_pcode":"NG014","adm1_name":"Enugu","adm2_pcode":"NG014004","adm2_name":"Enugu North","adm3_pcode":null,"adm3_name":null,"adm4_pcode":null,"adm4_name":null,"name_latin":"Enugu"},"geometry":{"type":"Point","coordinates":[7.5136856,6.4496519]}},
{"type":"Feature","properties":{"id":"way/723874639","name":"Nigerian Police Post Quaters","name_en":null,"name_yo":null,"place":null,"landuse":"residential","population":null,"is_in":null,"source":null,"adm0_pcode":"NGA","adm0_name":"Nigeria","adm1_pcode":"NG014","adm1_name":"Enugu","adm2_pcode":"NG014004","adm2_name":"Enugu North","adm3_pcode":null,"adm3_name":null,"adm4_pcode":null,"adm4_name":null,"name_latin":"Nigerian Police Post Quaters"},"geometry":{"type":"Polygon","coordinates":[[[7.4629395,6.4437238],[7.4628107,6.4447046],[7.4639265,6.444598],[7.4641196,6.4437451],[7.4629395,6.4437238]]]}},
{"type":"Feature","properties":{"id":"node/501496876","name":"Iwollo-Oye","name_en":null,"name_yo":null,"place":"town","landuse":null,"population":null,"is_in":null,"source":null,"adm0_pcode":"NGA","adm0_name":"Nigeria","adm1_pcode":"NG014","adm1_name":"Enugu","adm2_pcode":"NG014006","adm2_name":"Ezeagu","adm3_pcode":null,"adm3_name":null,"adm4_pcode":null,"adm4_name":null,"name_latin":"Iwollo-Oye"},"geometry":{"type":"Point","coordinates":[7.284743,6.4422945]}},
{"type":"Feature","properties":{"id":"node/12112382351","name":"Achi Street Boys","name_en":null,"name_yo":null,"place":null,"landuse":"residential","population":null,"is_in":null,"source":null,"adm0_pcode":"NGA","adm0_name":"Nigeria","adm1_pcode":"NG014","adm1_name":"Enugu","adm2_pcode":"NG014004","adm2_name":"Enugu North","adm3_pcode":null,"adm3_name":null,"adm4_pcode":null,"adm4_name":null,"name_latin":"Achi Street Boys"},"geometry":{"type":"Point","coordinates":[7.5230812,6.4354176]}},
{"type":"Feature","properties":{"id":"way/1434973230","name":"Ngwo 9th Mile","name_en":null,"name_yo":null,"place":null,"landuse":"residential","population":null,"is_in":null,"source":null,"adm0_pcode":"NGA","adm0_name":"Nigeria","adm1_pcode":"NG014","adm1_name":"Enugu","adm2_pcode":"NG014016","adm2_name":"Udi","adm3_pcode":null,"adm3_name":null,"adm4_pcode":null,"adm4_name":null,"name_latin":"Ngwo 9th Mile"},"geometry":{"type":"Polygon","coordinates":[[[7.3927109,6.4139254],[7.3939507,6.4129066],[7.3985283,6.4127644],[7.4027245,6.4113666],[7.4036424,6.4111725],[7.4045098,6.4178881],[7.4077075,6.4175977],[7.4081366,6.4183796],[7.4070876,6.4201565],[7.4060624,6.4216965],[7.4063485,6.4220045],[7.4090903,6.4206066],[7.4099009,6.420891],[7.4101155,6.4222651],[7.4119036,6.4205119],[7.4126427,6.4212937],[7.413048,6.419422],[7.4156468,6.4191614],[7.4168627,6.4192799],[7.4181485,6.4173145],[7.4176002,6.4163905],[7.4180293,6.4151111],[7.4168372,6.4136658],[7.4143577,6.411723],[7.4137855,6.4109886],[7.4152875,6.409875],[7.4157167,6.4100172],[7.4180055,6.4121495],[7.418983,6.4125997],[7.4194837,6.4141634],[7.4218729,6.4180098],[7.4211091,6.4183692],[7.4220586,6.4193994],[7.4222016,6.4206551],[7.423203,6.421437],[7.4231467,6.4218454],[7.4218655,6.4214703],[7.4216214,6.4215263],[7.4217963,6.4225742],[7.4215102,6.423285],[7.421388,6.4261094],[7.4212955,6.4274741],[7.4216294,6.4287341],[7.4213433,6.4297766],[7.4225116,6.4302504],[7.4230531,6.4295802],[7.4238706,6.4301794],[7.4236083,6.4313639],[7.4243236,6.4316009],[7.4249732,6.4305423],[7.4248454,6.4297796],[7.4265885,6.4298714],[7.4270654,6.4294212],[7.4283958,6.4296421],[7.4295688,6.430511],[7.4294282,6.432171],[7.430207,6.4322455],[7.4311925,6.4341137],[7.4322356,6.4354054],[7.4301521,6.4368374],[7.4295795,6.4358619],[7.4289752,6.434706],[7.4277354,6.4345638],[7.4273301,6.4334029],[7.426571,6.4340927],[7.4267524,6.4355021],[7.4248744,6.4356773],[7.4235154,6.436009],[7.4233509,6.4363459],[7.4263745,6.4411562],[7.4270202,6.4401314],[7.4275209,6.4386388],[7.4288637,6.439126],[7.4278361,6.4415451],[7.4291183,6.4427374],[7.4288473,6.4433833],[7.4309377,6.4447905],[7.4305011,6.4461726],[7.4296807,6.4466922],[7.4291898,6.4479968],[7.428976,6.4486072],[7.4304773,6.4492051],[7.4327647,6.4516882],[7.4321939,6.45174],[7.4318601,6.4523086],[7.4296189,6.4525692],[7.4298745,6.4541882],[7.4287582,6.4543655],[7.4288798,6.4556964],[7.4269725,6.4557201],[7.4269963,6.4546777],[7.426591,6.4545592],[7.4267341,6.4533747],[7.4276425,6.4534639],[7.4275685,6.4523086],[7.4270679,6.4520954],[7.4269248,6.450437],[7.4267579,6.4495368],[7.4269487,6.4490156],[7.426448,6.4490866],[7.425542,6.4507687],[7.4249936,6.4527587],[7.4239923,6.4525218],[7.4225856,6.4528535],[7.4194146,6.4520717],[7.4189616,6.4511004],[7.4194862,6.4504133],[7.4182941,6.4493709],[7.4185802,6.4483996],[7.4173642,6.4486128],[7.4165775,6.448826],[7.4162913,6.4481627],[7.414837,6.4487313],[7.4143125,6.4473809],[7.4122621,6.4478547],[7.4113561,6.447144],[7.4111556,6.4457966],[7.4102117,6.4456988],[7.4092818,6.4500343],[7.4082328,6.4499395],[7.4081851,6.4515979],[7.4073102,6.4516243],[7.4073268,6.44975],[7.4077099,6.449299],[7.408068,6.44716],[7.4081457,6.4461993],[7.406993,6.4460305],[7.4068022,6.4455288],[7.4068023,6.4436851],[7.4067308,6.4429269],[7.4058725,6.4433771],[7.4032975,6.442998],[7.4016763,6.4429032],[7.4009849,6.4422399],[7.4007703,6.4410079],[7.3993398,6.4406999],[7.3980762,6.4399655],[7.397194,6.4396812],[7.3970748,6.4385203],[7.397194,6.4379991],[7.3965503,6.436933],[7.397194,6.4354878],[7.3977185,6.4345638],[7.3973609,6.4339242],[7.3973371,6.4328343],[7.3938233,6.4329508],[7.3896345,6.4209299],[7.3912765,6.4184328],[7.3929496,6.4172723],[7.3933351,6.4163909],[7.3928202,6.4158842],[7.3934503,6.4153296],[7.3927109,6.4139254]]]}},
{"type":"Feature","properties":{"id":"node/13228673672","name":"Ngwo","name_en":null,"name_yo":null,"place":"town","landuse":null,"population":null,"is_in":null,"source":null,"adm0_pcode":"NGA","adm0_name":"Nigeria","adm1_pcode":"NG014","adm1_name":"Enugu","adm2_pcode":"NG014016","adm2_name":"Udi","adm3_pcode":null,"adm3_name":null,"adm4_pcode":null,"adm4_name":null,"name_latin":"Ngwo"},"geometry":{"type":"Point","coordinates":[7.4279265,6.4310486]}},
{"type":"Feature","properties":{"id":"way/1434972165","name":"Ngwo-Asaa","name_en":null,"name_yo":null,"place":null,"landuse":"residential","population":null,"is_in":null,"source":null,"adm0_pcode":"NGA","adm0_name":"Nigeria","adm1_pcode":"NG014","adm1_name":"Enugu","adm2_pcode":"NG014016","adm2_name":"Udi","adm3_pcode":null,"adm3_name":null,"adm4_pcode":null,"adm4_name":null,"name_latin":"Ngwo-Asaa"},"geometry":{"type":"Polygon","coordinates":[[[7.4742658,6.4422287],[7.4729784,6.4419207],[7.4699266,6.4415179],[7.4683531,6.4422761],[7.4680908,6.445119],[7.465945,6.4445978],[7.4628456,6.4449769],[7.4616296,6.446043],[7.4574573,6.4472275],[7.4563368,6.4481041],[7.455765,6.4500654],[7.454644,6.4496914],[7.453881,6.4477487],[7.452689,6.4469432],[7.451234,6.4482988],[7.4498041,6.447346],[7.4488266,6.4460903],[7.4491127,6.4453559],[7.4505432,6.4454033],[7.4521644,6.4451901],[7.450877,6.4442661],[7.4497326,6.4433895],[7.4500187,6.4413521],[7.4524982,6.4415179],[7.4540718,6.4420154],[7.4536188,6.4393857],[7.4538095,6.4378221],[7.4527844,6.4356685],[7.4518069,6.4366636],[7.4499949,6.4357159],[7.4513539,6.4326597],[7.4514686,6.4309775],[7.451564,6.42894],[7.452923,6.4285846],[7.4528277,6.427945],[7.4527323,6.4273053],[7.4521124,6.4270447],[7.4507772,6.4276844],[7.4499428,6.4273764],[7.4491321,6.4264761],[7.44825,6.4261444],[7.4481785,6.4280634],[7.4474632,6.4281819],[7.4463426,6.4274474],[7.4455247,6.4269808],[7.4442538,6.4277607],[7.4433056,6.4290281],[7.4426253,6.4294684],[7.4427664,6.4317831],[7.4410761,6.4322519],[7.4400747,6.4312806],[7.439937,6.4303446],[7.438489,6.4305352],[7.4387157,6.4319913],[7.4373568,6.4320861],[7.4360931,6.4328916],[7.4364985,6.4333655],[7.4377859,6.4337919],[7.4375713,6.4359242],[7.4352571,6.4387207],[7.4341365,6.4368491],[7.4328491,6.4354513],[7.4322769,6.433935],[7.4312994,6.4334612],[7.4310609,6.4326083],[7.430298,6.4321581],[7.4297928,6.4303578],[7.4286007,6.4299314],[7.4283958,6.4296421],[7.4281477,6.4292917],[7.4282431,6.4278939],[7.4271464,6.4284862],[7.425549,6.4283203],[7.4250483,6.4273963],[7.4264788,6.4255247],[7.4276232,6.4258563],[7.4289107,6.4260696],[7.4291491,6.4251219],[7.4266695,6.4243874],[7.4257397,6.4242216],[7.4258351,6.4231791],[7.4239754,6.4225394],[7.4228548,6.4195068],[7.4221157,6.4185354],[7.4225687,6.4179194],[7.4250483,6.4180379],[7.4272894,6.4189382],[7.4282431,6.4194594],[7.4289345,6.4203361],[7.4299359,6.4204308],[7.431271,6.420881],[7.4328684,6.4210231],[7.4337983,6.4213785],[7.4342751,6.4214496],[7.4343705,6.4205256],[7.4351572,6.4204545],[7.4354672,6.4213785],[7.4366593,6.4213075],[7.4368262,6.4196253],[7.437756,6.4195542],[7.4376606,6.4184644],[7.4369215,6.4186065],[7.4366593,6.4171613],[7.4351572,6.4154791],[7.4348711,6.4139391],[7.435944,6.4122806],[7.4395918,6.4114514],[7.4416661,6.4132994],[7.4409031,6.4146262],[7.4392342,6.4152659],[7.4379229,6.4171139],[7.4383997,6.4177299],[7.4385905,6.4195305],[7.4392104,6.4186539],[7.4404978,6.4198385],[7.4416184,6.419649],[7.4415707,6.4212364],[7.4428105,6.4213074],[7.4427866,6.4201702],[7.4443125,6.4210705],[7.4449801,6.4197674],[7.4456715,6.4187013],[7.4484853,6.4191994],[7.4485568,6.4182043],[7.4479131,6.4175646],[7.4480085,6.4158588],[7.4474124,6.4149821],[7.4479131,6.4142714],[7.4486522,6.4139871],[7.4498378,6.4153439],[7.4504846,6.4149257],[7.4490991,6.413637],[7.448991,6.412731],[7.4484889,6.4119972],[7.448676,6.4111913],[7.4494151,6.4104805],[7.4496717,6.4120278],[7.4496774,6.4132193],[7.4511694,6.4131882],[7.4511796,6.4145482],[7.4516402,6.4148973],[7.4515552,6.4140273],[7.4516879,6.4132614],[7.4531558,6.4123736],[7.4537497,6.4115814],[7.4545897,6.4126653],[7.453976,6.4129112],[7.4540021,6.4135391],[7.4532617,6.4135745],[7.4526463,6.4143757],[7.4528543,6.4150027],[7.453403,6.414279],[7.4540454,6.414631],[7.4549447,6.4143195],[7.4552718,6.4136066],[7.4565391,6.4131457],[7.4581918,6.4128937],[7.4582925,6.4144048],[7.4575172,6.4151498],[7.4567374,6.4145156],[7.456089,6.4146749],[7.4549322,6.4160383],[7.4538806,6.4160087],[7.4533723,6.4173694],[7.4523122,6.4173882],[7.4526187,6.4184516],[7.4521967,6.4191344],[7.458501,6.4184455],[7.458501,6.4200092],[7.456546,6.4212649],[7.4561168,6.4206015],[7.4555685,6.4218809],[7.4547817,6.4230892],[7.4551155,6.4246529],[7.4568083,6.4239895],[7.4575712,6.4246529],[7.4579527,6.4267851],[7.4606423,6.4276188],[7.4605469,6.4283058],[7.4614529,6.4289218],[7.462192,6.4283532],[7.4624781,6.4275951],[7.4633602,6.4277135],[7.4648146,6.4296563],[7.4646477,6.4313858],[7.4628358,6.4317353],[7.4620489,6.430983],[7.4606341,6.4300248],[7.4595139,6.4311896],[7.4567768,6.430547],[7.4582263,6.4353852],[7.4580547,6.4388494],[7.4592257,6.4415908],[7.459941,6.4420731],[7.4602958,6.4403549],[7.4597693,6.4388376],[7.4612198,6.4382801],[7.4620982,6.4386229],[7.4617826,6.4415781],[7.4634221,6.4418799],[7.4646507,6.441062],[7.4654389,6.4408477],[7.4664893,6.4377668],[7.4675397,6.4371497],[7.4727905,6.4399411],[7.4742658,6.4422287]]]}},
{"type":"Feature","properties":{"id":"node/501403929","name":"Oronia Utu","name_en":null,"name_yo":null,"place":"village","landuse":null,"population":null,"is_in":null,"source":null,"adm0_pcode":"NGA","adm0_name":"Nigeria","adm1_pcode":"NG004","adm1_name":"Anambra","adm2_pcode":"NG004003","adm2_name":"Anambra West","adm3_pcode":null,"adm3_name":null,"adm4_pcode":null,"adm4_name":null,"name_latin":"Oronia Utu"},"geometry":{"type":"Point","coordinates":[6.862929,6.51435]}},
{"type":"Feature","properties":{"id":"node/501406962","name":"Obiofu","name_en":null,"name_yo":null,"place":"village","landuse":null,"population":null,"is_in":null,"source":null,"adm0_pcode":"NGA","adm0_name":"Nigeria","adm1_pcode":"NG010","adm1_name":"Delta","adm2_pcode":"NG010015","adm2_name":"Oshimili South","adm3_pcode":null,"adm3_name":null,"adm4_pcode":null,"adm4_name":null,"name_latin":"Obiofu"},"geometry":{"type":"Point","coordinates":[6.7207262,6.10624]}},
{"type":"Feature","properties":{"id":"node/501498443","name":"Olodu","name_en":null,"name_yo":null,"place":"village","landuse":null,"population":null,"is_in":null,"source":null,"adm0_pcode":"NGA","adm0_name":"Nigeria","adm1_pcode":"NG010","adm1_name":"Delta","adm2_pcode":"NG010002","adm2_name":"Aniocha South","adm3_pcode":null,"adm3_name":null,"adm4_pcode":null,"adm4_name":null,"name_latin":"Olodu"},"geometry":{"type":"Point","coordinates":[6.5913727,6.0990488]}},
{"type":"Feature","properties":{"id":"node/501438230","name":"Oko Anala","name_en":null,"name_yo":null,"place":"village","landuse":null,"population":null,"is_in":null,"source":null,"adm0_pcode":"NGA","adm0_name":"Nigeria","adm1_pcode":"NG010","adm1_name":"Delta","adm2_pcode":"NG010015","adm2_name":"Oshimili South","adm3_pcode":null,"adm3_name":null,"adm4_pcode":null,"adm4_name":null,"name_latin":"Oko Anala"},"geometry":{"type":"Point","coordinates":[6.7097443,6.0952722]}},
{"type":"Feature","properties":{"id":"node/501488650","name":"Obosi","name_en":null,"name_yo":null,"place":"village","landuse":null,"population":null,"is_in":null,"source":null,"adm0_pcode":"NGA","adm0_name":"Nigeria","adm1_pcode":"NG004","adm1_name":"Anambra","adm2_pcode":"NG004011","adm2_name":"Idemili South","adm3_pcode":null,"adm3_name":null,"adm4_pcode":null,"adm4_name":null,"name_latin":"Obosi"},"geometry":{"type":"Point","coordinates":[6.817734,6.095104]}},
{"type":"Feature","properties":{"id":"node/501498562","name":"Iyiowa Odekpa","name_en":null,"name_yo":null,"place":"village","landuse":null,"population":null,"is_in":null,"source":null,"adm0_pcode":"NGA","adm0_name":"Nigeria","adm1_pcode":"NG004","adm1_name":"Anambra","adm2_pcode":"NG004016","adm2_name":"Ogbaru","adm3_pcode":null,"adm3_name":null,"adm4_pcode":null,"adm4_name":null,"name_latin":"Iyiowa Odekpa"},"geometry":{"type":"Point","coordinates":[6.757127,6.089165]}},
{"type":"Feature","properties":{"id":"node/7746928586","name":"Eke","name_en":null,"name_yo":null,"place":"village","landuse":null,"population":null,"is_in":null,"source":null,"adm0_pcode":"NGA","adm0_name":"Nigeria","adm1_pcode":"NG004","adm1_name":"Anambra","adm2_pcode":"NG004016","adm2_name":"Ogbaru","adm3_pcode":null,"adm3_name":null,"adm4_pcode":null,"adm4_name":null,"name_latin":"Eke"},"geometry":{"type":"Point","coordinates":[6.7338029,6.0843928]}},
{"type":"Feature","properties":{"id":"node/501469228","name":"Ogbu","name_en":null,"name_yo":null,"place":"village","landuse":null,"population":null,"is_in":null,"source":null,"adm0_pcode":"NGA","adm0_name":"Nigeria","adm1_pcode":"NG010","adm1_name":"Delta","adm2_pcode":"NG010015","adm2_name":"Oshimili South","adm3_pcode":null,"adm3_name":null,"adm4_pcode":null,"adm4_name":null,"name_latin":"Ogbu"},"geometry":{"type":"Point","coordinates":[6.6267136,6.0806646]}},
{"type":"Feature","properties":{"id":"node/9175272707","name":"Akpako","name_en":null,"name_yo":null,"place":"village","landuse":null,"population":null,"is_in":null,"source":null,"adm0_pcode":"NGA","adm0_name":"Nigeria","adm1_pcode":"NG010","adm1_name":"Delta","adm2_pcode":"NG010015","adm2_name":"Oshimili South","adm3_pcode":null,"adm3_name":null,"adm4_pcode":null,"adm4_name":null,"name_latin":"Akpako"},"geometry":{"type":"Point","coordinates":[6.6504472,6.0801822]}},
{"type":"Feature","properties":{"id":"node/501488674","name":"Oba","name_en":null,"name_yo":null,"place":"village","landuse":null,"population":null,"is_in":null,"source":null,"adm0_pcode":"NGA","adm0_name":"Nigeria","adm1_pcode":"NG004","adm1_name":"Anambra","adm2_pcode":"NG004011","adm2_name":"Idemili South","adm3_pcode":null,"adm3_name":null,"adm4_pcode":null,"adm4_name":null,"name_latin":"Oba"},"geometry":{"type":"Point","coordinates":[6.840136,6.070069]}},
{"type":"Feature","properties":{"id":"node/501469021","name":"Ojoto","name_en":null,"name_yo":null,"place":"town","landuse":null,"population":null,"is_in":null,"source":null,"adm0_pcode":"NGA","adm0_name":"Nigeria","adm1_pcode":"NG004","adm1_name":"Anambra","adm2_pcode":"NG004011","adm2_name":"Idemili South","adm3_pcode":null,"adm3_name":null,"adm4_pcode":null,"adm4_name":null,"name_latin":"Ojoto"},"geometry":{"type":"Point","coordinates":[6.8625653,6.0579384]}},
{"type":"Feature","properties":{"id":"node/501346557","name":"Oshita","name_en":null,"name_yo":null,"place":"village","landuse":null,"population":null,"is_in":null,"source":null,"adm0_pcode":"NGA","adm0_name":"Nigeria","adm1_pcode":"NG004","adm1_name":"Anambra","adm2_pcode":"NG004016","adm2_name":"Ogbaru","adm3_pcode":null,"adm3_name":null,"adm4_pcode":null,"adm4_name":null,"name_latin":"Oshita"},"geometry":{"type":"Point","coordinates":[6.7490306,6.0363551]}},
{"type":"Feature","properties":{"id":"node/501403950","name":"Centre Nsukwa","name_en":null,"name_yo":null,"place":"village","landuse":null,"population":null,"is_in":null,"source":null,"adm0_pcode":"NGA","adm0_name":"Nigeria","adm1_pcode":"NG010","adm1_name":"Delta","adm2_pcode":"NG010002","adm2_name":"Aniocha South","adm3_pcode":null,"adm3_name":null,"adm4_pcode":null,"adm4_name":null,"name_latin":"Centre Nsukwa"},"geometry":{"type":"Point","coordinates":[6.4631761,6.0320414]}},
{"type":"Feature","properties":{"id":"node/501488928","name":"Isikite","name_en":null,"name_yo":null,"place":"village","landuse":null,"population":null,"is_in":null,"source":null,"adm0_pcode":"NGA","adm0_name":"Nigeria","adm1_pcode":"NG010","adm1_name":"Delta","adm2_pcode":"NG010002","adm2_name":"Aniocha South","adm3_pcode":null,"adm3_name":null,"adm4_pcode":null,"adm4_name":null,"name_latin":"Isikite"},"geometry":{"type":"Point","coordinates":[6.538255,6.0234865]}},
{"type":"Feature","properties":{"id":"node/501515757","name":"Umute","name_en":null,"name_yo":null,"place":"village","landuse":null,"population":null,"is_in":null,"source":null,"adm0_pcode":"NGA","adm0_name":"Nigeria","adm1_pcode":"NG010","adm1_name":"Delta","adm2_pcode":"NG010002","adm2_name":"Aniocha South","adm3_pcode":null,"adm3_name":null,"adm4_pcode":null,"adm4_name":null,"name_latin":"Umute"},"geometry":{"type":"Point","coordinates":[6.4751586,6.0217215]}},
{"type":"Feature","properties":{"id":"node/501488882","name":"Ejeme Unor","name_en":null,"name_yo":null,"place":"village","landuse":null,"population":null,"is_in":null,"source":null,"adm0_pcode":"NGA","adm0_name":"Nigeria","adm1_pcode":"NG010","adm1_name":"Delta","adm2_pcode":"NG010012","adm2_name":"Ndokwa West","adm3_pcode":null,"adm3_name":null,"adm4_pcode":null,"adm4_name":null,"name_latin":"Ejeme Unor"},"geometry":{"type":"Point","coordinates":[6.387077,6.016829]}},
{"type":"Feature","properties":{"id":"node/501498572","name":"Abala","name_en":null,"name_yo":null,"place":"village","landuse":null,"population":null,"is_in":null,"source":null,"adm0_pcode":"NGA","adm0_name":"Nigeria","adm1_pcode":"NG010","adm1_name":"Delta","adm2_pcode":"NG010011","adm2_name":"Ndokwa East","adm3_pcode":null,"adm3_name":null,"adm4_pcode":null,"adm4_name":null,"name_latin":"Abala"},"geometry":{"type":"Point","coordinates":[6.629457,6.015264]}},
{"type":"Feature","properties":{"id":"node/501488971","name":"Atani","name_en":null,"name_yo":null,"place":"town","landuse":null,"population":"230000","is_in":null,"source":null,"adm0_pcode":"NGA","adm0_name":"Nigeria","adm1_pcode":"NG004","adm1_name":"Anambra","adm2_pcode":"NG004016","adm2_name":"Ogbaru","adm3_pcode":null,"adm3_name":null,"adm4_pcode":null,"adm4_name":null,"name_latin":"Atani"},"geometry":{"type":"Point","coordinates":[6.7471662,6.0149812]}},
{"type":"Feature","properties":{"id":"node/501494743","name":"Okogbele","name_en":null,"name_yo":null,"place":"village","landuse":null,"population":null,"is_in":null,"source":null,"adm0_pcode":"NGA","adm0_name":"Nigeria","adm1_pcode":"NG010","adm1_name":"Delta","adm2_pcode":"NG010015","adm2_name":"Oshimili South","adm3_pcode":null,"adm3_name":null,"adm4_pcode":null,"adm4_name":null,"name_latin":"Okogbele"},"geometry":{"type":"Point","coordinates":[6.706566,6.0129966]}},
{"type":"Feature","properties":{"id":"node/501515817","name":"Orifite","name_en":null,"name_yo":null,"place":"town","landuse":null,"population":null,"is_in":null,"source":null,"adm0_pcode":"NGA","adm0_name":"Nigeria","adm1_pcode":"NG004","adm1_name":"Anambra","adm2_pcode":"NG004009","adm2_name":"Ekwusigo","adm3_pcode":null,"adm3_name":null,"adm4_pcode":null,"adm4_name":null,"name_latin":"Orifite"},"geometry":{"type":"Point","coordinates":[6.8502486,6.0059466]}},
{"type":"Feature","properties":{"id":"node/9103423551","name":"Akili-Ozizor","name_en":null,"name_yo":null,"place":"village","landuse":null,"population":null,"is_in":null,"source":null,"adm0_pcode":"NGA","adm0_name":"Nigeria","adm1_pcode":"NG004","adm1_name":"Anambra","adm2_pcode":"NG004016","adm2_name":"Ogbaru","adm3_pcode":null,"adm3_name":null,"adm4_pcode":null,"adm4_name":null,"name_latin":"Akili-Ozizor"},"geometry":{"type":"Point","coordinates":[6.7385008,5.9854721]}},
{"type":"Feature","properties":{"id":"node/9194030306","name":"Obode","name_en":null,"name_yo":null,"place":"village","landuse":null,"population":null,"is_in":null,"source":null,"adm0_pcode":"NGA","adm0_name":"Nigeria","adm1_pcode":"NG010","adm1_name":"Delta","adm2_pcode":"NG010011","adm2_name":"Ndokwa East","adm3_pcode":null,"adm3_name":null,"adm4_pcode":null,"adm4_name":null,"name_latin":"Obode"},"geometry":{"type":"Point","coordinates":[6.6084573,5.9837816]}},
{"type":"Feature","properties":{"id":"node/9194030307","name":"Ezute","name_en":null,"name_yo":null,"place":"village","landuse":null,"population":null,"is_in":null,"source":null,"adm0_pcode":"NGA","adm0_name":"Nigeria","adm1_pcode":"NG010","adm1_name":"Delta","adm2_pcode":"NG010011","adm2_name":"Ndokwa East","adm3_pcode":null,"adm3_name":null,"adm4_pcode":null,"adm4_name":null,"name_latin":"Ezute"},"geometry":{"type":"Point","coordinates":[6.6150019,5.9741568]}},
{"type":"Feature","properties":{"id":"node/501509840","name":"Osimili","name_en":null,"name_yo":null,"place":"village","landuse":null,"population":null,"is_in":null,"source":null,"adm0_pcode":"NGA","adm0_name":"Nigeria","adm1_pcode":"NG010","adm1_name":"Delta","adm2_pcode":"NG010011","adm2_name":"Ndokwa East","adm3_pcode":null,"adm3_name":null,"adm4_pcode":null,"adm4_name":null,"name_latin":"Osimili"},"geometry":{"type":"Point","coordinates":[6.6984718,5.9723544]}},
{"type":"Feature","properties":{"id":"node/501508236","name":"Ozubulu","name_en":null,"name_yo":null,"place":"town","landuse":null,"population":null,"is_in":null,"source":null,"adm0_pcode":"NGA","adm0_name":"Nigeria","adm1_pcode":"NG004","adm1_name":"Anambra","adm2_pcode":"NG004009","adm2_name":"Ekwusigo","adm3_pcode":null,"adm3_name":null,"adm4_pcode":null,"adm4_name":null,"name_latin":"Ozubulu"},"geometry":{"type":"Point","coordinates":[6.8535405,5.9570428]}},
{"type":"Feature","properties":{"id":"node/9103423552","name":"Ochuche-Umuodo","name_en":null,"name_yo":null,"place":"village","landuse":null,"population":null,"is_in":null,"source":null,"adm0_pcode":"NGA","adm0_name":"Nigeria","adm1_pcode":"NG004","adm1_name":"Anambra","adm2_pcode":"NG004016","adm2_name":"Ogbaru","adm3_pcode":null,"adm3_name":null,"adm4_pcode":null,"adm4_name":null,"name_latin":"Ochuche-Umuodo"},"geometry":{"type":"Point","coordinates":[6.7302215,5.9557426]}},
{"type":"Feature","properties":{"id":"node/9103423553","name":"Obene","name_en":null,"name_yo":null,"place":"village","landuse":null,"population":null,"is_in":null,"source":null,"adm0_pcode":"NGA","adm0_name":"Nigeria","adm1_pcode":"NG004","adm1_name":"Anambra","adm2_pcode":"NG004016","adm2_name":"Ogbaru","adm3_pcode":null,"adm3_name":null,"adm4_pcode":null,"adm4_name":null,"name_latin":"Obene"},"geometry":{"type":"Point","coordinates":[6.7564696,5.9517799]}},
{"type":"Feature","properties":{"id":"node/9194030305","name":"Abuato Confluence","name_en":null,"name_yo":null,"place":"village","landuse":null,"population":null,"is_in":null,"source":null,"adm0_pcode":"NGA","adm0_name":"Nigeria","adm1_pcode":"NG010","adm1_name":"Delta","adm2_pcode":"NG010011","adm2_name":"Ndokwa East","adm3_pcode":null,"adm3_name":null,"adm4_pcode":null,"adm4_name":null,"name_latin":"Abuato Confluence"},"geometry":{"type":"Point","coordinates":[6.6358242,5.9468343]}},
{"type":"Feature","properties":{"id":"node/501505156","name":"Ossissa","name_en":null,"name_yo":null,"place":"village","landuse":null,"population":null,"is_in":null,"source":null,"adm0_pcode":"NGA","adm0_name":"Nigeria","adm1_pcode":"NG010","adm1_name":"Delta","adm2_pcode":"NG010011","adm2_name":"Ndokwa East","adm3_pcode":null,"adm3_name":null,"adm4_pcode":null,"adm4_name":null,"name_latin":"Ossissa"},"geometry":{"type":"Point","coordinates":[6.5061494,5.9424709]}},
{"type":"Feature","properties":{"id":"node/9194028974","name":"Asaba-Utchi","name_en":null,"name_yo":null,"place":"village","landuse":null,"population":null,"is_in":null,"source":null,"adm0_pcode":"NGA","adm0_name":"Nigeria","adm1_pcode":"NG010","adm1_name":"Delta","adm2_pcode":"NG010011","adm2_name":"Ndokwa East","adm3_pcode":null,"adm3_name":null,"adm4_pcode":null,"adm4_name":null,"name_latin":"Asaba-Utchi"},"geometry":{"type":"Point","coordinates":[6.6735753,5.9370878]}},
{"type":"Feature","properties":{"id":"node/9103423554","name":"Anoru","name_en":null,"name_yo":null,"place":"village","landuse":null,"population":null,"is_in":null,"source":null,"adm0_pcode":"NGA","adm0_name":"Nigeria","adm1_pcode":"NG004","adm1_name":"Anambra","adm2_pcode":"NG004016","adm2_name":"Ogbaru","adm3_pcode":null,"adm3_name":null,"adm4_pcode":null,"adm4_name":null,"name_latin":"Anoru"},"geometry":{"type":"Point","coordinates":[6.7779502,5.9356547]}},
{"type":"Feature","properties":{"id":"node/9194014858","name":"Kemerun","name_en":null,"name_yo":null,"place":"village","landuse":null,"population":null,"is_in":null,"source":null,"adm0_pcode":"NGA","adm0_name":"Nigeria","adm1_pcode":"NG010","adm1_name":"Delta","adm2_pcode":"NG010011","adm2_name":"Ndokwa East","adm3_pcode":null,"adm3_name":null,"adm4_pcode":null,"adm4_name":null,"name_latin":"Kemerun"},"geometry":{"type":"Point","coordinates":[6.6129417,5.9310871]}},
{"type":"Feature","properties":{"id":"node/9194028976","name":"Okumemede","name_en":null,"name_yo":null,"place":"village","landuse":null,"population":null,"is_in":null,"source":null,"adm0_pcode":"NGA","adm0_name":"Nigeria","adm1_pcode":"NG010","adm1_name":"Delta","adm2_pcode":"NG010011","adm2_name":"Ndokwa East","adm3_pcode":null,"adm3_name":null,"adm4_pcode":null,"adm4_name":null,"name_latin":"Okumemede"},"geometry":{"type":"Point","coordinates":[6.6866019,5.9283788]}},
{"type":"Feature","properties":{"id":"node/501490121","name":"Ogbetiti","name_en":null,"name_yo":null,"place":"village","landuse":null,"population":null,"is_in":null,"source":null,"adm0_pcode":"NGA","adm0_name":"Nigeria","adm1_pcode":"NG010","adm1_name":"Delta","adm2_pcode":"NG010011","adm2_name":"Ndokwa East","adm3_pcode":null,"adm3_name":null,"adm4_pcode":null,"adm4_name":null,"name_latin":"Ogbetiti"},"geometry":{"type":"Point","coordinates":[6.489086,5.9269314]}},
{"type":"Feature","properties":{"id":"node/501475839","name":"Ogbakuma","name_en":null,"name_yo":null,"place":"village","landuse":null,"population":null,"is_in":null,"source":null,"adm0_pcode":"NGA","adm0_name":"Nigeria","adm1_pcode":"NG004","adm1_name":"Anambra","adm2_pcode":"NG004016","adm2_name":"Ogbaru","adm3_pcode":null,"adm3_name":null,"adm4_pcode":null,"adm4_name":null,"name_latin":"Ogbakuma"},"geometry":{"type":"Point","coordinates":[6.7164866,5.9230518]}},
{"type":"Feature","properties":{"id":"node/501443131","name":"Umuogbebulu","name_en":null,"name_yo":null,"place":"village","landuse":null,"population":null,"is_in":null,"source":null,"adm0_pcode":"NGA","adm0_name":"Nigeria","adm1_pcode":"NG010","adm1_name":"Delta","adm2_pcode":"NG010011","adm2_name":"Ndokwa East","adm3_pcode":null,"adm3_name":null,"adm4_pcode":null,"adm4_name":null,"name_latin":"Umuogbebulu"},"geometry":{"type":"Point","coordinates":[6.4825194,5.9205194]}},
{"type":"Feature","properties":{"id":"node/501524208","name":"Umuleke Ossissa","name_en":null,"name_yo":null,"place":"village","landuse":null,"population":null,"is_in":null,"source":null,"adm0_pcode":"NGA","adm0_name":"Nigeria","adm1_pcode":"NG010","adm1_name":"Delta","adm2_pcode":"NG010011","adm2_name":"Ndokwa East","adm3_pcode":null,"adm3_name":null,"adm4_pcode":null,"adm4_name":null,"name_latin":"Umuleke Ossissa"},"geometry":{"type":"Point","coordinates":[6.475759,5.9150048]}},
{"type":"Feature","properties":{"id":"node/501528349","name":"Umudike","name_en":null,"name_yo":null,"place":"village","landuse":null,"population":null,"is_in":null,"source":null,"adm0_pcode":"NGA","adm0_name":"Nigeria","adm1_pcode":"NG010","adm1_name":"Delta","adm2_pcode":"NG010011","adm2_name":"Ndokwa East","adm3_pcode":null,"adm3_name":null,"adm4_pcode":null,"adm4_name":null,"name_latin":"Umudike"},"geometry":{"type":"Point","coordinates":[6.4687055,5.9095169]}},
{"type":"Feature","properties":{"id":"node/501371717","name":"Utchi","name_en":null,"name_yo":null,"place":"village","landuse":null,"population":null,"is_in":null,"source":null,"adm0_pcode":"NGA","adm0_name":"Nigeria","adm1_pcode":"NG010","adm1_name":"Delta","adm2_pcode":"NG010011","adm2_name":"Ndokwa East","adm3_pcode":null,"adm3_name":null,"adm4_pcode":null,"adm4_name":null,"name_latin":"Utchi"},"geometry":{"type":"Point","coordinates":[6.6666885,5.9079506]}},
{"type":"Feature","properties":{"id":"node/9084301694","name":"Azogba","name_en":null,"name_yo":null,"place":"village","landuse":null,"population":null,"is_in":null,"source":null,"adm0_pcode":"NGA","adm0_name":"Nigeria","adm1_pcode":"NG004","adm1_name":"Anambra","adm2_pcode":"NG004016","adm2_name":"Ogbaru","adm3_pcode":null,"adm3_name":null,"adm4_pcode":null,"adm4_name":null,"name_latin":"Azogba"},"geometry":{"type":"Point","coordinates":[6.69317,5.9044642]}},
{"type":"Feature","properties":{"id":"node/9194011341","name":"Umuobhi","name_en":null,"name_yo":null,"place":"village","landuse":null,"population":null,"is_in":null,"source":null,"adm0_pcode":"NGA","adm0_name":"Nigeria","adm1_pcode":"NG010","adm1_name":"Delta","adm2_pcode":"NG010011","adm2_name":"Ndokwa East","adm3_pcode":null,"adm3_name":null,"adm4_pcode":null,"adm4_name":null,"name_latin":"Umuobhi"},"geometry":{"type":"Point","coordinates":[6.667544,5.9002493]}},
{"type":"Feature","properties":{"id":"node/501524481","name":"Okija","name_en":null,"name_yo":null,"place":"village","landuse":null,"population":null,"is_in":null,"source":null,"adm0_pcode":"NGA","adm0_name":"Nigeria","adm1_pcode":"NG004","adm1_name":"Anambra","adm2_pcode":"NG004012","adm2_name":"Ihiala","adm3_pcode":null,"adm3_name":null,"adm4_pcode":null,"adm4_name":null,"name_latin":"Okija"},"geometry":{"type":"Point","coordinates":[6.833333,5.9]}},
{"type":"Feature","properties":{"id":"node/9163148745","name":"Umueze-Inyi","name_en":null,"name_yo":null,"place":"village","landuse":null,"population":null,"is_in":null,"source":null,"adm0_pcode":"NGA","adm0_name":"Nigeria","adm1_pcode":"NG010","adm1_name":"Delta","adm2_pcode":"NG010011","adm2_name":"Ndokwa East","adm3_pcode":null,"adm3_name":null,"adm4_pcode":null,"adm4_name":null,"name_latin":"Umueze-Inyi"},"geometry":{"type":"Point","coordinates":[6.6052212,5.8981571]}},
{"type":"Feature","properties":{"id":"node/9194068972","name":"Pata I","name_en":null,"name_yo":null,"place":"hamlet","landuse":null,"population":null,"is_in":null,"source":null,"adm0_pcode":"NGA","adm0_name":"Nigeria","adm1_pcode":"NG010","adm1_name":"Delta","adm2_pcode":"NG010011","adm2_name":"Ndokwa East","adm3_pcode":null,"adm3_name":null,"adm4_pcode":null,"adm4_name":null,"name_latin":"Pata I"},"geometry":{"type":"Point","coordinates":[6.6674299,5.8936805]}},
{"type":"Feature","properties":{"id":"node/9194011340","name":"Umuochi Utchi","name_en":null,"name_yo":null,"place":"village","landuse":null,"population":null,"is_in":null,"source":null,"adm0_pcode":"NGA","adm0_name":"Nigeria","adm1_pcode":"NG010","adm1_name":"Delta","adm2_pcode":"NG010011","adm2_name":"Ndokwa East","adm3_pcode":null,"adm3_name":null,"adm4_pcode":null,"adm4_name":null,"name_latin":"Umuochi Utchi"},"geometry":{"type":"Point","coordinates":[6.6477815,5.8890436]}},
{"type":"Feature","properties":{"id":"node/501440044","name":"Umunankwo","name_en":null,"name_yo":null,"place":"village","landuse":null,"population":null,"is_in":null,"source":null,"adm0_pcode":"NGA","adm0_name":"Nigeria","adm1_pcode":"NG004","adm1_name":"Anambra","adm2_pcode":"NG004016","adm2_name":"Ogbaru","adm3_pcode":null,"adm3_name":null,"adm4_pcode":null,"adm4_name":null,"name_latin":"Umunankwo"},"geometry":{"type":"Point","coordinates":[6.6962044,5.8819953]}},
{"type":"Feature","properties":{"id":"node/9084301630","name":"Otuta","name_en":null,"name_yo":null,"place":"village","landuse":null,"population":null,"is_in":null,"source":null,"adm0_pcode":"NGA","adm0_name":"Nigeria","adm1_pcode":"NG010","adm1_name":"Delta","adm2_pcode":"NG010011","adm2_name":"Ndokwa East","adm3_pcode":null,"adm3_name":null,"adm4_pcode":null,"adm4_name":null,"name_latin":"Otuta"},"geometry":{"type":"Point","coordinates":[6.6755636,5.8802878]}},
{"type":"Feature","properties":{"id":"node/9194068973","name":"Pata II","name_en":null,"name_yo":null,"place":"hamlet","landuse":null,"population":null,"is_in":null,"source":null,"adm0_pcode":"NGA","adm0_name":"Nigeria","adm1_pcode":"NG010","adm1_name":"Delta","adm2_pcode":"NG010011","adm2_name":"Ndokwa East","adm3_pcode":null,"adm3_name":null,"adm4_pcode":null,"adm4_name":null,"name_latin":"Pata II"},"geometry":{"type":"Point","coordinates":[6.652452,5.8745569]}},
{"type":"Feature","properties":{"id":"node/9084301695","name":"Pata","name_en":null,"name_yo":null,"place":"village","landuse":null,"population":null,"is_in":null,"source":null,"adm0_pcode":"NGA","adm0_name":"Nigeria","adm1_pcode":"NG010","adm1_name":"Delta","adm2_pcode":"NG010011","adm2_name":"Ndokwa East","adm3_pcode":null,"adm3_name":null,"adm4_pcode":null,"adm4_name":null,"name_latin":"Pata"},"geometry":{"type":"Point","coordinates":[6.6602396,5.8736361]}},
{"type":"Feature","properties":{"id":"way/585991759","name":"Iro Mmawu Umuegorom","name_en":null,"name_yo":null,"place":"village","landuse":null,"population":null,"is_in":null,"source":null,"adm0_pcode":"NGA","adm0_name":"Nigeria","adm1_pcode":"NG004","adm1_name":"Anambra","adm2_pcode":"NG004012","adm2_name":"Ihiala","adm3_pcode":null,"adm3_name":null,"adm4_pcode":null,"adm4_name":null,"name_latin":"Iro Mmawu Umuegorom"},"geometry":{"type":"Polygon","coordinates":[[[6.8450312,5.8730538],[6.8451128,5.872991],[6.845064,5.8728959],[6.8449722,5.8729688],[6.8450312,5.8730538]]]}},
{"type":"Feature","properties":{"id":"node/9194068974","name":"Pata III","name_en":null,"name_yo":null,"place":"hamlet","landuse":null,"population":null,"is_in":null,"source":null,"adm0_pcode":"NGA","adm0_name":"Nigeria","adm1_pcode":"NG010","adm1_name":"Delta","adm2_pcode":"NG010011","adm2_name":"Ndokwa East","adm3_pcode":null,"adm3_name":null,"adm4_pcode":null,"adm4_name":null,"name_latin":"Pata III"},"geometry":{"type":"Point","coordinates":[6.6605354,5.8687127]}},
{"type":"Feature","properties":{"id":"node/501406970","name":"Obikwele","name_en":null,"name_yo":null,"place":"village","landuse":null,"population":null,"is_in":null,"source":null,"adm0_pcode":"NGA","adm0_name":"Nigeria","adm1_pcode":"NG010","adm1_name":"Delta","adm2_pcode":"NG010011","adm2_name":"Ndokwa East","adm3_pcode":null,"adm3_name":null,"adm4_pcode":null,"adm4_name":null,"name_latin":"Obikwele"},"geometry":{"type":"Point","coordinates":[6.5,5.866667]}},
{"type":"Feature","properties":{"id":"node/501352351","name":"Osuakwa","name_en":null,"name_yo":null,"place":"village","landuse":null,"population":null,"is_in":null,"source":null,"adm0_pcode":"NGA","adm0_name":"Nigeria","adm1_pcode":"NG004","adm1_name":"Anambra","adm2_pcode":"NG004016","adm2_name":"Ogbaru","adm3_pcode":null,"adm3_name":null,"adm4_pcode":null,"adm4_name":null,"name_latin":"Osuakwa"},"geometry":{"type":"Point","coordinates":[6.783333,5.866667]}},
{"type":"Feature","properties":{"id":"node/501521560","name":"Osomari","name_en":null,"name_yo":null,"place":"village","landuse":null,"population":null,"is_in":null,"source":null,"adm0_pcode":"NGA","adm0_name":"Nigeria","adm1_pcode":"NG004","adm1_name":"Anambra","adm2_pcode":"NG004016","adm2_name":"Ogbaru","adm3_pcode":null,"adm3_name":null,"adm4_pcode":null,"adm4_name":null,"name_latin":"Osomari"},"geometry":{"type":"Point","coordinates":[6.6870993,5.8661558]}},
{"type":"Feature","properties":{"id":"node/9411057413","name":"Ugiliamai","name_en":null,"name_yo":null,"place":"village","landuse":null,"population":null,"is_in":null,"source":null,"adm0_pcode":"NGA","adm0_name":"Nigeria","adm1_pcode":"NG010","adm1_name":"Delta","adm2_pcode":"NG010012","adm2_name":"Ndokwa West","adm3_pcode":null,"adm3_name":null,"adm4_pcode":null,"adm4_name":null,"name_latin":"Ugiliamai"},"geometry":{"type":"Point","coordinates":[6.4431369,5.8607781]}},
{"type":"Feature","properties":{"id":"node/501517829","name":"Inyi","name_en":null,"name_yo":null,"place":"village","landuse":null,"population":null,"is_in":null,"source":null,"adm0_pcode":"NGA","adm0_name":"Nigeria","adm1_pcode":"NG010","adm1_name":"Delta","adm2_pcode":"NG010011","adm2_name":"Ndokwa East","adm3_pcode":null,"adm3_name":null,"adm4_pcode":null,"adm4_name":null,"name_latin":"Inyi"},"geometry":{"type":"Point","coordinates":[6.5921764,5.8573441]}},
{"type":"Feature","properties":{"id":"node/501491538","name":"Ihiala","name_en":null,"name_yo":null,"place":"town","landuse":null,"population":null,"is_in":null,"source":null,"adm0_pcode":"NGA","adm0_name":"Nigeria","adm1_pcode":"NG004","adm1_name":"Anambra","adm2_pcode":"NG004012","adm2_name":"Ihiala","adm3_pcode":null,"adm3_name":null,"adm4_pcode":null,"adm4_name":null,"name_latin":"Ihiala"},"geometry":{"type":"Point","coordinates":[6.8601091,5.8552964]}},
{"type":"Feature","properties":{"id":"node/9084301628","name":"Nputu","name_en":null,"name_yo":null,"place":"village","landuse":null,"population":null,"is_in":null,"source":null,"adm0_pcode":"NGA","adm0_name":"Nigeria","adm1_pcode":"NG004","adm1_name":"Anambra","adm2_pcode":"NG004016","adm2_name":"Ogbaru","adm3_pcode":null,"adm3_name":null,"adm4_pcode":null,"adm4_name":null,"name_latin":"Nputu"},"geometry":{"type":"Point","coordinates":[6.6974927,5.849402]}},
{"type":"Feature","properties":{"id":"node/9411057414","name":"Obi-Ukpo","name_en":null,"name_yo":null,"place":"village","landuse":null,"population":null,"is_in":null,"source":null,"adm0_pcode":"NGA","adm0_name":"Nigeria","adm1_pcode":"NG010","adm1_name":"Delta","adm2_pcode":"NG010012","adm2_name":"Ndokwa West","adm3_pcode":null,"adm3_name":null,"adm4_pcode":null,"adm4_name":null,"name_latin":"Obi-Ukpo"},"geometry":{"type":"Point","coordinates":[6.4600241,5.8466685]}},
{"type":"Feature","properties":{"id":"node/501447760","name":"Abara Uno","name_en":null,"name_yo":null,"place":"village","landuse":null,"population":null,"is_in":null,"source":null,"adm0_pcode":"NGA","adm0_name":"Nigeria","adm1_pcode":"NG010","adm1_name":"Delta","adm2_pcode":"NG010011","adm2_name":"Ndokwa East","adm3_pcode":null,"adm3_name":null,"adm4_pcode":null,"adm4_name":null,"name_latin":"Abara Uno"},"geometry":{"type":"Point","coordinates":[6.6311509,5.8430242]}},
{"type":"Feature","properties":{"id":"node/9194074365","name":"Aguetiti I","name_en":null,"name_yo":null,"place":"hamlet","landuse":null,"population":null,"is_in":null,"source":null,"adm0_pcode":"NGA","adm0_name":"Nigeria","adm1_pcode":"NG010","adm1_name":"Delta","adm2_pcode":"NG010011","adm2_name":"Ndokwa East","adm3_pcode":null,"adm3_name":null,"adm4_pcode":null,"adm4_name":null,"name_latin":"Aguetiti I"},"geometry":{"type":"Point","coordinates":[6.6371709,5.838495]}},
{"type":"Feature","properties":{"id":"node/501475636","name":"Iselegu","name_en":null,"name_yo":null,"place":"village","landuse":null,"population":null,"is_in":null,"source":null,"adm0_pcode":"NGA","adm0_name":"Nigeria","adm1_pcode":"NG010","adm1_name":"Delta","adm2_pcode":"NG010011","adm2_name":"Ndokwa East","adm3_pcode":null,"adm3_name":null,"adm4_pcode":null,"adm4_name":null,"name_latin":"Iselegu"},"geometry":{"type":"Point","coordinates":[6.4717954,5.8379865]}},
{"type":"Feature","properties":{"id":"node/9194074366","name":"Aguetiti II","name_en":null,"name_yo":null,"place":"hamlet","landuse":null,"population":null,"is_in":null,"source":null,"adm0_pcode":"NGA","adm0_name":"Nigeria","adm1_pcode":"NG010","adm1_name":"Delta","adm2_pcode":"NG010011","adm2_name":"Ndokwa East","adm3_pcode":null,"adm3_name":null,"adm4_pcode":null,"adm4_name":null,"name_latin":"Aguetiti II"},"geometry":{"type":"Point","coordinates":[6.642676,5.8264881]}},
{"type":"Feature","properties":{"id":"node/9194074364","name":"Aguetiti","name_en":null,"name_yo":null,"place":"village","landuse":null,"population":null,"is_in":null,"source":null,"adm0_pcode":"NGA","adm0_name":"Nigeria","adm1_pcode":"NG010","adm1_name":"Delta","adm2_pcode":"NG010011","adm2_name":"Ndokwa East","adm3_pcode":null,"adm3_name":null,"adm4_pcode":null,"adm4_name":null,"name_latin":"Aguetiti"},"geometry":{"type":"Point","coordinates":[6.63282,5.8224995]}},
{"type":"Feature","properties":{"id":"node/9194074369","name":"Aguetiti IV","name_en":null,"name_yo":null,"place":"hamlet","landuse":null,"population":null,"is_in":null,"source":null,"adm0_pcode":"NGA","adm0_name":"Nigeria","adm1_pcode":"NG010","adm1_name":"Delta","adm2_pcode":"NG010011","adm2_name":"Ndokwa East","adm3_pcode":null,"adm3_name":null,"adm4_pcode":null,"adm4_name":null,"name_latin":"Aguetiti IV"},"geometry":{"type":"Point","coordinates":[6.6411739,5.8205637]}},
{"type":"Feature","properties":{"id":"node/9194074367","name":"Aguetiti III","name_en":null,"name_yo":null,"place":"hamlet","landuse":null,"population":null,"is_in":null,"source":null,"adm0_pcode":"NGA","adm0_name":"Nigeria","adm1_pcode":"NG010","adm1_name":"Delta","adm2_pcode":"NG010011","adm2_name":"Ndokwa East","adm3_pcode":null,"adm3_name":null,"adm4_pcode":null,"adm4_name":null,"name_latin":"Aguetiti III"},"geometry":{"type":"Point","coordinates":[6.630889,5.819798]}},
{"type":"Feature","properties":{"id":"node/501492479","name":"Anuabo","name_en":null,"name_yo":null,"place":"village","landuse":null,"population":null,"is_in":null,"source":null,"adm0_pcode":"NGA","adm0_name":"Nigeria","adm1_pcode":"NG010","adm1_name":"Delta","adm2_pcode":"NG010011","adm2_name":"Ndokwa East","adm3_pcode":null,"adm3_name":null,"adm4_pcode":null,"adm4_name":null,"name_latin":"Anuabo"},"geometry":{"type":"Point","coordinates":[6.5307426,5.8192209]}},
{"type":"Feature","properties":{"id":"node/501505349","name":"Oguaniocho","name_en":null,"name_yo":null,"place":"village","landuse":null,"population":null,"is_in":null,"source":null,"adm0_pcode":"NGA","adm0_name":"Nigeria","adm1_pcode":"NG004","adm1_name":"Anambra","adm2_pcode":"NG004016","adm2_name":"Ogbaru","adm3_pcode":null,"adm3_name":null,"adm4_pcode":null,"adm4_name":null,"name_latin":"Oguaniocho"},"geometry":{"type":"Point","coordinates":[6.7527973,5.7962308]}},
{"type":"Feature","properties":{"id":"node/501413864","name":"Asaba Okpai","name_en":null,"name_yo":null,"place":"village","landuse":null,"population":null,"is_in":null,"source":null,"adm0_pcode":"NGA","adm0_name":"Nigeria","adm1_pcode":"NG010","adm1_name":"Delta","adm2_pcode":"NG010011","adm2_name":"Ndokwa East","adm3_pcode":null,"adm3_name":null,"adm4_pcode":null,"adm4_name":null,"name_latin":"Asaba Okpai"},"geometry":{"type":"Point","coordinates":[6.5857363,5.7876634]}},
{"type":"Feature","properties":{"id":"node/501499075","name":"Umuachi Afor","name_en":null,"name_yo":null,"place":"village","landuse":null,"population":null,"is_in":null,"source":null,"adm0_pcode":"NGA","adm0_name":"Nigeria","adm1_pcode":"NG010","adm1_name":"Delta","adm2_pcode":"NG010011","adm2_name":"Ndokwa East","adm3_pcode":null,"adm3_name":null,"adm4_pcode":null,"adm4_name":null,"name_latin":"Umuachi Afor"},"geometry":{"type":"Point","coordinates":[6.4609378,5.7845285]}},
{"type":"Feature","properties":{"id":"node/501440331","name":"Uli","name_en":null,"name_yo":null,"place":"village","landuse":null,"population":null,"is_in":null,"source":null,"adm0_pcode":"NGA","adm0_name":"Nigeria","adm1_pcode":"NG004","adm1_name":"Anambra","adm2_pcode":"NG004012","adm2_name":"Ihiala","adm3_pcode":null,"adm3_name":null,"adm4_pcode":null,"adm4_name":null,"name_latin":"Uli"},"geometry":{"type":"Point","coordinates":[6.866667,5.783333]}},
{"type":"Feature","properties":{"id":"node/9194331183","name":"Itsekiri Camp","name_en":null,"name_yo":null,"place":"village","landuse":null,"population":null,"is_in":null,"source":null,"adm0_pcode":"NGA","adm0_name":"Nigeria","adm1_pcode":"NG010","adm1_name":"Delta","adm2_pcode":"NG010011","adm2_name":"Ndokwa East","adm3_pcode":null,"adm3_name":null,"adm4_pcode":null,"adm4_name":null,"name_latin":"Itsekiri Camp"},"geometry":{"type":"Point","coordinates":[6.6079452,5.7769887]}},
{"type":"Feature","properties":{"id":"node/501493323","name":"Umuedim","name_en":null,"name_yo":null,"place":"village","landuse":null,"population":null,"is_in":null,"source":null,"adm0_pcode":"NGA","adm0_name":"Nigeria","adm1_pcode":"NG010","adm1_name":"Delta","adm2_pcode":"NG010011","adm2_name":"Ndokwa East","adm3_pcode":null,"adm3_name":null,"adm4_pcode":null,"adm4_name":null,"name_latin":"Umuedim"},"geometry":{"type":"Point","coordinates":[6.5350594,5.7764506]}},
{"type":"Feature","properties":{"id":"node/9664517194","name":"Okpia-Oluchi Camp 6","name_en":null,"name_yo":null,"place":"village","landuse":null,"population":null,"is_in":null,"source":null,"adm0_pcode":"NGA","adm0_name":"Nigeria","adm1_pcode":"NG010","adm1_name":"Delta","adm2_pcode":"NG010011","adm2_name":"Ndokwa East","adm3_pcode":null,"adm3_name":null,"adm4_pcode":null,"adm4_name":null,"name_latin":"Okpia-Oluchi Camp 6"},"geometry":{"type":"Point","coordinates":[6.6286068,5.7744629]}},
{"type":"Feature","properties":{"id":"node/9194331184","name":"Aniezi","name_en":null,"name_yo":null,"place":"village","landuse":null,"population":null,"is_in":null,"source":null,"adm0_pcode":"NGA","adm0_name":"Nigeria","adm1_pcode":"NG010","adm1_name":"Delta","adm2_pcode":"NG010011","adm2_name":"Ndokwa East","adm3_pcode":null,"adm3_name":null,"adm4_pcode":null,"adm4_name":null,"name_latin":"Aniezi"},"geometry":{"type":"Point","coordinates":[6.6391403,5.7668462]}},
{"type":"Feature","properties":{"id":"node/501469034","name":"Ogo","name_en":null,"name_yo":null,"place":"village","landuse":null,"population":null,"is_in":null,"source":null,"adm0_pcode":"NGA","adm0_name":"Nigeria","adm1_pcode":"NG010","adm1_name":"Delta","adm2_pcode":"NG010014","adm2_name":"Oshimili North","adm3_pcode":null,"adm3_name":null,"adm4_pcode":null,"adm4_name":null,"name_latin":"Ogo"},"geometry":{"type":"Point","coordinates":[6.619648,6.492468]}},
{"type":"Feature","properties":{"id":"node/501439088","name":"Illah Waterside","name_en":null,"name_yo":null,"place":"village","landuse":null,"population":null,"is_in":null,"source":null,"adm0_pcode":"NGA","adm0_name":"Nigeria","adm1_pcode":"NG010","adm1_name":"Delta","adm2_pcode":"NG010014","adm2_name":"Oshimili North","adm3_pcode":null,"adm3_name":null,"adm4_pcode":null,"adm4_name":null,"name_latin":"Illah Waterside"},"geometry":{"type":"Point","coordinates":[6.63508,6.460529]}},
{"type":"Feature","properties":{"id":"node/501488677","name":"Nzam","name_en":null,"name_yo":null,"place":"town","landuse":null,"population":null,"is_in":null,"source":null,"adm0_pcode":"NGA","adm0_name":"Nigeria","adm1_pcode":"NG004","adm1_name":"Anambra","adm2_pcode":"NG004003","adm2_name":"Anambra West","adm3_pcode":null,"adm3_name":null,"adm4_pcode":null,"adm4_name":null,"name_latin":"Nzam"},"geometry":{"type":"Point","coordinates":[6.7279927,6.4532162]}},
{"type":"Feature","properties":{"id":"node/501498378","name":"Uburubu","name_en":null,"name_yo":null,"place":"village","landuse":null,"population":null,"is_in":null,"source":null,"adm0_pcode":"NGA","adm0_name":"Nigeria","adm1_pcode":"NG010","adm1_name":"Delta","adm2_pcode":"NG010001","adm2_name":"Aniocha North","adm3_pcode":null,"adm3_name":null,"adm4_pcode":null,"adm4_name":null,"name_latin":"Uburubu"},"geometry":{"type":"Point","coordinates":[6.50162,6.452088]}},
{"type":"Feature","properties":{"id":"node/501439053","name":"Oga Ozella","name_en":null,"name_yo":null,"place":"village","landuse":null,"population":null,"is_in":null,"source":null,"adm0_pcode":"NGA","adm0_name":"Nigeria","adm1_pcode":"NG010","adm1_name":"Delta","adm2_pcode":"NG010014","adm2_name":"Oshimili North","adm3_pcode":null,"adm3_name":null,"adm4_pcode":null,"adm4_name":null,"name_latin":"Oga Ozella"},"geometry":{"type":"Point","coordinates":[6.671592,6.451782]}},
{"type":"Feature","properties":{"id":"node/501489052","name":"Achala-Ezi","name_en":null,"name_yo":null,"place":"village","landuse":null,"population":null,"is_in":null,"source":null,"adm0_pcode":"NGA","adm0_name":"Nigeria","adm1_pcode":"NG010","adm1_name":"Delta","adm2_pcode":"NG010001","adm2_name":"Aniocha North","adm3_pcode":null,"adm3_name":null,"adm4_pcode":null,"adm4_name":null,"name_latin":"Achala-Ezi"},"geometry":{"type":"Point","coordinates":[6.529931,6.433981]}},
{"type":"Feature","properties":{"id":"node/501523953","name":"Illah","name_en":null,"name_yo":null,"place":"village","landuse":null,"population":null,"is_in":null,"source":null,"adm0_pcode":"NGA","adm0_name":"Nigeria","adm1_pcode":"NG010","adm1_name":"Delta","adm2_pcode":"NG010014","adm2_name":"Oshimili North","adm3_pcode":null,"adm3_name":null,"adm4_pcode":null,"adm4_name":null,"name_latin":"Illah"},"geometry":{"type":"Point","coordinates":[6.65076,6.4233]}},
{"type":"Feature","properties":{"id":"node/501491906","name":"Nmiata","name_en":null,"name_yo":null,"place":"town","landuse":null,"population":null,"is_in":null,"source":null,"adm0_pcode":"NGA","adm0_name":"Nigeria","adm1_pcode":"NG004","adm1_name":"Anambra","adm2_pcode":"NG004003","adm2_name":"Anambra West","adm3_pcode":null,"adm3_name":null,"adm4_pcode":null,"adm4_name":null,"name_latin":"Nmiata"},"geometry":{"type":"Point","coordinates":[6.7877775,6.4196115]}},
{"type":"Feature","properties":{"id":"node/501524332","name":"Obomkpa","name_en":null,"name_yo":null,"place":"village","landuse":null,"population":null,"is_in":null,"source":null,"adm0_pcode":"NGA","adm0_name":"Nigeria","adm1_pcode":"NG010","adm1_name":"Delta","adm2_pcode":"NG010001","adm2_name":"Aniocha North","adm3_pcode":null,"adm3_name":null,"adm4_pcode":null,"adm4_name":null,"name_latin":"Obomkpa"},"geometry":{"type":"Point","coordinates":[6.483333,6.416667]}},
{"type":"Feature","properties":{"id":"node/501498554","name":"Ezi","name_en":null,"name_yo":null,"place":"village","landuse":null,"population":null,"is_in":null,"source":null,"adm0_pcode":"NGA","adm0_name":"Nigeria","adm1_pcode":"NG010","adm1_name":"Delta","adm2_pcode":"NG010001","adm2_name":"Aniocha North","adm3_pcode":null,"adm3_name":null,"adm4_pcode":null,"adm4_name":null,"name_latin":"Ezi"},"geometry":{"type":"Point","coordinates":[6.565807,6.4113272]}},
{"type":"Feature","properties":{"id":"node/501402933","name":"Umutonu","name_en":null,"name_yo":null,"place":"village","landuse":null,"population":null,"is_in":null,"source":null,"adm0_pcode":"NGA","adm0_name":"Nigeria","adm1_pcode":"NG010","adm1_name":"Delta","adm2_pcode":"NG010001","adm2_name":"Aniocha North","adm3_pcode":null,"adm3_name":null,"adm4_pcode":null,"adm4_name":null,"name_latin":"Umutonu"},"geometry":{"type":"Point","coordinates":[6.573938,6.405166]}},
{"type":"Feature","properties":{"id":"node/501468781","name":"Uku-Nzu","name_en":null,"name_yo":null,"place":"village","landuse":null,"population":null,"is_in":null,"source":null,"adm0_pcode":"NGA","adm0_name":"Nigeria","adm1_pcode":"NG010","adm1_name":"Delta","adm2_pcode":"NG010001","adm2_name":"Aniocha North","adm3_pcode":null,"adm3_name":null,"adm4_pcode":null,"adm4_name":null,"name_latin":"Uku-Nzu"},"geometry":{"type":"Point","coordinates":[6.473172,6.384314]}},
{"type":"Feature","properties":{"id":"node/501498375","name":"Ugbodu","name_en":null,"name_yo":null,"place":"village","landuse":null,"population":null,"is_in":null,"source":null,"adm0_pcode":"NGA","adm0_name":"Nigeria","adm1_pcode":"NG010","adm1_name":"Delta","adm2_pcode":"NG010001","adm2_name":"Aniocha North","adm3_pcode":null,"adm3_name":null,"adm4_pcode":null,"adm4_name":null,"name_latin":"Ugbodu"},"geometry":{"type":"Point","coordinates":[6.455328,6.378294]}},
{"type":"Feature","properties":{"id":"node/501347033","name":"Ngegwu","name_en":null,"name_yo":null,"place":"village","landuse":null,"population":null,"is_in":null,"source":null,"adm0_pcode":"NGA","adm0_name":"Nigeria","adm1_pcode":"NG010","adm1_name":"Delta","adm2_pcode":"NG010014","adm2_name":"Oshimili North","adm3_pcode":null,"adm3_name":null,"adm4_pcode":null,"adm4_name":null,"name_latin":"Ngegwu"},"geometry":{"type":"Point","coordinates":[6.669879,6.370658]}},
{"type":"Feature","properties":{"id":"node/501488904","name":"Idumuje Ugboko","name_en":null,"name_yo":null,"place":"village","landuse":null,"population":null,"is_in":null,"source":null,"adm0_pcode":"NGA","adm0_name":"Nigeria","adm1_pcode":"NG010","adm1_name":"Delta","adm2_pcode":"NG010001","adm2_name":"Aniocha North","adm3_pcode":null,"adm3_name":null,"adm4_pcode":null,"adm4_name":null,"name_latin":"Idumuje Ugboko"},"geometry":{"type":"Point","coordinates":[6.403402,6.362779]}},
{"type":"Feature","properties":{"id":"node/501347859","name":"Idumujuno","name_en":null,"name_yo":null,"place":"village","landuse":null,"population":null,"is_in":null,"source":null,"adm0_pcode":"NGA","adm0_name":"Nigeria","adm1_pcode":"NG010","adm1_name":"Delta","adm2_pcode":"NG010001","adm2_name":"Aniocha North","adm3_pcode":null,"adm3_name":null,"adm4_pcode":null,"adm4_name":null,"name_latin":"Idumujuno"},"geometry":{"type":"Point","coordinates":[6.448866,6.361825]}},
{"type":"Feature","properties":{"id":"node/501348017","name":"Akwukwu Igbo","name_en":null,"name_yo":null,"place":"town","landuse":null,"population":null,"is_in":null,"source":null,"adm0_pcode":"NGA","adm0_name":"Nigeria","adm1_pcode":"NG010","adm1_name":"Delta","adm2_pcode":"NG010014","adm2_name":"Oshimili North","adm3_pcode":null,"adm3_name":null,"adm4_pcode":null,"adm4_name":null,"name_latin":"Akwukwu Igbo"},"geometry":{"type":"Point","coordinates":[6.5912164,6.3569289]}},
{"type":"Feature","properties":{"id":"node/501348079","name":"Atumo","name_en":null,"name_yo":null,"place":"village","landuse":null,"population":null,"is_in":null,"source":null,"adm0_pcode":"NGA","adm0_name":"Nigeria","adm1_pcode":"NG010","adm1_name":"Delta","adm2_pcode":"NG010014","adm2_name":"Oshimili North","adm3_pcode":null,"adm3_name":null,"adm4_pcode":null,"adm4_name":null,"name_latin":"Atumo"},"geometry":{"type":"Point","coordinates":[6.579445,6.3437]}},
{"type":"Feature","properties":{"id":"node/501468987","name":"Otuocha","name_en":null,"name_yo":null,"place":"village","landuse":null,"population":null,"is_in":null,"source":null,"adm0_pcode":"NGA","adm0_name":"Nigeria","adm1_pcode":"NG004","adm1_name":"Anambra","adm2_pcode":"NG004002","adm2_name":"Anambra East","adm3_pcode":null,"adm3_name":null,"adm4_pcode":null,"adm4_name":null,"name_latin":"Otuocha"},"geometry":{"type":"Point","coordinates":[6.846922,6.339327]}},
{"type":"Feature","properties":{"id":"node/501468740","name":"Umueze Anam","name_en":null,"name_yo":null,"place":"village","landuse":null,"population":null,"is_in":null,"source":null,"adm0_pcode":"NGA","adm0_name":"Nigeria","adm1_pcode":"NG004","adm1_name":"Anambra","adm2_pcode":"NG004003","adm2_name":"Anambra West","adm3_pcode":null,"adm3_name":null,"adm4_pcode":null,"adm4_name":null,"name_latin":"Umueze Anam"},"geometry":{"type":"Point","coordinates":[6.833963,6.337306]}},
{"type":"Feature","properties":{"id":"node/501488691","name":"Issele Mkpitime","name_en":null,"name_yo":null,"place":"village","landuse":null,"population":null,"is_in":null,"source":null,"adm0_pcode":"NGA","adm0_name":"Nigeria","adm1_pcode":"NG010","adm1_name":"Delta","adm2_pcode":"NG010001","adm2_name":"Aniocha North","adm3_pcode":null,"adm3_name":null,"adm4_pcode":null,"adm4_name":null,"name_latin":"Issele Mkpitime"},"geometry":{"type":"Point","coordinates":[6.539812,6.335763]}},
{"type":"Feature","properties":{"id":"node/501516541","name":"Oroma Etiti","name_en":null,"name_yo":null,"place":"village","landuse":null,"population":null,"is_in":null,"source":null,"adm0_pcode":"NGA","adm0_name":"Nigeria","adm1_pcode":"NG004","adm1_name":"Anambra","adm2_pcode":"NG004003","adm2_name":"Anambra West","adm3_pcode":null,"adm3_name":null,"adm4_pcode":null,"adm4_name":null,"name_latin":"Oroma Etiti"},"geometry":{"type":"Point","coordinates":[6.75,6.333333]}},
{"type":"Feature","properties":{"id":"node/501516054","name":"Aguleri","name_en":null,"name_yo":null,"place":"town","landuse":null,"population":null,"is_in":null,"source":null,"adm0_pcode":"NGA","adm0_name":"Nigeria","adm1_pcode":"NG004","adm1_name":"Anambra","adm2_pcode":"NG004002","adm2_name":"Anambra East","adm3_pcode":null,"adm3_name":null,"adm4_pcode":null,"adm4_name":null,"name_latin":"Aguleri"},"geometry":{"type":"Point","coordinates":[6.8779601,6.3322924]}},
{"type":"Feature","properties":{"id":"node/501407393","name":"Ochonkie","name_en":null,"name_yo":null,"place":"village","landuse":null,"population":null,"is_in":null,"source":null,"adm0_pcode":"NGA","adm0_name":"Nigeria","adm1_pcode":"NG010","adm1_name":"Delta","adm2_pcode":"NG010014","adm2_name":"Oshimili North","adm3_pcode":null,"adm3_name":null,"adm4_pcode":null,"adm4_name":null,"name_latin":"Ochonkie"},"geometry":{"type":"Point","coordinates":[6.666667,6.316667]}},
{"type":"Feature","properties":{"id":"node/501346656","name":"Onitsha Ugbo","name_en":null,"name_yo":null,"place":"village","landuse":null,"population":null,"is_in":null,"source":null,"adm0_pcode":"NGA","adm0_name":"Nigeria","adm1_pcode":"NG010","adm1_name":"Delta","adm2_pcode":"NG010001","adm2_name":"Aniocha North","adm3_pcode":null,"adm3_name":null,"adm4_pcode":null,"adm4_name":null,"name_latin":"Onitsha Ugbo"},"geometry":{"type":"Point","coordinates":[6.421365,6.316343]}},
{"type":"Feature","properties":{"id":"node/501469081","name":"Issele Uku","name_en":null,"name_yo":null,"place":"town","landuse":null,"population":null,"is_in":null,"source":null,"adm0_pcode":"NGA","adm0_name":"Nigeria","adm1_pcode":"NG010","adm1_name":"Delta","adm2_pcode":"NG010001","adm2_name":"Aniocha North","adm3_pcode":null,"adm3_name":null,"adm4_pcode":null,"adm4_name":null,"name_latin":"Issele Uku"},"geometry":{"type":"Point","coordinates":[6.4768263,6.3155306]}},
{"type":"Feature","properties":{"id":"node/9002496985","name":"Etioha","name_en":null,"name_yo":null,"place":"village","landuse":null,"population":null,"is_in":null,"source":null,"adm0_pcode":"NGA","adm0_name":"Nigeria","adm1_pcode":"NG017","adm1_name":"Imo","adm2_pcode":"NG017018","adm2_name":"Ohaji/Egbema","adm3_pcode":null,"adm3_name":null,"adm4_pcode":null,"adm4_name":null,"name_latin":"Etioha"},"geometry":{"type":"Point","coordinates":[6.9645521,5.2647058]}},
{"type":"Feature","properties":{"id":"node/9002496986","name":"Umukunne","name_en":null,"name_yo":null,"place":"village","landuse":null,"population":null,"is_in":null,"source":null,"adm0_pcode":"NGA","adm0_name":"Nigeria","adm1_pcode":"NG017","adm1_name":"Imo","adm2_pcode":"NG017018","adm2_name":"Ohaji/Egbema","adm3_pcode":null,"adm3_name":null,"adm4_pcode":null,"adm4_name":null,"name_latin":"Umukunne"},"geometry":{"type":"Point","coordinates":[6.9418321,5.2711988]}},
{"type":"Feature","properties":{"id":"node/501356052","name":"Umu Ekwune","name_en":null,"name_yo":null,"place":"village","landuse":null,"population":null,"is_in":null,"source":null,"adm0_pcode":"NGA","adm0_name":"Nigeria","adm1_pcode":"NG017","adm1_name":"Imo","adm2_pcode":"NG017012","adm2_name":"Ngor-Okpala","adm3_pcode":null,"adm3_name":null,"adm4_pcode":null,"adm4_name":null,"name_latin":"Umu Ekwune"},"geometry":{"type":"Point","coordinates":[7.0275926,5.2762454]}},
{"type":"Feature","properties":{"id":"node/9002500449","name":"Nkorohia","name_en":null,"name_yo":null,"place":"village","landuse":null,"population":null,"is_in":null,"source":null,"adm0_pcode":"NGA","adm0_name":"Nigeria","adm1_pcode":"NG017","adm1_name":"Imo","adm2_pcode":"NG017018","adm2_name":"Ohaji/Egbema","adm3_pcode":null,"adm3_name":null,"adm4_pcode":null,"adm4_name":null,"name_latin":"Nkorohia"},"geometry":{"type":"Point","coordinates":[6.9081486,5.2909872]}},
{"type":"Feature","properties":{"id":"node/9002500448","name":"Umuagwu","name_en":null,"name_yo":null,"place":"village","landuse":null,"population":null,"is_in":null,"source":null,"adm0_pcode":"NGA","adm0_name":"Nigeria","adm1_pcode":"NG017","adm1_name":"Imo","adm2_pcode":"NG017018","adm2_name":"Ohaji/Egbema","adm3_pcode":null,"adm3_name":null,"adm4_pcode":null,"adm4_name":null,"name_latin":"Umuagwu"},"geometry":{"type":"Point","coordinates":[6.8962437,5.2945893]}},
{"type":"Feature","properties":{"id":"way/1003638373","name":"Ishiokahia","name_en":null,"name_yo":null,"place":"hamlet","landuse":null,"population":"40","is_in":null,"source":null,"adm0_pcode":"NGA","adm0_name":"Nigeria","adm1_pcode":"NG017","adm1_name":"Imo","adm2_pcode":"NG017012","adm2_name":"Ngor-Okpala","adm3_pcode":null,"adm3_name":null,"adm4_pcode":null,"adm4_name":null,"name_latin":"Ishiokahia"},"geometry":{"type":"Polygon","coordinates":[[[7.2745892,5.2963426],[7.2743229,5.2943091],[7.2723842,5.2928355],[7.2695132,5.2930123],[7.2668642,5.2947511],[7.2676633,5.297772],[7.2679889,5.2989361],[7.2681221,5.2992897],[7.2712743,5.2983319],[7.2715702,5.2992161],[7.2737901,5.2978899],[7.27453,5.2976099],[7.2745892,5.2963426]]]}},
{"type":"Feature","properties":{"id":"node/501495105","name":"Ekwuoke","name_en":null,"name_yo":null,"place":"village","landuse":null,"population":null,"is_in":null,"source":null,"adm0_pcode":"NGA","adm0_name":"Nigeria","adm1_pcode":"NG017","adm1_name":"Imo","adm2_pcode":"NG017012","adm2_name":"Ngor-Okpala","adm3_pcode":null,"adm3_name":null,"adm4_pcode":null,"adm4_name":null,"name_latin":"Ekwuoke"},"geometry":{"type":"Point","coordinates":[7.0371545,5.3010201]}},
{"type":"Feature","properties":{"id":"node/501353138","name":"Umuagu","name_en":null,"name_yo":null,"place":"village","landuse":null,"population":null,"is_in":null,"source":null,"adm0_pcode":"NGA","adm0_name":"Nigeria","adm1_pcode":"NG017","adm1_name":"Imo","adm2_pcode":"NG017018","adm2_name":"Ohaji/Egbema","adm3_pcode":null,"adm3_name":null,"adm4_pcode":null,"adm4_name":null,"name_latin":"Umuagu"},"geometry":{"type":"Point","coordinates":[6.9423368,5.3090225]}},
{"type":"Feature","properties":{"id":"node/9002500447","name":"Umuosu","name_en":null,"name_yo":null,"place":"village","landuse":null,"population":null,"is_in":null,"source":null,"adm0_pcode":"NGA","adm0_name":"Nigeria","adm1_pcode":"NG017","adm1_name":"Imo","adm2_pcode":"NG017018","adm2_name":"Ohaji/Egbema","adm3_pcode":null,"adm3_name":null,"adm4_pcode":null,"adm4_name":null,"name_latin":"Umuosu"},"geometry":{"type":"Point","coordinates":[6.9015008,5.3100368]}},
{"type":"Feature","properties":{"id":"node/501350919","name":"Okpalla","name_en":null,"name_yo":null,"place":"town","landuse":null,"population":null,"is_in":null,"source":null,"adm0_pcode":"NGA","adm0_name":"Nigeria","adm1_pcode":"NG017","adm1_name":"Imo","adm2_pcode":"NG017012","adm2_name":"Ngor-Okpala","adm3_pcode":null,"adm3_name":null,"adm4_pcode":null,"adm4_name":null,"name_latin":"Okpalla"},"geometry":{"type":"Point","coordinates":[7.258133,5.3123851]}},
{"type":"Feature","properties":{"id":"node/501471134","name":"Umu Ogii","name_en":null,"name_yo":null,"place":"village","landuse":null,"population":null,"is_in":null,"source":null,"adm0_pcode":"NGA","adm0_name":"Nigeria","adm1_pcode":"NG017","adm1_name":"Imo","adm2_pcode":"NG017012","adm2_name":"Ngor-Okpala","adm3_pcode":null,"adm3_name":null,"adm4_pcode":null,"adm4_name":null,"name_latin":"Umu Ogii"},"geometry":{"type":"Point","coordinates":[7.0464042,5.3165542]}},
{"type":"Feature","properties":{"id":"node/501499805","name":"Ilile","name_en":null,"name_yo":null,"place":"village","landuse":null,"population":null,"is_in":null,"source":null,"adm0_pcode":"NGA","adm0_name":"Nigeria","adm1_pcode":"NG017","adm1_name":"Imo","adm2_pcode":"NG017018","adm2_name":"Ohaji/Egbema","adm3_pcode":null,"adm3_name":null,"adm4_pcode":null,"adm4_name":null,"name_latin":"Ilile"},"geometry":{"type":"Point","coordinates":[6.8836995,5.3171457]}},
{"type":"Feature","properties":{"id":"node/9002498681","name":"Olokwu","name_en":null,"name_yo":null,"place":"village","landuse":null,"population":null,"is_in":null,"source":null,"adm0_pcode":"NGA","adm0_name":"Nigeria","adm1_pcode":"NG017","adm1_name":"Imo","adm2_pcode":"NG017025","adm2_name":"Owerri West","adm3_pcode":null,"adm3_name":null,"adm4_pcode":null,"adm4_name":null,"name_latin":"Olokwu"},"geometry":{"type":"Point","coordinates":[6.9898857,5.3287321]}},
{"type":"Feature","properties":{"id":"node/501479421","name":"Umuneke Ngor","name_en":null,"name_yo":null,"place":"town","landuse":null,"population":null,"is_in":null,"source":null,"adm0_pcode":"NGA","adm0_name":"Nigeria","adm1_pcode":"NG017","adm1_name":"Imo","adm2_pcode":"NG017012","adm2_name":"Ngor-Okpala","adm3_pcode":null,"adm3_name":null,"adm4_pcode":null,"adm4_name":null,"name_latin":"Umuneke Ngor"},"geometry":{"type":"Point","coordinates":[7.151781,5.3347644]}},
{"type":"Feature","properties":{"id":"node/9002498682","name":"Emeabiam","name_en":null,"name_yo":null,"place":"village","landuse":null,"population":null,"is_in":null,"source":null,"adm0_pcode":"NGA","adm0_name":"Nigeria","adm1_pcode":"NG017","adm1_name":"Imo","adm2_pcode":"NG017025","adm2_name":"Owerri West","adm3_pcode":null,"adm3_name":null,"adm4_pcode":null,"adm4_name":null,"name_latin":"Emeabiam"},"geometry":{"type":"Point","coordinates":[6.9913813,5.3363424]}},
{"type":"Feature","properties":{"id":"node/9002500446","name":"Abakuru","name_en":null,"name_yo":null,"place":"village","landuse":null,"population":null,"is_in":null,"source":null,"adm0_pcode":"NGA","adm0_name":"Nigeria","adm1_pcode":"NG017","adm1_name":"Imo","adm2_pcode":"NG017018","adm2_name":"Ohaji/Egbema","adm3_pcode":null,"adm3_name":null,"adm4_pcode":null,"adm4_name":null,"name_latin":"Abakuru"},"geometry":{"type":"Point","coordinates":[6.9281024,5.3416837]}},
{"type":"Feature","properties":{"id":"node/501516585","name":"Obor Ovoro","name_en":null,"name_yo":null,"place":"village","landuse":null,"population":null,"is_in":null,"source":null,"adm0_pcode":"NGA","adm0_name":"Nigeria","adm1_pcode":"NG017","adm1_name":"Imo","adm2_pcode":"NG017001","adm2_name":"Aboh-Mbaise","adm3_pcode":null,"adm3_name":null,"adm4_pcode":null,"adm4_name":null,"name_latin":"Obor Ovoro"},"geometry":{"type":"Point","coordinates":[7.266667,5.35]}},
{"type":"Feature","properties":{"id":"node/501491536","name":"Mberichi","name_en":null,"name_yo":null,"place":"town","landuse":null,"population":null,"is_in":null,"source":null,"adm0_pcode":"NGA","adm0_name":"Nigeria","adm1_pcode":"NG017","adm1_name":"Imo","adm2_pcode":"NG017018","adm2_name":"Ohaji/Egbema","adm3_pcode":null,"adm3_name":null,"adm4_pcode":null,"adm4_name":null,"name_latin":"Mberichi"},"geometry":{"type":"Point","coordinates":[6.9500429,5.3511323]}},
{"type":"Feature","properties":{"id":"node/501524586","name":"Umukanne","name_en":null,"name_yo":null,"place":"village","landuse":null,"population":null,"is_in":null,"source":null,"adm0_pcode":"NGA","adm0_name":"Nigeria","adm1_pcode":"NG017","adm1_name":"Imo","adm2_pcode":"NG017018","adm2_name":"Ohaji/Egbema","adm3_pcode":null,"adm3_name":null,"adm4_pcode":null,"adm4_name":null,"name_latin":"Umukanne"},"geometry":{"type":"Point","coordinates":[6.9091736,5.3564555]}},
{"type":"Feature","properties":{"id":"node/501524203","name":"Umu Oye","name_en":null,"name_yo":null,"place":"village","landuse":null,"population":null,"is_in":null,"source":null,"adm0_pcode":"NGA","adm0_name":"Nigeria","adm1_pcode":"NG017","adm1_name":"Imo","adm2_pcode":"NG017012","adm2_name":"Ngor-Okpala","adm3_pcode":null,"adm3_name":null,"adm4_pcode":null,"adm4_name":null,"name_latin":"Umu Oye"},"geometry":{"type":"Point","coordinates":[7.083333,5.366667]}},
{"type":"Feature","properties":{"id":"node/501490087","name":"Umu Owa","name_en":null,"name_yo":null,"place":"village","landuse":null,"population":null,"is_in":null,"source":null,"adm0_pcode":"NGA","adm0_name":"Nigeria","adm1_pcode":"NG017","adm1_name":"Imo","adm2_pcode":"NG017012","adm2_name":"Ngor-Okpala","adm3_pcode":null,"adm3_name":null,"adm4_pcode":null,"adm4_name":null,"name_latin":"Umu Owa"},"geometry":{"type":"Point","coordinates":[7.15,5.383333]}},
{"type":"Feature","properties":{"id":"node/501525793","name":"Amorie","name_en":null,"name_yo":null,"place":"village","landuse":null,"population":null,"is_in":null,"source":null,"adm0_pcode":"NGA","adm0_name":"Nigeria","adm1_pcode":"NG017","adm1_name":"Imo","adm2_pcode":"NG017024","adm2_name":"Owerri North","adm3_pcode":null,"adm3_name":null,"adm4_pcode":null,"adm4_name":null,"name_latin":"Amorie"},"geometry":{"type":"Point","coordinates":[7.0645935,5.3838165]}},
{"type":"Feature","properties":{"id":"node/501405848","name":"Upe","name_en":null,"name_yo":null,"place":"village","landuse":null,"population":null,"is_in":null,"source":null,"adm0_pcode":"NGA","adm0_name":"Nigeria","adm1_pcode":"NG017","adm1_name":"Imo","adm2_pcode":"NG017024","adm2_name":"Owerri North","adm3_pcode":null,"adm3_name":null,"adm4_pcode":null,"adm4_name":null,"name_latin":"Upe"},"geometry":{"type":"Point","coordinates":[7.1,5.4]}},
{"type":"Feature","properties":{"id":"node/501503292","name":"Ihiagwa","name_en":null,"name_yo":null,"place":"town","landuse":null,"population":null,"is_in":null,"source":null,"adm0_pcode":"NGA","adm0_name":"Nigeria","adm1_pcode":"NG017","adm1_name":"Imo","adm2_pcode":"NG017025","adm2_name":"Owerri West","adm3_pcode":null,"adm3_name":null,"adm4_pcode":null,"adm4_name":null,"name_latin":"Ihiagwa"},"geometry":{"type":"Point","coordinates":[7.0122682,5.4011108]}},
{"type":"Feature","properties":{"id":"node/501518485","name":"Obinze","name_en":null,"name_yo":null,"place":"village","landuse":null,"population":null,"is_in":null,"source":null,"adm0_pcode":"NGA","adm0_name":"Nigeria","adm1_pcode":"NG017","adm1_name":"Imo","adm2_pcode":"NG017025","adm2_name":"Owerri West","adm3_pcode":null,"adm3_name":null,"adm4_pcode":null,"adm4_name":null,"name_latin":"Obinze"},"geometry":{"type":"Point","coordinates":[6.9584478,5.4101582]}},
{"type":"Feature","properties":{"id":"node/8978137126","name":"Oforola","name_en":null,"name_yo":null,"place":"village","landuse":null,"population":null,"is_in":null,"source":null,"adm0_pcode":"NGA","adm0_name":"Nigeria","adm1_pcode":"NG017","adm1_name":"Imo","adm2_pcode":"NG017025","adm2_name":"Owerri West","adm3_pcode":null,"adm3_name":null,"adm4_pcode":null,"adm4_name":null,"name_latin":"Oforola"},"geometry":{"type":"Point","coordinates":[6.9269089,5.4216835]}},
{"type":"Feature","properties":{"id":"node/501528644","name":"Isuobiangwu","name_en":null,"name_yo":null,"place":"village","landuse":null,"population":null,"is_in":null,"source":null,"adm0_pcode":"NGA","adm0_name":"Nigeria","adm1_pcode":"NG017","adm1_name":"Imo","adm2_pcode":"NG017012","adm2_name":"Ngor-Okpala","adm3_pcode":null,"adm3_name":null,"adm4_pcode":null,"adm4_name":null,"name_latin":"Isuobiangwu"},"geometry":{"type":"Point","coordinates":[7.1861869,5.4302783]}},
{"type":"Feature","properties":{"id":"node/501502430","name":"Abala","name_en":null,"name_yo":null,"place":"village","landuse":null,"population":null,"is_in":null,"source":null,"adm0_pcode":"NGA","adm0_name":"Nigeria","adm1_pcode":"NG017","adm1_name":"Imo","adm2_pcode":"NG017024","adm2_name":"Owerri North","adm3_pcode":null,"adm3_name":null,"adm4_pcode":null,"adm4_name":null,"name_latin":"Abala"},"geometry":{"type":"Point","coordinates":[7.1,5.433333]}},
{"type":"Feature","properties":{"id":"node/8978137127","name":"Obosima","name_en":null,"name_yo":null,"place":"village","landuse":null,"population":null,"is_in":null,"source":null,"adm0_pcode":"NGA","adm0_name":"Nigeria","adm1_pcode":"NG017","adm1_name":"Imo","adm2_pcode":"NG017018","adm2_name":"Ohaji/Egbema","adm3_pcode":null,"adm3_name":null,"adm4_pcode":null,"adm4_name":null,"name_latin":"Obosima"},"geometry":{"type":"Point","coordinates":[6.9111729,5.4412981]}},
{"type":"Feature","properties":{"id":"node/8978137125","name":"Umuecheta","name_en":null,"name_yo":null,"place":"village","landuse":null,"population":null,"is_in":null,"source":null,"adm0_pcode":"NGA","adm0_name":"Nigeria","adm1_pcode":"NG017","adm1_name":"Imo","adm2_pcode":"NG017025","adm2_name":"Owerri West","adm3_pcode":null,"adm3_name":null,"adm4_pcode":null,"adm4_name":null,"name_latin":"Umuecheta"},"geometry":{"type":"Point","coordinates":[6.9728901,5.4444578]}},
{"type":"Feature","properties":{"id":"node/8978137124","name":"Umuyeche","name_en":null,"name_yo":null,"place":"village","landuse":null,"population":null,"is_in":null,"source":null,"adm0_pcode":"NGA","adm0_name":"Nigeria","adm1_pcode":"NG017","adm1_name":"Imo","adm2_pcode":"NG017025","adm2_name":"Owerri West","adm3_pcode":null,"adm3_name":null,"adm4_pcode":null,"adm4_name":null,"name_latin":"Umuyeche"},"geometry":{"type":"Point","coordinates":[6.9629236,5.4462417]}},
{"type":"Feature","properties":{"id":"node/501423503","name":"Emii","name_en":null,"name_yo":null,"place":"village","landuse":null,"population":null,"is_in":null,"source":null,"adm0_pcode":"NGA","adm0_name":"Nigeria","adm1_pcode":"NG017","adm1_name":"Imo","adm2_pcode":"NG017024","adm2_name":"Owerri North","adm3_pcode":null,"adm3_name":null,"adm4_pcode":null,"adm4_name":null,"name_latin":"Emii"},"geometry":{"type":"Point","coordinates":[7.1,5.45]}},
{"type":"Feature","properties":{"id":"node/501501584","name":"Naze","name_en":null,"name_yo":null,"place":"town","landuse":null,"population":null,"is_in":null,"source":null,"adm0_pcode":"NGA","adm0_name":"Nigeria","adm1_pcode":"NG017","adm1_name":"Imo","adm2_pcode":"NG017024","adm2_name":"Owerri North","adm3_pcode":null,"adm3_name":null,"adm4_pcode":null,"adm4_name":null,"name_latin":"Naze"},"geometry":{"type":"Point","coordinates":[7.0566745,5.4519997]}},
{"type":"Feature","properties":{"id":"node/501505383","name":"Lagwa","name_en":null,"name_yo":null,"place":"village","landuse":null,"population":null,"is_in":null,"source":null,"adm0_pcode":"NGA","adm0_name":"Nigeria","adm1_pcode":"NG017","adm1_name":"Imo","adm2_pcode":"NG017001","adm2_name":"Aboh-Mbaise","adm3_pcode":null,"adm3_name":null,"adm4_pcode":null,"adm4_name":null,"name_latin":"Lagwa"},"geometry":{"type":"Point","coordinates":[7.2350282,5.4552547]}},
{"type":"Feature","properties":{"id":"node/8999607719","name":"Afor Obogwe","name_en":null,"name_yo":null,"place":"village","landuse":null,"population":null,"is_in":null,"source":null,"adm0_pcode":"NGA","adm0_name":"Nigeria","adm1_pcode":"NG017","adm1_name":"Imo","adm2_pcode":"NG017018","adm2_name":"Ohaji/Egbema","adm3_pcode":null,"adm3_name":null,"adm4_pcode":null,"adm4_name":null,"name_latin":"Afor Obogwe"},"geometry":{"type":"Point","coordinates":[6.9031624,5.4613758]}},
{"type":"Feature","properties":{"id":"node/501520095","name":"Obogwe","name_en":null,"name_yo":null,"place":"village","landuse":null,"population":null,"is_in":null,"source":null,"adm0_pcode":"NGA","adm0_name":"Nigeria","adm1_pcode":"NG017","adm1_name":"Imo","adm2_pcode":"NG017025","adm2_name":"Owerri West","adm3_pcode":null,"adm3_name":null,"adm4_pcode":null,"adm4_name":null,"name_latin":"Obogwe"},"geometry":{"type":"Point","coordinates":[6.9222832,5.4629492]}},
{"type":"Feature","properties":{"id":"node/501525257","name":"Amafor","name_en":null,"name_yo":null,"place":"village","landuse":null,"population":null,"is_in":null,"source":null,"adm0_pcode":"NGA","adm0_name":"Nigeria","adm1_pcode":"NG017","adm1_name":"Imo","adm2_pcode":"NG017018","adm2_name":"Ohaji/Egbema","adm3_pcode":null,"adm3_name":null,"adm4_pcode":null,"adm4_name":null,"name_latin":"Amafor"},"geometry":{"type":"Point","coordinates":[6.888341,5.4631493]}},
{"type":"Feature","properties":{"id":"node/501425445","name":"Awaka","name_en":null,"name_yo":null,"place":"village","landuse":null,"population":null,"is_in":null,"source":null,"adm0_pcode":"NGA","adm0_name":"Nigeria","adm1_pcode":"NG017","adm1_name":"Imo","adm2_pcode":"NG017024","adm2_name":"Owerri North","adm3_pcode":null,"adm3_name":null,"adm4_pcode":null,"adm4_name":null,"name_latin":"Awaka"},"geometry":{"type":"Point","coordinates":[7.083333,5.466667]}},
{"type":"Feature","properties":{"id":"node/501445968","name":"Emekukwu","name_en":null,"name_yo":null,"place":"village","landuse":null,"population":null,"is_in":null,"source":null,"adm0_pcode":"NGA","adm0_name":"Nigeria","adm1_pcode":"NG017","adm1_name":"Imo","adm2_pcode":"NG017024","adm2_name":"Owerri North","adm3_pcode":null,"adm3_name":null,"adm4_pcode":null,"adm4_name":null,"name_latin":"Emekukwu"},"geometry":{"type":"Point","coordinates":[7.1,5.466667]}},
{"type":"Feature","properties":{"id":"node/501495102","name":"Enyiogugu","name_en":null,"name_yo":null,"place":"village","landuse":null,"population":null,"is_in":null,"source":null,"adm0_pcode":"NGA","adm0_name":"Nigeria","adm1_pcode":"NG017","adm1_name":"Imo","adm2_pcode":"NG017001","adm2_name":"Aboh-Mbaise","adm3_pcode":null,"adm3_name":null,"adm4_pcode":null,"adm4_name":null,"name_latin":"Enyiogugu"},"geometry":{"type":"Point","coordinates":[7.2,5.466667]}},
{"type":"Feature","properties":{"id":"node/5918814522","name":"Umuguma","name_en":null,"name_yo":null,"place":"town","landuse":null,"population":null,"is_in":null,"source":null,"adm0_pcode":"NGA","adm0_name":"Nigeria","adm1_pcode":"NG017","adm1_name":"Imo","adm2_pcode":"NG017025","adm2_name":"Owerri West","adm3_pcode":null,"adm3_name":null,"adm4_pcode":null,"adm4_name":null,"name_latin":"Umuguma"},"geometry":{"type":"Point","coordinates":[6.96594,5.4678951]}},
{"type":"Feature","properties":{"id":"node/11040271651","name":"Oboama","name_en":null,"name_yo":null,"place":"village","landuse":null,"population":null,"is_in":null,"source":null,"adm0_pcode":"NGA","adm0_name":"Nigeria","adm1_pcode":"NG017","adm1_name":"Imo","adm2_pcode":"NG017004","adm2_name":"Ezinihitte","adm3_pcode":null,"adm3_name":null,"adm4_pcode":null,"adm4_name":null,"name_latin":"Oboama"},"geometry":{"type":"Point","coordinates":[7.2724852,5.4691685]}},
{"type":"Feature","properties":{"id":"node/11040271649","name":"Aboh","name_en":null,"name_yo":null,"place":"town","landuse":null,"population":null,"is_in":null,"source":null,"adm0_pcode":"NGA","adm0_name":"Nigeria","adm1_pcode":"NG017","adm1_name":"Imo","adm2_pcode":"NG017004","adm2_name":"Ezinihitte","adm3_pcode":null,"adm3_name":null,"adm4_pcode":null,"adm4_name":null,"name_latin":"Aboh"},"geometry":{"type":"Point","coordinates":[7.2711943,5.4770337]}},
{"type":"Feature","properties":{"id":"node/8999607720","name":"Uborji","name_en":null,"name_yo":null,"place":"village","landuse":null,"population":null,"is_in":null,"source":null,"adm0_pcode":"NGA","adm0_name":"Nigeria","adm1_pcode":"NG017","adm1_name":"Imo","adm2_pcode":"NG017025","adm2_name":"Owerri West","adm3_pcode":null,"adm3_name":null,"adm4_pcode":null,"adm4_name":null,"name_latin":"Uborji"},"geometry":{"type":"Point","coordinates":[6.9365503,5.4828671]}},
{"type":"Feature","properties":{"id":"node/501443255","name":"Okuku","name_en":null,"name_yo":null,"place":"village","landuse":null,"population":null,"is_in":null,"source":null,"adm0_pcode":"NGA","adm0_name":"Nigeria","adm1_pcode":"NG017","adm1_name":"Imo","adm2_pcode":"NG017025","adm2_name":"Owerri West","adm3_pcode":null,"adm3_name":null,"adm4_pcode":null,"adm4_name":null,"name_latin":"Okuku"},"geometry":{"type":"Point","coordinates":[6.9231303,5.4837049]}},
{"type":"Feature","properties":{"id":"node/2469246094","name":"Owerri","name_en":"Owerri","name_yo":"Owerri","place":"city","landuse":null,"population":"401873","is_in":null,"source":null,"adm0_pcode":"NGA","adm0_name":"Nigeria","adm1_pcode":"NG017","adm1_name":"Imo","adm2_pcode":"NG017026","adm2_name":"Owerri-Municipal","adm3_pcode":null,"adm3_name":null,"adm4_pcode":null,"adm4_name":null,"name_latin":"Owerri"},"geometry":{"type":"Point","coordinates":[7.0341973,5.489736]}},
{"type":"Feature","properties":{"id":"node/4577074079","name":"Obunta-Isiala","name_en":null,"name_yo":null,"place":"village","landuse":null,"population":null,"is_in":null,"source":null,"adm0_pcode":"NGA","adm0_name":"Nigeria","adm1_pcode":"NG001","adm1_name":"Abia","adm2_pcode":"NG001005","adm2_name":"Ikwuano","adm3_pcode":null,"adm3_name":null,"adm4_pcode":null,"adm4_name":null,"name_latin":"Obunta-Isiala"},"geometry":{"type":"Point","coordinates":[7.5836599,5.3841282]}},
{"type":"Feature","properties":{"id":"node/501485919","name":"Arochukwu","name_en":null,"name_yo":null,"place":"town","landuse":null,"population":null,"is_in":null,"source":null,"adm0_pcode":"NGA","adm0_name":"Nigeria","adm1_pcode":"NG001","adm1_name":"Abia","adm2_pcode":"NG001003","adm2_name":"Arochukwu","adm3_pcode":null,"adm3_name":null,"adm4_pcode":null,"adm4_name":null,"name_latin":"Arochukwu"},"geometry":{"type":"Point","coordinates":[7.9064915,5.3876203]}},
{"type":"Feature","properties":{"id":"node/501335282","name":"Atani Aro","name_en":null,"name_yo":null,"place":"village","landuse":null,"population":null,"is_in":null,"source":null,"adm0_pcode":"NGA","adm0_name":"Nigeria","adm1_pcode":"NG001","adm1_name":"Abia","adm2_pcode":"NG001003","adm2_name":"Arochukwu","adm3_pcode":null,"adm3_name":null,"adm4_pcode":null,"adm4_name":null,"name_latin":"Atani Aro"},"geometry":{"type":"Point","coordinates":[7.883339,5.4000487]}},
{"type":"Feature","properties":{"id":"node/501499751","name":"Amakofia","name_en":null,"name_yo":null,"place":"village","landuse":null,"population":null,"is_in":null,"source":null,"adm0_pcode":"NGA","adm0_name":"Nigeria","adm1_pcode":"NG001","adm1_name":"Abia","adm2_pcode":"NG001003","adm2_name":"Arochukwu","adm3_pcode":null,"adm3_name":null,"adm4_pcode":null,"adm4_name":null,"name_latin":"Amakofia"},"geometry":{"type":"Point","coordinates":[7.9,5.416667]}},
{"type":"Feature","properties":{"id":"node/501509146","name":"Amawom","name_en":null,"name_yo":null,"place":"village","landuse":null,"population":null,"is_in":null,"source":null,"adm0_pcode":"NGA","adm0_name":"Nigeria","adm1_pcode":"NG001","adm1_name":"Abia","adm2_pcode":"NG001005","adm2_name":"Ikwuano","adm3_pcode":null,"adm3_name":null,"adm4_pcode":null,"adm4_name":null,"name_latin":"Amawom"},"geometry":{"type":"Point","coordinates":[7.566667,5.466667]}},
{"type":"Feature","properties":{"id":"node/501508902","name":"Idima","name_en":null,"name_yo":null,"place":"village","landuse":null,"population":null,"is_in":null,"source":null,"adm0_pcode":"NGA","adm0_name":"Nigeria","adm1_pcode":"NG001","adm1_name":"Abia","adm2_pcode":"NG001003","adm2_name":"Arochukwu","adm3_pcode":null,"adm3_name":null,"adm4_pcode":null,"adm4_name":null,"name_latin":"Idima"},"geometry":{"type":"Point","coordinates":[7.7,5.55]}},
{"type":"Feature","properties":{"id":"node/501517655","name":"Bende","name_en":null,"name_yo":null,"place":"town","landuse":null,"population":null,"is_in":null,"source":null,"adm0_pcode":"NGA","adm0_name":"Nigeria","adm1_pcode":"NG001","adm1_name":"Abia","adm2_pcode":"NG001004","adm2_name":"Bende","adm3_pcode":null,"adm3_name":null,"adm4_pcode":null,"adm4_name":null,"name_latin":"Bende"},"geometry":{"type":"Point","coordinates":[7.6326656,5.559261]}},
{"type":"Feature","properties":{"id":"node/501409733","name":"Amaeke Abam","name_en":null,"name_yo":null,"place":"village","landuse":null,"population":null,"is_in":null,"source":null,"adm0_pcode":"NGA","adm0_name":"Nigeria","adm1_pcode":"NG001","adm1_name":"Abia","adm2_pcode":"NG001003","adm2_name":"Arochukwu","adm3_pcode":null,"adm3_name":null,"adm4_pcode":null,"adm4_name":null,"name_latin":"Amaeke Abam"},"geometry":{"type":"Point","coordinates":[7.666667,5.583333]}},
{"type":"Feature","properties":{"id":"node/501508831","name":"Umuabia","name_en":null,"name_yo":null,"place":"village","landuse":null,"population":null,"is_in":null,"source":null,"adm0_pcode":"NGA","adm0_name":"Nigeria","adm1_pcode":"NG001","adm1_name":"Abia","adm2_pcode":"NG001004","adm2_name":"Bende","adm3_pcode":null,"adm3_name":null,"adm4_pcode":null,"adm4_name":null,"name_latin":"Umuabia"},"geometry":{"type":"Point","coordinates":[7.583333,5.616667]}},
{"type":"Feature","properties":{"id":"node/501495081","name":"Ozu Akoli","name_en":null,"name_yo":null,"place":"village","landuse":null,"population":null,"is_in":null,"source":null,"adm0_pcode":"NGA","adm0_name":"Nigeria","adm1_pcode":"NG001","adm1_name":"Abia","adm2_pcode":"NG001004","adm2_name":"Bende","adm3_pcode":null,"adm3_name":null,"adm4_pcode":null,"adm4_name":null,"name_latin":"Ozu Akoli"},"geometry":{"type":"Point","coordinates":[7.566667,5.633333]}},
{"type":"Feature","properties":{"id":"node/501356443","name":"Umuhu Abam","name_en":null,"name_yo":null,"place":"village","landuse":null,"population":null,"is_in":null,"source":null,"adm0_pcode":"NGA","adm0_name":"Nigeria","adm1_pcode":"NG001","adm1_name":"Abia","adm2_pcode":"NG001004","adm2_name":"Bende","adm3_pcode":null,"adm3_name":null,"adm4_pcode":null,"adm4_name":null,"name_latin":"Umuhu Abam"},"geometry":{"type":"Point","coordinates":[7.666667,5.633333]}},
{"type":"Feature","properties":{"id":"node/501509753","name":"Ohafia","name_en":null,"name_yo":null,"place":"town","landuse":null,"population":null,"is_in":null,"source":null,"adm0_pcode":"NGA","adm0_name":"Nigeria","adm1_pcode":"NG001","adm1_name":"Abia","adm2_pcode":"NG001010","adm2_name":"Ohafia","adm3_pcode":null,"adm3_name":null,"adm4_pcode":null,"adm4_name":null,"name_latin":"Ohafia"},"geometry":{"type":"Point","coordinates":[7.8284586,5.6335371]}},
{"type":"Feature","properties":{"id":"node/501522743","name":"Isiegbu Ozuitem","name_en":null,"name_yo":null,"place":"village","landuse":null,"population":null,"is_in":null,"source":null,"adm0_pcode":"NGA","adm0_name":"Nigeria","adm1_pcode":"NG001","adm1_name":"Abia","adm2_pcode":"NG001004","adm2_name":"Bende","adm3_pcode":null,"adm3_name":null,"adm4_pcode":null,"adm4_name":null,"name_latin":"Isiegbu Ozuitem"},"geometry":{"type":"Point","coordinates":[7.6,5.65]}},
{"type":"Feature","properties":{"id":"node/501465470","name":"Ozuitem","name_en":null,"name_yo":null,"place":"village","landuse":null,"population":null,"is_in":null,"source":null,"adm0_pcode":"NGA","adm0_name":"Nigeria","adm1_pcode":"NG001","adm1_name":"Abia","adm2_pcode":"NG001004","adm2_name":"Bende","adm3_pcode":null,"adm3_name":null,"adm4_pcode":null,"adm4_name":null,"name_latin":"Ozuitem"},"geometry":{"type":"Point","coordinates":[7.6,5.65]}},
{"type":"Feature","properties":{"id":"node/501516501","name":"Okon","name_en":null,"name_yo":null,"place":"village","landuse":null,"population":null,"is_in":null,"source":null,"adm0_pcode":"NGA","adm0_name":"Nigeria","adm1_pcode":"NG001","adm1_name":"Abia","adm2_pcode":"NG001010","adm2_name":"Ohafia","adm3_pcode":null,"adm3_name":null,"adm4_pcode":null,"adm4_name":null,"name_latin":"Okon"},"geometry":{"type":"Point","coordinates":[7.883333,5.65]}},
{"type":"Feature","properties":{"id":"node/501444652","name":"Abiriba","name_en":null,"name_yo":null,"place":"village","landuse":null,"population":null,"is_in":null,"source":null,"adm0_pcode":"NGA","adm0_name":"Nigeria","adm1_pcode":"NG001","adm1_name":"Abia","adm2_pcode":"NG001010","adm2_name":"Ohafia","adm3_pcode":null,"adm3_name":null,"adm4_pcode":null,"adm4_name":null,"name_latin":"Abiriba"},"geometry":{"type":"Point","coordinates":[7.733333,5.7]}},
{"type":"Feature","properties":{"id":"node/501475572","name":"Ameke Abiriba","name_en":null,"name_yo":null,"place":"village","landuse":null,"population":null,"is_in":null,"source":null,"adm0_pcode":"NGA","adm0_name":"Nigeria","adm1_pcode":"NG001","adm1_name":"Abia","adm2_pcode":"NG001010","adm2_name":"Ohafia","adm3_pcode":null,"adm3_name":null,"adm4_pcode":null,"adm4_name":null,"name_latin":"Ameke Abiriba"},"geometry":{"type":"Point","coordinates":[7.734878,5.7149287]}},
{"type":"Feature","properties":{"id":"node/501492582","name":"Alayi","name_en":null,"name_yo":null,"place":"village","landuse":null,"population":null,"is_in":null,"source":null,"adm0_pcode":"NGA","adm0_name":"Nigeria","adm1_pcode":"NG001","adm1_name":"Abia","adm2_pcode":"NG001004","adm2_name":"Bende","adm3_pcode":null,"adm3_name":null,"adm4_pcode":null,"adm4_name":null,"name_latin":"Alayi"},"geometry":{"type":"Point","coordinates":[7.6,5.733333]}},
{"type":"Feature","properties":{"id":"node/501471582","name":"sissy","name_en":null,"name_yo":null,"place":"village","landuse":null,"population":"494","is_in":null,"source":null,"adm0_pcode":"NGA","adm0_name":"Nigeria","adm1_pcode":"NG011","adm1_name":"Ebonyi","adm2_pcode":"NG011003","adm2_name":"Afikpo South","adm3_pcode":null,"adm3_name":null,"adm4_pcode":null,"adm4_name":null,"name_latin":"sissy"},"geometry":{"type":"Point","coordinates":[7.85,5.75]}},
{"type":"Feature","properties":{"id":"node/10975210512","name":"Nguzu Edda","name_en":null,"name_yo":null,"place":"town","landuse":null,"population":null,"is_in":null,"source":null,"adm0_pcode":"NGA","adm0_name":"Nigeria","adm1_pcode":"NG011","adm1_name":"Ebonyi","adm2_pcode":"NG011003","adm2_name":"Afikpo South","adm3_pcode":null,"adm3_name":null,"adm4_pcode":null,"adm4_name":null,"name_latin":"Nguzu Edda"},"geometry":{"type":"Point","coordinates":[7.8162194,5.7542174]}},
{"type":"Feature","properties":{"id":"node/501519862","name":"Ngusu","name_en":null,"name_yo":null,"place":"village","landuse":null,"population":null,"is_in":null,"source":null,"adm0_pcode":"NGA","adm0_name":"Nigeria","adm1_pcode":"NG011","adm1_name":"Ebonyi","adm2_pcode":"NG011003","adm2_name":"Afikpo South","adm3_pcode":null,"adm3_name":null,"adm4_pcode":null,"adm4_name":null,"name_latin":"Ngusu"},"geometry":{"type":"Point","coordinates":[7.816661,5.7666487]}},
{"type":"Feature","properties":{"id":"node/501433137","name":"Akwanu","name_en":null,"name_yo":null,"place":"village","landuse":null,"population":null,"is_in":null,"source":null,"adm0_pcode":"NGA","adm0_name":"Nigeria","adm1_pcode":"NG001","adm1_name":"Abia","adm2_pcode":"NG001010","adm2_name":"Ohafia","adm3_pcode":null,"adm3_name":null,"adm4_pcode":null,"adm4_name":null,"name_latin":"Akwanu"},"geometry":{"type":"Point","coordinates":[7.716667,5.766667]}},
{"type":"Feature","properties":{"id":"node/501443337","name":"Amaiyi","name_en":null,"name_yo":null,"place":"village","landuse":null,"population":null,"is_in":null,"source":null,"adm0_pcode":"NGA","adm0_name":"Nigeria","adm1_pcode":"NG011","adm1_name":"Ebonyi","adm2_pcode":"NG011003","adm2_name":"Afikpo South","adm3_pcode":null,"adm3_name":null,"adm4_pcode":null,"adm4_name":null,"name_latin":"Amaiyi"},"geometry":{"type":"Point","coordinates":[7.8166657,5.76669]}},
{"type":"Feature","properties":{"id":"node/501493228","name":"Amaigbo","name_en":null,"name_yo":null,"place":"village","landuse":null,"population":null,"is_in":null,"source":null,"adm0_pcode":"NGA","adm0_name":"Nigeria","adm1_pcode":"NG011","adm1_name":"Ebonyi","adm2_pcode":"NG011003","adm2_name":"Afikpo South","adm3_pcode":null,"adm3_name":null,"adm4_pcode":null,"adm4_name":null,"name_latin":"Amaigbo"},"geometry":{"type":"Point","coordinates":[7.8333364,5.7833137]}},
{"type":"Feature","properties":{"id":"node/501518359","name":"Achara","name_en":null,"name_yo":null,"place":"village","landuse":null,"population":null,"is_in":null,"source":null,"adm0_pcode":"NGA","adm0_name":"Nigeria","adm1_pcode":"NG011","adm1_name":"Ebonyi","adm2_pcode":"NG011003","adm2_name":"Afikpo South","adm3_pcode":null,"adm3_name":null,"adm4_pcode":null,"adm4_name":null,"name_latin":"Achara"},"geometry":{"type":"Point","coordinates":[7.866667,5.7833143]}},
{"type":"Feature","properties":{"id":"node/501417709","name":"Ebuwana","name_en":null,"name_yo":null,"place":"village","landuse":null,"population":null,"is_in":null,"source":null,"adm0_pcode":"NGA","adm0_name":"Nigeria","adm1_pcode":"NG011","adm1_name":"Ebonyi","adm2_pcode":"NG011003","adm2_name":"Afikpo South","adm3_pcode":null,"adm3_name":null,"adm4_pcode":null,"adm4_name":null,"name_latin":"Ebuwana"},"geometry":{"type":"Point","coordinates":[7.866669,5.7833357]}},
{"type":"Feature","properties":{"id":"node/501472252","name":"Ekeje","name_en":null,"name_yo":null,"place":"village","landuse":null,"population":null,"is_in":null,"source":null,"adm0_pcode":"NGA","adm0_name":"Nigeria","adm1_pcode":"NG011","adm1_name":"Ebonyi","adm2_pcode":"NG011003","adm2_name":"Afikpo South","adm3_pcode":null,"adm3_name":null,"adm4_pcode":null,"adm4_name":null,"name_latin":"Ekeje"},"geometry":{"type":"Point","coordinates":[7.833334,5.783347]}},
{"type":"Feature","properties":{"id":"node/501350698","name":"Orie Uratta","name_en":null,"name_yo":null,"place":"town","landuse":null,"population":null,"is_in":null,"source":null,"adm0_pcode":"NGA","adm0_name":"Nigeria","adm1_pcode":"NG017","adm1_name":"Imo","adm2_pcode":"NG017024","adm2_name":"Owerri North","adm3_pcode":null,"adm3_name":null,"adm4_pcode":null,"adm4_name":null,"name_latin":"Orie Uratta"},"geometry":{"type":"Point","coordinates":[7.0744253,5.4965315]}},
{"type":"Feature","properties":{"id":"node/501512885","name":"Abor","name_en":null,"name_yo":null,"place":"village","landuse":null,"population":null,"is_in":null,"source":null,"adm0_pcode":"NGA","adm0_name":"Nigeria","adm1_pcode":"NG017","adm1_name":"Imo","adm2_pcode":"NG017008","adm2_name":"Ikeduru","adm3_pcode":null,"adm3_name":null,"adm4_pcode":null,"adm4_name":null,"name_latin":"Abor"},"geometry":{"type":"Point","coordinates":[7.142919,5.5045281]}},
{"type":"Feature","properties":{"id":"node/8972448658","name":"Ndegwu","name_en":null,"name_yo":null,"place":"village","landuse":null,"population":null,"is_in":null,"source":null,"adm0_pcode":"NGA","adm0_name":"Nigeria","adm1_pcode":"NG017","adm1_name":"Imo","adm2_pcode":"NG017025","adm2_name":"Owerri West","adm3_pcode":null,"adm3_name":null,"adm4_pcode":null,"adm4_name":null,"name_latin":"Ndegwu"},"geometry":{"type":"Point","coordinates":[6.9798067,5.516693]}},
{"type":"Feature","properties":{"id":"node/501418558","name":"Irete","name_en":null,"name_yo":null,"place":"town","landuse":null,"population":null,"is_in":null,"source":null,"adm0_pcode":"NGA","adm0_name":"Nigeria","adm1_pcode":"NG017","adm1_name":"Imo","adm2_pcode":"NG017025","adm2_name":"Owerri West","adm3_pcode":null,"adm3_name":null,"adm4_pcode":null,"adm4_name":null,"name_latin":"Irete"},"geometry":{"type":"Point","coordinates":[6.9900336,5.5205703]}},
{"type":"Feature","properties":{"id":"node/6549161385","name":"Nnarambia","name_en":null,"name_yo":null,"place":"town","landuse":null,"population":null,"is_in":null,"source":null,"adm0_pcode":"NGA","adm0_name":"Nigeria","adm1_pcode":"NG017","adm1_name":"Imo","adm2_pcode":"NG017002","adm2_name":"Ahiazu-Mbaise","adm3_pcode":null,"adm3_name":null,"adm4_pcode":null,"adm4_name":null,"name_latin":"Nnarambia"},"geometry":{"type":"Point","coordinates":[7.2665822,5.5247889]}},
{"type":"Feature","properties":{"id":"node/8972448657","name":"Amakohia","name_en":null,"name_yo":null,"place":"village","landuse":null,"population":null,"is_in":null,"source":null,"adm0_pcode":"NGA","adm0_name":"Nigeria","adm1_pcode":"NG017","adm1_name":"Imo","adm2_pcode":"NG017025","adm2_name":"Owerri West","adm3_pcode":null,"adm3_name":null,"adm4_pcode":null,"adm4_name":null,"name_latin":"Amakohia"},"geometry":{"type":"Point","coordinates":[6.9647828,5.5286615]}},
{"type":"Feature","properties":{"id":"node/501405252","name":"Orji","name_en":null,"name_yo":null,"place":"village","landuse":null,"population":null,"is_in":null,"source":null,"adm0_pcode":"NGA","adm0_name":"Nigeria","adm1_pcode":"NG017","adm1_name":"Imo","adm2_pcode":"NG017024","adm2_name":"Owerri North","adm3_pcode":null,"adm3_name":null,"adm4_pcode":null,"adm4_name":null,"name_latin":"Orji"},"geometry":{"type":"Point","coordinates":[7.0633196,5.5317525]}},
{"type":"Feature","properties":{"id":"node/501457930","name":"Owelu","name_en":null,"name_yo":null,"place":"village","landuse":null,"population":null,"is_in":null,"source":null,"adm0_pcode":"NGA","adm0_name":"Nigeria","adm1_pcode":"NG017","adm1_name":"Imo","adm2_pcode":"NG017011","adm2_name":"Mbaitoli","adm3_pcode":null,"adm3_name":null,"adm4_pcode":null,"adm4_name":null,"name_latin":"Owelu"},"geometry":{"type":"Point","coordinates":[7.083333,5.533333]}},
{"type":"Feature","properties":{"id":"node/501380609","name":"Obilokwu Mbieri","name_en":null,"name_yo":null,"place":"village","landuse":null,"population":null,"is_in":null,"source":null,"adm0_pcode":"NGA","adm0_name":"Nigeria","adm1_pcode":"NG017","adm1_name":"Imo","adm2_pcode":"NG017008","adm2_name":"Ikeduru","adm3_pcode":null,"adm3_name":null,"adm4_pcode":null,"adm4_name":null,"name_latin":"Obilokwu Mbieri"},"geometry":{"type":"Point","coordinates":[7.1,5.533333]}},
{"type":"Feature","properties":{"id":"node/501489359","name":"Ubomiri","name_en":null,"name_yo":null,"place":"town","landuse":null,"population":null,"is_in":null,"source":null,"adm0_pcode":"NGA","adm0_name":"Nigeria","adm1_pcode":"NG017","adm1_name":"Imo","adm2_pcode":"NG017011","adm2_name":"Mbaitoli","adm3_pcode":null,"adm3_name":null,"adm4_pcode":null,"adm4_name":null,"name_latin":"Ubomiri"},"geometry":{"type":"Point","coordinates":[7.0153649,5.5381345]}},
{"type":"Feature","properties":{"id":"node/501442111","name":"Orogwe","name_en":null,"name_yo":null,"place":"village","landuse":null,"population":null,"is_in":null,"source":null,"adm0_pcode":"NGA","adm0_name":"Nigeria","adm1_pcode":"NG017","adm1_name":"Imo","adm2_pcode":"NG017025","adm2_name":"Owerri West","adm3_pcode":null,"adm3_name":null,"adm4_pcode":null,"adm4_name":null,"name_latin":"Orogwe"},"geometry":{"type":"Point","coordinates":[6.9810771,5.5403475]}},
{"type":"Feature","properties":{"id":"node/501438883","name":"Enugwu-Ukwu","name_en":null,"name_yo":null,"place":"town","landuse":null,"population":null,"is_in":null,"source":null,"adm0_pcode":"NGA","adm0_name":"Nigeria","adm1_pcode":"NG004","adm1_name":"Anambra","adm2_pcode":"NG004013","adm2_name":"Njikoka","adm3_pcode":null,"adm3_name":null,"adm4_pcode":null,"adm4_name":null,"name_latin":"Enugwu-Ukwu"},"geometry":{"type":"Point","coordinates":[7.0044706,6.1709086]}},
{"type":"Feature","properties":{"id":"node/501496853","name":"Nibo","name_en":null,"name_yo":null,"place":"town","landuse":null,"population":null,"is_in":null,"source":null,"adm0_pcode":"NGA","adm0_name":"Nigeria","adm1_pcode":"NG004","adm1_name":"Anambra","adm2_pcode":"NG004006","adm2_name":"Awka South","adm3_pcode":null,"adm3_name":null,"adm4_pcode":null,"adm4_name":null,"name_latin":"Nibo"},"geometry":{"type":"Point","coordinates":[7.066963,6.172483]}},
{"type":"Feature","properties":{"id":"node/501464505","name":"Nawfia","name_en":null,"name_yo":null,"place":"village","landuse":null,"population":null,"is_in":null,"source":null,"adm0_pcode":"NGA","adm0_name":"Nigeria","adm1_pcode":"NG004","adm1_name":"Anambra","adm2_pcode":"NG004013","adm2_name":"Njikoka","adm3_pcode":null,"adm3_name":null,"adm4_pcode":null,"adm4_name":null,"name_latin":"Nawfia"},"geometry":{"type":"Point","coordinates":[7.0073,6.1822]}},
{"type":"Feature","properties":{"id":"node/501498402","name":"Umudioka","name_en":null,"name_yo":null,"place":"town","landuse":null,"population":null,"is_in":"Dunukofia","source":null,"adm0_pcode":"NGA","adm0_name":"Nigeria","adm1_pcode":"NG004","adm1_name":"Anambra","adm2_pcode":"NG004008","adm2_name":"Dunukofia","adm3_pcode":null,"adm3_name":null,"adm4_pcode":null,"adm4_name":null,"name_latin":"Umudioka"},"geometry":{"type":"Point","coordinates":[6.9208684,6.1849652]}},
{"type":"Feature","properties":{"id":"node/501331910","name":"Nwofia","name_en":null,"name_yo":null,"place":"village","landuse":null,"population":null,"is_in":null,"source":null,"adm0_pcode":"NGA","adm0_name":"Nigeria","adm1_pcode":"NG004","adm1_name":"Anambra","adm2_pcode":"NG004013","adm2_name":"Njikoka","adm3_pcode":null,"adm3_name":null,"adm4_pcode":null,"adm4_name":null,"name_latin":"Nwofia"},"geometry":{"type":"Point","coordinates":[7.0161,6.1882]}},
{"type":"Feature","properties":{"id":"node/501394609","name":"Nwerre-Inyi","name_en":null,"name_yo":null,"place":"village","landuse":null,"population":null,"is_in":null,"source":null,"adm0_pcode":"NGA","adm0_name":"Nigeria","adm1_pcode":"NG004","adm1_name":"Anambra","adm2_pcode":"NG004019","adm2_name":"Orumba North","adm3_pcode":null,"adm3_name":null,"adm4_pcode":null,"adm4_name":null,"name_latin":"Nwerre-Inyi"},"geometry":{"type":"Point","coordinates":[7.2316,6.1914]}},
{"type":"Feature","properties":{"id":"node/501523828","name":"Ukpo Akpu","name_en":null,"name_yo":null,"place":"village","landuse":null,"population":null,"is_in":null,"source":null,"adm0_pcode":"NGA","adm0_name":"Nigeria","adm1_pcode":"NG004","adm1_name":"Anambra","adm2_pcode":"NG004008","adm2_name":"Dunukofia","adm3_pcode":null,"adm3_name":null,"adm4_pcode":null,"adm4_name":null,"name_latin":"Ukpo Akpu"},"geometry":{"type":"Point","coordinates":[6.9709635,6.197559]}},
{"type":"Feature","properties":{"id":"node/501464569","name":"Umuokpu","name_en":null,"name_yo":null,"place":"village","landuse":null,"population":null,"is_in":null,"source":null,"adm0_pcode":"NGA","adm0_name":"Nigeria","adm1_pcode":"NG004","adm1_name":"Anambra","adm2_pcode":"NG004006","adm2_name":"Awka South","adm3_pcode":null,"adm3_name":null,"adm4_pcode":null,"adm4_name":null,"name_latin":"Umuokpu"},"geometry":{"type":"Point","coordinates":[7.0456,6.1976]}},
{"type":"Feature","properties":{"id":"node/501540935","name":"Awka","name_en":null,"name_yo":null,"place":"city","landuse":null,"population":"301657","is_in":null,"source":null,"adm0_pcode":"NGA","adm0_name":"Nigeria","adm1_pcode":"NG004","adm1_name":"Anambra","adm2_pcode":"NG004006","adm2_name":"Awka South","adm3_pcode":null,"adm3_name":null,"adm4_pcode":null,"adm4_name":null,"name_latin":"Awka"},"geometry":{"type":"Point","coordinates":[7.0774372,6.218947]}},
{"type":"Feature","properties":{"id":"node/12527149495","name":"Awkuzu","name_en":null,"name_yo":null,"place":"town","landuse":null,"population":null,"is_in":null,"source":null,"adm0_pcode":"NGA","adm0_name":"Nigeria","adm1_pcode":"NG004","adm1_name":"Anambra","adm2_pcode":"NG004021","adm2_name":"Oyi","adm3_pcode":null,"adm3_name":null,"adm4_pcode":null,"adm4_name":null,"name_latin":"Awkuzu"},"geometry":{"type":"Point","coordinates":[6.9423697,6.2320345]}},
{"type":"Feature","properties":{"id":"node/501332037","name":"Umualu Ugwoioba","name_en":null,"name_yo":null,"place":"village","landuse":null,"population":null,"is_in":null,"source":null,"adm0_pcode":"NGA","adm0_name":"Nigeria","adm1_pcode":"NG014","adm1_name":"Enugu","adm2_pcode":"NG014014","adm2_name":"Oji-River","adm3_pcode":null,"adm3_name":null,"adm4_pcode":null,"adm4_name":null,"name_latin":"Umualu Ugwoioba"},"geometry":{"type":"Point","coordinates":[7.1665,6.2443]}},
{"type":"Feature","properties":{"id":"node/501496803","name":"Ifite-Awka","name_en":null,"name_yo":null,"place":"village","landuse":null,"population":null,"is_in":null,"source":null,"adm0_pcode":"NGA","adm0_name":"Nigeria","adm1_pcode":"NG004","adm1_name":"Anambra","adm2_pcode":"NG004006","adm2_name":"Awka South","adm3_pcode":null,"adm3_name":null,"adm4_pcode":null,"adm4_name":null,"name_latin":"Ifite-Awka"},"geometry":{"type":"Point","coordinates":[7.0907,6.2451]}},
{"type":"Feature","properties":{"id":"node/501484790","name":"Amansee","name_en":null,"name_yo":null,"place":"village","landuse":null,"population":null,"is_in":null,"source":null,"adm0_pcode":"NGA","adm0_name":"Nigeria","adm1_pcode":"NG004","adm1_name":"Anambra","adm2_pcode":"NG004005","adm2_name":"Awka North","adm3_pcode":null,"adm3_name":null,"adm4_pcode":null,"adm4_name":null,"name_latin":"Amansee"},"geometry":{"type":"Point","coordinates":[7.1462,6.2525]}},
{"type":"Feature","properties":{"id":"node/13228673674","name":"Oji River","name_en":null,"name_yo":null,"place":"town","landuse":null,"population":null,"is_in":null,"source":null,"adm0_pcode":"NGA","adm0_name":"Nigeria","adm1_pcode":"NG014","adm1_name":"Enugu","adm2_pcode":"NG014014","adm2_name":"Oji-River","adm3_pcode":null,"adm3_name":null,"adm4_pcode":null,"adm4_name":null,"name_latin":"Oji River"},"geometry":{"type":"Point","coordinates":[7.2692614,6.2544861]}},
{"type":"Feature","properties":{"id":"node/501394407","name":"Okpuno-Awka","name_en":null,"name_yo":null,"place":"village","landuse":null,"population":null,"is_in":null,"source":null,"adm0_pcode":"NGA","adm0_name":"Nigeria","adm1_pcode":"NG004","adm1_name":"Anambra","adm2_pcode":"NG004006","adm2_name":"Awka South","adm3_pcode":null,"adm3_name":null,"adm4_pcode":null,"adm4_name":null,"name_latin":"Okpuno-Awka"},"geometry":{"type":"Point","coordinates":[7.0754,6.2556]}},
{"type":"Feature","properties":{"id":"node/501514058","name":"Ukukwa","name_en":null,"name_yo":null,"place":"village","landuse":null,"population":null,"is_in":null,"source":null,"adm0_pcode":"NGA","adm0_name":"Nigeria","adm1_pcode":"NG004","adm1_name":"Anambra","adm2_pcode":"NG004005","adm2_name":"Awka North","adm3_pcode":null,"adm3_name":null,"adm4_pcode":null,"adm4_name":null,"name_latin":"Ukukwa"},"geometry":{"type":"Point","coordinates":[7.1364,6.2602]}},
{"type":"Feature","properties":{"id":"node/12527103141","name":"Nteje","name_en":null,"name_yo":null,"place":"town","landuse":null,"population":null,"is_in":null,"source":null,"adm0_pcode":"NGA","adm0_name":"Nigeria","adm1_pcode":"NG004","adm1_name":"Anambra","adm2_pcode":"NG004021","adm2_name":"Oyi","adm3_pcode":null,"adm3_name":null,"adm4_pcode":null,"adm4_name":null,"name_latin":"Nteje"},"geometry":{"type":"Point","coordinates":[6.924391,6.2637474]}},
{"type":"Feature","properties":{"id":"node/501484803","name":"Egbagu","name_en":null,"name_yo":null,"place":"village","landuse":null,"population":null,"is_in":null,"source":null,"adm0_pcode":"NGA","adm0_name":"Nigeria","adm1_pcode":"NG004","adm1_name":"Anambra","adm2_pcode":"NG004005","adm2_name":"Awka North","adm3_pcode":null,"adm3_name":null,"adm4_pcode":null,"adm4_name":null,"name_latin":"Egbagu"},"geometry":{"type":"Point","coordinates":[7.1254,6.2702]}},
{"type":"Feature","properties":{"id":"node/501484810","name":"Mgbakwu","name_en":null,"name_yo":null,"place":"village","landuse":null,"population":null,"is_in":null,"source":null,"adm0_pcode":"NGA","adm0_name":"Nigeria","adm1_pcode":"NG004","adm1_name":"Anambra","adm2_pcode":"NG004005","adm2_name":"Awka North","adm3_pcode":null,"adm3_name":null,"adm4_pcode":null,"adm4_name":null,"name_latin":"Mgbakwu"},"geometry":{"type":"Point","coordinates":[7.0577,6.2712]}},
{"type":"Feature","properties":{"id":"node/501394424","name":"Okposi","name_en":null,"name_yo":null,"place":"village","landuse":null,"population":null,"is_in":null,"source":null,"adm0_pcode":"NGA","adm0_name":"Nigeria","adm1_pcode":"NG014","adm1_name":"Enugu","adm2_pcode":"NG014006","adm2_name":"Ezeagu","adm3_pcode":null,"adm3_name":null,"adm4_pcode":null,"adm4_name":null,"name_latin":"Okposi"},"geometry":{"type":"Point","coordinates":[7.2024,6.2716]}},
{"type":"Feature","properties":{"id":"node/501515772","name":"Ukwulu","name_en":null,"name_yo":null,"place":"village","landuse":null,"population":null,"is_in":null,"source":null,"adm0_pcode":"NGA","adm0_name":"Nigeria","adm1_pcode":"NG004","adm1_name":"Anambra","adm2_pcode":"NG004008","adm2_name":"Dunukofia","adm3_pcode":null,"adm3_name":null,"adm4_pcode":null,"adm4_name":null,"name_latin":"Ukwulu"},"geometry":{"type":"Point","coordinates":[6.964885,6.274766]}},
{"type":"Feature","properties":{"id":"node/501516058","name":"Abube-Nando","name_en":null,"name_yo":null,"place":"village","landuse":null,"population":null,"is_in":null,"source":null,"adm0_pcode":"NGA","adm0_name":"Nigeria","adm1_pcode":"NG004","adm1_name":"Anambra","adm2_pcode":"NG004021","adm2_name":"Oyi","adm3_pcode":null,"adm3_name":null,"adm4_pcode":null,"adm4_name":null,"name_latin":"Abube-Nando"},"geometry":{"type":"Point","coordinates":[6.949028,6.292242]}},
{"type":"Feature","properties":{"id":"node/501496759","name":"Amanuke","name_en":null,"name_yo":null,"place":"village","landuse":null,"population":null,"is_in":null,"source":null,"adm0_pcode":"NGA","adm0_name":"Nigeria","adm1_pcode":"NG004","adm1_name":"Anambra","adm2_pcode":"NG004005","adm2_name":"Awka North","adm3_pcode":null,"adm3_name":null,"adm4_pcode":null,"adm4_name":null,"name_latin":"Amanuke"},"geometry":{"type":"Point","coordinates":[7.0383827,6.3039658]}},
{"type":"Feature","properties":{"id":"node/501394531","name":"Anike","name_en":null,"name_yo":null,"place":"village","landuse":null,"population":null,"is_in":null,"source":null,"adm0_pcode":"NGA","adm0_name":"Nigeria","adm1_pcode":"NG014","adm1_name":"Enugu","adm2_pcode":"NG014006","adm2_name":"Ezeagu","adm3_pcode":null,"adm3_name":null,"adm4_pcode":null,"adm4_name":null,"name_latin":"Anike"},"geometry":{"type":"Point","coordinates":[7.169257,6.32376]}},
{"type":"Feature","properties":{"id":"node/11032050423","name":"Achalla","name_en":null,"name_yo":null,"place":"town","landuse":null,"population":null,"is_in":null,"source":null,"adm0_pcode":"NGA","adm0_name":"Nigeria","adm1_pcode":"NG004","adm1_name":"Anambra","adm2_pcode":"NG004005","adm2_name":"Awka North","adm3_pcode":null,"adm3_name":null,"adm4_pcode":null,"adm4_name":null,"name_latin":"Achalla"},"geometry":{"type":"Point","coordinates":[6.9898828,6.3329129]}},
{"type":"Feature","properties":{"id":"node/501431451","name":"Aguobu-Umumba","name_en":null,"name_yo":null,"place":"village","landuse":null,"population":null,"is_in":null,"source":null,"adm0_pcode":"NGA","adm0_name":"Nigeria","adm1_pcode":"NG014","adm1_name":"Enugu","adm2_pcode":"NG014006","adm2_name":"Ezeagu","adm3_pcode":null,"adm3_name":null,"adm4_pcode":null,"adm4_name":null,"name_latin":"Aguobu-Umumba"},"geometry":{"type":"Point","coordinates":[7.2224,6.3356]}},
{"type":"Feature","properties":{"id":"node/501394990","name":"UmuajiOwa","name_en":null,"name_yo":null,"place":"village","landuse":null,"population":null,"is_in":null,"source":null,"adm0_pcode":"NGA","adm0_name":"Nigeria","adm1_pcode":"NG014","adm1_name":"Enugu","adm2_pcode":"NG014006","adm2_name":"Ezeagu","adm3_pcode":null,"adm3_name":null,"adm4_pcode":null,"adm4_name":null,"name_latin":"UmuajiOwa"},"geometry":{"type":"Point","coordinates":[7.2004,6.3392]}},
{"type":"Feature","properties":{"id":"node/501403929","name":"Oronia Utu","name_en":null,"name_yo":null,"place":"village","landuse":null,"population":null,"is_in":null,"source":null,"adm0_pcode":"NGA","adm0_name":"Nigeria","adm1_pcode":"NG004","adm1_name":"Anambra","adm2_pcode":"NG004003","adm2_name":"Anambra West","adm3_pcode":null,"adm3_name":null,"adm4_pcode":null,"adm4_name":null,"name_latin":"Oronia Utu"},"geometry":{"type":"Point","coordinates":[6.862929,6.51435]}},
{"type":"Feature","properties":{"id":"node/501424611","name":"Gidan Tata","name_en":null,"name_yo":null,"place":"village","landuse":null,"population":null,"is_in":null,"source":null,"adm0_pcode":"NGA","adm0_name":"Nigeria","adm1_pcode":"NG032","adm1_name":"Plateau","adm2_pcode":"NG032014","adm2_name":"Qua'an Pan","adm3_pcode":null,"adm3_name":null,"adm4_pcode":null,"adm4_name":null,"name_latin":"Gidan Tata"},"geometry":{"type":"Point","coordinates":[9,8.55]}},
{"type":"Feature","properties":{"id":"node/501469034","name":"Ogo","name_en":null,"name_yo":null,"place":"village","landuse":null,"population":null,"is_in":null,"source":null,"adm0_pcode":"NGA","adm0_name":"Nigeria","adm1_pcode":"NG010","adm1_name":"Delta","adm2_pcode":"NG010014","adm2_name":"Oshimili North","adm3_pcode":null,"adm3_name":null,"adm4_pcode":null,"adm4_name":null,"name_latin":"Ogo"},"geometry":{"type":"Point","coordinates":[6.619648,6.492468]}},
{"type":"Feature","properties":{"id":"node/501439088","name":"Illah Waterside","name_en":null,"name_yo":null,"place":"village","landuse":null,"population":null,"is_in":null,"source":null,"adm0_pcode":"NGA","adm0_name":"Nigeria","adm1_pcode":"NG010","adm1_name":"Delta","adm2_pcode":"NG010014","adm2_name":"Oshimili North","adm3_pcode":null,"adm3_name":null,"adm4_pcode":null,"adm4_name":null,"name_latin":"Illah Waterside"},"geometry":{"type":"Point","coordinates":[6.63508,6.460529]}},
{"type":"Feature","properties":{"id":"node/501488677","name":"Nzam","name_en":null,"name_yo":null,"place":"town","landuse":null,"population":null,"is_in":null,"source":null,"adm0_pcode":"NGA","adm0_name":"Nigeria","adm1_pcode":"NG004","adm1_name":"Anambra","adm2_pcode":"NG004003","adm2_name":"Anambra West","adm3_pcode":null,"adm3_name":null,"adm4_pcode":null,"adm4_name":null,"name_latin":"Nzam"},"geometry":{"type":"Point","coordinates":[6.7279927,6.4532162]}},
{"type":"Feature","properties":{"id":"node/501498378","name":"Uburubu","name_en":null,"name_yo":null,"place":"village","landuse":null,"population":null,"is_in":null,"source":null,"adm0_pcode":"NGA","adm0_name":"Nigeria","adm1_pcode":"NG010","adm1_name":"Delta","adm2_pcode":"NG010001","adm2_name":"Aniocha North","adm3_pcode":null,"adm3_name":null,"adm4_pcode":null,"adm4_name":null,"name_latin":"Uburubu"},"geometry":{"type":"Point","coordinates":[6.50162,6.452088]}},
{"type":"Feature","properties":{"id":"node/501439053","name":"Oga Ozella","name_en":null,"name_yo":null,"place":"village","landuse":null,"population":null,"is_in":null,"source":null,"adm0_pcode":"NGA","adm0_name":"Nigeria","adm1_pcode":"NG010","adm1_name":"Delta","adm2_pcode":"NG010014","adm2_name":"Oshimili North","adm3_pcode":null,"adm3_name":null,"adm4_pcode":null,"adm4_name":null,"name_latin":"Oga Ozella"},"geometry":{"type":"Point","coordinates":[6.671592,6.451782]}},
{"type":"Feature","properties":{"id":"node/501489052","name":"Achala-Ezi","name_en":null,"name_yo":null,"place":"village","landuse":null,"population":null,"is_in":null,"source":null,"adm0_pcode":"NGA","adm0_name":"Nigeria","adm1_pcode":"NG010","adm1_name":"Delta","adm2_pcode":"NG010001","adm2_name":"Aniocha North","adm3_pcode":null,"adm3_name":null,"adm4_pcode":null,"adm4_name":null,"name_latin":"Achala-Ezi"},"geometry":{"type":"Point","coordinates":[6.529931,6.433981]}},
{"type":"Feature","properties":{"id":"node/501523953","name":"Illah","name_en":null,"name_yo":null,"place":"village","landuse":null,"population":null,"is_in":null,"source":null,"adm0_pcode":"NGA","adm0_name":"Nigeria","adm1_pcode":"NG010","adm1_name":"Delta","adm2_pcode":"NG010014","adm2_name":"Oshimili North","adm3_pcode":null,"adm3_name":null,"adm4_pcode":null,"adm4_name":null,"name_latin":"Illah"},"geometry":{"type":"Point","coordinates":[6.65076,6.4233]}},
{"type":"Feature","properties":{"id":"node/501491906","name":"Nmiata","name_en":null,"name_yo":null,"place":"town","landuse":null,"population":null,"is_in":null,"source":null,"adm0_pcode":"NGA","adm0_name":"Nigeria","adm1_pcode":"NG004","adm1_name":"Anambra","adm2_pcode":"NG004003","adm2_name":"Anambra West","adm3_pcode":null,"adm3_name":null,"adm4_pcode":null,"adm4_name":null,"name_latin":"Nmiata"},"geometry":{"type":"Point","coordinates":[6.7877775,6.4196115]}},
{"type":"Feature","properties":{"id":"node/501524332","name":"Obomkpa","name_en":null,"name_yo":null,"place":"village","landuse":null,"population":null,"is_in":null,"source":null,"adm0_pcode":"NGA","adm0_name":"Nigeria","adm1_pcode":"NG010","adm1_name":"Delta","adm2_pcode":"NG010001","adm2_name":"Aniocha North","adm3_pcode":null,"adm3_name":null,"adm4_pcode":null,"adm4_name":null,"name_latin":"Obomkpa"},"geometry":{"type":"Point","coordinates":[6.483333,6.416667]}},
{"type":"Feature","properties":{"id":"node/501498554","name":"Ezi","name_en":null,"name_yo":null,"place":"village","landuse":null,"population":null,"is_in":null,"source":null,"adm0_pcode":"NGA","adm0_name":"Nigeria","adm1_pcode":"NG010","adm1_name":"Delta","adm2_pcode":"NG010001","adm2_name":"Aniocha North","adm3_pcode":null,"adm3_name":null,"adm4_pcode":null,"adm4_name":null,"name_latin":"Ezi"},"geometry":{"type":"Point","coordinates":[6.565807,6.4113272]}},
{"type":"Feature","properties":{"id":"node/501402933","name":"Umutonu","name_en":null,"name_yo":null,"place":"village","landuse":null,"population":null,"is_in":null,"source":null,"adm0_pcode":"NGA","adm0_name":"Nigeria","adm1_pcode":"NG010","adm1_name":"Delta","adm2_pcode":"NG010001","adm2_name":"Aniocha North","adm3_pcode":null,"adm3_name":null,"adm4_pcode":null,"adm4_name":null,"name_latin":"Umutonu"},"geometry":{"type":"Point","coordinates":[6.573938,6.405166]}},
{"type":"Feature","properties":{"id":"node/501468781","name":"Uku-Nzu","name_en":null,"name_yo":null,"place":"village","landuse":null,"population":null,"is_in":null,"source":null,"adm0_pcode":"NGA","adm0_name":"Nigeria","adm1_pcode":"NG010","adm1_name":"Delta","adm2_pcode":"NG010001","adm2_name":"Aniocha North","adm3_pcode":null,"adm3_name":null,"adm4_pcode":null,"adm4_name":null,"name_latin":"Uku-Nzu"},"geometry":{"type":"Point","coordinates":[6.473172,6.384314]}},
{"type":"Feature","properties":{"id":"node/501498375","name":"Ugbodu","name_en":null,"name_yo":null,"place":"village","landuse":null,"population":null,"is_in":null,"source":null,"adm0_pcode":"NGA","adm0_name":"Nigeria","adm1_pcode":"NG010","adm1_name":"Delta","adm2_pcode":"NG010001","adm2_name":"Aniocha North","adm3_pcode":null,"adm3_name":null,"adm4_pcode":null,"adm4_name":null,"name_latin":"Ugbodu"},"geometry":{"type":"Point","coordinates":[6.455328,6.378294]}},
{"type":"Feature","properties":{"id":"node/501347033","name":"Ngegwu","name_en":null,"name_yo":null,"place":"village","landuse":null,"population":null,"is_in":null,"source":null,"adm0_pcode":"NGA","adm0_name":"Nigeria","adm1_pcode":"NG010","adm1_name":"Delta","adm2_pcode":"NG010014","adm2_name":"Oshimili North","adm3_pcode":null,"adm3_name":null,"adm4_pcode":null,"adm4_name":null,"name_latin":"Ngegwu"},"geometry":{"type":"Point","coordinates":[6.669879,6.370658]}},
{"type":"Feature","properties":{"id":"node/501488904","name":"Idumuje Ugboko","name_en":null,"name_yo":null,"place":"village","landuse":null,"population":null,"is_in":null,"source":null,"adm0_pcode":"NGA","adm0_name":"Nigeria","adm1_pcode":"NG010","adm1_name":"Delta","adm2_pcode":"NG010001","adm2_name":"Aniocha North","adm3_pcode":null,"adm3_name":null,"adm4_pcode":null,"adm4_name":null,"name_latin":"Idumuje Ugboko"},"geometry":{"type":"Point","coordinates":[6.403402,6.362779]}},
{"type":"Feature","properties":{"id":"node/501347859","name":"Idumujuno","name_en":null,"name_yo":null,"place":"village","landuse":null,"population":null,"is_in":null,"source":null,"adm0_pcode":"NGA","adm0_name":"Nigeria","adm1_pcode":"NG010","adm1_name":"Delta","adm2_pcode":"NG010001","adm2_name":"Aniocha North","adm3_pcode":null,"adm3_name":null,"adm4_pcode":null,"adm4_name":null,"name_latin":"Idumujuno"},"geometry":{"type":"Point","coordinates":[6.448866,6.361825]}},
{"type":"Feature","properties":{"id":"node/501348017","name":"Akwukwu Igbo","name_en":null,"name_yo":null,"place":"town","landuse":null,"population":null,"is_in":null,"source":null,"adm0_pcode":"NGA","adm0_name":"Nigeria","adm1_pcode":"NG010","adm1_name":"Delta","adm2_pcode":"NG010014","adm2_name":"Oshimili North","adm3_pcode":null,"adm3_name":null,"adm4_pcode":null,"adm4_name":null,"name_latin":"Akwukwu Igbo"},"geometry":{"type":"Point","coordinates":[6.5912164,6.3569289]}},
{"type":"Feature","properties":{"id":"node/501348079","name":"Atumo","name_en":null,"name_yo":null,"place":"village","landuse":null,"population":null,"is_in":null,"source":null,"adm0_pcode":"NGA","adm0_name":"Nigeria","adm1_pcode":"NG010","adm1_name":"Delta","adm2_pcode":"NG010014","adm2_name":"Oshimili North","adm3_pcode":null,"adm3_name":null,"adm4_pcode":null,"adm4_name":null,"name_latin":"Atumo"},"geometry":{"type":"Point","coordinates":[6.579445,6.3437]}},
{"type":"Feature","properties":{"id":"node/501468987","name":"Otuocha","name_en":null,"name_yo":null,"place":"village","landuse":null,"population":null,"is_in":null,"source":null,"adm0_pcode":"NGA","adm0_name":"Nigeria","adm1_pcode":"NG004","adm1_name":"Anambra","adm2_pcode":"NG004002","adm2_name":"Anambra East","adm3_pcode":null,"adm3_name":null,"adm4_pcode":null,"adm4_name":null,"name_latin":"Otuocha"},"geometry":{"type":"Point","coordinates":[6.846922,6.339327]}},
{"type":"Feature","properties":{"id":"node/501468740","name":"Umueze Anam","name_en":null,"name_yo":null,"place":"village","landuse":null,"population":null,"is_in":null,"source":null,"adm0_pcode":"NGA","adm0_name":"Nigeria","adm1_pcode":"NG004","adm1_name":"Anambra","adm2_pcode":"NG004003","adm2_name":"Anambra West","adm3_pcode":null,"adm3_name":null,"adm4_pcode":null,"adm4_name":null,"name_latin":"Umueze Anam"},"geometry":{"type":"Point","coordinates":[6.833963,6.337306]}},
{"type":"Feature","properties":{"id":"node/501488691","name":"Issele Mkpitime","name_en":null,"name_yo":null,"place":"village","landuse":null,"population":null,"is_in":null,"source":null,"adm0_pcode":"NGA","adm0_name":"Nigeria","adm1_pcode":"NG010","adm1_name":"Delta","adm2_pcode":"NG010001","adm2_name":"Aniocha North","adm3_pcode":null,"adm3_name":null,"adm4_pcode":null,"adm4_name":null,"name_latin":"Issele Mkpitime"},"geometry":{"type":"Point","coordinates":[6.539812,6.335763]}},
{"type":"Feature","properties":{"id":"node/501516541","name":"Oroma Etiti","name_en":null,"name_yo":null,"place":"village","landuse":null,"population":null,"is_in":null,"source":null,"adm0_pcode":"NGA","adm0_name":"Nigeria","adm1_pcode":"NG004","adm1_name":"Anambra","adm2_pcode":"NG004003","adm2_name":"Anambra West","adm3_pcode":null,"adm3_name":null,"adm4_pcode":null,"adm4_name":null,"name_latin":"Oroma Etiti"},"geometry":{"type":"Point","coordinates":[6.75,6.333333]}},
{"type":"Feature","properties":{"id":"node/501516054","name":"Aguleri","name_en":null,"name_yo":null,"place":"town","landuse":null,"population":null,"is_in":null,"source":null,"adm0_pcode":"NGA","adm0_name":"Nigeria","adm1_pcode":"NG004","adm1_name":"Anambra","adm2_pcode":"NG004002","adm2_name":"Anambra East","adm3_pcode":null,"adm3_name":null,"adm4_pcode":null,"adm4_name":null,"name_latin":"Aguleri"},"geometry":{"type":"Point","coordinates":[6.8779601,6.3322924]}},
{"type":"Feature","properties":{"id":"node/501407393","name":"Ochonkie","name_en":null,"name_yo":null,"place":"village","landuse":null,"population":null,"is_in":null,"source":null,"adm0_pcode":"NGA","adm0_name":"Nigeria","adm1_pcode":"NG010","adm1_name":"Delta","adm2_pcode":"NG010014","adm2_name":"Oshimili North","adm3_pcode":null,"adm3_name":null,"adm4_pcode":null,"adm4_name":null,"name_latin":"Ochonkie"},"geometry":{"type":"Point","coordinates":[6.666667,6.316667]}},
{"type":"Feature","properties":{"id":"node/501346656","name":"Onitsha Ugbo","name_en":null,"name_yo":null,"place":"village","landuse":null,"population":null,"is_in":null,"source":null,"adm0_pcode":"NGA","adm0_name":"Nigeria","adm1_pcode":"NG010","adm1_name":"Delta","adm2_pcode":"NG010001","adm2_name":"Aniocha North","adm3_pcode":null,"adm3_name":null,"adm4_pcode":null,"adm4_name":null,"name_latin":"Onitsha Ugbo"},"geometry":{"type":"Point","coordinates":[6.421365,6.316343]}},
{"type":"Feature","properties":{"id":"node/501469081","name":"Issele Uku","name_en":null,"name_yo":null,"place":"town","landuse":null,"population":null,"is_in":null,"source":null,"adm0_pcode":"NGA","adm0_name":"Nigeria","adm1_pcode":"NG010","adm1_name":"Delta","adm2_pcode":"NG010001","adm2_name":"Aniocha North","adm3_pcode":null,"adm3_name":null,"adm4_pcode":null,"adm4_name":null,"name_latin":"Issele Uku"},"geometry":{"type":"Point","coordinates":[6.4768263,6.3155306]}},
{"type":"Feature","properties":{"id":"node/501347807","name":"Igbodo","name_en":null,"name_yo":null,"place":"village","landuse":null,"population":null,"is_in":null,"source":null,"adm0_pcode":"NGA","adm0_name":"Nigeria","adm1_pcode":"NG010","adm1_name":"Delta","adm2_pcode":"NG010007","adm2_name":"Ika North East","adm3_pcode":null,"adm3_name":null,"adm4_pcode":null,"adm4_name":null,"name_latin":"Igbodo"},"geometry":{"type":"Point","coordinates":[6.369726,6.306155]}},
{"type":"Feature","properties":{"id":"node/501403041","name":"Ubulo Okiti","name_en":null,"name_yo":null,"place":"village","landuse":null,"population":null,"is_in":null,"source":null,"adm0_pcode":"NGA","adm0_name":"Nigeria","adm1_pcode":"NG010","adm1_name":"Delta","adm2_pcode":"NG010002","adm2_name":"Aniocha South","adm3_pcode":null,"adm3_name":null,"adm4_pcode":null,"adm4_name":null,"name_latin":"Ubulo Okiti"},"geometry":{"type":"Point","coordinates":[6.526367,6.293035]}},
{"type":"Feature","properties":{"id":"node/501404214","name":"Akuku","name_en":null,"name_yo":null,"place":"village","landuse":null,"population":null,"is_in":null,"source":null,"adm0_pcode":"NGA","adm0_name":"Nigeria","adm1_pcode":"NG010","adm1_name":"Delta","adm2_pcode":"NG010007","adm2_name":"Ika North East","adm3_pcode":null,"adm3_name":null,"adm4_pcode":null,"adm4_name":null,"name_latin":"Akuku"},"geometry":{"type":"Point","coordinates":[6.34433,6.282361]}},
{"type":"Feature","properties":{"id":"node/501498464","name":"Obior","name_en":null,"name_yo":null,"place":"village","landuse":null,"population":null,"is_in":null,"source":null,"adm0_pcode":"NGA","adm0_name":"Nigeria","adm1_pcode":"NG010","adm1_name":"Delta","adm2_pcode":"NG010001","adm2_name":"Aniocha North","adm3_pcode":null,"adm3_name":null,"adm4_pcode":null,"adm4_name":null,"name_latin":"Obior"},"geometry":{"type":"Point","coordinates":[6.376692,6.269259]}},
{"type":"Feature","properties":{"id":"node/501438379","name":"Issele Asaba","name_en":null,"name_yo":null,"place":"village","landuse":null,"population":null,"is_in":null,"source":null,"adm0_pcode":"NGA","adm0_name":"Nigeria","adm1_pcode":"NG010","adm1_name":"Delta","adm2_pcode":"NG010002","adm2_name":"Aniocha South","adm3_pcode":null,"adm3_name":null,"adm4_pcode":null,"adm4_name":null,"name_latin":"Issele Asaba"},"geometry":{"type":"Point","coordinates":[6.59676,6.266991]}},
{"type":"Feature","properties":{"id":"node/501515846","name":"Nsugpe","name_en":null,"name_yo":null,"place":"village","landuse":null,"population":null,"is_in":null,"source":null,"adm0_pcode":"NGA","adm0_name":"Nigeria","adm1_pcode":"NG004","adm1_name":"Anambra","adm2_pcode":"NG004002","adm2_name":"Anambra East","adm3_pcode":null,"adm3_name":null,"adm4_pcode":null,"adm4_name":null,"name_latin":"Nsugpe"},"geometry":{"type":"Point","coordinates":[6.822499,6.264723]}},
{"type":"Feature","properties":{"id":"node/501521348","name":"Uteogbeje","name_en":null,"name_yo":null,"place":"village","landuse":null,"population":null,"is_in":null,"source":null,"adm0_pcode":"NGA","adm0_name":"Nigeria","adm1_pcode":"NG010","adm1_name":"Delta","adm2_pcode":"NG010007","adm2_name":"Ika North East","adm3_pcode":null,"adm3_name":null,"adm4_pcode":null,"adm4_name":null,"name_latin":"Uteogbeje"},"geometry":{"type":"Point","coordinates":[6.365533,6.242404]}},
{"type":"Feature","properties":{"id":"node/501498561","name":"Asaba-Ogwashi","name_en":null,"name_yo":null,"place":"village","landuse":null,"population":null,"is_in":null,"source":null,"adm0_pcode":"NGA","adm0_name":"Nigeria","adm1_pcode":"NG010","adm1_name":"Delta","adm2_pcode":"NG010002","adm2_name":"Aniocha South","adm3_pcode":null,"adm3_name":null,"adm4_pcode":null,"adm4_name":null,"name_latin":"Asaba-Ogwashi"},"geometry":{"type":"Point","coordinates":[6.592362,6.23968]}},
{"type":"Feature","properties":{"id":"node/501523927","name":"Okpanam","name_en":null,"name_yo":null,"place":"town","landuse":null,"population":null,"is_in":null,"source":null,"adm0_pcode":"NGA","adm0_name":"Nigeria","adm1_pcode":"NG010","adm1_name":"Delta","adm2_pcode":"NG010014","adm2_name":"Oshimili North","adm3_pcode":null,"adm3_name":null,"adm4_pcode":null,"adm4_name":null,"name_latin":"Okpanam"},"geometry":{"type":"Point","coordinates":[6.6487853,6.236961]}},
{"type":"Feature","properties":{"id":"node/501347875","name":"Ubulu-uku","name_en":null,"name_yo":null,"place":"village","landuse":null,"population":null,"is_in":null,"source":null,"adm0_pcode":"NGA","adm0_name":"Nigeria","adm1_pcode":"NG010","adm1_name":"Delta","adm2_pcode":"NG010002","adm2_name":"Aniocha South","adm3_pcode":null,"adm3_name":null,"adm4_pcode":null,"adm4_name":null,"name_latin":"Ubulu-uku"},"geometry":{"type":"Point","coordinates":[6.446112,6.234305]}},
{"type":"Feature","properties":{"id":"node/501403467","name":"Iyiba","name_en":null,"name_yo":null,"place":"village","landuse":null,"population":null,"is_in":null,"source":null,"adm0_pcode":"NGA","adm0_name":"Nigeria","adm1_pcode":"NG010","adm1_name":"Delta","adm2_pcode":"NG010015","adm2_name":"Oshimili South","adm3_pcode":null,"adm3_name":null,"adm4_pcode":null,"adm4_name":null,"name_latin":"Iyiba"},"geometry":{"type":"Point","coordinates":[6.702592,6.191576]}},
{"type":"Feature","properties":{"id":"node/501526502","name":"Umulogho","name_en":null,"name_yo":null,"place":"village","landuse":null,"population":null,"is_in":null,"source":null,"adm0_pcode":"NGA","adm0_name":"Nigeria","adm1_pcode":"NG017","adm1_name":"Imo","adm2_pcode":"NG017016","adm2_name":"Obowo","adm3_pcode":null,"adm3_name":null,"adm4_pcode":null,"adm4_name":null,"name_latin":"Umulogho"},"geometry":{"type":"Point","coordinates":[7.3694222,5.5714807]}},
{"type":"Feature","properties":{"id":"node/501412941","name":"Ameke","name_en":null,"name_yo":null,"place":"village","landuse":null,"population":null,"is_in":null,"source":null,"adm0_pcode":"NGA","adm0_name":"Nigeria","adm1_pcode":"NG001","adm1_name":"Abia","adm2_pcode":"NG001015","adm2_name":"Umuahia North","adm3_pcode":null,"adm3_name":null,"adm4_pcode":null,"adm4_name":null,"name_latin":"Ameke"},"geometry":{"type":"Point","coordinates":[7.5166669,5.5666671]}},
{"type":"Feature","properties":{"id":"node/501525299","name":"Ekenobizi","name_en":null,"name_yo":null,"place":"village","landuse":null,"population":null,"is_in":null,"source":null,"adm0_pcode":"NGA","adm0_name":"Nigeria","adm1_pcode":"NG001","adm1_name":"Abia","adm2_pcode":"NG001016","adm2_name":"Umuahia South","adm3_pcode":null,"adm3_name":null,"adm4_pcode":null,"adm4_name":null,"name_latin":"Ekenobizi"},"geometry":{"type":"Point","coordinates":[7.4186883,5.5526867]}},
{"type":"Feature","properties":{"id":"node/501500942","name":"Ehume","name_en":null,"name_yo":null,"place":"village","landuse":null,"population":null,"is_in":null,"source":null,"adm0_pcode":"NGA","adm0_name":"Nigeria","adm1_pcode":"NG017","adm1_name":"Imo","adm2_pcode":"NG017016","adm2_name":"Obowo","adm3_pcode":null,"adm3_name":null,"adm4_pcode":null,"adm4_name":null,"name_latin":"Ehume"},"geometry":{"type":"Point","coordinates":[7.3631565,5.5482444]}},
{"type":"Feature","properties":{"id":"node/501480911","name":"Umu Opara","name_en":null,"name_yo":null,"place":"village","landuse":null,"population":null,"is_in":null,"source":null,"adm0_pcode":"NGA","adm0_name":"Nigeria","adm1_pcode":"NG001","adm1_name":"Abia","adm2_pcode":"NG001016","adm2_name":"Umuahia South","adm3_pcode":null,"adm3_name":null,"adm4_pcode":null,"adm4_name":null,"name_latin":"Umu Opara"},"geometry":{"type":"Point","coordinates":[7.4433237,5.5482444]}},
{"type":"Feature","properties":{"id":"node/501354244","name":"Umuariam","name_en":null,"name_yo":null,"place":"village","landuse":null,"population":null,"is_in":null,"source":null,"adm0_pcode":"NGA","adm0_name":"Nigeria","adm1_pcode":"NG017","adm1_name":"Imo","adm2_pcode":"NG017016","adm2_name":"Obowo","adm3_pcode":null,"adm3_name":null,"adm4_pcode":null,"adm4_name":null,"name_latin":"Umuariam"},"geometry":{"type":"Point","coordinates":[7.3477083,5.5474756]}},
{"type":"Feature","properties":{"id":"way/1273040498","name":"residential area","name_en":null,"name_yo":null,"place":null,"landuse":"residential","population":null,"is_in":null,"source":null,"adm0_pcode":"NGA","adm0_name":"Nigeria","adm1_pcode":"NG001","adm1_name":"Abia","adm2_pcode":"NG001015","adm2_name":"Umuahia North","adm3_pcode":null,"adm3_name":null,"adm4_pcode":null,"adm4_name":null,"name_latin":"residential area"},"geometry":{"type":"Polygon","coordinates":[[[7.4987379,5.5468708],[7.4987046,5.5460368],[7.4995465,5.5460426],[7.4995544,5.5466701],[7.4987379,5.5468708]]]}},
{"type":"Feature","properties":{"id":"node/501357394","name":"Avutu","name_en":null,"name_yo":null,"place":"village","landuse":null,"population":null,"is_in":null,"source":null,"adm0_pcode":"NGA","adm0_name":"Nigeria","adm1_pcode":"NG017","adm1_name":"Imo","adm2_pcode":"NG017016","adm2_name":"Obowo","adm3_pcode":null,"adm3_name":null,"adm4_pcode":null,"adm4_name":null,"name_latin":"Avutu"},"geometry":{"type":"Point","coordinates":[7.3660748,5.5367972]}},
{"type":"Feature","properties":{"id":"node/501522766","name":"Ama Achara","name_en":null,"name_yo":null,"place":"village","landuse":null,"population":null,"is_in":null,"source":null,"adm0_pcode":"NGA","adm0_name":"Nigeria","adm1_pcode":"NG001","adm1_name":"Abia","adm2_pcode":"NG001016","adm2_name":"Umuahia South","adm3_pcode":null,"adm3_name":null,"adm4_pcode":null,"adm4_name":null,"name_latin":"Ama Achara"},"geometry":{"type":"Point","coordinates":[7.4290758,5.5356866]}},
{"type":"Feature","properties":{"id":"node/2841325913","name":"Umuahia","name_en":null,"name_yo":null,"place":"city","landuse":null,"population":null,"is_in":null,"source":null,"adm0_pcode":"NGA","adm0_name":"Nigeria","adm1_pcode":"NG001","adm1_name":"Abia","adm2_pcode":"NG001015","adm2_name":"Umuahia North","adm3_pcode":null,"adm3_name":null,"adm4_pcode":null,"adm4_name":null,"name_latin":"Umuahia"},"geometry":{"type":"Point","coordinates":[7.4924165,5.5324032]}},
{"type":"Feature","properties":{"id":"way/1327438100","name":"OSSAH-IBEKU","name_en":null,"name_yo":null,"place":null,"landuse":"residential","population":null,"is_in":null,"source":null,"adm0_pcode":"NGA","adm0_name":"Nigeria","adm1_pcode":"NG001","adm1_name":"Abia","adm2_pcode":"NG001015","adm2_name":"Umuahia North","adm3_pcode":null,"adm3_name":null,"adm4_pcode":null,"adm4_name":null,"name_latin":"OSSAH-IBEKU"},"geometry":{"type":"Polygon","coordinates":[[[7.4605401,5.5368086],[7.459636,5.509734],[7.4704078,5.5084525],[7.483969,5.5273759],[7.4881962,5.5341463],[7.4858844,5.5382977],[7.4844897,5.5397553],[7.4806645,5.537115],[7.479656,5.5349793],[7.4728838,5.5358282],[7.4605401,5.5368086]]]}},
{"type":"Feature","properties":{"id":"node/501524372","name":"Ohia","name_en":null,"name_yo":null,"place":"village","landuse":null,"population":null,"is_in":null,"source":null,"adm0_pcode":"NGA","adm0_name":"Nigeria","adm1_pcode":"NG001","adm1_name":"Abia","adm2_pcode":"NG001016","adm2_name":"Umuahia South","adm3_pcode":null,"adm3_name":null,"adm4_pcode":null,"adm4_name":null,"name_latin":"Ohia"},"geometry":{"type":"Point","coordinates":[7.4470596,5.5199219]}},
{"type":"Feature","properties":{"id":"node/501497305","name":"Ohokobe Ndume","name_en":null,"name_yo":null,"place":"village","landuse":null,"population":null,"is_in":null,"source":null,"adm0_pcode":"NGA","adm0_name":"Nigeria","adm1_pcode":"NG001","adm1_name":"Abia","adm2_pcode":"NG001015","adm2_name":"Umuahia North","adm3_pcode":null,"adm3_name":null,"adm4_pcode":null,"adm4_name":null,"name_latin":"Ohokobe Ndume"},"geometry":{"type":"Point","coordinates":[7.5,5.516667]}},
{"type":"Feature","properties":{"id":"node/501479681","name":"Ihie Ndume","name_en":null,"name_yo":null,"place":"village","landuse":null,"population":null,"is_in":null,"source":null,"adm0_pcode":"NGA","adm0_name":"Nigeria","adm1_pcode":"NG001","adm1_name":"Abia","adm2_pcode":"NG001015","adm2_name":"Umuahia North","adm3_pcode":null,"adm3_name":null,"adm4_pcode":null,"adm4_name":null,"name_latin":"Ihie Ndume"},"geometry":{"type":"Point","coordinates":[7.5166669,5.516667]}},
{"type":"Feature","properties":{"id":"node/501492570","name":"Umuohu Azueke","name_en":null,"name_yo":null,"place":"village","landuse":null,"population":null,"is_in":null,"source":null,"adm0_pcode":"NGA","adm0_name":"Nigeria","adm1_pcode":"NG001","adm1_name":"Abia","adm2_pcode":"NG001015","adm2_name":"Umuahia North","adm3_pcode":null,"adm3_name":null,"adm4_pcode":null,"adm4_name":null,"name_latin":"Umuohu Azueke"},"geometry":{"type":"Point","coordinates":[7.533333,5.516667]}},
{"type":"Feature","properties":{"id":"node/501509567","name":"Udo","name_en":null,"name_yo":null,"place":"village","landuse":null,"population":null,"is_in":null,"source":null,"adm0_pcode":"NGA","adm0_name":"Nigeria","adm1_pcode":"NG017","adm1_name":"Imo","adm2_pcode":"NG017004","adm2_name":"Ezinihitte","adm3_pcode":null,"adm3_name":null,"adm4_pcode":null,"adm4_name":null,"name_latin":"Udo"},"geometry":{"type":"Point","coordinates":[7.3652937,5.5060006]}},
{"type":"Feature","properties":{"id":"node/501407032","name":"Omicha Umu Awada","name_en":null,"name_yo":null,"place":"village","landuse":null,"population":null,"is_in":null,"source":null,"adm0_pcode":"NGA","adm0_name":"Nigeria","adm1_pcode":"NG017","adm1_name":"Imo","adm2_pcode":"NG017004","adm2_name":"Ezinihitte","adm3_pcode":null,"adm3_name":null,"adm4_pcode":null,"adm4_name":null,"name_latin":"Omicha Umu Awada"},"geometry":{"type":"Point","coordinates":[7.333333,5.5]}},
{"type":"Feature","properties":{"id":"node/501397565","name":"Umudike","name_en":null,"name_yo":null,"place":"village","landuse":null,"population":null,"is_in":null,"source":null,"adm0_pcode":"NGA","adm0_name":"Nigeria","adm1_pcode":"NG001","adm1_name":"Abia","adm2_pcode":"NG001015","adm2_name":"Umuahia North","adm3_pcode":null,"adm3_name":null,"adm4_pcode":null,"adm4_name":null,"name_latin":"Umudike"},"geometry":{"type":"Point","coordinates":[7.533333,5.5]}},
{"type":"Feature","properties":{"id":"node/501495180","name":"Ama Igbo","name_en":null,"name_yo":null,"place":"village","landuse":null,"population":null,"is_in":null,"source":null,"adm0_pcode":"NGA","adm0_name":"Nigeria","adm1_pcode":"NG001","adm1_name":"Abia","adm2_pcode":"NG001016","adm2_name":"Umuahia South","adm3_pcode":null,"adm3_name":null,"adm4_pcode":null,"adm4_name":null,"name_latin":"Ama Igbo"},"geometry":{"type":"Point","coordinates":[7.4232393,5.495788]}},
{"type":"Feature","properties":{"id":"node/501465468","name":"Avodim","name_en":null,"name_yo":null,"place":"village","landuse":null,"population":null,"is_in":null,"source":null,"adm0_pcode":"NGA","adm0_name":"Nigeria","adm1_pcode":"NG001","adm1_name":"Abia","adm2_pcode":"NG001016","adm2_name":"Umuahia South","adm3_pcode":null,"adm3_name":null,"adm4_pcode":null,"adm4_name":null,"name_latin":"Avodim"},"geometry":{"type":"Point","coordinates":[7.4668033,5.482862]}},
{"type":"Feature","properties":{"id":"node/501459571","name":"Mbara Akuma","name_en":null,"name_yo":null,"place":"village","landuse":null,"population":null,"is_in":null,"source":null,"adm0_pcode":"NGA","adm0_name":"Nigeria","adm1_pcode":"NG001","adm1_name":"Abia","adm2_pcode":"NG001016","adm2_name":"Umuahia South","adm3_pcode":null,"adm3_name":null,"adm4_pcode":null,"adm4_name":null,"name_latin":"Mbara Akuma"},"geometry":{"type":"Point","coordinates":[7.4370988,5.4747304]}},
{"type":"Feature","properties":{"id":"node/501471620","name":"Ama Apu","name_en":null,"name_yo":null,"place":"village","landuse":null,"population":null,"is_in":null,"source":null,"adm0_pcode":"NGA","adm0_name":"Nigeria","adm1_pcode":"NG001","adm1_name":"Abia","adm2_pcode":"NG001007","adm2_name":"Isiala-Ngwa South","adm3_pcode":null,"adm3_name":null,"adm4_pcode":null,"adm4_name":null,"name_latin":"Ama Apu"},"geometry":{"type":"Point","coordinates":[7.3979186,5.4307696]}},
{"type":"Feature","properties":{"id":"node/501509556","name":"Umuomayi Uku","name_en":null,"name_yo":null,"place":"village","landuse":null,"population":null,"is_in":null,"source":null,"adm0_pcode":"NGA","adm0_name":"Nigeria","adm1_pcode":"NG001","adm1_name":"Abia","adm2_pcode":"NG001007","adm2_name":"Isiala-Ngwa South","adm3_pcode":null,"adm3_name":null,"adm4_pcode":null,"adm4_name":null,"name_latin":"Umuomayi Uku"},"geometry":{"type":"Point","coordinates":[7.4161563,5.4231225]}},
{"type":"Feature","properties":{"id":"node/501517468","name":"Lorji","name_en":null,"name_yo":null,"place":"village","landuse":null,"population":null,"is_in":null,"source":null,"adm0_pcode":"NGA","adm0_name":"Nigeria","adm1_pcode":"NG017","adm1_name":"Imo","adm2_pcode":"NG017001","adm2_name":"Aboh-Mbaise","adm3_pcode":null,"adm3_name":null,"adm4_pcode":null,"adm4_name":null,"name_latin":"Lorji"},"geometry":{"type":"Point","coordinates":[7.3,5.4]}},
{"type":"Feature","properties":{"id":"node/501522767","name":"Ahia Aba","name_en":null,"name_yo":null,"place":"village","landuse":null,"population":null,"is_in":null,"source":null,"adm0_pcode":"NGA","adm0_name":"Nigeria","adm1_pcode":"NG001","adm1_name":"Abia","adm2_pcode":"NG001007","adm2_name":"Isiala-Ngwa South","adm3_pcode":null,"adm3_name":null,"adm4_pcode":null,"adm4_name":null,"name_latin":"Ahia Aba"},"geometry":{"type":"Point","coordinates":[7.3465925,5.3882166]}},
{"type":"Feature","properties":{"id":"node/501465759","name":"Osusu","name_en":null,"name_yo":null,"place":"village","landuse":null,"population":null,"is_in":null,"source":null,"adm0_pcode":"NGA","adm0_name":"Nigeria","adm1_pcode":"NG001","adm1_name":"Abia","adm2_pcode":"NG001007","adm2_name":"Isiala-Ngwa South","adm3_pcode":null,"adm3_name":null,"adm4_pcode":null,"adm4_name":null,"name_latin":"Osusu"},"geometry":{"type":"Point","coordinates":[7.3815263,5.3860803]}},
{"type":"Feature","properties":{"id":"node/501519756","name":"Mbawsi","name_en":null,"name_yo":null,"place":"village","landuse":null,"population":null,"is_in":null,"source":null,"adm0_pcode":"NGA","adm0_name":"Nigeria","adm1_pcode":"NG001","adm1_name":"Abia","adm2_pcode":"NG001007","adm2_name":"Isiala-Ngwa South","adm3_pcode":null,"adm3_name":null,"adm4_pcode":null,"adm4_name":null,"name_latin":"Mbawsi"},"geometry":{"type":"Point","coordinates":[7.433333,5.383333]}},
{"type":"Feature","properties":{"id":"node/501524260","name":"Umuchima","name_en":null,"name_yo":null,"place":"village","landuse":null,"population":null,"is_in":null,"source":null,"adm0_pcode":"NGA","adm0_name":"Nigeria","adm1_pcode":"NG001","adm1_name":"Abia","adm2_pcode":"NG001007","adm2_name":"Isiala-Ngwa South","adm3_pcode":null,"adm3_name":null,"adm4_pcode":null,"adm4_name":null,"name_latin":"Umuchima"},"geometry":{"type":"Point","coordinates":[7.3408475,5.368218]}},
{"type":"Feature","properties":{"id":"node/501336235","name":"Ubaha Oloko","name_en":null,"name_yo":null,"place":"village","landuse":null,"population":null,"is_in":null,"source":null,"adm0_pcode":"NGA","adm0_name":"Nigeria","adm1_pcode":"NG001","adm1_name":"Abia","adm2_pcode":"NG001007","adm2_name":"Isiala-Ngwa South","adm3_pcode":null,"adm3_name":null,"adm4_pcode":null,"adm4_name":null,"name_latin":"Ubaha Oloko"},"geometry":{"type":"Point","coordinates":[7.5,5.366667]}},
{"type":"Feature","properties":{"id":"node/501471623","name":"Ama Apu","name_en":null,"name_yo":null,"place":"village","landuse":null,"population":null,"is_in":null,"source":null,"adm0_pcode":"NGA","adm0_name":"Nigeria","adm1_pcode":"NG001","adm1_name":"Abia","adm2_pcode":"NG001007","adm2_name":"Isiala-Ngwa South","adm3_pcode":null,"adm3_name":null,"adm4_pcode":null,"adm4_name":null,"name_latin":"Ama Apu"},"geometry":{"type":"Point","coordinates":[7.3593727,5.3666371]}},
{"type":"Feature","properties":{"id":"node/13182354644","name":"Okpuala-Ngwa","name_en":null,"name_yo":null,"place":"village","landuse":null,"population":null,"is_in":null,"source":null,"adm0_pcode":"NGA","adm0_name":"Nigeria","adm1_pcode":"NG001","adm1_name":"Abia","adm2_pcode":"NG001007","adm2_name":"Isiala-Ngwa South","adm3_pcode":null,"adm3_name":null,"adm4_pcode":null,"adm4_name":null,"name_latin":"Okpuala-Ngwa"},"geometry":{"type":"Point","coordinates":[7.3876612,5.357186]}},
{"type":"Feature","properties":{"id":"node/501498782","name":"Ohuhu Nsulu","name_en":null,"name_yo":null,"place":"village","landuse":null,"population":null,"is_in":null,"source":null,"adm0_pcode":"NGA","adm0_name":"Nigeria","adm1_pcode":"NG001","adm1_name":"Abia","adm2_pcode":"NG001005","adm2_name":"Ikwuano","adm3_pcode":null,"adm3_name":null,"adm4_pcode":null,"adm4_name":null,"name_latin":"Ohuhu Nsulu"},"geometry":{"type":"Point","coordinates":[7.5427902,5.3338992]}},
{"type":"Feature","properties":{"id":"node/501465473","name":"Ura Nta Umuarandu","name_en":null,"name_yo":null,"place":"village","landuse":null,"population":null,"is_in":null,"source":null,"adm0_pcode":"NGA","adm0_name":"Nigeria","adm1_pcode":"NG001","adm1_name":"Abia","adm2_pcode":"NG001007","adm2_name":"Isiala-Ngwa South","adm3_pcode":null,"adm3_name":null,"adm4_pcode":null,"adm4_name":null,"name_latin":"Ura Nta Umuarandu"},"geometry":{"type":"Point","coordinates":[7.34936,5.3335456]}},
{"type":"Feature","properties":{"id":"node/501524658","name":"Umu Aro Achara","name_en":null,"name_yo":null,"place":"village","landuse":null,"population":null,"is_in":null,"source":null,"adm0_pcode":"NGA","adm0_name":"Nigeria","adm1_pcode":"NG001","adm1_name":"Abia","adm2_pcode":"NG001005","adm2_name":"Ikwuano","adm3_pcode":null,"adm3_name":null,"adm4_pcode":null,"adm4_name":null,"name_latin":"Umu Aro Achara"},"geometry":{"type":"Point","coordinates":[7.533333,5.333333]}},
{"type":"Feature","properties":{"id":"node/501405868","name":"Otoro Nchara","name_en":null,"name_yo":null,"place":"village","landuse":null,"population":null,"is_in":null,"source":null,"adm0_pcode":"NGA","adm0_name":"Nigeria","adm1_pcode":"NG001","adm1_name":"Abia","adm2_pcode":"NG001005","adm2_name":"Ikwuano","adm3_pcode":null,"adm3_name":null,"adm4_pcode":null,"adm4_name":null,"name_latin":"Otoro Nchara"},"geometry":{"type":"Point","coordinates":[7.5469852,5.3327562]}},
{"type":"Feature","properties":{"id":"node/501433024","name":"Mbutu","name_en":null,"name_yo":null,"place":"village","landuse":null,"population":null,"is_in":null,"source":null,"adm0_pcode":"NGA","adm0_name":"Nigeria","adm1_pcode":"NG001","adm1_name":"Abia","adm2_pcode":"NG001006","adm2_name":"Isiala-Ngwa North","adm3_pcode":null,"adm3_name":null,"adm4_pcode":null,"adm4_name":null,"name_latin":"Mbutu"},"geometry":{"type":"Point","coordinates":[7.3328588,5.3196592]}},
{"type":"Feature","properties":{"id":"node/501459254","name":"Umu Enge","name_en":null,"name_yo":null,"place":"village","landuse":null,"population":null,"is_in":null,"source":null,"adm0_pcode":"NGA","adm0_name":"Nigeria","adm1_pcode":"NG001","adm1_name":"Abia","adm2_pcode":"NG001006","adm2_name":"Isiala-Ngwa North","adm3_pcode":null,"adm3_name":null,"adm4_pcode":null,"adm4_name":null,"name_latin":"Umu Enge"},"geometry":{"type":"Point","coordinates":[7.4,5.266667]}},
{"type":"Feature","properties":{"id":"node/501524444","name":"Egwu","name_en":null,"name_yo":null,"place":"village","landuse":null,"population":null,"is_in":null,"source":null,"adm0_pcode":"NGA","adm0_name":"Nigeria","adm1_pcode":"NG001","adm1_name":"Abia","adm2_pcode":"NG001006","adm2_name":"Isiala-Ngwa North","adm3_pcode":null,"adm3_name":null,"adm4_pcode":null,"adm4_name":null,"name_latin":"Egwu"},"geometry":{"type":"Point","coordinates":[7.433333,5.25]}},
{"type":"Feature","properties":{"id":"node/501498655","name":"Umu Anunu","name_en":null,"name_yo":null,"place":"village","landuse":null,"population":null,"is_in":null,"source":null,"adm0_pcode":"NGA","adm0_name":"Nigeria","adm1_pcode":"NG001","adm1_name":"Abia","adm2_pcode":"NG001009","adm2_name":"Obi Ngwa","adm3_pcode":null,"adm3_name":null,"adm4_pcode":null,"adm4_name":null,"name_latin":"Umu Anunu"},"geometry":{"type":"Point","coordinates":[7.5,5.233333]}},
{"type":"Feature","properties":{"id":"node/501485888","name":"Umu Akata Awom","name_en":null,"name_yo":null,"place":"village","landuse":null,"population":null,"is_in":null,"source":null,"adm0_pcode":"NGA","adm0_name":"Nigeria","adm1_pcode":"NG001","adm1_name":"Abia","adm2_pcode":"NG001009","adm2_name":"Obi Ngwa","adm3_pcode":null,"adm3_name":null,"adm4_pcode":null,"adm4_name":null,"name_latin":"Umu Akata Awom"},"geometry":{"type":"Point","coordinates":[7.45,5.15]}},
{"type":"Feature","properties":{"id":"node/501384789","name":"Umu Okpo","name_en":null,"name_yo":null,"place":"village","landuse":null,"population":null,"is_in":null,"source":null,"adm0_pcode":"NGA","adm0_name":"Nigeria","adm1_pcode":"NG001","adm1_name":"Abia","adm2_pcode":"NG001009","adm2_name":"Obi Ngwa","adm3_pcode":null,"adm3_name":null,"adm4_pcode":null,"adm4_name":null,"name_latin":"Umu Okpo"},"geometry":{"type":"Point","coordinates":[7.5,5.133333]}},
{"type":"Feature","properties":{"id":"node/501443135","name":"Umuode","name_en":null,"name_yo":null,"place":"village","landuse":null,"population":null,"is_in":null,"source":null,"adm0_pcode":"NGA","adm0_name":"Nigeria","adm1_pcode":"NG001","adm1_name":"Abia","adm2_pcode":"NG001001","adm2_name":"Aba North","adm3_pcode":null,"adm3_name":null,"adm4_pcode":null,"adm4_name":null,"name_latin":"Umuode"},"geometry":{"type":"Point","coordinates":[7.3334681,5.1168782]}},
{"type":"Feature","properties":{"id":"node/501497427","name":"Umu Aja","name_en":null,"name_yo":null,"place":"village","landuse":null,"population":null,"is_in":null,"source":null,"adm0_pcode":"NGA","adm0_name":"Nigeria","adm1_pcode":"NG001","adm1_name":"Abia","adm2_pcode":"NG001009","adm2_name":"Obi Ngwa","adm3_pcode":null,"adm3_name":null,"adm4_pcode":null,"adm4_name":null,"name_latin":"Umu Aja"},"geometry":{"type":"Point","coordinates":[7.533333,5.116667]}},
{"type":"Feature","properties":{"id":"node/501517702","name":"Aba","name_en":"Aba","name_yo":"Abá","place":"city","landuse":null,"population":"1020900","is_in":null,"source":null,"adm0_pcode":"NGA","adm0_name":"Nigeria","adm1_pcode":"NG001","adm1_name":"Abia","adm2_pcode":"NG001002","adm2_name":"Aba South","adm3_pcode":null,"adm3_name":null,"adm4_pcode":null,"adm4_name":null,"name_latin":"Aba"},"geometry":{"type":"Point","coordinates":[7.3651376,5.1128008]}},
{"type":"Feature","properties":{"id":"node/501409456","name":"Akali","name_en":null,"name_yo":null,"place":"village","landuse":null,"population":null,"is_in":null,"source":null,"adm0_pcode":"NGA","adm0_name":"Nigeria","adm1_pcode":"NG001","adm1_name":"Abia","adm2_pcode":"NG001012","adm2_name":"Ugwunagbo","adm3_pcode":null,"adm3_name":null,"adm4_pcode":null,"adm4_name":null,"name_latin":"Akali"},"geometry":{"type":"Point","coordinates":[7.383333,5.083333]}},
{"type":"Feature","properties":{"id":"node/501432945","name":"Asa Umu Nka","name_en":null,"name_yo":null,"place":"village","landuse":null,"population":"2909","is_in":null,"source":null,"adm0_pcode":"NGA","adm0_name":"Nigeria","adm1_pcode":"NG001","adm1_name":"Abia","adm2_pcode":"NG001012","adm2_name":"Ugwunagbo","adm3_pcode":null,"adm3_name":null,"adm4_pcode":null,"adm4_name":null,"name_latin":"Asa Umu Nka"},"geometry":{"type":"Point","coordinates":[7.3166676,5.0499829]}},
{"type":"Feature","properties":{"id":"node/501411963","name":"Agburu Uke","name_en":null,"name_yo":null,"place":"village","landuse":null,"population":null,"is_in":null,"source":null,"adm0_pcode":"NGA","adm0_name":"Nigeria","adm1_pcode":"NG001","adm1_name":"Abia","adm2_pcode":"NG001009","adm2_name":"Obi Ngwa","adm3_pcode":null,"adm3_name":null,"adm4_pcode":null,"adm4_name":null,"name_latin":"Agburu Uke"},"geometry":{"type":"Point","coordinates":[7.4335238,5.0498495]}},
{"type":"Feature","properties":{"id":"node/501524828","name":"Umuodo","name_en":null,"name_yo":null,"place":"village","landuse":null,"population":"6453","is_in":null,"source":null,"adm0_pcode":"NGA","adm0_name":"Nigeria","adm1_pcode":"NG001","adm1_name":"Abia","adm2_pcode":"NG001012","adm2_name":"Ugwunagbo","adm3_pcode":null,"adm3_name":null,"adm4_pcode":null,"adm4_name":null,"name_latin":"Umuodo"},"geometry":{"type":"Point","coordinates":[7.333333,5.033333]}},
{"type":"Feature","properties":{"id":"node/501446502","name":"Asa Amuhi","name_en":null,"name_yo":null,"place":"village","landuse":null,"population":null,"is_in":null,"source":null,"adm0_pcode":"NGA","adm0_name":"Nigeria","adm1_pcode":"NG001","adm1_name":"Abia","adm2_pcode":"NG001012","adm2_name":"Ugwunagbo","adm3_pcode":null,"adm3_name":null,"adm4_pcode":null,"adm4_name":null,"name_latin":"Asa Amuhi"},"geometry":{"type":"Point","coordinates":[7.333333,5.016667]}},
{"type":"Feature","properties":{"id":"node/501402491","name":"Ukebe","name_en":null,"name_yo":null,"place":"village","landuse":null,"population":null,"is_in":null,"source":null,"adm0_pcode":"NGA","adm0_name":"Nigeria","adm1_pcode":"NG001","adm1_name":"Abia","adm2_pcode":"NG001013","adm2_name":"Ukwa East","adm3_pcode":null,"adm3_name":null,"adm4_pcode":null,"adm4_name":null,"name_latin":"Ukebe"},"geometry":{"type":"Point","coordinates":[7.4258349,4.9907011]}},
{"type":"Feature","properties":{"id":"node/501523731","name":"Abaki","name_en":null,"name_yo":null,"place":"village","landuse":null,"population":null,"is_in":null,"source":null,"adm0_pcode":"NGA","adm0_name":"Nigeria","adm1_pcode":"NG001","adm1_name":"Abia","adm2_pcode":"NG001013","adm2_name":"Ukwa East","adm3_pcode":null,"adm3_name":null,"adm4_pcode":null,"adm4_name":null,"name_latin":"Abaki"},"geometry":{"type":"Point","coordinates":[7.4427456,4.97812]}},
{"type":"Feature","properties":{"id":"node/501523659","name":"Azumini","name_en":null,"name_yo":null,"place":"town","landuse":null,"population":null,"is_in":null,"source":null,"adm0_pcode":"NGA","adm0_name":"Nigeria","adm1_pcode":"NG001","adm1_name":"Abia","adm2_pcode":"NG001013","adm2_name":"Ukwa East","adm3_pcode":null,"adm3_name":null,"adm4_pcode":null,"adm4_name":null,"name_latin":"Azumini"},"geometry":{"type":"Point","coordinates":[7.482893,4.945324]}},
{"type":"Feature","properties":{"id":"node/10984743861","name":"Oke Ikpe","name_en":null,"name_yo":null,"place":"town","landuse":null,"population":null,"is_in":null,"source":null,"adm0_pcode":"NGA","adm0_name":"Nigeria","adm1_pcode":"NG001","adm1_name":"Abia","adm2_pcode":"NG001014","adm2_name":"Ukwa West","adm3_pcode":null,"adm3_name":null,"adm4_pcode":null,"adm4_name":null,"name_latin":"Oke Ikpe"},"geometry":{"type":"Point","coordinates":[7.3196707,4.9123969]}},
{"type":"Feature","properties":{"id":"node/501349152","name":"Ohambele","name_en":null,"name_yo":null,"place":"village","landuse":null,"population":null,"is_in":null,"source":null,"adm0_pcode":"NGA","adm0_name":"Nigeria","adm1_pcode":"NG001","adm1_name":"Abia","adm2_pcode":"NG001013","adm2_name":"Ukwa East","adm3_pcode":null,"adm3_name":null,"adm4_pcode":null,"adm4_name":null,"name_latin":"Ohambele"},"geometry":{"type":"Point","coordinates":[7.414593,4.889793]}},
{"type":"Feature","properties":{"id":"node/501344492","name":"Akwete","name_en":null,"name_yo":null,"place":"town","landuse":null,"population":null,"is_in":null,"source":null,"adm0_pcode":"NGA","adm0_name":"Nigeria","adm1_pcode":"NG001","adm1_name":"Abia","adm2_pcode":"NG001013","adm2_name":"Ukwa East","adm3_pcode":null,"adm3_name":null,"adm4_pcode":null,"adm4_name":null,"name_latin":"Akwete"},"geometry":{"type":"Point","coordinates":[7.357497,4.8866031]}},
{"type":"Feature","properties":{"id":"node/501437173","name":"Ohunna","name_en":null,"name_yo":null,"place":"village","landuse":null,"population":null,"is_in":null,"source":null,"adm0_pcode":"NGA","adm0_name":"Nigeria","adm1_pcode":"NG001","adm1_name":"Abia","adm2_pcode":"NG001013","adm2_name":"Ukwa East","adm3_pcode":null,"adm3_name":null,"adm4_pcode":null,"adm4_name":null,"name_latin":"Ohunna"},"geometry":{"type":"Point","coordinates":[7.456801,4.871385]}},
{"type":"Feature","properties":{"id":"node/501492779","name":"Akabo","name_en":null,"name_yo":null,"place":"village","landuse":null,"population":null,"is_in":null,"source":null,"adm0_pcode":"NGA","adm0_name":"Nigeria","adm1_pcode":"NG017","adm1_name":"Imo","adm2_pcode":"NG017011","adm2_name":"Mbaitoli","adm3_pcode":null,"adm3_name":null,"adm4_pcode":null,"adm4_name":null,"name_latin":"Akabo"},"geometry":{"type":"Point","coordinates":[7.05,5.55]}},
{"type":"Feature","properties":{"id":"node/501479507","name":"Amatta","name_en":null,"name_yo":null,"place":"village","landuse":null,"population":null,"is_in":null,"source":null,"adm0_pcode":"NGA","adm0_name":"Nigeria","adm1_pcode":"NG017","adm1_name":"Imo","adm2_pcode":"NG017008","adm2_name":"Ikeduru","adm3_pcode":null,"adm3_name":null,"adm4_pcode":null,"adm4_name":null,"name_latin":"Amatta"},"geometry":{"type":"Point","coordinates":[7.083333,5.55]}},
{"type":"Feature","properties":{"id":"node/501367867","name":"Ekwereazu","name_en":null,"name_yo":null,"place":"village","landuse":null,"population":null,"is_in":null,"source":null,"adm0_pcode":"NGA","adm0_name":"Nigeria","adm1_pcode":"NG017","adm1_name":"Imo","adm2_pcode":"NG017002","adm2_name":"Ahiazu-Mbaise","adm3_pcode":null,"adm3_name":null,"adm4_pcode":null,"adm4_name":null,"name_latin":"Ekwereazu"},"geometry":{"type":"Point","coordinates":[7.233333,5.55]}},
{"type":"Feature","properties":{"id":"node/8972704041","name":"Ohi","name_en":null,"name_yo":null,"place":"village","landuse":null,"population":null,"is_in":null,"source":null,"adm0_pcode":"NGA","adm0_name":"Nigeria","adm1_pcode":"NG017","adm1_name":"Imo","adm2_pcode":"NG017025","adm2_name":"Owerri West","adm3_pcode":null,"adm3_name":null,"adm4_pcode":null,"adm4_name":null,"name_latin":"Ohi"},"geometry":{"type":"Point","coordinates":[6.9969207,5.551184]}},
{"type":"Feature","properties":{"id":"node/501516476","name":"Obudi-Agwa","name_en":null,"name_yo":null,"place":"town","landuse":null,"population":null,"is_in":null,"source":null,"adm0_pcode":"NGA","adm0_name":"Nigeria","adm1_pcode":"NG017","adm1_name":"Imo","adm2_pcode":"NG017017","adm2_name":"Oguta","adm3_pcode":null,"adm3_name":null,"adm4_pcode":null,"adm4_name":null,"name_latin":"Obudi-Agwa"},"geometry":{"type":"Point","coordinates":[6.8867742,5.5578139]}},
{"type":"Feature","properties":{"id":"node/501499159","name":"Ogbaku","name_en":null,"name_yo":null,"place":"village","landuse":null,"population":null,"is_in":null,"source":null,"adm0_pcode":"NGA","adm0_name":"Nigeria","adm1_pcode":"NG017","adm1_name":"Imo","adm2_pcode":"NG017011","adm2_name":"Mbaitoli","adm3_pcode":null,"adm3_name":null,"adm4_pcode":null,"adm4_name":null,"name_latin":"Ogbaku"},"geometry":{"type":"Point","coordinates":[6.968684,5.5596193]}},
{"type":"Feature","properties":{"id":"node/501518585","name":"Umuaghadi Inyishi","name_en":null,"name_yo":null,"place":"village","landuse":null,"population":null,"is_in":null,"source":null,"adm0_pcode":"NGA","adm0_name":"Nigeria","adm1_pcode":"NG017","adm1_name":"Imo","adm2_pcode":"NG017008","adm2_name":"Ikeduru","adm3_pcode":null,"adm3_name":null,"adm4_pcode":null,"adm4_name":null,"name_latin":"Umuaghadi Inyishi"},"geometry":{"type":"Point","coordinates":[7.15,5.566667]}},
{"type":"Feature","properties":{"id":"node/501457061","name":"Amaimo","name_en":null,"name_yo":null,"place":"village","landuse":null,"population":null,"is_in":null,"source":null,"adm0_pcode":"NGA","adm0_name":"Nigeria","adm1_pcode":"NG017","adm1_name":"Imo","adm2_pcode":"NG017008","adm2_name":"Ikeduru","adm3_pcode":null,"adm3_name":null,"adm4_pcode":null,"adm4_name":null,"name_latin":"Amaimo"},"geometry":{"type":"Point","coordinates":[7.183333,5.566667]}},
{"type":"Feature","properties":{"id":"node/8971892185","name":"Uzele-Ogbaku","name_en":null,"name_yo":null,"place":"village","landuse":null,"population":null,"is_in":null,"source":null,"adm0_pcode":"NGA","adm0_name":"Nigeria","adm1_pcode":"NG017","adm1_name":"Imo","adm2_pcode":"NG017011","adm2_name":"Mbaitoli","adm3_pcode":null,"adm3_name":null,"adm4_pcode":null,"adm4_name":null,"name_latin":"Uzele-Ogbaku"},"geometry":{"type":"Point","coordinates":[6.9573036,5.5688945]}},
{"type":"Feature","properties":{"id":"node/501408018","name":"Ohoba","name_en":null,"name_yo":null,"place":"village","landuse":null,"population":null,"is_in":null,"source":null,"adm0_pcode":"NGA","adm0_name":"Nigeria","adm1_pcode":"NG017","adm1_name":"Imo","adm2_pcode":"NG017011","adm2_name":"Mbaitoli","adm3_pcode":null,"adm3_name":null,"adm4_pcode":null,"adm4_name":null,"name_latin":"Ohoba"},"geometry":{"type":"Point","coordinates":[7.0128563,5.5690096]}},
{"type":"Feature","properties":{"id":"node/8971892184","name":"Okwu-Ogbaku","name_en":null,"name_yo":null,"place":"village","landuse":null,"population":null,"is_in":null,"source":null,"adm0_pcode":"NGA","adm0_name":"Nigeria","adm1_pcode":"NG017","adm1_name":"Imo","adm2_pcode":"NG017011","adm2_name":"Mbaitoli","adm3_pcode":null,"adm3_name":null,"adm4_pcode":null,"adm4_name":null,"name_latin":"Okwu-Ogbaku"},"geometry":{"type":"Point","coordinates":[6.9418461,5.5722206]}},
{"type":"Feature","properties":{"id":"node/501451929","name":"Ihuo","name_en":null,"name_yo":null,"place":"town","landuse":null,"population":null,"is_in":null,"source":null,"adm0_pcode":"NGA","adm0_name":"Nigeria","adm1_pcode":"NG017","adm1_name":"Imo","adm2_pcode":"NG017008","adm2_name":"Ikeduru","adm3_pcode":null,"adm3_name":null,"adm4_pcode":null,"adm4_name":null,"name_latin":"Ihuo"},"geometry":{"type":"Point","coordinates":[7.0964191,5.5772544]}},
{"type":"Feature","properties":{"id":"node/501382295","name":"Ochicha Ngugo","name_en":null,"name_yo":null,"place":"village","landuse":null,"population":null,"is_in":null,"source":null,"adm0_pcode":"NGA","adm0_name":"Nigeria","adm1_pcode":"NG017","adm1_name":"Imo","adm2_pcode":"NG017008","adm2_name":"Ikeduru","adm3_pcode":null,"adm3_name":null,"adm4_pcode":null,"adm4_name":null,"name_latin":"Ochicha Ngugo"},"geometry":{"type":"Point","coordinates":[7.159687,5.580341]}},
{"type":"Feature","properties":{"id":"node/501411203","name":"Mbieri","name_en":null,"name_yo":null,"place":"village","landuse":null,"population":null,"is_in":null,"source":null,"adm0_pcode":"NGA","adm0_name":"Nigeria","adm1_pcode":"NG017","adm1_name":"Imo","adm2_pcode":"NG017011","adm2_name":"Mbaitoli","adm3_pcode":null,"adm3_name":null,"adm4_pcode":null,"adm4_name":null,"name_latin":"Mbieri"},"geometry":{"type":"Point","coordinates":[7.05,5.583333]}},
{"type":"Feature","properties":{"id":"node/501416868","name":"Ngugu","name_en":null,"name_yo":null,"place":"village","landuse":null,"population":null,"is_in":null,"source":null,"adm0_pcode":"NGA","adm0_name":"Nigeria","adm1_pcode":"NG017","adm1_name":"Imo","adm2_pcode":"NG017008","adm2_name":"Ikeduru","adm3_pcode":null,"adm3_name":null,"adm4_pcode":null,"adm4_name":null,"name_latin":"Ngugu"},"geometry":{"type":"Point","coordinates":[7.1005175,5.5861818]}},
{"type":"Feature","properties":{"id":"node/8972712057","name":"Nwaorieubi","name_en":null,"name_yo":null,"place":"town","landuse":null,"population":null,"is_in":null,"source":null,"adm0_pcode":"NGA","adm0_name":"Nigeria","adm1_pcode":"NG017","adm1_name":"Imo","adm2_pcode":"NG017011","adm2_name":"Mbaitoli","adm3_pcode":null,"adm3_name":null,"adm4_pcode":null,"adm4_name":null,"name_latin":"Nwaorieubi"},"geometry":{"type":"Point","coordinates":[7.0152651,5.5884917]}},
{"type":"Feature","properties":{"id":"node/8971892183","name":"Ejemekwuru","name_en":null,"name_yo":null,"place":"village","landuse":null,"population":null,"is_in":null,"source":null,"adm0_pcode":"NGA","adm0_name":"Nigeria","adm1_pcode":"NG017","adm1_name":"Imo","adm2_pcode":"NG017017","adm2_name":"Oguta","adm3_pcode":null,"adm3_name":null,"adm4_pcode":null,"adm4_name":null,"name_latin":"Ejemekwuru"},"geometry":{"type":"Point","coordinates":[6.923391,5.5955009]}},
{"type":"Feature","properties":{"id":"node/501516257","name":"Oparanadim","name_en":null,"name_yo":null,"place":"village","landuse":null,"population":null,"is_in":null,"source":null,"adm0_pcode":"NGA","adm0_name":"Nigeria","adm1_pcode":"NG017","adm1_name":"Imo","adm2_pcode":"NG017002","adm2_name":"Ahiazu-Mbaise","adm3_pcode":null,"adm3_name":null,"adm4_pcode":null,"adm4_name":null,"name_latin":"Oparanadim"},"geometry":{"type":"Point","coordinates":[7.233333,5.6]}},
{"type":"Feature","properties":{"id":"node/501519772","name":"Ata","name_en":null,"name_yo":null,"place":"town","landuse":null,"population":null,"is_in":null,"source":null,"adm0_pcode":"NGA","adm0_name":"Nigeria","adm1_pcode":"NG017","adm1_name":"Imo","adm2_pcode":"NG017008","adm2_name":"Ikeduru","adm3_pcode":null,"adm3_name":null,"adm4_pcode":null,"adm4_name":null,"name_latin":"Ata"},"geometry":{"type":"Point","coordinates":[7.1284539,5.6136273]}},
{"type":"Feature","properties":{"id":"node/8971892181","name":"Akabo","name_en":null,"name_yo":null,"place":"village","landuse":null,"population":null,"is_in":null,"source":null,"adm0_pcode":"NGA","adm0_name":"Nigeria","adm1_pcode":"NG017","adm1_name":"Imo","adm2_pcode":"NG017017","adm2_name":"Oguta","adm3_pcode":null,"adm3_name":null,"adm4_pcode":null,"adm4_name":null,"name_latin":"Akabo"},"geometry":{"type":"Point","coordinates":[6.9101352,5.6165083]}},
{"type":"Feature","properties":{"id":"node/501480444","name":"Umunoha","name_en":null,"name_yo":null,"place":"village","landuse":null,"population":null,"is_in":null,"source":null,"adm0_pcode":"NGA","adm0_name":"Nigeria","adm1_pcode":"NG017","adm1_name":"Imo","adm2_pcode":"NG017011","adm2_name":"Mbaitoli","adm3_pcode":null,"adm3_name":null,"adm4_pcode":null,"adm4_name":null,"name_latin":"Umunoha"},"geometry":{"type":"Point","coordinates":[6.983333,5.616667]}},
{"type":"Feature","properties":{"id":"node/501423216","name":"Orodo","name_en":null,"name_yo":null,"place":"village","landuse":null,"population":null,"is_in":null,"source":null,"adm0_pcode":"NGA","adm0_name":"Nigeria","adm1_pcode":"NG017","adm1_name":"Imo","adm2_pcode":"NG017011","adm2_name":"Mbaitoli","adm3_pcode":null,"adm3_name":null,"adm4_pcode":null,"adm4_name":null,"name_latin":"Orodo"},"geometry":{"type":"Point","coordinates":[7.033333,5.616667]}},
{"type":"Feature","properties":{"id":"node/8971892182","name":"Umuofor","name_en":null,"name_yo":null,"place":"village","landuse":null,"population":null,"is_in":null,"source":null,"adm0_pcode":"NGA","adm0_name":"Nigeria","adm1_pcode":"NG017","adm1_name":"Imo","adm2_pcode":"NG017017","adm2_name":"Oguta","adm3_pcode":null,"adm3_name":null,"adm4_pcode":null,"adm4_name":null,"name_latin":"Umuofor"},"geometry":{"type":"Point","coordinates":[6.9340816,5.6219939]}},
{"type":"Feature","properties":{"id":"node/501440345","name":"Obolo","name_en":null,"name_yo":null,"place":"village","landuse":null,"population":null,"is_in":null,"source":null,"adm0_pcode":"NGA","adm0_name":"Nigeria","adm1_pcode":"NG017","adm1_name":"Imo","adm2_pcode":"NG017009","adm2_name":"Isiala Mbano","adm3_pcode":null,"adm3_name":null,"adm4_pcode":null,"adm4_name":null,"name_latin":"Obolo"},"geometry":{"type":"Point","coordinates":[7.2079608,5.6455371]}},
{"type":"Feature","properties":{"id":"node/501360620","name":"Awomama","name_en":null,"name_yo":null,"place":"village","landuse":null,"population":null,"is_in":null,"source":null,"adm0_pcode":"NGA","adm0_name":"Nigeria","adm1_pcode":"NG017","adm1_name":"Imo","adm2_pcode":"NG017022","adm2_name":"Oru East","adm3_pcode":null,"adm3_name":null,"adm4_pcode":null,"adm4_name":null,"name_latin":"Awomama"},"geometry":{"type":"Point","coordinates":[6.933333,5.65]}},
{"type":"Feature","properties":{"id":"node/501463096","name":"Umuebe Ogwa","name_en":null,"name_yo":null,"place":"village","landuse":null,"population":null,"is_in":null,"source":null,"adm0_pcode":"NGA","adm0_name":"Nigeria","adm1_pcode":"NG017","adm1_name":"Imo","adm2_pcode":"NG017011","adm2_name":"Mbaitoli","adm3_pcode":null,"adm3_name":null,"adm4_pcode":null,"adm4_name":null,"name_latin":"Umuebe Ogwa"},"geometry":{"type":"Point","coordinates":[7.083333,5.65]}},
{"type":"Feature","properties":{"id":"node/8971892180","name":"Awa","name_en":null,"name_yo":null,"place":"village","landuse":null,"population":null,"is_in":null,"source":null,"adm0_pcode":"NGA","adm0_name":"Nigeria","adm1_pcode":"NG017","adm1_name":"Imo","adm2_pcode":"NG017017","adm2_name":"Oguta","adm3_pcode":null,"adm3_name":null,"adm4_pcode":null,"adm4_name":null,"name_latin":"Awa"},"geometry":{"type":"Point","coordinates":[6.889318,5.6502324]}},
{"type":"Feature","properties":{"id":"node/11034154281","name":"Amurie","name_en":null,"name_yo":null,"place":"town","landuse":null,"population":null,"is_in":null,"source":null,"adm0_pcode":"NGA","adm0_name":"Nigeria","adm1_pcode":"NG017","adm1_name":"Imo","adm2_pcode":"NG017013","adm2_name":"Njaba","adm3_pcode":null,"adm3_name":null,"adm4_pcode":null,"adm4_name":null,"name_latin":"Amurie"},"geometry":{"type":"Point","coordinates":[7.0144505,5.6711864]}},
{"type":"Feature","properties":{"id":"node/501526567","name":"Umu Duru","name_en":null,"name_yo":null,"place":"village","landuse":null,"population":null,"is_in":null,"source":null,"adm0_pcode":"NGA","adm0_name":"Nigeria","adm1_pcode":"NG017","adm1_name":"Imo","adm2_pcode":"NG017009","adm2_name":"Isiala Mbano","adm3_pcode":null,"adm3_name":null,"adm4_pcode":null,"adm4_name":null,"name_latin":"Umu Duru"},"geometry":{"type":"Point","coordinates":[7.2454402,5.6867515]}},
{"type":"Feature","properties":{"id":"node/11034139688","name":"Umundugba","name_en":null,"name_yo":null,"place":"town","landuse":null,"population":null,"is_in":null,"source":null,"adm0_pcode":"NGA","adm0_name":"Nigeria","adm1_pcode":"NG017","adm1_name":"Imo","adm2_pcode":"NG017010","adm2_name":"Isu","adm3_pcode":null,"adm3_name":null,"adm4_pcode":null,"adm4_name":null,"name_latin":"Umundugba"},"geometry":{"type":"Point","coordinates":[7.0673386,5.6920142]}},
{"type":"Feature","properties":{"id":"node/501490231","name":"Umu Kabia","name_en":null,"name_yo":null,"place":"village","landuse":null,"population":null,"is_in":null,"source":null,"adm0_pcode":"NGA","adm0_name":"Nigeria","adm1_pcode":"NG017","adm1_name":"Imo","adm2_pcode":"NG017010","adm2_name":"Isu","adm3_pcode":null,"adm3_name":null,"adm4_pcode":null,"adm4_name":null,"name_latin":"Umu Kabia"},"geometry":{"type":"Point","coordinates":[7.0776682,5.6948756]}},
{"type":"Feature","properties":{"id":"node/501525102","name":"Agbaja Isu","name_en":null,"name_yo":null,"place":"village","landuse":null,"population":null,"is_in":null,"source":null,"adm0_pcode":"NGA","adm0_name":"Nigeria","adm1_pcode":"NG017","adm1_name":"Imo","adm2_pcode":"NG017015","adm2_name":"Nwangele","adm3_pcode":null,"adm3_name":null,"adm4_pcode":null,"adm4_name":null,"name_latin":"Agbaja Isu"},"geometry":{"type":"Point","coordinates":[7.133333,5.7]}},
{"type":"Feature","properties":{"id":"node/501406487","name":"Umu Ezeala Ofor","name_en":null,"name_yo":null,"place":"village","landuse":null,"population":null,"is_in":null,"source":null,"adm0_pcode":"NGA","adm0_name":"Nigeria","adm1_pcode":"NG017","adm1_name":"Imo","adm2_pcode":"NG017015","adm2_name":"Nwangele","adm3_pcode":null,"adm3_name":null,"adm4_pcode":null,"adm4_name":null,"name_latin":"Umu Ezeala Ofor"},"geometry":{"type":"Point","coordinates":[7.15,5.716667]}},
{"type":"Feature","properties":{"id":"node/501405918","name":"Obolo","name_en":null,"name_yo":null,"place":"village","landuse":null,"population":null,"is_in":null,"source":null,"adm0_pcode":"NGA","adm0_name":"Nigeria","adm1_pcode":"NG017","adm1_name":"Imo","adm2_pcode":"NG017015","adm2_name":"Nwangele","adm3_pcode":null,"adm3_name":null,"adm4_pcode":null,"adm4_name":null,"name_latin":"Obolo"},"geometry":{"type":"Point","coordinates":[7.1000091,5.7166691]}},
{"type":"Feature","properties":{"id":"node/501528657","name":"Umu Ozu Isu","name_en":null,"name_yo":null,"place":"village","landuse":null,"population":null,"is_in":null,"source":null,"adm0_pcode":"NGA","adm0_name":"Nigeria","adm1_pcode":"NG017","adm1_name":"Imo","adm2_pcode":"NG017015","adm2_name":"Nwangele","adm3_pcode":null,"adm3_name":null,"adm4_pcode":null,"adm4_name":null,"name_latin":"Umu Ozu Isu"},"geometry":{"type":"Point","coordinates":[7.1304148,5.7228552]}},
{"type":"Feature","properties":{"id":"node/501474045","name":"Amaigbo","name_en":null,"name_yo":null,"place":"town","landuse":null,"population":null,"is_in":null,"source":null,"adm0_pcode":"NGA","adm0_name":"Nigeria","adm1_pcode":"NG017","adm1_name":"Imo","adm2_pcode":"NG017015","adm2_name":"Nwangele","adm3_pcode":null,"adm3_name":null,"adm4_pcode":null,"adm4_name":null,"name_latin":"Amaigbo"},"geometry":{"type":"Point","coordinates":[7.1164592,5.7291619]}},
{"type":"Feature","properties":{"id":"node/11034134755","name":"Mgbidi","name_en":null,"name_yo":null,"place":"town","landuse":null,"population":null,"is_in":null,"source":null,"adm0_pcode":"NGA","adm0_name":"Nigeria","adm1_pcode":"NG017","adm1_name":"Imo","adm2_pcode":"NG017023","adm2_name":"Oru West","adm3_pcode":null,"adm3_name":null,"adm4_pcode":null,"adm4_name":null,"name_latin":"Mgbidi"},"geometry":{"type":"Point","coordinates":[6.8875959,5.7328973]}},
{"type":"Feature","properties":{"id":"node/501353039","name":"Okwele","name_en":null,"name_yo":null,"place":"village","landuse":null,"population":null,"is_in":null,"source":null,"adm0_pcode":"NGA","adm0_name":"Nigeria","adm1_pcode":"NG017","adm1_name":"Imo","adm2_pcode":"NG017009","adm2_name":"Isiala Mbano","adm3_pcode":null,"adm3_name":null,"adm4_pcode":null,"adm4_name":null,"name_latin":"Okwele"},"geometry":{"type":"Point","coordinates":[7.183333,5.733333]}},
{"type":"Feature","properties":{"id":"node/501369735","name":"Umuohiri","name_en":null,"name_yo":null,"place":"village","landuse":null,"population":null,"is_in":null,"source":null,"adm0_pcode":"NGA","adm0_name":"Nigeria","adm1_pcode":"NG017","adm1_name":"Imo","adm2_pcode":"NG017009","adm2_name":"Isiala Mbano","adm3_pcode":null,"adm3_name":null,"adm4_pcode":null,"adm4_name":null,"name_latin":"Umuohiri"},"geometry":{"type":"Point","coordinates":[7.216667,5.733333]}},
{"type":"Feature","properties":{"id":"node/11034134756","name":"Nnenasa","name_en":null,"name_yo":null,"place":"town","landuse":null,"population":null,"is_in":null,"source":null,"adm0_pcode":"NGA","adm0_name":"Nigeria","adm1_pcode":"NG017","adm1_name":"Imo","adm2_pcode":"NG017013","adm2_name":"Njaba","adm3_pcode":null,"adm3_name":null,"adm4_pcode":null,"adm4_name":null,"name_latin":"Nnenasa"},"geometry":{"type":"Point","coordinates":[7.0128388,5.7339646]}},
{"type":"Feature","properties":{"id":"node/501431705","name":"Orba","name_en":null,"name_yo":null,"place":"village","landuse":null,"population":null,"is_in":null,"source":null,"adm0_pcode":"NGA","adm0_name":"Nigeria","adm1_pcode":"NG014","adm1_name":"Enugu","adm2_pcode":"NG014015","adm2_name":"Udenu","adm3_pcode":null,"adm3_name":null,"adm4_pcode":null,"adm4_name":null,"name_latin":"Orba"},"geometry":{"type":"Point","coordinates":[7.458787,6.856838]}},
{"type":"Feature","properties":{"id":"node/501523017","name":"Nsukka","name_en":null,"name_yo":null,"place":"city","landuse":null,"population":null,"is_in":null,"source":null,"adm0_pcode":"NGA","adm0_name":"Nigeria","adm1_pcode":"NG014","adm1_name":"Enugu","adm2_pcode":"NG014013","adm2_name":"Nsukka","adm3_pcode":null,"adm3_name":null,"adm4_pcode":null,"adm4_name":null,"name_latin":"Nsukka"},"geometry":{"type":"Point","coordinates":[7.3927,6.8561]}},
{"type":"Feature","properties":{"id":"node/501468533","name":"Uzaku","name_en":null,"name_yo":null,"place":"village","landuse":null,"population":null,"is_in":null,"source":null,"adm0_pcode":"NGA","adm0_name":"Nigeria","adm1_pcode":"NG001","adm1_name":"Abia","adm2_pcode":"NG001014","adm2_name":"Ukwa West","adm3_pcode":null,"adm3_name":null,"adm4_pcode":null,"adm4_name":null,"name_latin":"Uzaku"},"geometry":{"type":"Point","coordinates":[7.1833564,4.9047441]}},
{"type":"Feature","properties":{"id":"node/501488694","name":"Isinyi-Nando","name_en":null,"name_yo":null,"place":"village","landuse":null,"population":null,"is_in":null,"source":null,"adm0_pcode":"NGA","adm0_name":"Nigeria","adm1_pcode":"NG004","adm1_name":"Anambra","adm2_pcode":"NG004002","adm2_name":"Anambra East","adm3_pcode":null,"adm3_name":null,"adm4_pcode":null,"adm4_name":null,"name_latin":"Isinyi-Nando"},"geometry":{"type":"Point","coordinates":[6.927825,6.361645]}},
{"type":"Feature","properties":{"id":"node/501464909","name":"Igbenu","name_en":null,"name_yo":null,"place":"village","landuse":null,"population":null,"is_in":null,"source":null,"adm0_pcode":"NGA","adm0_name":"Nigeria","adm1_pcode":"NG004","adm1_name":"Anambra","adm2_pcode":"NG004005","adm2_name":"Awka North","adm3_pcode":null,"adm3_name":null,"adm4_pcode":null,"adm4_name":null,"name_latin":"Igbenu"},"geometry":{"type":"Point","coordinates":[7.1365,6.3817]}},
{"type":"Feature","properties":{"id":"node/501496954","name":"Eziama-Owa","name_en":null,"name_yo":null,"place":"village","landuse":null,"population":null,"is_in":null,"source":null,"adm0_pcode":"NGA","adm0_name":"Nigeria","adm1_pcode":"NG014","adm1_name":"Enugu","adm2_pcode":"NG014006","adm2_name":"Ezeagu","adm3_pcode":null,"adm3_name":null,"adm4_pcode":null,"adm4_name":null,"name_latin":"Eziama-Owa"},"geometry":{"type":"Point","coordinates":[7.192,6.384]}},
{"type":"Feature","properties":{"id":"node/13938142357","name":"Mgbagbu-Owa","name_en":null,"name_yo":null,"place":"village","landuse":null,"population":null,"is_in":null,"source":null,"adm0_pcode":"NGA","adm0_name":"Nigeria","adm1_pcode":"NG014","adm1_name":"Enugu","adm2_pcode":"NG014006","adm2_name":"Ezeagu","adm3_pcode":null,"adm3_name":null,"adm4_pcode":null,"adm4_name":null,"name_latin":"Mgbagbu-Owa"},"geometry":{"type":"Point","coordinates":[7.1795708,6.3903964]}},
{"type":"Feature","properties":{"id":"node/501469196","name":"Igbariam","name_en":null,"name_yo":null,"place":"town","landuse":null,"population":null,"is_in":null,"source":null,"adm0_pcode":"NGA","adm0_name":"Nigeria","adm1_pcode":"NG004","adm1_name":"Anambra","adm2_pcode":"NG004002","adm2_name":"Anambra East","adm3_pcode":null,"adm3_name":null,"adm4_pcode":null,"adm4_name":null,"name_latin":"Igbariam"},"geometry":{"type":"Point","coordinates":[6.9481903,6.3913389]}},
{"type":"Feature","properties":{"id":"node/501347817","name":"Igbamam","name_en":null,"name_yo":null,"place":"village","landuse":null,"population":null,"is_in":null,"source":null,"adm0_pcode":"NGA","adm0_name":"Nigeria","adm1_pcode":"NG004","adm1_name":"Anambra","adm2_pcode":"NG004002","adm2_name":"Anambra East","adm3_pcode":null,"adm3_name":null,"adm4_pcode":null,"adm4_name":null,"name_latin":"Igbamam"},"geometry":{"type":"Point","coordinates":[6.9481981,6.3914096]}},
{"type":"Feature","properties":{"id":"node/501332939","name":"Ogologo-Olo","name_en":null,"name_yo":null,"place":"village","landuse":null,"population":null,"is_in":null,"source":null,"adm0_pcode":"NGA","adm0_name":"Nigeria","adm1_pcode":"NG014","adm1_name":"Enugu","adm2_pcode":"NG014006","adm2_name":"Ezeagu","adm3_pcode":null,"adm3_name":null,"adm4_pcode":null,"adm4_name":null,"name_latin":"Ogologo-Olo"},"geometry":{"type":"Point","coordinates":[7.1499795,6.4095745]}},
{"type":"Feature","properties":{"id":"node/501464857","name":"Akenu","name_en":null,"name_yo":null,"place":"village","landuse":null,"population":null,"is_in":null,"source":null,"adm0_pcode":"NGA","adm0_name":"Nigeria","adm1_pcode":"NG004","adm1_name":"Anambra","adm2_pcode":"NG004005","adm2_name":"Awka North","adm3_pcode":null,"adm3_name":null,"adm4_pcode":null,"adm4_name":null,"name_latin":"Akenu"},"geometry":{"type":"Point","coordinates":[7.0413,6.4117]}},
{"type":"Feature","properties":{"id":"node/501485071","name":"Oba-Umulokpe","name_en":null,"name_yo":null,"place":"village","landuse":null,"population":null,"is_in":null,"source":null,"adm0_pcode":"NGA","adm0_name":"Nigeria","adm1_pcode":"NG004","adm1_name":"Anambra","adm2_pcode":"NG004005","adm2_name":"Awka North","adm3_pcode":null,"adm3_name":null,"adm4_pcode":null,"adm4_name":null,"name_latin":"Oba-Umulokpe"},"geometry":{"type":"Point","coordinates":[7.0154,6.4167]}},
{"type":"Feature","properties":{"id":"node/501484986","name":"Okpogho","name_en":null,"name_yo":null,"place":"village","landuse":null,"population":null,"is_in":null,"source":null,"adm0_pcode":"NGA","adm0_name":"Nigeria","adm1_pcode":"NG014","adm1_name":"Enugu","adm2_pcode":"NG014006","adm2_name":"Ezeagu","adm3_pcode":null,"adm3_name":null,"adm4_pcode":null,"adm4_name":null,"name_latin":"Okpogho"},"geometry":{"type":"Point","coordinates":[7.2735,6.4322]}},
{"type":"Feature","properties":{"id":"node/501496875","name":"Aguobu-Iwollo","name_en":null,"name_yo":null,"place":"village","landuse":null,"population":null,"is_in":null,"source":null,"adm0_pcode":"NGA","adm0_name":"Nigeria","adm1_pcode":"NG014","adm1_name":"Enugu","adm2_pcode":"NG014006","adm2_name":"Ezeagu","adm3_pcode":null,"adm3_name":null,"adm4_pcode":null,"adm4_name":null,"name_latin":"Aguobu-Iwollo"},"geometry":{"type":"Point","coordinates":[7.2376,6.4324]}},
{"type":"Feature","properties":{"id":"node/501515766","name":"Umuelum","name_en":null,"name_yo":null,"place":"village","landuse":null,"population":null,"is_in":null,"source":null,"adm0_pcode":"NGA","adm0_name":"Nigeria","adm1_pcode":"NG004","adm1_name":"Anambra","adm2_pcode":"NG004007","adm2_name":"Ayamelum","adm3_pcode":null,"adm3_name":null,"adm4_pcode":null,"adm4_name":null,"name_latin":"Umuelum"},"geometry":{"type":"Point","coordinates":[7.0136006,6.45937]}},
{"type":"Feature","properties":{"id":"node/501498360","name":"Umuelem","name_en":null,"name_yo":null,"place":"village","landuse":null,"population":null,"is_in":null,"source":null,"adm0_pcode":"NGA","adm0_name":"Nigeria","adm1_pcode":"NG004","adm1_name":"Anambra","adm2_pcode":"NG004007","adm2_name":"Ayamelum","adm3_pcode":null,"adm3_name":null,"adm4_pcode":null,"adm4_name":null,"name_latin":"Umuelem"},"geometry":{"type":"Point","coordinates":[7.0135288,6.459384]}},
{"type":"Feature","properties":{"id":"node/501431373","name":"Okpuwo-Imeze","name_en":null,"name_yo":null,"place":"village","landuse":null,"population":null,"is_in":null,"source":null,"adm0_pcode":"NGA","adm0_name":"Nigeria","adm1_pcode":"NG014","adm1_name":"Enugu","adm2_pcode":"NG014006","adm2_name":"Ezeagu","adm3_pcode":null,"adm3_name":null,"adm4_pcode":null,"adm4_name":null,"name_latin":"Okpuwo-Imeze"},"geometry":{"type":"Point","coordinates":[7.2549,6.4728]}},
{"type":"Feature","properties":{"id":"node/501522119","name":"Amankwo","name_en":null,"name_yo":null,"place":"village","landuse":null,"population":null,"is_in":null,"source":null,"adm0_pcode":"NGA","adm0_name":"Nigeria","adm1_pcode":"NG014","adm1_name":"Enugu","adm2_pcode":"NG014006","adm2_name":"Ezeagu","adm3_pcode":null,"adm3_name":null,"adm4_pcode":null,"adm4_name":null,"name_latin":"Amankwo"},"geometry":{"type":"Point","coordinates":[7.2502945,6.483937]}},
{"type":"Feature","properties":{"id":"node/501332173","name":"Umulokpa","name_en":null,"name_yo":null,"place":"town","landuse":null,"population":null,"is_in":null,"source":null,"adm0_pcode":"NGA","adm0_name":"Nigeria","adm1_pcode":"NG014","adm1_name":"Enugu","adm2_pcode":"NG014017","adm2_name":"Uzo-Uwani","adm3_pcode":null,"adm3_name":null,"adm4_pcode":null,"adm4_name":null,"name_latin":"Umulokpa"},"geometry":{"type":"Point","coordinates":[7.0970484,6.5078722]}},
{"type":"Feature","properties":{"id":"node/14008728555","name":"Omor","name_en":null,"name_yo":null,"place":"town","landuse":null,"population":null,"is_in":null,"source":null,"adm0_pcode":"NGA","adm0_name":"Nigeria","adm1_pcode":"NG004","adm1_name":"Anambra","adm2_pcode":"NG004007","adm2_name":"Ayamelum","adm3_pcode":null,"adm3_name":null,"adm4_pcode":null,"adm4_name":null,"name_latin":"Omor"},"geometry":{"type":"Point","coordinates":[6.9574148,6.5191838]}},
{"type":"Feature","properties":{"id":"node/501437852","name":"Umabu","name_en":null,"name_yo":null,"place":"village","landuse":null,"population":null,"is_in":null,"source":null,"adm0_pcode":"NGA","adm0_name":"Nigeria","adm1_pcode":"NG004","adm1_name":"Anambra","adm2_pcode":"NG004007","adm2_name":"Ayamelum","adm3_pcode":null,"adm3_name":null,"adm4_pcode":null,"adm4_name":null,"name_latin":"Umabu"},"geometry":{"type":"Point","coordinates":[7.005652,6.526966]}},
{"type":"Feature","properties":{"id":"node/501347837","name":"Igbaku","name_en":null,"name_yo":null,"place":"village","landuse":null,"population":null,"is_in":null,"source":null,"adm0_pcode":"NGA","adm0_name":"Nigeria","adm1_pcode":"NG004","adm1_name":"Anambra","adm2_pcode":"NG004007","adm2_name":"Ayamelum","adm3_pcode":null,"adm3_name":null,"adm4_pcode":null,"adm4_name":null,"name_latin":"Igbaku"},"geometry":{"type":"Point","coordinates":[6.943521,6.54433]}},
{"type":"Feature","properties":{"id":"node/14109263565","name":"Amofia Agu","name_en":null,"name_yo":null,"place":"village","landuse":null,"population":null,"is_in":null,"source":null,"adm0_pcode":"NGA","adm0_name":"Nigeria","adm1_pcode":"NG014","adm1_name":"Enugu","adm2_pcode":"NG014016","adm2_name":"Udi","adm3_pcode":null,"adm3_name":null,"adm4_pcode":null,"adm4_name":null,"name_latin":"Amofia Agu"},"geometry":{"type":"Point","coordinates":[7.2516454,6.5683554]}},
{"type":"Feature","properties":{"id":"node/14109263566","name":"Adaba","name_en":null,"name_yo":null,"place":"village","landuse":null,"population":null,"is_in":null,"source":null,"adm0_pcode":"NGA","adm0_name":"Nigeria","adm1_pcode":"NG014","adm1_name":"Enugu","adm2_pcode":"NG014017","adm2_name":"Uzo-Uwani","adm3_pcode":null,"adm3_name":null,"adm4_pcode":null,"adm4_name":null,"name_latin":"Adaba"},"geometry":{"type":"Point","coordinates":[7.1294495,6.5704492]}},
{"type":"Feature","properties":{"id":"node/501469272","name":"Ifute","name_en":null,"name_yo":null,"place":"village","landuse":null,"population":null,"is_in":null,"source":null,"adm0_pcode":"NGA","adm0_name":"Nigeria","adm1_pcode":"NG004","adm1_name":"Anambra","adm2_pcode":"NG004007","adm2_name":"Ayamelum","adm3_pcode":null,"adm3_name":null,"adm4_pcode":null,"adm4_name":null,"name_latin":"Ifute"},"geometry":{"type":"Point","coordinates":[6.956347,6.604173]}},
{"type":"Feature","properties":{"id":"node/501431169","name":"Ukpata","name_en":null,"name_yo":null,"place":"town","landuse":null,"population":null,"is_in":null,"source":null,"adm0_pcode":"NGA","adm0_name":"Nigeria","adm1_pcode":"NG014","adm1_name":"Enugu","adm2_pcode":"NG014017","adm2_name":"Uzo-Uwani","adm3_pcode":null,"adm3_name":null,"adm4_pcode":null,"adm4_name":null,"name_latin":"Ukpata"},"geometry":{"type":"Point","coordinates":[7.1707,6.64]}},
{"type":"Feature","properties":{"id":"node/501515768","name":"Umueje","name_en":null,"name_yo":null,"place":"village","landuse":null,"population":null,"is_in":null,"source":null,"adm0_pcode":"NGA","adm0_name":"Nigeria","adm1_pcode":"NG004","adm1_name":"Anambra","adm2_pcode":"NG004007","adm2_name":"Ayamelum","adm3_pcode":null,"adm3_name":null,"adm4_pcode":null,"adm4_name":null,"name_latin":"Umueje"},"geometry":{"type":"Point","coordinates":[6.9554008,6.6906402]}},
{"type":"Feature","properties":{"id":"node/8852011265","name":"Adani","name_en":null,"name_yo":null,"place":"town","landuse":null,"population":null,"is_in":null,"source":null,"adm0_pcode":"NGA","adm0_name":"Nigeria","adm1_pcode":"NG014","adm1_name":"Enugu","adm2_pcode":"NG014017","adm2_name":"Uzo-Uwani","adm3_pcode":null,"adm3_name":null,"adm4_pcode":null,"adm4_name":null,"name_latin":"Adani"},"geometry":{"type":"Point","coordinates":[7.0156509,6.7352609]}},
{"type":"Feature","properties":{"id":"node/501488642","name":"Ogurugu","name_en":null,"name_yo":null,"place":"village","landuse":null,"population":null,"is_in":null,"source":null,"adm0_pcode":"NGA","adm0_name":"Nigeria","adm1_pcode":"NG014","adm1_name":"Enugu","adm2_pcode":"NG014017","adm2_name":"Uzo-Uwani","adm3_pcode":null,"adm3_name":null,"adm4_pcode":null,"adm4_name":null,"name_latin":"Ogurugu"},"geometry":{"type":"Point","coordinates":[6.951799,6.783495]}},
{"type":"Feature","properties":{"id":"node/501431385","name":"Nkwelegwu","name_en":null,"name_yo":null,"place":"village","landuse":null,"population":null,"is_in":null,"source":null,"adm0_pcode":"NGA","adm0_name":"Nigeria","adm1_pcode":"NG014","adm1_name":"Enugu","adm2_pcode":"NG014017","adm2_name":"Uzo-Uwani","adm3_pcode":null,"adm3_name":null,"adm4_pcode":null,"adm4_name":null,"name_latin":"Nkwelegwu"},"geometry":{"type":"Point","coordinates":[7.1811115,6.784937]}},
{"type":"Feature","properties":{"id":"node/501445830","name":"Nibo","name_en":null,"name_yo":null,"place":"village","landuse":null,"population":null,"is_in":null,"source":null,"adm0_pcode":"NGA","adm0_name":"Nigeria","adm1_pcode":"NG014","adm1_name":"Enugu","adm2_pcode":"NG014017","adm2_name":"Uzo-Uwani","adm3_pcode":null,"adm3_name":null,"adm4_pcode":null,"adm4_name":null,"name_latin":"Nibo"},"geometry":{"type":"Point","coordinates":[7.166667,6.816667]}},
{"type":"Feature","properties":{"id":"node/501485119","name":"Abi","name_en":null,"name_yo":null,"place":"village","landuse":null,"population":null,"is_in":null,"source":null,"adm0_pcode":"NGA","adm0_name":"Nigeria","adm1_pcode":"NG014","adm1_name":"Enugu","adm2_pcode":"NG014017","adm2_name":"Uzo-Uwani","adm3_pcode":null,"adm3_name":null,"adm4_pcode":null,"adm4_name":null,"name_latin":"Abi"},"geometry":{"type":"Point","coordinates":[7.2349,6.8362]}},
{"type":"Feature","properties":{"id":"node/501332352","name":"Ugwaka","name_en":null,"name_yo":null,"place":"village","landuse":null,"population":null,"is_in":null,"source":null,"adm0_pcode":"NGA","adm0_name":"Nigeria","adm1_pcode":"NG014","adm1_name":"Enugu","adm2_pcode":"NG014013","adm2_name":"Nsukka","adm3_pcode":null,"adm3_name":null,"adm4_pcode":null,"adm4_name":null,"name_latin":"Ugwaka"},"geometry":{"type":"Point","coordinates":[7.2386,6.946]}},
{"type":"Feature","properties":{"id":"node/501512322","name":"Jengre","name_en":null,"name_yo":null,"place":"village","landuse":null,"population":null,"is_in":null,"source":null,"adm0_pcode":"NGA","adm0_name":"Nigeria","adm1_pcode":"NG032","adm1_name":"Plateau","adm2_pcode":"NG032002","adm2_name":"Bassa","adm3_pcode":null,"adm3_name":null,"adm4_pcode":null,"adm4_name":null,"name_latin":"Jengre"},"geometry":{"type":"Point","coordinates":[8.7932111,10.2373669]}},
{"type":"Feature","properties":{"id":"node/501462010","name":"Fuskam;Fuskam Mata","name_en":null,"name_yo":null,"place":"village","landuse":null,"population":null,"is_in":null,"source":null,"adm0_pcode":"NGA","adm0_name":"Nigeria","adm1_pcode":"NG032","adm1_name":"Plateau","adm2_pcode":"NG032002","adm2_name":"Bassa","adm3_pcode":null,"adm3_name":null,"adm4_pcode":null,"adm4_name":null,"name_latin":"Fuskam;Fuskam Mata"},"geometry":{"type":"Point","coordinates":[8.8999211,10.1814846]}},
{"type":"Feature","properties":{"id":"node/501483096","name":"Karambana","name_en":null,"name_yo":null,"place":"village","landuse":null,"population":null,"is_in":null,"source":null,"adm0_pcode":"NGA","adm0_name":"Nigeria","adm1_pcode":"NG032","adm1_name":"Plateau","adm2_pcode":"NG032002","adm2_name":"Bassa","adm3_pcode":null,"adm3_name":null,"adm4_pcode":null,"adm4_name":null,"name_latin":"Karambana"},"geometry":{"type":"Point","coordinates":[8.6554769,10.1212238]}},
{"type":"Feature","properties":{"id":"node/501487343","name":"Unguwar Saya","name_en":null,"name_yo":null,"place":"village","landuse":null,"population":null,"is_in":null,"source":null,"adm0_pcode":"NGA","adm0_name":"Nigeria","adm1_pcode":"NG032","adm1_name":"Plateau","adm2_pcode":"NG032002","adm2_name":"Bassa","adm3_pcode":null,"adm3_name":null,"adm4_pcode":null,"adm4_name":null,"name_latin":"Unguwar Saya"},"geometry":{"type":"Point","coordinates":[8.882516,10.114669]}},
{"type":"Feature","properties":{"id":"node/501435232","name":"Tige","name_en":null,"name_yo":null,"place":"village","landuse":null,"population":null,"is_in":null,"source":null,"adm0_pcode":"NGA","adm0_name":"Nigeria","adm1_pcode":"NG032","adm1_name":"Plateau","adm2_pcode":"NG032002","adm2_name":"Bassa","adm3_pcode":null,"adm3_name":null,"adm4_pcode":null,"adm4_name":null,"name_latin":"Tige"},"geometry":{"type":"Point","coordinates":[8.805086,10.077339]}},
{"type":"Feature","properties":{"id":"node/501461932","name":"Joula","name_en":null,"name_yo":null,"place":"village","landuse":null,"population":null,"is_in":null,"source":null,"adm0_pcode":"NGA","adm0_name":"Nigeria","adm1_pcode":"NG032","adm1_name":"Plateau","adm2_pcode":"NG032002","adm2_name":"Bassa","adm3_pcode":null,"adm3_name":null,"adm4_pcode":null,"adm4_name":null,"name_latin":"Joula"},"geometry":{"type":"Point","coordinates":[8.948728,10.054632]}},
{"type":"Feature","properties":{"id":"node/501419260","name":"Umuta","name_en":null,"name_yo":null,"place":"village","landuse":null,"population":null,"is_in":null,"source":null,"adm0_pcode":"NGA","adm0_name":"Nigeria","adm1_pcode":"NG011","adm1_name":"Ebonyi","adm2_pcode":"NG011007","adm2_name":"Ikwo","adm3_pcode":null,"adm3_name":null,"adm4_pcode":null,"adm4_name":null,"name_latin":"Umuta"},"geometry":{"type":"Point","coordinates":[8.076734,6.059569]}},
{"type":"Feature","properties":{"id":"node/501527035","name":"Ogada","name_en":null,"name_yo":null,"place":"village","landuse":null,"population":null,"is_in":null,"source":null,"adm0_pcode":"NGA","adm0_name":"Nigeria","adm1_pcode":"NG011","adm1_name":"Ebonyi","adm2_pcode":"NG011007","adm2_name":"Ikwo","adm3_pcode":null,"adm3_name":null,"adm4_pcode":null,"adm4_name":null,"name_latin":"Ogada"},"geometry":{"type":"Point","coordinates":[8.2954381,6.0600325]}},
{"type":"Feature","properties":{"id":"node/501419333","name":"Igbudu","name_en":null,"name_yo":null,"place":"village","landuse":null,"population":null,"is_in":null,"source":null,"adm0_pcode":"NGA","adm0_name":"Nigeria","adm1_pcode":"NG011","adm1_name":"Ebonyi","adm2_pcode":"NG011007","adm2_name":"Ikwo","adm3_pcode":null,"adm3_name":null,"adm4_pcode":null,"adm4_name":null,"name_latin":"Igbudu"},"geometry":{"type":"Point","coordinates":[8.1078,6.0623]}},
{"type":"Feature","properties":{"id":"node/501373408","name":"Ikwo","name_en":null,"name_yo":null,"place":"village","landuse":null,"population":null,"is_in":null,"source":null,"adm0_pcode":"NGA","adm0_name":"Nigeria","adm1_pcode":"NG011","adm1_name":"Ebonyi","adm2_pcode":"NG011007","adm2_name":"Ikwo","adm3_pcode":null,"adm3_name":null,"adm4_pcode":null,"adm4_name":null,"name_latin":"Ikwo"},"geometry":{"type":"Point","coordinates":[8.1028,6.0716]}},
{"type":"Feature","properties":{"id":"node/501493510","name":"Ebiom","name_en":null,"name_yo":null,"place":"village","landuse":null,"population":null,"is_in":null,"source":null,"adm0_pcode":"NGA","adm0_name":"Nigeria","adm1_pcode":"NG011","adm1_name":"Ebonyi","adm2_pcode":"NG011007","adm2_name":"Ikwo","adm3_pcode":null,"adm3_name":null,"adm4_pcode":null,"adm4_name":null,"name_latin":"Ebiom"},"geometry":{"type":"Point","coordinates":[8.203239,6.073971]}},
{"type":"Feature","properties":{"id":"node/501527024","name":"Igboji","name_en":null,"name_yo":null,"place":"village","landuse":null,"population":null,"is_in":null,"source":null,"adm0_pcode":"NGA","adm0_name":"Nigeria","adm1_pcode":"NG011","adm1_name":"Ebonyi","adm2_pcode":"NG011007","adm2_name":"Ikwo","adm3_pcode":null,"adm3_name":null,"adm4_pcode":null,"adm4_name":null,"name_latin":"Igboji"},"geometry":{"type":"Point","coordinates":[8.1512,6.0802]}},
{"type":"Feature","properties":{"id":"node/501464841","name":"Eneagu","name_en":null,"name_yo":null,"place":"village","landuse":null,"population":null,"is_in":null,"source":null,"adm0_pcode":"NGA","adm0_name":"Nigeria","adm1_pcode":"NG011","adm1_name":"Ebonyi","adm2_pcode":"NG011013","adm2_name":"Onicha","adm3_pcode":null,"adm3_name":null,"adm4_pcode":null,"adm4_name":null,"name_latin":"Eneagu"},"geometry":{"type":"Point","coordinates":[7.8057,6.0883]}},
{"type":"Feature","properties":{"id":"node/501526988","name":"Mbode","name_en":null,"name_yo":null,"place":"village","landuse":null,"population":null,"is_in":null,"source":null,"adm0_pcode":"NGA","adm0_name":"Nigeria","adm1_pcode":"NG011","adm1_name":"Ebonyi","adm2_pcode":"NG011007","adm2_name":"Ikwo","adm3_pcode":null,"adm3_name":null,"adm4_pcode":null,"adm4_name":null,"name_latin":"Mbode"},"geometry":{"type":"Point","coordinates":[8.205979,6.088679]}},
{"type":"Feature","properties":{"id":"node/501493493","name":"Aru","name_en":null,"name_yo":null,"place":"village","landuse":null,"population":null,"is_in":null,"source":null,"adm0_pcode":"NGA","adm0_name":"Nigeria","adm1_pcode":"NG011","adm1_name":"Ebonyi","adm2_pcode":"NG011007","adm2_name":"Ikwo","adm3_pcode":null,"adm3_name":null,"adm4_pcode":null,"adm4_name":null,"name_latin":"Aru"},"geometry":{"type":"Point","coordinates":[8.1763,6.093]}},
{"type":"Feature","properties":{"id":"node/501505493","name":"Ohike","name_en":null,"name_yo":null,"place":"village","landuse":null,"population":null,"is_in":null,"source":null,"adm0_pcode":"NGA","adm0_name":"Nigeria","adm1_pcode":"NG011","adm1_name":"Ebonyi","adm2_pcode":"NG011007","adm2_name":"Ikwo","adm3_pcode":null,"adm3_name":null,"adm4_pcode":null,"adm4_name":null,"name_latin":"Ohike"},"geometry":{"type":"Point","coordinates":[8.284218,6.095379]}},
{"type":"Feature","properties":{"id":"node/501372621","name":"Efie Mgbabu","name_en":null,"name_yo":null,"place":"village","landuse":null,"population":null,"is_in":null,"source":null,"adm0_pcode":"NGA","adm0_name":"Nigeria","adm1_pcode":"NG011","adm1_name":"Ebonyi","adm2_pcode":"NG011007","adm2_name":"Ikwo","adm3_pcode":null,"adm3_name":null,"adm4_pcode":null,"adm4_name":null,"name_latin":"Efie Mgbabu"},"geometry":{"type":"Point","coordinates":[8.1527848,6.0959124]}},
{"type":"Feature","properties":{"id":"node/501418941","name":"Akahufu Akpanundele","name_en":null,"name_yo":null,"place":"village","landuse":null,"population":null,"is_in":null,"source":null,"adm0_pcode":"NGA","adm0_name":"Nigeria","adm1_pcode":"NG011","adm1_name":"Ebonyi","adm2_pcode":"NG011007","adm2_name":"Ikwo","adm3_pcode":null,"adm3_name":null,"adm4_pcode":null,"adm4_name":null,"name_latin":"Akahufu Akpanundele"},"geometry":{"type":"Point","coordinates":[8.23,6.0979]}},
{"type":"Feature","properties":{"id":"node/501405402","name":"Omega Achara","name_en":null,"name_yo":null,"place":"village","landuse":null,"population":null,"is_in":null,"source":null,"adm0_pcode":"NGA","adm0_name":"Nigeria","adm1_pcode":"NG011","adm1_name":"Ebonyi","adm2_pcode":"NG011007","adm2_name":"Ikwo","adm3_pcode":null,"adm3_name":null,"adm4_pcode":null,"adm4_name":null,"name_latin":"Omega Achara"},"geometry":{"type":"Point","coordinates":[8.233333,6.1]}},
{"type":"Feature","properties":{"id":"node/501431564","name":"Uduma","name_en":null,"name_yo":null,"place":"town","landuse":null,"population":null,"is_in":null,"source":null,"adm0_pcode":"NGA","adm0_name":"Nigeria","adm1_pcode":"NG014","adm1_name":"Enugu","adm2_pcode":"NG014001","adm2_name":"Aninri","adm3_pcode":null,"adm3_name":null,"adm4_pcode":null,"adm4_name":null,"name_latin":"Uduma"},"geometry":{"type":"Point","coordinates":[7.6081,6.1012]}},
{"type":"Feature","properties":{"id":"node/501493552","name":"Eka","name_en":null,"name_yo":null,"place":"village","landuse":null,"population":null,"is_in":null,"source":null,"adm0_pcode":"NGA","adm0_name":"Nigeria","adm1_pcode":"NG011","adm1_name":"Ebonyi","adm2_pcode":"NG011007","adm2_name":"Ikwo","adm3_pcode":null,"adm3_name":null,"adm4_pcode":null,"adm4_name":null,"name_latin":"Eka"},"geometry":{"type":"Point","coordinates":[8.139579,6.109272]}},
{"type":"Feature","properties":{"id":"node/501372590","name":"Eleke","name_en":null,"name_yo":null,"place":"village","landuse":null,"population":null,"is_in":null,"source":null,"adm0_pcode":"NGA","adm0_name":"Nigeria","adm1_pcode":"NG011","adm1_name":"Ebonyi","adm2_pcode":"NG011007","adm2_name":"Ikwo","adm3_pcode":null,"adm3_name":null,"adm4_pcode":null,"adm4_name":null,"name_latin":"Eleke"},"geometry":{"type":"Point","coordinates":[8.1556869,6.1099208]}},
{"type":"Feature","properties":{"id":"node/501419207","name":"Ndilche Achara","name_en":null,"name_yo":null,"place":"village","landuse":null,"population":null,"is_in":null,"source":null,"adm0_pcode":"NGA","adm0_name":"Nigeria","adm1_pcode":"NG011","adm1_name":"Ebonyi","adm2_pcode":"NG011007","adm2_name":"Ikwo","adm3_pcode":null,"adm3_name":null,"adm4_pcode":null,"adm4_name":null,"name_latin":"Ndilche Achara"},"geometry":{"type":"Point","coordinates":[8.193642,6.115185]}},
{"type":"Feature","properties":{"id":"node/10879387848","name":"Onuebonyi Echara","name_en":null,"name_yo":null,"place":"town","landuse":null,"population":null,"is_in":null,"source":null,"adm0_pcode":"NGA","adm0_name":"Nigeria","adm1_pcode":"NG011","adm1_name":"Ebonyi","adm2_pcode":"NG011007","adm2_name":"Ikwo","adm3_pcode":null,"adm3_name":null,"adm4_pcode":null,"adm4_name":null,"name_latin":"Onuebonyi Echara"},"geometry":{"type":"Point","coordinates":[8.1663449,6.1158708]}},
{"type":"Feature","properties":{"id":"node/501496934","name":"Onicha","name_en":null,"name_yo":null,"place":"town","landuse":null,"population":null,"is_in":null,"source":null,"adm0_pcode":"NGA","adm0_name":"Nigeria","adm1_pcode":"NG011","adm1_name":"Ebonyi","adm2_pcode":"NG011013","adm2_name":"Onicha","adm3_pcode":null,"adm3_name":null,"adm4_pcode":null,"adm4_name":null,"name_latin":"Onicha"},"geometry":{"type":"Point","coordinates":[7.8348576,6.1162455]}},
{"type":"Feature","properties":{"id":"node/501359657","name":"Achara Ndiagu Omegio","name_en":null,"name_yo":null,"place":"village","landuse":null,"population":null,"is_in":null,"source":null,"adm0_pcode":"NGA","adm0_name":"Nigeria","adm1_pcode":"NG011","adm1_name":"Ebonyi","adm2_pcode":"NG011007","adm2_name":"Ikwo","adm3_pcode":null,"adm3_name":null,"adm4_pcode":null,"adm4_name":null,"name_latin":"Achara Ndiagu Omegio"},"geometry":{"type":"Point","coordinates":[8.15,6.133333]}},
{"type":"Feature","properties":{"id":"node/501496874","name":"Amaofu","name_en":null,"name_yo":null,"place":"village","landuse":null,"population":null,"is_in":null,"source":null,"adm0_pcode":"NGA","adm0_name":"Nigeria","adm1_pcode":"NG014","adm1_name":"Enugu","adm2_pcode":"NG014011","adm2_name":"Nkanu East","adm3_pcode":null,"adm3_name":null,"adm4_pcode":null,"adm4_name":null,"name_latin":"Amaofu"},"geometry":{"type":"Point","coordinates":[7.6775,6.1568]}},
{"type":"Feature","properties":{"id":"node/5941647125","name":"Ndiofutu Echara","name_en":null,"name_yo":null,"place":"village","landuse":null,"population":"2000","is_in":null,"source":null,"adm0_pcode":"NGA","adm0_name":"Nigeria","adm1_pcode":"NG011","adm1_name":"Ebonyi","adm2_pcode":"NG011007","adm2_name":"Ikwo","adm3_pcode":null,"adm3_name":null,"adm4_pcode":null,"adm4_name":null,"name_latin":"Ndiofutu Echara"},"geometry":{"type":"Point","coordinates":[8.2975232,6.1663717]}},
{"type":"Feature","properties":{"id":"node/501484914","name":"Agbabor-Isu","name_en":null,"name_yo":null,"place":"village","landuse":null,"population":null,"is_in":null,"source":null,"adm0_pcode":"NGA","adm0_name":"Nigeria","adm1_pcode":"NG011","adm1_name":"Ebonyi","adm2_pcode":"NG011013","adm2_name":"Onicha","adm3_pcode":null,"adm3_name":null,"adm4_pcode":null,"adm4_name":null,"name_latin":"Agbabor-Isu"},"geometry":{"type":"Point","coordinates":[7.8427,6.1666]}},
{"type":"Feature","properties":{"id":"node/10972112151","name":"Onueke","name_en":null,"name_yo":null,"place":"town","landuse":null,"population":null,"is_in":null,"source":null,"adm0_pcode":"NGA","adm0_name":"Nigeria","adm1_pcode":"NG011","adm1_name":"Ebonyi","adm2_pcode":"NG011006","adm2_name":"Ezza South","adm3_pcode":null,"adm3_name":null,"adm4_pcode":null,"adm4_name":null,"name_latin":"Onueke"},"geometry":{"type":"Point","coordinates":[8.0278774,6.1669823]}},
{"type":"Feature","properties":{"id":"node/3778348137","name":"Elekpe","name_en":null,"name_yo":null,"place":"hamlet","landuse":null,"population":null,"is_in":null,"source":null,"adm0_pcode":"NGA","adm0_name":"Nigeria","adm1_pcode":"NG011","adm1_name":"Ebonyi","adm2_pcode":"NG011007","adm2_name":"Ikwo","adm3_pcode":null,"adm3_name":null,"adm4_pcode":null,"adm4_name":null,"name_latin":"Elekpe"},"geometry":{"type":"Point","coordinates":[8.3010555,6.1687207]}},
{"type":"Feature","properties":{"id":"node/10972124485","name":"Eka","name_en":null,"name_yo":null,"place":"village","landuse":null,"population":null,"is_in":null,"source":null,"adm0_pcode":"NGA","adm0_name":"Nigeria","adm1_pcode":"NG011","adm1_name":"Ebonyi","adm2_pcode":"NG011005","adm2_name":"Ezza North","adm3_pcode":null,"adm3_name":null,"adm4_pcode":null,"adm4_name":null,"name_latin":"Eka"},"geometry":{"type":"Point","coordinates":[8.0108187,6.1757674]}},
{"type":"Feature","properties":{"id":"node/501518747","name":"Ebiagi","name_en":null,"name_yo":null,"place":"village","landuse":null,"population":null,"is_in":null,"source":null,"adm0_pcode":"NGA","adm0_name":"Nigeria","adm1_pcode":"NG011","adm1_name":"Ebonyi","adm2_pcode":"NG011007","adm2_name":"Ikwo","adm3_pcode":null,"adm3_name":null,"adm4_pcode":null,"adm4_name":null,"name_latin":"Ebiagi"},"geometry":{"type":"Point","coordinates":[8.210003,6.180917]}},
{"type":"Feature","properties":{"id":"node/501518640","name":"Okpura Egbu","name_en":null,"name_yo":null,"place":"village","landuse":null,"population":null,"is_in":null,"source":null,"adm0_pcode":"NGA","adm0_name":"Nigeria","adm1_pcode":"NG011","adm1_name":"Ebonyi","adm2_pcode":"NG011006","adm2_name":"Ezza South","adm3_pcode":null,"adm3_name":null,"adm4_pcode":null,"adm4_name":null,"name_latin":"Okpura Egbu"},"geometry":{"type":"Point","coordinates":[8.0558091,6.1853124]}},
{"type":"Feature","properties":{"id":"node/501505495","name":"Enyibichiri","name_en":null,"name_yo":null,"place":"village","landuse":null,"population":null,"is_in":null,"source":null,"adm0_pcode":"NGA","adm0_name":"Nigeria","adm1_pcode":"NG011","adm1_name":"Ebonyi","adm2_pcode":"NG011007","adm2_name":"Ikwo","adm3_pcode":null,"adm3_name":null,"adm4_pcode":null,"adm4_name":null,"name_latin":"Enyibichiri"},"geometry":{"type":"Point","coordinates":[8.275591,6.191588]}},
{"type":"Feature","properties":{"id":"node/501332154","name":"Umuezeaka","name_en":null,"name_yo":null,"place":"village","landuse":null,"population":null,"is_in":null,"source":null,"adm0_pcode":"NGA","adm0_name":"Nigeria","adm1_pcode":"NG011","adm1_name":"Ebonyi","adm2_pcode":"NG011005","adm2_name":"Ezza North","adm3_pcode":null,"adm3_name":null,"adm4_pcode":null,"adm4_name":null,"name_latin":"Umuezeaka"},"geometry":{"type":"Point","coordinates":[7.9733858,6.196866]}},
{"type":"Feature","properties":{"id":"node/501373377","name":"Nwafo Oge","name_en":null,"name_yo":null,"place":"village","landuse":null,"population":null,"is_in":null,"source":null,"adm0_pcode":"NGA","adm0_name":"Nigeria","adm1_pcode":"NG011","adm1_name":"Ebonyi","adm2_pcode":"NG011001","adm2_name":"Abakaliki","adm3_pcode":null,"adm3_name":null,"adm4_pcode":null,"adm4_name":null,"name_latin":"Nwafo Oge"},"geometry":{"type":"Point","coordinates":[8.168891,6.204707]}},
{"type":"Feature","properties":{"id":"node/501518763","name":"Eketube","name_en":null,"name_yo":null,"place":"village","landuse":null,"population":null,"is_in":null,"source":null,"adm0_pcode":"NGA","adm0_name":"Nigeria","adm1_pcode":"NG011","adm1_name":"Ebonyi","adm2_pcode":"NG011007","adm2_name":"Ikwo","adm3_pcode":null,"adm3_name":null,"adm4_pcode":null,"adm4_name":null,"name_latin":"Eketube"},"geometry":{"type":"Point","coordinates":[8.2098,6.2087]}},
{"type":"Feature","properties":{"id":"node/501505626","name":"Echialike","name_en":null,"name_yo":null,"place":"village","landuse":null,"population":null,"is_in":null,"source":null,"adm0_pcode":"NGA","adm0_name":"Nigeria","adm1_pcode":"NG011","adm1_name":"Ebonyi","adm2_pcode":"NG011007","adm2_name":"Ikwo","adm3_pcode":null,"adm3_name":null,"adm4_pcode":null,"adm4_name":null,"name_latin":"Echialike"},"geometry":{"type":"Point","coordinates":[8.22091,6.209298]}},
{"type":"Feature","properties":{"id":"node/501332161","name":"Nara Unateze","name_en":null,"name_yo":null,"place":"village","landuse":null,"population":null,"is_in":null,"source":null,"adm0_pcode":"NGA","adm0_name":"Nigeria","adm1_pcode":"NG014","adm1_name":"Enugu","adm2_pcode":"NG014011","adm2_name":"Nkanu East","adm3_pcode":null,"adm3_name":null,"adm4_pcode":null,"adm4_name":null,"name_latin":"Nara Unateze"},"geometry":{"type":"Point","coordinates":[7.655137,6.2139215]}},
{"type":"Feature","properties":{"id":"node/501419003","name":"Ezzo Abia","name_en":null,"name_yo":null,"place":"village","landuse":null,"population":null,"is_in":null,"source":null,"adm0_pcode":"NGA","adm0_name":"Nigeria","adm1_pcode":"NG011","adm1_name":"Ebonyi","adm2_pcode":"NG011001","adm2_name":"Abakaliki","adm3_pcode":null,"adm3_name":null,"adm4_pcode":null,"adm4_name":null,"name_latin":"Ezzo Abia"},"geometry":{"type":"Point","coordinates":[8.0653,6.2181]}},
{"type":"Feature","properties":{"id":"node/501419328","name":"Ngelegede","name_en":null,"name_yo":null,"place":"village","landuse":null,"population":null,"is_in":null,"source":null,"adm0_pcode":"NGA","adm0_name":"Nigeria","adm1_pcode":"NG011","adm1_name":"Ebonyi","adm2_pcode":"NG011001","adm2_name":"Abakaliki","adm3_pcode":null,"adm3_name":null,"adm4_pcode":null,"adm4_name":null,"name_latin":"Ngelegede"},"geometry":{"type":"Point","coordinates":[8.214046,6.218795]}},
{"type":"Feature","properties":{"id":"node/501373123","name":"Ijutum","name_en":null,"name_yo":null,"place":"village","landuse":null,"population":null,"is_in":null,"source":null,"adm0_pcode":"NGA","adm0_name":"Nigeria","adm1_pcode":"NG011","adm1_name":"Ebonyi","adm2_pcode":"NG011001","adm2_name":"Abakaliki","adm3_pcode":null,"adm3_name":null,"adm4_pcode":null,"adm4_name":null,"name_latin":"Ijutum"},"geometry":{"type":"Point","coordinates":[8.3868692,6.2193081]}},
{"type":"Feature","properties":{"id":"node/10974008154","name":"Ebiaji Town","name_en":null,"name_yo":null,"place":"town","landuse":null,"population":null,"is_in":null,"source":null,"adm0_pcode":"NGA","adm0_name":"Nigeria","adm1_pcode":"NG011","adm1_name":"Ebonyi","adm2_pcode":"NG011005","adm2_name":"Ezza North","adm3_pcode":null,"adm3_name":null,"adm4_pcode":null,"adm4_name":null,"name_latin":"Ebiaji Town"},"geometry":{"type":"Point","coordinates":[7.9944893,6.2221786]}},
{"type":"Feature","properties":{"id":"node/501476314","name":"Azu Anyim","name_en":null,"name_yo":null,"place":"village","landuse":null,"population":null,"is_in":null,"source":null,"adm0_pcode":"NGA","adm0_name":"Nigeria","adm1_pcode":"NG011","adm1_name":"Ebonyi","adm2_pcode":"NG011001","adm2_name":"Abakaliki","adm3_pcode":null,"adm3_name":null,"adm4_pcode":null,"adm4_name":null,"name_latin":"Azu Anyim"},"geometry":{"type":"Point","coordinates":[8.378136,6.228595]}},
{"type":"Feature","properties":{"id":"node/501505613","name":"Ndiabo","name_en":null,"name_yo":null,"place":"village","landuse":null,"population":null,"is_in":null,"source":null,"adm0_pcode":"NGA","adm0_name":"Nigeria","adm1_pcode":"NG011","adm1_name":"Ebonyi","adm2_pcode":"NG011001","adm2_name":"Abakaliki","adm3_pcode":null,"adm3_name":null,"adm4_pcode":null,"adm4_name":null,"name_latin":"Ndiabo"},"geometry":{"type":"Point","coordinates":[8.081252,6.243848]}},
{"type":"Feature","properties":{"id":"node/501452535","name":"Ovoaba","name_en":null,"name_yo":null,"place":"village","landuse":null,"population":null,"is_in":null,"source":null,"adm0_pcode":"NGA","adm0_name":"Nigeria","adm1_pcode":"NG011","adm1_name":"Ebonyi","adm2_pcode":"NG011001","adm2_name":"Abakaliki","adm3_pcode":null,"adm3_name":null,"adm4_pcode":null,"adm4_name":null,"name_latin":"Ovoaba"},"geometry":{"type":"Point","coordinates":[8.332488,6.267403]}},
{"type":"Feature","properties":{"id":"node/501372918","name":"Obagu Ete","name_en":null,"name_yo":null,"place":"village","landuse":null,"population":null,"is_in":null,"source":null,"adm0_pcode":"NGA","adm0_name":"Nigeria","adm1_pcode":"NG011","adm1_name":"Ebonyi","adm2_pcode":"NG011001","adm2_name":"Abakaliki","adm3_pcode":null,"adm3_name":null,"adm4_pcode":null,"adm4_name":null,"name_latin":"Obagu Ete"},"geometry":{"type":"Point","coordinates":[8.38475,6.277569]}},
{"type":"Feature","properties":{"id":"node/501419266","name":"Okum","name_en":null,"name_yo":null,"place":"village","landuse":null,"population":null,"is_in":null,"source":null,"adm0_pcode":"NGA","adm0_name":"Nigeria","adm1_pcode":"NG011","adm1_name":"Ebonyi","adm2_pcode":"NG011001","adm2_name":"Abakaliki","adm3_pcode":null,"adm3_name":null,"adm4_pcode":null,"adm4_name":null,"name_latin":"Okum"},"geometry":{"type":"Point","coordinates":[8.3095,6.278]}},
{"type":"Feature","properties":{"id":"node/501419017","name":"Apiapum Eja","name_en":null,"name_yo":null,"place":"village","landuse":null,"population":null,"is_in":null,"source":null,"adm0_pcode":"NGA","adm0_name":"Nigeria","adm1_pcode":"NG011","adm1_name":"Ebonyi","adm2_pcode":"NG011001","adm2_name":"Abakaliki","adm3_pcode":null,"adm3_name":null,"adm4_pcode":null,"adm4_name":null,"name_latin":"Apiapum Eja"},"geometry":{"type":"Point","coordinates":[8.394528,6.279097]}},
{"type":"Feature","properties":{"id":"node/13266411667","name":"Nsude","name_en":null,"name_yo":null,"place":"village","landuse":null,"population":null,"is_in":null,"source":null,"adm0_pcode":"NGA","adm0_name":"Nigeria","adm1_pcode":"NG014","adm1_name":"Enugu","adm2_pcode":"NG014016","adm2_name":"Udi","adm3_pcode":null,"adm3_name":null,"adm4_pcode":null,"adm4_name":null,"name_latin":"Nsude"},"geometry":{"type":"Point","coordinates":[7.4013385,6.3966389]}},
{"type":"Feature","properties":{"id":"node/13799490201","name":"Ezeagu","name_en":null,"name_yo":null,"place":"town","landuse":null,"population":null,"is_in":null,"source":null,"adm0_pcode":"NGA","adm0_name":"Nigeria","adm1_pcode":"NG014","adm1_name":"Enugu","adm2_pcode":"NG014006","adm2_name":"Ezeagu","adm3_pcode":null,"adm3_name":null,"adm4_pcode":null,"adm4_name":null,"name_latin":"Ezeagu"},"geometry":{"type":"Point","coordinates":[7.2906467,6.3848387]}},
{"type":"Feature","properties":{"id":"node/501431689","name":"Abaja-Awwa","name_en":null,"name_yo":null,"place":"village","landuse":null,"population":null,"is_in":null,"source":null,"adm0_pcode":"NGA","adm0_name":"Nigeria","adm1_pcode":"NG014","adm1_name":"Enugu","adm2_pcode":"NG014006","adm2_name":"Ezeagu","adm3_pcode":null,"adm3_name":null,"adm4_pcode":null,"adm4_name":null,"name_latin":"Abaja-Awwa"},"geometry":{"type":"Point","coordinates":[7.303,6.3735]}},
{"type":"Feature","properties":{"id":"node/13173738605","name":"Owa","name_en":null,"name_yo":null,"place":"village","landuse":null,"population":null,"is_in":null,"source":null,"adm0_pcode":"NGA","adm0_name":"Nigeria","adm1_pcode":"NG014","adm1_name":"Enugu","adm2_pcode":"NG014006","adm2_name":"Ezeagu","adm3_pcode":null,"adm3_name":null,"adm4_pcode":null,"adm4_name":null,"name_latin":"Owa"},"geometry":{"type":"Point","coordinates":[7.3651366,6.3680064]}},
{"type":"Feature","properties":{"id":"node/13153923118","name":"Evuazu","name_en":null,"name_yo":null,"place":"village","landuse":null,"population":null,"is_in":null,"source":null,"adm0_pcode":"NGA","adm0_name":"Nigeria","adm1_pcode":"NG014","adm1_name":"Enugu","adm2_pcode":"NG014006","adm2_name":"Ezeagu","adm3_pcode":null,"adm3_name":null,"adm4_pcode":null,"adm4_name":null,"name_latin":"Evuazu"},"geometry":{"type":"Point","coordinates":[7.37749,6.3577143]}},
{"type":"Feature","properties":{"id":"node/13266411666","name":"Obioma","name_en":null,"name_yo":null,"place":"village","landuse":null,"population":null,"is_in":null,"source":null,"adm0_pcode":"NGA","adm0_name":"Nigeria","adm1_pcode":"NG014","adm1_name":"Enugu","adm2_pcode":"NG014016","adm2_name":"Udi","adm3_pcode":null,"adm3_name":null,"adm4_pcode":null,"adm4_name":null,"name_latin":"Obioma"},"geometry":{"type":"Point","coordinates":[7.3993506,6.3567785]}},
{"type":"Feature","properties":{"id":"node/13438655148","name":"Agulu-Nta","name_en":null,"name_yo":null,"place":"village","landuse":null,"population":null,"is_in":null,"source":null,"adm0_pcode":"NGA","adm0_name":"Nigeria","adm1_pcode":"NG014","adm1_name":"Enugu","adm2_pcode":"NG014006","adm2_name":"Ezeagu","adm3_pcode":null,"adm3_name":null,"adm4_pcode":null,"adm4_name":null,"name_latin":"Agulu-Nta"},"geometry":{"type":"Point","coordinates":[7.3635945,6.3523999]}},
{"type":"Feature","properties":{"id":"node/13153923114","name":"Ekeagu","name_en":null,"name_yo":null,"place":"hamlet","landuse":null,"population":null,"is_in":null,"source":null,"adm0_pcode":"NGA","adm0_name":"Nigeria","adm1_pcode":"NG014","adm1_name":"Enugu","adm2_pcode":"NG014006","adm2_name":"Ezeagu","adm3_pcode":null,"adm3_name":null,"adm4_pcode":null,"adm4_name":null,"name_latin":"Ekeagu"},"geometry":{"type":"Point","coordinates":[7.3663148,6.3510106]}},
{"type":"Feature","properties":{"id":"node/13153923115","name":"Obeleagu Umana","name_en":null,"name_yo":null,"place":"village","landuse":null,"population":null,"is_in":null,"source":null,"adm0_pcode":"NGA","adm0_name":"Nigeria","adm1_pcode":"NG014","adm1_name":"Enugu","adm2_pcode":"NG014006","adm2_name":"Ezeagu","adm3_pcode":null,"adm3_name":null,"adm4_pcode":null,"adm4_name":null,"name_latin":"Obeleagu Umana"},"geometry":{"type":"Point","coordinates":[7.3620262,6.344058]}},
{"type":"Feature","properties":{"id":"node/501333104","name":"Umudim","name_en":null,"name_yo":null,"place":"village","landuse":null,"population":null,"is_in":null,"source":null,"adm0_pcode":"NGA","adm0_name":"Nigeria","adm1_pcode":"NG014","adm1_name":"Enugu","adm2_pcode":"NG014016","adm2_name":"Udi","adm3_pcode":null,"adm3_name":null,"adm4_pcode":null,"adm4_name":null,"name_latin":"Umudim"},"geometry":{"type":"Point","coordinates":[7.3846796,6.3364184]}},
{"type":"Feature","properties":{"id":"node/501394982","name":"Abia","name_en":null,"name_yo":null,"place":"village","landuse":null,"population":null,"is_in":null,"source":null,"adm0_pcode":"NGA","adm0_name":"Nigeria","adm1_pcode":"NG014","adm1_name":"Enugu","adm2_pcode":"NG014016","adm2_name":"Udi","adm3_pcode":null,"adm3_name":null,"adm4_pcode":null,"adm4_name":null,"name_latin":"Abia"},"geometry":{"type":"Point","coordinates":[7.4085467,6.3363297]}},
{"type":"Feature","properties":{"id":"node/501431274","name":"Udi","name_en":null,"name_yo":null,"place":"town","landuse":null,"population":null,"is_in":null,"source":null,"adm0_pcode":"NGA","adm0_name":"Nigeria","adm1_pcode":"NG014","adm1_name":"Enugu","adm2_pcode":"NG014016","adm2_name":"Udi","adm3_pcode":null,"adm3_name":null,"adm4_pcode":null,"adm4_name":null,"name_latin":"Udi"},"geometry":{"type":"Point","coordinates":[7.397846,6.3227337]}},
{"type":"Feature","properties":{"id":"node/13471617652","name":"Umueze","name_en":null,"name_yo":null,"place":"village","landuse":null,"population":null,"is_in":null,"source":null,"adm0_pcode":"NGA","adm0_name":"Nigeria","adm1_pcode":"NG014","adm1_name":"Enugu","adm2_pcode":"NG014012","adm2_name":"Nkanu West","adm3_pcode":null,"adm3_name":null,"adm4_pcode":null,"adm4_name":null,"name_latin":"Umueze"},"geometry":{"type":"Point","coordinates":[7.5333827,6.3167942]}},
{"type":"Feature","properties":{"id":"node/13232911893","name":"Agbani","name_en":null,"name_yo":null,"place":"town","landuse":null,"population":null,"is_in":null,"source":null,"adm0_pcode":"NGA","adm0_name":"Nigeria","adm1_pcode":"NG014","adm1_name":"Enugu","adm2_pcode":"NG014012","adm2_name":"Nkanu West","adm3_pcode":null,"adm3_name":null,"adm4_pcode":null,"adm4_name":null,"name_latin":"Agbani"},"geometry":{"type":"Point","coordinates":[7.5511024,6.311068]}},
{"type":"Feature","properties":{"id":"node/501513987","name":"Ozalla","name_en":null,"name_yo":null,"place":"village","landuse":null,"population":null,"is_in":null,"source":null,"adm0_pcode":"NGA","adm0_name":"Nigeria","adm1_pcode":"NG014","adm1_name":"Enugu","adm2_pcode":"NG014012","adm2_name":"Nkanu West","adm3_pcode":null,"adm3_name":null,"adm4_pcode":null,"adm4_name":null,"name_latin":"Ozalla"},"geometry":{"type":"Point","coordinates":[7.4856575,6.3104711]}},
{"type":"Feature","properties":{"id":"node/501522099","name":"Obe","name_en":null,"name_yo":null,"place":"village","landuse":null,"population":null,"is_in":null,"source":null,"adm0_pcode":"NGA","adm0_name":"Nigeria","adm1_pcode":"NG014","adm1_name":"Enugu","adm2_pcode":"NG014012","adm2_name":"Nkanu West","adm3_pcode":null,"adm3_name":null,"adm4_pcode":null,"adm4_name":null,"name_latin":"Obe"},"geometry":{"type":"Point","coordinates":[7.510113,6.3070855]}},
{"type":"Feature","properties":{"id":"node/501430863","name":"Amokwe","name_en":null,"name_yo":null,"place":"village","landuse":null,"population":null,"is_in":null,"source":null,"adm0_pcode":"NGA","adm0_name":"Nigeria","adm1_pcode":"NG014","adm1_name":"Enugu","adm2_pcode":"NG014016","adm2_name":"Udi","adm3_pcode":null,"adm3_name":null,"adm4_pcode":null,"adm4_name":null,"name_latin":"Amokwe"},"geometry":{"type":"Point","coordinates":[7.3715582,6.2975462]}},
{"type":"Feature","properties":{"id":"node/501394331","name":"Obinagu","name_en":null,"name_yo":null,"place":"village","landuse":null,"population":null,"is_in":null,"source":null,"adm0_pcode":"NGA","adm0_name":"Nigeria","adm1_pcode":"NG014","adm1_name":"Enugu","adm2_pcode":"NG014016","adm2_name":"Udi","adm3_pcode":null,"adm3_name":null,"adm4_pcode":null,"adm4_name":null,"name_latin":"Obinagu"},"geometry":{"type":"Point","coordinates":[7.3975,6.2865]}},
{"type":"Feature","properties":{"id":"node/501331835","name":"Nachi","name_en":null,"name_yo":null,"place":"town","landuse":null,"population":null,"is_in":null,"source":null,"adm0_pcode":"NGA","adm0_name":"Nigeria","adm1_pcode":"NG014","adm1_name":"Enugu","adm2_pcode":"NG014016","adm2_name":"Udi","adm3_pcode":null,"adm3_name":null,"adm4_pcode":null,"adm4_name":null,"name_latin":"Nachi"},"geometry":{"type":"Point","coordinates":[7.3386,6.2848]}},
{"type":"Feature","properties":{"id":"node/501464448","name":"Umuagu","name_en":null,"name_yo":null,"place":"village","landuse":null,"population":null,"is_in":null,"source":null,"adm0_pcode":"NGA","adm0_name":"Nigeria","adm1_pcode":"NG014","adm1_name":"Enugu","adm2_pcode":"NG014016","adm2_name":"Udi","adm3_pcode":null,"adm3_name":null,"adm4_pcode":null,"adm4_name":null,"name_latin":"Umuagu"},"geometry":{"type":"Point","coordinates":[7.3535952,6.2637635]}},
{"type":"Feature","properties":{"id":"node/501496806","name":"Agbogugu","name_en":null,"name_yo":null,"place":"village","landuse":null,"population":null,"is_in":null,"source":null,"adm0_pcode":"NGA","adm0_name":"Nigeria","adm1_pcode":"NG014","adm1_name":"Enugu","adm2_pcode":"NG014002","adm2_name":"Awgu","adm3_pcode":null,"adm3_name":null,"adm4_pcode":null,"adm4_name":null,"name_latin":"Agbogugu"},"geometry":{"type":"Point","coordinates":[7.4739345,6.256283]}},
{"type":"Feature","properties":{"id":"node/6038007090","name":"Umuoye","name_en":null,"name_yo":null,"place":"village","landuse":null,"population":null,"is_in":null,"source":null,"adm0_pcode":"NGA","adm0_name":"Nigeria","adm1_pcode":"NG014","adm1_name":"Enugu","adm2_pcode":"NG014002","adm2_name":"Awgu","adm3_pcode":null,"adm3_name":null,"adm4_pcode":null,"adm4_name":null,"name_latin":"Umuoye"},"geometry":{"type":"Point","coordinates":[7.4690299,6.2467089]}},
{"type":"Feature","properties":{"id":"node/501464520","name":"Abudu-Isu","name_en":null,"name_yo":null,"place":"village","landuse":null,"population":null,"is_in":null,"source":null,"adm0_pcode":"NGA","adm0_name":"Nigeria","adm1_pcode":"NG014","adm1_name":"Enugu","adm2_pcode":"NG014002","adm2_name":"Awgu","adm3_pcode":null,"adm3_name":null,"adm4_pcode":null,"adm4_name":null,"name_latin":"Abudu-Isu"},"geometry":{"type":"Point","coordinates":[7.4198,6.2332]}},
{"type":"Feature","properties":{"id":"node/501484895","name":"Ohali-Achi","name_en":null,"name_yo":null,"place":"village","landuse":null,"population":null,"is_in":null,"source":null,"adm0_pcode":"NGA","adm0_name":"Nigeria","adm1_pcode":"NG014","adm1_name":"Enugu","adm2_pcode":"NG014014","adm2_name":"Oji-River","adm3_pcode":null,"adm3_name":null,"adm4_pcode":null,"adm4_name":null,"name_latin":"Ohali-Achi"},"geometry":{"type":"Point","coordinates":[7.3093,6.2066]}},
{"type":"Feature","properties":{"id":"node/501484892","name":"Owelle","name_en":null,"name_yo":null,"place":"village","landuse":null,"population":null,"is_in":null,"source":null,"adm0_pcode":"NGA","adm0_name":"Nigeria","adm1_pcode":"NG014","adm1_name":"Enugu","adm2_pcode":"NG014002","adm2_name":"Awgu","adm3_pcode":null,"adm3_name":null,"adm4_pcode":null,"adm4_name":null,"name_latin":"Owelle"},"geometry":{"type":"Point","coordinates":[7.462937,6.1879345]}},
{"type":"Feature","properties":{"id":"node/13799424705","name":"Enugu-Aku","name_en":null,"name_yo":null,"place":"village","landuse":null,"population":null,"is_in":null,"source":null,"adm0_pcode":"NGA","adm0_name":"Nigeria","adm1_pcode":"NG014","adm1_name":"Enugu","adm2_pcode":"NG014014","adm2_name":"Oji-River","adm3_pcode":null,"adm3_name":null,"adm4_pcode":null,"adm4_name":null,"name_latin":"Enugu-Aku"},"geometry":{"type":"Point","coordinates":[7.308499,6.1835903]}},
{"type":"Feature","properties":{"id":"node/501514147","name":"Umuagu","name_en":null,"name_yo":null,"place":"village","landuse":null,"population":null,"is_in":null,"source":null,"adm0_pcode":"NGA","adm0_name":"Nigeria","adm1_pcode":"NG014","adm1_name":"Enugu","adm2_pcode":"NG014014","adm2_name":"Oji-River","adm3_pcode":null,"adm3_name":null,"adm4_pcode":null,"adm4_name":null,"name_latin":"Umuagu"},"geometry":{"type":"Point","coordinates":[7.293,6.1555]}},
{"type":"Feature","properties":{"id":"node/13799402962","name":"Achi","name_en":null,"name_yo":null,"place":"town","landuse":null,"population":null,"is_in":null,"source":null,"adm0_pcode":"NGA","adm0_name":"Nigeria","adm1_pcode":"NG014","adm1_name":"Enugu","adm2_pcode":"NG014014","adm2_name":"Oji-River","adm3_pcode":null,"adm3_name":null,"adm4_pcode":null,"adm4_name":null,"name_latin":"Achi"},"geometry":{"type":"Point","coordinates":[7.3673403,6.1430949]}},
{"type":"Feature","properties":{"id":"node/501431500","name":"Maku","name_en":null,"name_yo":null,"place":"village","landuse":null,"population":null,"is_in":null,"source":null,"adm0_pcode":"NGA","adm0_name":"Nigeria","adm1_pcode":"NG014","adm1_name":"Enugu","adm2_pcode":"NG014002","adm2_name":"Awgu","adm3_pcode":null,"adm3_name":null,"adm4_pcode":null,"adm4_name":null,"name_latin":"Maku"},"geometry":{"type":"Point","coordinates":[7.468457,6.132857]}},
{"type":"Feature","properties":{"id":"node/13938142356","name":"Nenwe","name_en":null,"name_yo":null,"place":"town","landuse":null,"population":null,"is_in":null,"source":null,"adm0_pcode":"NGA","adm0_name":"Nigeria","adm1_pcode":"NG014","adm1_name":"Enugu","adm2_pcode":"NG014001","adm2_name":"Aninri","adm3_pcode":null,"adm3_name":null,"adm4_pcode":null,"adm4_name":null,"name_latin":"Nenwe"},"geometry":{"type":"Point","coordinates":[7.5292314,6.1254264]}},
{"type":"Feature","properties":{"id":"node/501496933","name":"Mgbowo","name_en":null,"name_yo":null,"place":"village","landuse":null,"population":null,"is_in":null,"source":null,"adm0_pcode":"NGA","adm0_name":"Nigeria","adm1_pcode":"NG014","adm1_name":"Enugu","adm2_pcode":"NG014002","adm2_name":"Awgu","adm3_pcode":null,"adm3_name":null,"adm4_pcode":null,"adm4_name":null,"name_latin":"Mgbowo"},"geometry":{"type":"Point","coordinates":[7.516667,6.1]}},
{"type":"Feature","properties":{"id":"node/501395566","name":"Awgu","name_en":null,"name_yo":null,"place":"town","landuse":null,"population":null,"is_in":null,"source":null,"adm0_pcode":"NGA","adm0_name":"Nigeria","adm1_pcode":"NG014","adm1_name":"Enugu","adm2_pcode":"NG014002","adm2_name":"Awgu","adm3_pcode":null,"adm3_name":null,"adm4_pcode":null,"adm4_name":null,"name_latin":"Awgu"},"geometry":{"type":"Point","coordinates":[7.477742,6.0722225]}},
{"type":"Feature","properties":{"id":"node/501395559","name":"Nkwuli","name_en":null,"name_yo":null,"place":"village","landuse":null,"population":null,"is_in":null,"source":null,"adm0_pcode":"NGA","adm0_name":"Nigeria","adm1_pcode":"NG014","adm1_name":"Enugu","adm2_pcode":"NG014014","adm2_name":"Oji-River","adm3_pcode":null,"adm3_name":null,"adm4_pcode":null,"adm4_name":null,"name_latin":"Nkwuli"},"geometry":{"type":"Point","coordinates":[7.3511485,6.0614685]}},
{"type":"Feature","properties":{"id":"node/501496818","name":"Mbala","name_en":null,"name_yo":null,"place":"village","landuse":null,"population":null,"is_in":null,"source":null,"adm0_pcode":"NGA","adm0_name":"Nigeria","adm1_pcode":"NG001","adm1_name":"Abia","adm2_pcode":"NG001017","adm2_name":"Umu-Nneochi","adm3_pcode":null,"adm3_name":null,"adm4_pcode":null,"adm4_name":null,"name_latin":"Mbala"},"geometry":{"type":"Point","coordinates":[7.389493,6.025094]}},
{"type":"Feature","properties":{"id":"node/501513985","name":"Owere-Ezukala","name_en":null,"name_yo":null,"place":"village","landuse":null,"population":null,"is_in":null,"source":null,"adm0_pcode":"NGA","adm0_name":"Nigeria","adm1_pcode":"NG004","adm1_name":"Anambra","adm2_pcode":"NG004020","adm2_name":"Orumba South","adm3_pcode":null,"adm3_name":null,"adm4_pcode":null,"adm4_name":null,"name_latin":"Owere-Ezukala"},"geometry":{"type":"Point","coordinates":[7.3156345,6.017674]}},
{"type":"Feature","properties":{"id":"node/501484781","name":"Umuokwu","name_en":null,"name_yo":null,"place":"village","landuse":null,"population":null,"is_in":null,"source":null,"adm0_pcode":"NGA","adm0_name":"Nigeria","adm1_pcode":"NG001","adm1_name":"Abia","adm2_pcode":"NG001017","adm2_name":"Umu-Nneochi","adm3_pcode":null,"adm3_name":null,"adm4_pcode":null,"adm4_name":null,"name_latin":"Umuokwu"},"geometry":{"type":"Point","coordinates":[7.3615,6.0127]}},
{"type":"Feature","properties":{"id":"node/501464424","name":"Umuakwu","name_en":null,"name_yo":null,"place":"village","landuse":null,"population":null,"is_in":null,"source":null,"adm0_pcode":"NGA","adm0_name":"Nigeria","adm1_pcode":"NG001","adm1_name":"Abia","adm2_pcode":"NG001017","adm2_name":"Umu-Nneochi","adm3_pcode":null,"adm3_name":null,"adm4_pcode":null,"adm4_name":null,"name_latin":"Umuakwu"},"geometry":{"type":"Point","coordinates":[7.3615,6.0127]}},
{"type":"Feature","properties":{"id":"node/10975249123","name":"Nkwoagu Isuochi","name_en":null,"name_yo":null,"place":"town","landuse":null,"population":null,"is_in":null,"source":null,"adm0_pcode":"NGA","adm0_name":"Nigeria","adm1_pcode":"NG001","adm1_name":"Abia","adm2_pcode":"NG001017","adm2_name":"Umu-Nneochi","adm3_pcode":null,"adm3_name":null,"adm4_pcode":null,"adm4_name":null,"name_latin":"Nkwoagu Isuochi"},"geometry":{"type":"Point","coordinates":[7.400918,5.9902426]}},
{"type":"Feature","properties":{"id":"node/501476071","name":"Obulo Eziama","name_en":null,"name_yo":null,"place":"village","landuse":null,"population":null,"is_in":null,"source":null,"adm0_pcode":"NGA","adm0_name":"Nigeria","adm1_pcode":"NG001","adm1_name":"Abia","adm2_pcode":"NG001017","adm2_name":"Umu-Nneochi","adm3_pcode":null,"adm3_name":null,"adm4_pcode":null,"adm4_name":null,"name_latin":"Obulo Eziama"},"geometry":{"type":"Point","coordinates":[7.316667,5.983333]}},
{"type":"Feature","properties":{"id":"node/10975249124","name":"Ngodo","name_en":null,"name_yo":null,"place":"town","landuse":null,"population":null,"is_in":null,"source":null,"adm0_pcode":"NGA","adm0_name":"Nigeria","adm1_pcode":"NG001","adm1_name":"Abia","adm2_pcode":"NG001017","adm2_name":"Umu-Nneochi","adm3_pcode":null,"adm3_name":null,"adm4_pcode":null,"adm4_name":null,"name_latin":"Ngodo"},"geometry":{"type":"Point","coordinates":[7.3856354,5.965289]}},
{"type":"Feature","properties":{"id":"node/501371190","name":"Eziama","name_en":null,"name_yo":null,"place":"village","landuse":null,"population":null,"is_in":null,"source":null,"adm0_pcode":"NGA","adm0_name":"Nigeria","adm1_pcode":"NG001","adm1_name":"Abia","adm2_pcode":"NG001017","adm2_name":"Umu-Nneochi","adm3_pcode":null,"adm3_name":null,"adm4_pcode":null,"adm4_name":null,"name_latin":"Eziama"},"geometry":{"type":"Point","coordinates":[7.3,5.95]}},
{"type":"Feature","properties":{"id":"node/501502491","name":"Afikpo Road","name_en":null,"name_yo":null,"place":"village","landuse":null,"population":null,"is_in":null,"source":null,"adm0_pcode":"NGA","adm0_name":"Nigeria","adm1_pcode":"NG011","adm1_name":"Ebonyi","adm2_pcode":"NG011009","adm2_name":"Ivo","adm3_pcode":null,"adm3_name":null,"adm4_pcode":null,"adm4_name":null,"name_latin":"Afikpo Road"},"geometry":{"type":"Point","coordinates":[7.5482115,5.9011254]}},
{"type":"Feature","properties":{"id":"node/501504690","name":"Aku Ihube","name_en":null,"name_yo":null,"place":"village","landuse":null,"population":null,"is_in":null,"source":null,"adm0_pcode":"NGA","adm0_name":"Nigeria","adm1_pcode":"NG017","adm1_name":"Imo","adm2_pcode":"NG017019","adm2_name":"Okigwe","adm3_pcode":null,"adm3_name":null,"adm4_pcode":null,"adm4_name":null,"name_latin":"Aku Ihube"},"geometry":{"type":"Point","coordinates":[7.333333,5.9]}},
{"type":"Feature","properties":{"id":"node/501492139","name":"Afikpo Road Station","name_en":null,"name_yo":null,"place":"village","landuse":null,"population":null,"is_in":null,"source":null,"adm0_pcode":"NGA","adm0_name":"Nigeria","adm1_pcode":"NG011","adm1_name":"Ebonyi","adm2_pcode":"NG011009","adm2_name":"Ivo","adm3_pcode":null,"adm3_name":null,"adm4_pcode":null,"adm4_name":null,"name_latin":"Afikpo Road Station"},"geometry":{"type":"Point","coordinates":[7.5497737,5.899223]}},
{"type":"Feature","properties":{"id":"node/10975235890","name":"Isiaka Obilago","name_en":null,"name_yo":null,"place":"town","landuse":null,"population":null,"is_in":null,"source":null,"adm0_pcode":"NGA","adm0_name":"Nigeria","adm1_pcode":"NG011","adm1_name":"Ebonyi","adm2_pcode":"NG011009","adm2_name":"Ivo","adm3_pcode":null,"adm3_name":null,"adm4_pcode":null,"adm4_name":null,"name_latin":"Isiaka Obilago"},"geometry":{"type":"Point","coordinates":[7.5454695,5.8677494]}},
{"type":"Feature","properties":{"id":"node/501524567","name":"Obinago","name_en":null,"name_yo":null,"place":"village","landuse":null,"population":null,"is_in":null,"source":null,"adm0_pcode":"NGA","adm0_name":"Nigeria","adm1_pcode":"NG011","adm1_name":"Ebonyi","adm2_pcode":"NG011009","adm2_name":"Ivo","adm3_pcode":null,"adm3_name":null,"adm4_pcode":null,"adm4_name":null,"name_latin":"Obinago"},"geometry":{"type":"Point","coordinates":[7.5480134,5.8637551]}},
{"type":"Feature","properties":{"id":"node/6281521698","name":"Uturu","name_en":null,"name_yo":null,"place":"town","landuse":null,"population":null,"is_in":null,"source":null,"adm0_pcode":"NGA","adm0_name":"Nigeria","adm1_pcode":"NG001","adm1_name":"Abia","adm2_pcode":"NG001008","adm2_name":"Isiukwuato","adm3_pcode":null,"adm3_name":null,"adm4_pcode":null,"adm4_name":null,"name_latin":"Uturu"},"geometry":{"type":"Point","coordinates":[7.4239898,5.8265471]}},
{"type":"Feature","properties":{"id":"node/501526873","name":"Ozara Station","name_en":null,"name_yo":null,"place":"village","landuse":null,"population":null,"is_in":null,"source":null,"adm0_pcode":"NGA","adm0_name":"Nigeria","adm1_pcode":"NG001","adm1_name":"Abia","adm2_pcode":"NG001008","adm2_name":"Isiukwuato","adm3_pcode":null,"adm3_name":null,"adm4_pcode":null,"adm4_name":null,"name_latin":"Ozara Station"},"geometry":{"type":"Point","coordinates":[7.5329692,5.8181027]}},
{"type":"Feature","properties":{"id":"node/501408360","name":"Ozara Town","name_en":null,"name_yo":null,"place":"village","landuse":null,"population":null,"is_in":null,"source":null,"adm0_pcode":"NGA","adm0_name":"Nigeria","adm1_pcode":"NG001","adm1_name":"Abia","adm2_pcode":"NG001008","adm2_name":"Isiukwuato","adm3_pcode":null,"adm3_name":null,"adm4_pcode":null,"adm4_name":null,"name_latin":"Ozara Town"},"geometry":{"type":"Point","coordinates":[7.533333,5.783333]}},
{"type":"Feature","properties":{"id":"node/10982213733","name":"Umunekwu","name_en":null,"name_yo":null,"place":"village","landuse":null,"population":null,"is_in":null,"source":null,"adm0_pcode":"NGA","adm0_name":"Nigeria","adm1_pcode":"NG001","adm1_name":"Abia","adm2_pcode":"NG001008","adm2_name":"Isiukwuato","adm3_pcode":null,"adm3_name":null,"adm4_pcode":null,"adm4_name":null,"name_latin":"Umunekwu"},"geometry":{"type":"Point","coordinates":[7.4504052,5.7743821]}},
{"type":"Feature","properties":{"id":"node/10982213734","name":"Amiyi","name_en":null,"name_yo":null,"place":"village","landuse":null,"population":null,"is_in":null,"source":null,"adm0_pcode":"NGA","adm0_name":"Nigeria","adm1_pcode":"NG001","adm1_name":"Abia","adm2_pcode":"NG001008","adm2_name":"Isiukwuato","adm3_pcode":null,"adm3_name":null,"adm4_pcode":null,"adm4_name":null,"name_latin":"Amiyi"},"geometry":{"type":"Point","coordinates":[7.4395133,5.7672663]}},
{"type":"Feature","properties":{"id":"node/10982213732","name":"Amaokwe","name_en":null,"name_yo":null,"place":"village","landuse":null,"population":null,"is_in":null,"source":null,"adm0_pcode":"NGA","adm0_name":"Nigeria","adm1_pcode":"NG001","adm1_name":"Abia","adm2_pcode":"NG001008","adm2_name":"Isiukwuato","adm3_pcode":null,"adm3_name":null,"adm4_pcode":null,"adm4_name":null,"name_latin":"Amaokwe"},"geometry":{"type":"Point","coordinates":[7.4734424,5.7585524]}},
{"type":"Feature","properties":{"id":"node/10982213731","name":"Otampa","name_en":null,"name_yo":null,"place":"village","landuse":null,"population":null,"is_in":null,"source":null,"adm0_pcode":"NGA","adm0_name":"Nigeria","adm1_pcode":"NG001","adm1_name":"Abia","adm2_pcode":"NG001008","adm2_name":"Isiukwuato","adm3_pcode":null,"adm3_name":null,"adm4_pcode":null,"adm4_name":null,"name_latin":"Otampa"},"geometry":{"type":"Point","coordinates":[7.5105643,5.7471899]}},
{"type":"Feature","properties":{"id":"node/10982213736","name":"Eluama","name_en":null,"name_yo":null,"place":"village","landuse":null,"population":null,"is_in":null,"source":null,"adm0_pcode":"NGA","adm0_name":"Nigeria","adm1_pcode":"NG001","adm1_name":"Abia","adm2_pcode":"NG001008","adm2_name":"Isiukwuato","adm3_pcode":null,"adm3_name":null,"adm4_pcode":null,"adm4_name":null,"name_latin":"Eluama"},"geometry":{"type":"Point","coordinates":[7.4641532,5.7378327]}},
{"type":"Feature","properties":{"id":"node/10982213728","name":"Isi-Ikwuato","name_en":null,"name_yo":null,"place":"town","landuse":null,"population":null,"is_in":null,"source":null,"adm0_pcode":"NGA","adm0_name":"Nigeria","adm1_pcode":"NG001","adm1_name":"Abia","adm2_pcode":"NG001008","adm2_name":"Isiukwuato","adm3_pcode":null,"adm3_name":null,"adm4_pcode":null,"adm4_name":null,"name_latin":"Isi-Ikwuato"},"geometry":{"type":"Point","coordinates":[7.5026511,5.7364821]}},
{"type":"Feature","properties":{"id":"node/10982213730","name":"Amaba","name_en":null,"name_yo":null,"place":"village","landuse":null,"population":null,"is_in":null,"source":null,"adm0_pcode":"NGA","adm0_name":"Nigeria","adm1_pcode":"NG001","adm1_name":"Abia","adm2_pcode":"NG001008","adm2_name":"Isiukwuato","adm3_pcode":null,"adm3_name":null,"adm4_pcode":null,"adm4_name":null,"name_latin":"Amaba"},"geometry":{"type":"Point","coordinates":[7.5143193,5.7292922]}},
{"type":"Feature","properties":{"id":"node/501516188","name":"Ugwuaku","name_en":null,"name_yo":null,"place":"village","landuse":null,"population":null,"is_in":null,"source":null,"adm0_pcode":"NGA","adm0_name":"Nigeria","adm1_pcode":"NG017","adm1_name":"Imo","adm2_pcode":"NG017019","adm2_name":"Okigwe","adm3_pcode":null,"adm3_name":null,"adm4_pcode":null,"adm4_name":null,"name_latin":"Ugwuaku"},"geometry":{"type":"Point","coordinates":[7.366667,5.716667]}},
{"type":"Feature","properties":{"id":"node/10982213735","name":"Umuobiala","name_en":null,"name_yo":null,"place":"village","landuse":null,"population":null,"is_in":null,"source":null,"adm0_pcode":"NGA","adm0_name":"Nigeria","adm1_pcode":"NG001","adm1_name":"Abia","adm2_pcode":"NG001008","adm2_name":"Isiukwuato","adm3_pcode":null,"adm3_name":null,"adm4_pcode":null,"adm4_name":null,"name_latin":"Umuobiala"},"geometry":{"type":"Point","coordinates":[7.46879,5.7163949]}},
{"type":"Feature","properties":{"id":"node/501494860","name":"Akoli Imenyi","name_en":null,"name_yo":null,"place":"village","landuse":null,"population":null,"is_in":null,"source":null,"adm0_pcode":"NGA","adm0_name":"Nigeria","adm1_pcode":"NG001","adm1_name":"Abia","adm2_pcode":"NG001004","adm2_name":"Bende","adm3_pcode":null,"adm3_name":null,"adm4_pcode":null,"adm4_name":null,"name_latin":"Akoli Imenyi"},"geometry":{"type":"Point","coordinates":[7.55,5.666667]}},
{"type":"Feature","properties":{"id":"node/8140468786","name":"Umunkpu","name_en":null,"name_yo":null,"place":"village","landuse":null,"population":null,"is_in":null,"source":null,"adm0_pcode":"NGA","adm0_name":"Nigeria","adm1_pcode":"NG001","adm1_name":"Abia","adm2_pcode":"NG001015","adm2_name":"Umuahia North","adm3_pcode":null,"adm3_name":null,"adm4_pcode":null,"adm4_name":null,"name_latin":"Umunkpu"},"geometry":{"type":"Point","coordinates":[7.4310822,5.6526013]}},
{"type":"Feature","properties":{"id":"node/501495033","name":"Umuodoma","name_en":null,"name_yo":null,"place":"village","landuse":null,"population":null,"is_in":null,"source":null,"adm0_pcode":"NGA","adm0_name":"Nigeria","adm1_pcode":"NG017","adm1_name":"Imo","adm2_pcode":"NG017007","adm2_name":"Ihitte/Uboma","adm3_pcode":null,"adm3_name":null,"adm4_pcode":null,"adm4_name":null,"name_latin":"Umuodoma"},"geometry":{"type":"Point","coordinates":[7.366667,5.65]}},
{"type":"Feature","properties":{"id":"node/501503306","name":"Umuawuchi","name_en":null,"name_yo":null,"place":"village","landuse":null,"population":null,"is_in":null,"source":null,"adm0_pcode":"NGA","adm0_name":"Nigeria","adm1_pcode":"NG017","adm1_name":"Imo","adm2_pcode":"NG017007","adm2_name":"Ihitte/Uboma","adm3_pcode":null,"adm3_name":null,"adm4_pcode":null,"adm4_name":null,"name_latin":"Umuawuchi"},"geometry":{"type":"Point","coordinates":[7.383333,5.65]}},
{"type":"Feature","properties":{"id":"node/501360927","name":"Lohum","name_en":null,"name_yo":null,"place":"village","landuse":null,"population":null,"is_in":null,"source":null,"adm0_pcode":"NGA","adm0_name":"Nigeria","adm1_pcode":"NG001","adm1_name":"Abia","adm2_pcode":"NG001004","adm2_name":"Bende","adm3_pcode":null,"adm3_name":null,"adm4_pcode":null,"adm4_name":null,"name_latin":"Lohum"},"geometry":{"type":"Point","coordinates":[7.55,5.65]}},
{"type":"Feature","properties":{"id":"node/11036085510","name":"Isingwu","name_en":null,"name_yo":null,"place":"village","landuse":null,"population":null,"is_in":null,"source":null,"adm0_pcode":"NGA","adm0_name":"Nigeria","adm1_pcode":"NG001","adm1_name":"Abia","adm2_pcode":"NG001015","adm2_name":"Umuahia North","adm3_pcode":null,"adm3_name":null,"adm4_pcode":null,"adm4_name":null,"name_latin":"Isingwu"},"geometry":{"type":"Point","coordinates":[7.4409649,5.6483823]}},
{"type":"Feature","properties":{"id":"way/872243432","name":"Umuejehie","name_en":null,"name_yo":null,"place":null,"landuse":"residential","population":null,"is_in":null,"source":null,"adm0_pcode":"NGA","adm0_name":"Nigeria","adm1_pcode":"NG001","adm1_name":"Abia","adm2_pcode":"NG001015","adm2_name":"Umuahia North","adm3_pcode":null,"adm3_name":null,"adm4_pcode":null,"adm4_name":null,"name_latin":"Umuejehie"},"geometry":{"type":"Polygon","coordinates":[[[7.4274578,5.6454608],[7.4276659,5.6457811],[7.4276376,5.6458816],[7.4277883,5.6459696],[7.4291358,5.648044],[7.4290913,5.6480597],[7.4292201,5.6486202],[7.4295597,5.6486967],[7.4310833,5.6510423],[7.4310601,5.6513054],[7.4309742,5.6526773],[7.431398,5.6531631],[7.4318057,5.6529923],[7.4323368,5.6521595],[7.4331576,5.6520634],[7.4337476,5.6512413],[7.4350619,5.6520634],[7.4352175,5.6516844],[7.4345899,5.6510278],[7.4345148,5.6503872],[7.4354482,5.6496719],[7.4348259,5.6482785],[7.4341553,5.648396],[7.4333292,5.6478408],[7.4328142,5.6471682],[7.4318218,5.6461058],[7.4317628,5.6449154],[7.431711,5.6438099],[7.4317836,5.6434279],[7.4315163,5.6433894],[7.4314517,5.6432978],[7.431319,5.643361],[7.4309828,5.6433126],[7.430479,5.64324],[7.4274578,5.6454608]]]}},
{"type":"Feature","properties":{"id":"way/873125462","name":"Ihite Ude","name_en":null,"name_yo":null,"place":null,"landuse":"residential","population":null,"is_in":null,"source":null,"adm0_pcode":"NGA","adm0_name":"Nigeria","adm1_pcode":"NG001","adm1_name":"Abia","adm2_pcode":"NG001015","adm2_name":"Umuahia North","adm3_pcode":null,"adm3_name":null,"adm4_pcode":null,"adm4_name":null,"name_latin":"Ihite Ude"},"geometry":{"type":"Polygon","coordinates":[[[7.4331951,5.630683],[7.433753,5.6307524],[7.4349439,5.6302933],[7.4361616,5.6301758],[7.4365908,5.6310727],[7.4362689,5.6318308],[7.4357593,5.6329359],[7.4354052,5.6340676],[7.4355125,5.6346495],[7.435931,5.6357439],[7.4365854,5.6365126],[7.4365157,5.6368703],[7.4357057,5.6372387],[7.4353731,5.6380555],[7.4352282,5.6396997],[7.4345362,5.6398705],[7.43393,5.6394808],[7.4337798,5.6384185],[7.4332917,5.6399453],[7.4330288,5.6411251],[7.4325299,5.6411891],[7.4324334,5.6406446],[7.432133,5.6396623],[7.4322188,5.6382583],[7.4328518,5.6373615],[7.4322081,5.6372547],[7.4318862,5.6367956],[7.4319184,5.6363258],[7.4327284,5.6361496],[7.4326318,5.6355944],[7.432149,5.635162],[7.4315751,5.6349805],[7.431398,5.6345588],[7.4314195,5.6342812],[7.4317628,5.6332775],[7.4324602,5.6322365],[7.4327552,5.6310247],[7.4331951,5.630683]]]}},
{"type":"Feature","properties":{"id":"way/893306377","name":"Umuihim-Oki","name_en":null,"name_yo":null,"place":"village","landuse":null,"population":null,"is_in":null,"source":null,"adm0_pcode":"NGA","adm0_name":"Nigeria","adm1_pcode":"NG017","adm1_name":"Imo","adm2_pcode":"NG017003","adm2_name":"Ehime-Mbano","adm3_pcode":null,"adm3_name":null,"adm4_pcode":null,"adm4_name":null,"name_latin":"Umuihim-Oki"},"geometry":{"type":"Polygon","coordinates":[[[7.2837912,5.6332632],[7.2859713,5.6326663],[7.2881269,5.6316822],[7.2880281,5.6307588],[7.2878677,5.6300637],[7.2872427,5.6302199],[7.2829945,5.6320762],[7.2837912,5.6332632]]]}},
{"type":"Feature","properties":{"id":"way/873125461","name":"Umuezeama","name_en":null,"name_yo":null,"place":null,"landuse":"residential","population":null,"is_in":null,"source":null,"adm0_pcode":"NGA","adm0_name":"Nigeria","adm1_pcode":"NG001","adm1_name":"Abia","adm2_pcode":"NG001015","adm2_name":"Umuahia North","adm3_pcode":null,"adm3_name":null,"adm4_pcode":null,"adm4_name":null,"name_latin":"Umuezeama"},"geometry":{"type":"Polygon","coordinates":[[[7.4310654,5.6274852],[7.4315643,5.6268766],[7.4327767,5.6268232],[7.4338603,5.6273678],[7.4336672,5.6285583],[7.4331039,5.6294711],[7.4329805,5.6303093],[7.4316609,5.6307524],[7.4309635,5.6314464],[7.4314034,5.6319109],[7.4309635,5.632781],[7.4299121,5.633128],[7.4296326,5.6331179],[7.4292844,5.6330053],[7.4284315,5.6323112],[7.4285495,5.6313984],[7.4292254,5.6302346],[7.4301052,5.6304588],[7.4309957,5.6297968],[7.4317843,5.6290334],[7.4320525,5.6284034],[7.4319345,5.6279657],[7.4310654,5.6274852]]]}},
{"type":"Feature","properties":{"id":"way/874478204","name":"Umuagu","name_en":null,"name_yo":null,"place":null,"landuse":"residential","population":null,"is_in":null,"source":null,"adm0_pcode":"NGA","adm0_name":"Nigeria","adm1_pcode":"NG001","adm1_name":"Abia","adm2_pcode":"NG001015","adm2_name":"Umuahia North","adm3_pcode":null,"adm3_name":null,"adm4_pcode":null,"adm4_name":null,"name_latin":"Umuagu"},"geometry":{"type":"Polygon","coordinates":[[[7.4526512,5.6209977],[7.4457848,5.6193747],[7.4423687,5.618401],[7.4404707,5.6159266],[7.4415004,5.6141715],[7.4424894,5.6116166],[7.4429867,5.6103203],[7.4487888,5.6104058],[7.4508659,5.6115333],[7.4520332,5.6140617],[7.4542648,5.6192039],[7.4544537,5.6204168],[7.4526512,5.6209977]]]}},
{"type":"Feature","properties":{"id":"way/874478878","name":"Umungasi","name_en":null,"name_yo":null,"place":null,"landuse":"residential","population":null,"is_in":null,"source":null,"adm0_pcode":"NGA","adm0_name":"Nigeria","adm1_pcode":"NG001","adm1_name":"Abia","adm2_pcode":"NG001015","adm2_name":"Umuahia North","adm3_pcode":null,"adm3_name":null,"adm4_pcode":null,"adm4_name":null,"name_latin":"Umungasi"},"geometry":{"type":"Polygon","coordinates":[[[7.4538013,5.6078773],[7.4535423,5.6086077],[7.4516384,5.6099957],[7.4499561,5.6102862],[7.4489433,5.6096882],[7.4487075,5.6094669],[7.4490292,5.6082873],[7.4491837,5.6075869],[7.4504883,5.6066985],[7.4519302,5.606186],[7.4538013,5.6078773]]]}},
{"type":"Feature","properties":{"id":"way/874625402","name":"Umudiawa Autonomouis Community","name_en":null,"name_yo":null,"place":null,"landuse":"residential","population":null,"is_in":null,"source":null,"adm0_pcode":"NGA","adm0_name":"Nigeria","adm1_pcode":"NG001","adm1_name":"Abia","adm2_pcode":"NG001015","adm2_name":"Umuahia North","adm3_pcode":null,"adm3_name":null,"adm4_pcode":null,"adm4_name":null,"name_latin":"Umudiawa Autonomouis Community"},"geometry":{"type":"Polygon","coordinates":[[[7.4416684,5.6125907],[7.4362611,5.6117536],[7.4361238,5.607756],[7.4365358,5.6015032],[7.438836,5.601059],[7.4420976,5.6005806],[7.4431191,5.6006849],[7.4433958,5.6051127],[7.4432081,5.6074468],[7.4420804,5.6116169],[7.4416684,5.6125907]]]}},
{"type":"Feature","properties":{"id":"way/874479611","name":"Amaogwugwu","name_en":null,"name_yo":null,"place":null,"landuse":"residential","population":null,"is_in":null,"source":null,"adm0_pcode":"NGA","adm0_name":"Nigeria","adm1_pcode":"NG001","adm1_name":"Abia","adm2_pcode":"NG001015","adm2_name":"Umuahia North","adm3_pcode":null,"adm3_name":null,"adm4_pcode":null,"adm4_name":null,"name_latin":"Amaogwugwu"},"geometry":{"type":"Polygon","coordinates":[[[7.4480679,5.6062885],[7.4514153,5.605366],[7.4513638,5.6040334],[7.4516863,5.6020144],[7.4514496,5.6002407],[7.4502995,5.5964651],[7.4517757,5.5934583],[7.4544365,5.5906052],[7.4556381,5.5858044],[7.4562625,5.5830207],[7.4499469,5.5798888],[7.4496643,5.5827121],[7.4482475,5.5850205],[7.4477358,5.5856522],[7.4443103,5.590069],[7.443516,5.5919291],[7.443063,5.5936573],[7.4431412,5.598313],[7.4437077,5.6010636],[7.4437302,5.6031761],[7.4438704,5.6057565],[7.4438655,5.6058118],[7.4438793,5.6062742],[7.4480679,5.6062885]]]}},
{"type":"Feature","properties":{"id":"node/501383665","name":"Enugu Umunze","name_en":null,"name_yo":null,"place":"town","landuse":null,"population":null,"is_in":null,"source":null,"adm0_pcode":"NGA","adm0_name":"Nigeria","adm1_pcode":"NG004","adm1_name":"Anambra","adm2_pcode":"NG004020","adm2_name":"Orumba South","adm3_pcode":null,"adm3_name":null,"adm4_pcode":null,"adm4_name":null,"name_latin":"Enugu Umunze"},"geometry":{"type":"Point","coordinates":[7.2367984,5.9660801]}},
{"type":"Feature","properties":{"id":"node/501417467","name":"Agbudu","name_en":null,"name_yo":null,"place":"village","landuse":null,"population":null,"is_in":null,"source":null,"adm0_pcode":"NGA","adm0_name":"Nigeria","adm1_pcode":"NG004","adm1_name":"Anambra","adm2_pcode":"NG004020","adm2_name":"Orumba South","adm3_pcode":null,"adm3_name":null,"adm4_pcode":null,"adm4_name":null,"name_latin":"Agbudu"},"geometry":{"type":"Point","coordinates":[7.15,5.983333]}},
{"type":"Feature","properties":{"id":"node/501518688","name":"Ijilaga","name_en":null,"name_yo":null,"place":"village","landuse":null,"population":null,"is_in":null,"source":null,"adm0_pcode":"NGA","adm0_name":"Nigeria","adm1_pcode":"NG011","adm1_name":"Ebonyi","adm2_pcode":"NG011010","adm2_name":"Izzi","adm3_pcode":null,"adm3_name":null,"adm4_pcode":null,"adm4_name":null,"name_latin":"Ijilaga"},"geometry":{"type":"Point","coordinates":[8.441,6.426]}},
{"type":"Feature","properties":{"id":"node/501527003","name":"Ijibollo","name_en":null,"name_yo":null,"place":"village","landuse":null,"population":null,"is_in":null,"source":null,"adm0_pcode":"NGA","adm0_name":"Nigeria","adm1_pcode":"NG011","adm1_name":"Ebonyi","adm2_pcode":"NG011010","adm2_name":"Izzi","adm3_pcode":null,"adm3_name":null,"adm4_pcode":null,"adm4_name":null,"name_latin":"Ijibollo"},"geometry":{"type":"Point","coordinates":[8.4267,6.4038]}},
{"type":"Feature","properties":{"id":"node/501518715","name":"Oshen","name_en":null,"name_yo":null,"place":"village","landuse":null,"population":null,"is_in":null,"source":null,"adm0_pcode":"NGA","adm0_name":"Nigeria","adm1_pcode":"NG011","adm1_name":"Ebonyi","adm2_pcode":"NG011010","adm2_name":"Izzi","adm3_pcode":null,"adm3_name":null,"adm4_pcode":null,"adm4_name":null,"name_latin":"Oshen"},"geometry":{"type":"Point","coordinates":[8.4522,6.3985]}},
{"type":"Feature","properties":{"id":"node/501520342","name":"Mamalok","name_en":null,"name_yo":null,"place":"village","landuse":null,"population":null,"is_in":null,"source":null,"adm0_pcode":"NGA","adm0_name":"Nigeria","adm1_pcode":"NG032","adm1_name":"Plateau","adm2_pcode":"NG032007","adm2_name":"Kanam","adm3_pcode":null,"adm3_name":null,"adm4_pcode":null,"adm4_name":null,"name_latin":"Mamalok"},"geometry":{"type":"Point","coordinates":[10.156982,9.6507391]}},
{"type":"Feature","properties":{"id":"node/501470031","name":"Osonachu","name_en":null,"name_yo":null,"place":"village","landuse":null,"population":null,"is_in":null,"source":null,"adm0_pcode":"NGA","adm0_name":"Nigeria","adm1_pcode":"NG017","adm1_name":"Imo","adm2_pcode":"NG017021","adm2_name":"Orsu","adm3_pcode":null,"adm3_name":null,"adm4_pcode":null,"adm4_name":null,"name_latin":"Osonachu"},"geometry":{"type":"Point","coordinates":[6.95,5.85]}},
{"type":"Feature","properties":{"id":"node/501516464","name":"Urualla","name_en":null,"name_yo":null,"place":"town","landuse":null,"population":null,"is_in":null,"source":null,"adm0_pcode":"NGA","adm0_name":"Nigeria","adm1_pcode":"NG017","adm1_name":"Imo","adm2_pcode":"NG017006","adm2_name":"Ideato South","adm3_pcode":null,"adm3_name":null,"adm4_pcode":null,"adm4_name":null,"name_latin":"Urualla"},"geometry":{"type":"Point","coordinates":[7.0990773,5.8539917]}},
{"type":"Feature","properties":{"id":"node/501444311","name":"Ihite Nansa","name_en":null,"name_yo":null,"place":"village","landuse":null,"population":null,"is_in":null,"source":null,"adm0_pcode":"NGA","adm0_name":"Nigeria","adm1_pcode":"NG017","adm1_name":"Imo","adm2_pcode":"NG017021","adm2_name":"Orsu","adm3_pcode":null,"adm3_name":null,"adm4_pcode":null,"adm4_name":null,"name_latin":"Ihite Nansa"},"geometry":{"type":"Point","coordinates":[7,5.866667]}},
{"type":"Feature","properties":{"id":"node/501525579","name":"Azia","name_en":null,"name_yo":null,"place":"village","landuse":null,"population":null,"is_in":null,"source":null,"adm0_pcode":"NGA","adm0_name":"Nigeria","adm1_pcode":"NG004","adm1_name":"Anambra","adm2_pcode":"NG004012","adm2_name":"Ihiala","adm3_pcode":null,"adm3_name":null,"adm4_pcode":null,"adm4_name":null,"name_latin":"Azia"},"geometry":{"type":"Point","coordinates":[6.9,5.883333]}},
{"type":"Feature","properties":{"id":"node/501504987","name":"Osina","name_en":null,"name_yo":null,"place":"town","landuse":null,"population":null,"is_in":"Ideato North;Imo;Nigeria","source":null,"adm0_pcode":"NGA","adm0_name":"Nigeria","adm1_pcode":"NG017","adm1_name":"Imo","adm2_pcode":"NG017005","adm2_name":"Ideato North","adm3_pcode":null,"adm3_name":null,"adm4_pcode":null,"adm4_name":null,"name_latin":"Osina"},"geometry":{"type":"Point","coordinates":[7.1,5.883333]}},
{"type":"Feature","properties":{"id":"node/5920633524","name":"Obodo","name_en":null,"name_yo":null,"place":"town","landuse":null,"population":null,"is_in":null,"source":null,"adm0_pcode":"NGA","adm0_name":"Nigeria","adm1_pcode":"NG017","adm1_name":"Imo","adm2_pcode":"NG017005","adm2_name":"Ideato North","adm3_pcode":null,"adm3_name":null,"adm4_pcode":null,"adm4_name":null,"name_latin":"Obodo"},"geometry":{"type":"Point","coordinates":[7.07569,5.899478]}},
{"type":"Feature","properties":{"id":"node/501517255","name":"Isu Okpu","name_en":null,"name_yo":null,"place":"town","landuse":null,"population":null,"is_in":null,"source":null,"adm0_pcode":"NGA","adm0_name":"Nigeria","adm1_pcode":"NG017","adm1_name":"Imo","adm2_pcode":"NG017005","adm2_name":"Ideato North","adm3_pcode":null,"adm3_name":null,"adm4_pcode":null,"adm4_name":null,"name_latin":"Isu Okpu"},"geometry":{"type":"Point","coordinates":[7.2,5.9]}},
{"type":"Feature","properties":{"id":"node/501381855","name":"Akokwa","name_en":null,"name_yo":null,"place":"town","landuse":null,"population":null,"is_in":"Ideato North;Imo;Nigeria","source":null,"adm0_pcode":"NGA","adm0_name":"Nigeria","adm1_pcode":"NG017","adm1_name":"Imo","adm2_pcode":"NG017005","adm2_name":"Ideato North","adm3_pcode":null,"adm3_name":null,"adm4_pcode":null,"adm4_name":null,"name_latin":"Akokwa"},"geometry":{"type":"Point","coordinates":[7.1106052,5.9087243]}},
{"type":"Feature","properties":{"id":"node/501517712","name":"Akwa","name_en":null,"name_yo":null,"place":"village","landuse":null,"population":null,"is_in":null,"source":null,"adm0_pcode":"NGA","adm0_name":"Nigeria","adm1_pcode":"NG004","adm1_name":"Anambra","adm2_pcode":"NG004015","adm2_name":"Nnewi South","adm3_pcode":null,"adm3_name":null,"adm4_pcode":null,"adm4_name":null,"name_latin":"Akwa"},"geometry":{"type":"Point","coordinates":[7.016667,5.916667]}},
{"type":"Feature","properties":{"id":"node/501367748","name":"Akpuru","name_en":null,"name_yo":null,"place":"town","landuse":null,"population":null,"is_in":null,"source":null,"adm0_pcode":"NGA","adm0_name":"Nigeria","adm1_pcode":"NG017","adm1_name":"Imo","adm2_pcode":"NG017005","adm2_name":"Ideato North","adm3_pcode":null,"adm3_name":null,"adm4_pcode":null,"adm4_name":null,"name_latin":"Akpuru"},"geometry":{"type":"Point","coordinates":[7.083333,5.916667]}},
{"type":"Feature","properties":{"id":"node/501469841","name":"Uga","name_en":null,"name_yo":null,"place":"village","landuse":null,"population":null,"is_in":null,"source":null,"adm0_pcode":"NGA","adm0_name":"Nigeria","adm1_pcode":"NG004","adm1_name":"Anambra","adm2_pcode":"NG004001","adm2_name":"Aguata","adm3_pcode":null,"adm3_name":null,"adm4_pcode":null,"adm4_name":null,"name_latin":"Uga"},"geometry":{"type":"Point","coordinates":[7.083333,5.933333]}},
{"type":"Feature","properties":{"id":"node/501410101","name":"Amaeshi","name_en":null,"name_yo":null,"place":"village","landuse":null,"population":null,"is_in":null,"source":null,"adm0_pcode":"NGA","adm0_name":"Nigeria","adm1_pcode":"NG004","adm1_name":"Anambra","adm2_pcode":"NG004001","adm2_name":"Aguata","adm3_pcode":null,"adm3_name":null,"adm4_pcode":null,"adm4_name":null,"name_latin":"Amaeshi"},"geometry":{"type":"Point","coordinates":[7.1,5.933333]}},
{"type":"Feature","properties":{"id":"node/501503303","name":"Umuchu","name_en":null,"name_yo":null,"place":"village","landuse":null,"population":null,"is_in":null,"source":null,"adm0_pcode":"NGA","adm0_name":"Nigeria","adm1_pcode":"NG004","adm1_name":"Anambra","adm2_pcode":"NG004001","adm2_name":"Aguata","adm3_pcode":null,"adm3_name":null,"adm4_pcode":null,"adm4_name":null,"name_latin":"Umuchu"},"geometry":{"type":"Point","coordinates":[7.133333,5.933333]}},
{"type":"Feature","properties":{"id":"node/501391668","name":"Ibughubu","name_en":null,"name_yo":null,"place":"village","landuse":null,"population":null,"is_in":null,"source":null,"adm0_pcode":"NGA","adm0_name":"Nigeria","adm1_pcode":"NG004","adm1_name":"Anambra","adm2_pcode":"NG004001","adm2_name":"Aguata","adm3_pcode":null,"adm3_name":null,"adm4_pcode":null,"adm4_name":null,"name_latin":"Ibughubu"},"geometry":{"type":"Point","coordinates":[7.15,5.933333]}},
{"type":"Feature","properties":{"id":"node/501479424","name":"Ukpor","name_en":null,"name_yo":null,"place":"town","landuse":null,"population":null,"is_in":null,"source":null,"adm0_pcode":"NGA","adm0_name":"Nigeria","adm1_pcode":"NG004","adm1_name":"Anambra","adm2_pcode":"NG004015","adm2_name":"Nnewi South","adm3_pcode":null,"adm3_name":null,"adm4_pcode":null,"adm4_name":null,"name_latin":"Ukpor"},"geometry":{"type":"Point","coordinates":[6.9289177,5.9427439]}},
{"type":"Feature","properties":{"id":"node/501474058","name":"Akpo","name_en":null,"name_yo":null,"place":"village","landuse":null,"population":null,"is_in":null,"source":null,"adm0_pcode":"NGA","adm0_name":"Nigeria","adm1_pcode":"NG004","adm1_name":"Anambra","adm2_pcode":"NG004001","adm2_name":"Aguata","adm3_pcode":null,"adm3_name":null,"adm4_pcode":null,"adm4_name":null,"name_latin":"Akpo"},"geometry":{"type":"Point","coordinates":[7.1,5.95]}},
{"type":"Feature","properties":{"id":"node/501500580","name":"Achina","name_en":null,"name_yo":null,"place":"village","landuse":null,"population":null,"is_in":null,"source":null,"adm0_pcode":"NGA","adm0_name":"Nigeria","adm1_pcode":"NG004","adm1_name":"Anambra","adm2_pcode":"NG004001","adm2_name":"Aguata","adm3_pcode":null,"adm3_name":null,"adm4_pcode":null,"adm4_name":null,"name_latin":"Achina"},"geometry":{"type":"Point","coordinates":[7.116667,5.95]}},
{"type":"Feature","properties":{"id":"node/501491893","name":"Damshin","name_en":null,"name_yo":null,"place":"village","landuse":null,"population":null,"is_in":null,"source":null,"adm0_pcode":"NGA","adm0_name":"Nigeria","adm1_pcode":"NG032","adm1_name":"Plateau","adm2_pcode":"NG032016","adm2_name":"Shendam","adm3_pcode":null,"adm3_name":null,"adm4_pcode":null,"adm4_name":null,"name_latin":"Damshin"},"geometry":{"type":"Point","coordinates":[9.4511415,8.6869559]}},
{"type":"Feature","properties":{"id":"node/501443207","name":"Kissa","name_en":null,"name_yo":null,"place":"village","landuse":null,"population":null,"is_in":null,"source":null,"adm0_pcode":"NGA","adm0_name":"Nigeria","adm1_pcode":"NG032","adm1_name":"Plateau","adm2_pcode":"NG032016","adm2_name":"Shendam","adm3_pcode":null,"adm3_name":null,"adm4_pcode":null,"adm4_name":null,"name_latin":"Kissa"},"geometry":{"type":"Point","coordinates":[9.4867662,8.783333]}},
{"type":"Feature","properties":{"id":"node/501516153","name":"Shendam","name_en":null,"name_yo":null,"place":"village","landuse":null,"population":null,"is_in":null,"source":null,"adm0_pcode":"NGA","adm0_name":"Nigeria","adm1_pcode":"NG032","adm1_name":"Plateau","adm2_pcode":"NG032016","adm2_name":"Shendam","adm3_pcode":null,"adm3_name":null,"adm4_pcode":null,"adm4_name":null,"name_latin":"Shendam"},"geometry":{"type":"Point","coordinates":[9.5396638,8.878179]}},
{"type":"Feature","properties":{"id":"node/501472415","name":"Gidan Shehu","name_en":null,"name_yo":null,"place":"village","landuse":null,"population":null,"is_in":null,"source":null,"adm0_pcode":"NGA","adm0_name":"Nigeria","adm1_pcode":"NG032","adm1_name":"Plateau","adm2_pcode":"NG032017","adm2_name":"Wase","adm3_pcode":null,"adm3_name":null,"adm4_pcode":null,"adm4_name":null,"name_latin":"Gidan Shehu"},"geometry":{"type":"Point","coordinates":[10.0187151,8.9076067]}},
{"type":"Feature","properties":{"id":"node/501360950","name":"Bakin Rijiya","name_en":null,"name_yo":null,"place":"village","landuse":null,"population":null,"is_in":null,"source":null,"adm0_pcode":"NGA","adm0_name":"Nigeria","adm1_pcode":"NG032","adm1_name":"Plateau","adm2_pcode":"NG032017","adm2_name":"Wase","adm3_pcode":null,"adm3_name":null,"adm4_pcode":null,"adm4_name":null,"name_latin":"Bakin Rijiya"},"geometry":{"type":"Point","coordinates":[10,9.016667]}},
{"type":"Feature","properties":{"id":"node/501517440","name":"Kwankwan","name_en":null,"name_yo":null,"place":"village","landuse":null,"population":null,"is_in":null,"source":null,"adm0_pcode":"NGA","adm0_name":"Nigeria","adm1_pcode":"NG032","adm1_name":"Plateau","adm2_pcode":"NG032012","adm2_name":"Mikang","adm3_pcode":null,"adm3_name":null,"adm4_pcode":null,"adm4_name":null,"name_latin":"Kwankwan"},"geometry":{"type":"Point","coordinates":[9.716667,9.05]}},
{"type":"Feature","properties":{"id":"node/501425293","name":"Zamerum","name_en":null,"name_yo":null,"place":"village","landuse":null,"population":null,"is_in":null,"source":null,"adm0_pcode":"NGA","adm0_name":"Nigeria","adm1_pcode":"NG032","adm1_name":"Plateau","adm2_pcode":"NG032009","adm2_name":"Langtang North","adm3_pcode":null,"adm3_name":null,"adm4_pcode":null,"adm4_name":null,"name_latin":"Zamerum"},"geometry":{"type":"Point","coordinates":[9.8237886,9.0859947]}},
{"type":"Feature","properties":{"id":"node/501367780","name":"Wase","name_en":null,"name_yo":null,"place":"village","landuse":null,"population":null,"is_in":null,"source":null,"adm0_pcode":"NGA","adm0_name":"Nigeria","adm1_pcode":"NG032","adm1_name":"Plateau","adm2_pcode":"NG032017","adm2_name":"Wase","adm3_pcode":null,"adm3_name":null,"adm4_pcode":null,"adm4_name":null,"name_latin":"Wase"},"geometry":{"type":"Point","coordinates":[9.9580519,9.0952772]}},
{"type":"Feature","properties":{"id":"node/501526854","name":"Doka-Tofa","name_en":null,"name_yo":null,"place":"village","landuse":null,"population":null,"is_in":null,"source":null,"adm0_pcode":"NGA","adm0_name":"Nigeria","adm1_pcode":"NG032","adm1_name":"Plateau","adm2_pcode":"NG032016","adm2_name":"Shendam","adm3_pcode":null,"adm3_name":null,"adm4_pcode":null,"adm4_name":null,"name_latin":"Doka-Tofa"},"geometry":{"type":"Point","coordinates":[9.333333,9.1]}},
{"type":"Feature","properties":{"id":"node/2980084531","name":"Zok","name_en":null,"name_yo":null,"place":"village","landuse":null,"population":null,"is_in":null,"source":null,"adm0_pcode":"NGA","adm0_name":"Nigeria","adm1_pcode":"NG032","adm1_name":"Plateau","adm2_pcode":"NG032017","adm2_name":"Wase","adm3_pcode":null,"adm3_name":null,"adm4_pcode":null,"adm4_name":null,"name_latin":"Zok"},"geometry":{"type":"Point","coordinates":[9.9699795,9.1067068]}},
{"type":"Feature","properties":{"id":"node/501491804","name":"Langtang","name_en":null,"name_yo":null,"place":"village","landuse":null,"population":null,"is_in":null,"source":null,"adm0_pcode":"NGA","adm0_name":"Nigeria","adm1_pcode":"NG032","adm1_name":"Plateau","adm2_pcode":"NG032009","adm2_name":"Langtang North","adm3_pcode":null,"adm3_name":null,"adm4_pcode":null,"adm4_name":null,"name_latin":"Langtang"},"geometry":{"type":"Point","coordinates":[9.7996326,9.1555991]}},
{"type":"Feature","properties":{"id":"node/501479809","name":"Yola","name_en":null,"name_yo":null,"place":"village","landuse":null,"population":null,"is_in":null,"source":null,"adm0_pcode":"NGA","adm0_name":"Nigeria","adm1_pcode":"NG032","adm1_name":"Plateau","adm2_pcode":"NG032017","adm2_name":"Wase","adm3_pcode":null,"adm3_name":null,"adm4_pcode":null,"adm4_name":null,"name_latin":"Yola"},"geometry":{"type":"Point","coordinates":[9.9899047,9.1565171]}},
{"type":"Feature","properties":{"id":"node/501525043","name":"Kwanpe","name_en":null,"name_yo":null,"place":"village","landuse":null,"population":null,"is_in":null,"source":null,"adm0_pcode":"NGA","adm0_name":"Nigeria","adm1_pcode":"NG032","adm1_name":"Plateau","adm2_pcode":"NG032009","adm2_name":"Langtang North","adm3_pcode":null,"adm3_name":null,"adm4_pcode":null,"adm4_name":null,"name_latin":"Kwanpe"},"geometry":{"type":"Point","coordinates":[9.8047827,9.1846336]}},
{"type":"Feature","properties":{"id":"node/501503054","name":"Pil Gani","name_en":null,"name_yo":null,"place":"village","landuse":null,"population":null,"is_in":null,"source":null,"adm0_pcode":"NGA","adm0_name":"Nigeria","adm1_pcode":"NG032","adm1_name":"Plateau","adm2_pcode":"NG032009","adm2_name":"Langtang North","adm3_pcode":null,"adm3_name":null,"adm4_pcode":null,"adm4_name":null,"name_latin":"Pil Gani"},"geometry":{"type":"Point","coordinates":[9.8846599,9.1945363]}},
{"type":"Feature","properties":{"id":"way/1356084791","name":"Rtd. Air marshal JD wuyep","name_en":null,"name_yo":null,"place":null,"landuse":"residential","population":null,"is_in":null,"source":null,"adm0_pcode":"NGA","adm0_name":"Nigeria","adm1_pcode":"NG032","adm1_name":"Plateau","adm2_pcode":"NG032009","adm2_name":"Langtang North","adm3_pcode":null,"adm3_name":null,"adm4_pcode":null,"adm4_name":null,"name_latin":"Rtd. Air marshal JD wuyep"},"geometry":{"type":"Polygon","coordinates":[[[9.8892581,9.1973835],[9.8894626,9.1973903],[9.8896488,9.197404],[9.8898196,9.1974107],[9.8898333,9.1973843],[9.8898426,9.1972949],[9.8898512,9.1972105],[9.8898534,9.197124],[9.8898575,9.1970739],[9.889856,9.1970645],[9.8896861,9.1969593],[9.8896208,9.1969157],[9.8894063,9.1967791],[9.8893467,9.1967408],[9.8892,9.1966316],[9.8889331,9.1969133],[9.8891049,9.1970523],[9.8891198,9.1970618],[9.889193,9.1972259],[9.8892581,9.1973835]]]}},
{"type":"Feature","properties":{"id":"node/501479719","name":"Reak","name_en":null,"name_yo":null,"place":"village","landuse":null,"population":null,"is_in":null,"source":null,"adm0_pcode":"NGA","adm0_name":"Nigeria","adm1_pcode":"NG032","adm1_name":"Plateau","adm2_pcode":"NG032009","adm2_name":"Langtang North","adm3_pcode":null,"adm3_name":null,"adm4_pcode":null,"adm4_name":null,"name_latin":"Reak"},"geometry":{"type":"Point","coordinates":[9.783333,9.233333]}},
{"type":"Feature","properties":{"id":"node/501472384","name":"Gate","name_en":null,"name_yo":null,"place":"village","landuse":null,"population":null,"is_in":null,"source":null,"adm0_pcode":"NGA","adm0_name":"Nigeria","adm1_pcode":"NG032","adm1_name":"Plateau","adm2_pcode":"NG032013","adm2_name":"Pankshin","adm3_pcode":null,"adm3_name":null,"adm4_pcode":null,"adm4_name":null,"name_latin":"Gate"},"geometry":{"type":"Point","coordinates":[9.4716098,9.2926276]}},
{"type":"Feature","properties":{"id":"node/501491803","name":"Lankan","name_en":null,"name_yo":null,"place":"village","landuse":null,"population":null,"is_in":null,"source":null,"adm0_pcode":"NGA","adm0_name":"Nigeria","adm1_pcode":"NG032","adm1_name":"Plateau","adm2_pcode":"NG032013","adm2_name":"Pankshin","adm3_pcode":null,"adm3_name":null,"adm4_pcode":null,"adm4_name":null,"name_latin":"Lankan"},"geometry":{"type":"Point","coordinates":[9.3270636,9.3090672]}},
{"type":"Feature","properties":{"id":"node/501499124","name":"Pankshin","name_en":null,"name_yo":null,"place":"village","landuse":null,"population":null,"is_in":null,"source":null,"adm0_pcode":"NGA","adm0_name":"Nigeria","adm1_pcode":"NG032","adm1_name":"Plateau","adm2_pcode":"NG032013","adm2_name":"Pankshin","adm3_pcode":null,"adm3_name":null,"adm4_pcode":null,"adm4_name":null,"name_latin":"Pankshin"},"geometry":{"type":"Point","coordinates":[9.4414255,9.3285985]}},
{"type":"Feature","properties":{"id":"node/501499000","name":"Gwolong","name_en":null,"name_yo":null,"place":"village","landuse":null,"population":null,"is_in":null,"source":null,"adm0_pcode":"NGA","adm0_name":"Nigeria","adm1_pcode":"NG032","adm1_name":"Plateau","adm2_pcode":"NG032013","adm2_name":"Pankshin","adm3_pcode":null,"adm3_name":null,"adm4_pcode":null,"adm4_name":null,"name_latin":"Gwolong"},"geometry":{"type":"Point","coordinates":[9.4312503,9.336437]}},
{"type":"Feature","properties":{"id":"node/501491933","name":"Amper","name_en":null,"name_yo":null,"place":"village","landuse":null,"population":null,"is_in":null,"source":null,"adm0_pcode":"NGA","adm0_name":"Nigeria","adm1_pcode":"NG032","adm1_name":"Plateau","adm2_pcode":"NG032008","adm2_name":"Kanke","adm3_pcode":null,"adm3_name":null,"adm4_pcode":null,"adm4_name":null,"name_latin":"Amper"},"geometry":{"type":"Point","coordinates":[9.7019252,9.355536]}},
{"type":"Feature","properties":{"id":"node/501479450","name":"Mulas","name_en":null,"name_yo":null,"place":"village","landuse":null,"population":null,"is_in":null,"source":null,"adm0_pcode":"NGA","adm0_name":"Nigeria","adm1_pcode":"NG032","adm1_name":"Plateau","adm2_pcode":"NG032007","adm2_name":"Kanam","adm3_pcode":null,"adm3_name":null,"adm4_pcode":null,"adm4_name":null,"name_latin":"Mulas"},"geometry":{"type":"Point","coordinates":[10.0793705,9.3617172]}},
{"type":"Feature","properties":{"id":"node/501525961","name":"Dengi","name_en":null,"name_yo":null,"place":"village","landuse":null,"population":null,"is_in":null,"source":null,"adm0_pcode":"NGA","adm0_name":"Nigeria","adm1_pcode":"NG032","adm1_name":"Plateau","adm2_pcode":"NG032007","adm2_name":"Kanam","adm3_pcode":null,"adm3_name":null,"adm4_pcode":null,"adm4_name":null,"name_latin":"Dengi"},"geometry":{"type":"Point","coordinates":[9.9627315,9.3674857]}},
{"type":"Feature","properties":{"id":"node/501457880","name":"Tambes","name_en":null,"name_yo":null,"place":"village","landuse":null,"population":null,"is_in":null,"source":null,"adm0_pcode":"NGA","adm0_name":"Nigeria","adm1_pcode":"NG032","adm1_name":"Plateau","adm2_pcode":"NG032013","adm2_name":"Pankshin","adm3_pcode":null,"adm3_name":null,"adm4_pcode":null,"adm4_name":null,"name_latin":"Tambes"},"geometry":{"type":"Point","coordinates":[9.4,9.383333]}},
{"type":"Feature","properties":{"id":"node/501495004","name":"Fier","name_en":null,"name_yo":null,"place":"village","landuse":null,"population":null,"is_in":null,"source":null,"adm0_pcode":"NGA","adm0_name":"Nigeria","adm1_pcode":"NG032","adm1_name":"Plateau","adm2_pcode":"NG032013","adm2_name":"Pankshin","adm3_pcode":null,"adm3_name":null,"adm4_pcode":null,"adm4_name":null,"name_latin":"Fier"},"geometry":{"type":"Point","coordinates":[9.3991468,9.4048224]}},
{"type":"Feature","properties":{"id":"node/501383630","name":"Wuseli","name_en":null,"name_yo":null,"place":"village","landuse":null,"population":null,"is_in":null,"source":null,"adm0_pcode":"NGA","adm0_name":"Nigeria","adm1_pcode":"NG032","adm1_name":"Plateau","adm2_pcode":"NG032013","adm2_name":"Pankshin","adm3_pcode":null,"adm3_name":null,"adm4_pcode":null,"adm4_name":null,"name_latin":"Wuseli"},"geometry":{"type":"Point","coordinates":[9.45,9.433333]}},
{"type":"Feature","properties":{"id":"node/501356404","name":"Tokkos","name_en":null,"name_yo":null,"place":"village","landuse":null,"population":null,"is_in":null,"source":null,"adm0_pcode":"NGA","adm0_name":"Nigeria","adm1_pcode":"NG032","adm1_name":"Plateau","adm2_pcode":"NG032013","adm2_name":"Pankshin","adm3_pcode":null,"adm3_name":null,"adm4_pcode":null,"adm4_name":null,"name_latin":"Tokkos"},"geometry":{"type":"Point","coordinates":[9.3735698,9.4658246]}},
{"type":"Feature","properties":{"id":"node/501490899","name":"Takkos","name_en":null,"name_yo":null,"place":"village","landuse":null,"population":null,"is_in":null,"source":null,"adm0_pcode":"NGA","adm0_name":"Nigeria","adm1_pcode":"NG032","adm1_name":"Plateau","adm2_pcode":"NG032013","adm2_name":"Pankshin","adm3_pcode":null,"adm3_name":null,"adm4_pcode":null,"adm4_name":null,"name_latin":"Takkos"},"geometry":{"type":"Point","coordinates":[9.3711086,9.4671453]}},
{"type":"Feature","properties":{"id":"node/501517080","name":"Kwanka","name_en":null,"name_yo":null,"place":"village","landuse":null,"population":null,"is_in":null,"source":null,"adm0_pcode":"NGA","adm0_name":"Nigeria","adm1_pcode":"NG032","adm1_name":"Plateau","adm2_pcode":"NG032013","adm2_name":"Pankshin","adm3_pcode":null,"adm3_name":null,"adm4_pcode":null,"adm4_name":null,"name_latin":"Kwanka"},"geometry":{"type":"Point","coordinates":[9.3683825,9.5071046]}},
{"type":"Feature","properties":{"id":"node/501498682","name":"Timjim","name_en":null,"name_yo":null,"place":"village","landuse":null,"population":null,"is_in":null,"source":null,"adm0_pcode":"NGA","adm0_name":"Nigeria","adm1_pcode":"NG032","adm1_name":"Plateau","adm2_pcode":"NG032013","adm2_name":"Pankshin","adm3_pcode":null,"adm3_name":null,"adm4_pcode":null,"adm4_name":null,"name_latin":"Timjim"},"geometry":{"type":"Point","coordinates":[9.3618605,9.5520314]}},
{"type":"Feature","properties":{"id":"node/501361615","name":"Gyangyan","name_en":null,"name_yo":null,"place":"village","landuse":null,"population":null,"is_in":null,"source":null,"adm0_pcode":"NGA","adm0_name":"Nigeria","adm1_pcode":"NG032","adm1_name":"Plateau","adm2_pcode":"NG032007","adm2_name":"Kanam","adm3_pcode":null,"adm3_name":null,"adm4_pcode":null,"adm4_name":null,"name_latin":"Gyangyan"},"geometry":{"type":"Point","coordinates":[9.816667,9.583333]}},
{"type":"Feature","properties":{"id":"node/501440251","name":"Pem Giji","name_en":null,"name_yo":null,"place":"village","landuse":null,"population":null,"is_in":null,"source":null,"adm0_pcode":"NGA","adm0_name":"Nigeria","adm1_pcode":"NG032","adm1_name":"Plateau","adm2_pcode":"NG032011","adm2_name":"Mangu","adm3_pcode":null,"adm3_name":null,"adm4_pcode":null,"adm4_name":null,"name_latin":"Pem Giji"},"geometry":{"type":"Point","coordinates":[9.3158516,9.5857873]}},
{"type":"Feature","properties":{"id":"node/501475545","name":"Badni","name_en":null,"name_yo":null,"place":"village","landuse":null,"population":null,"is_in":null,"source":null,"adm0_pcode":"NGA","adm0_name":"Nigeria","adm1_pcode":"NG032","adm1_name":"Plateau","adm2_pcode":"NG032011","adm2_name":"Mangu","adm3_pcode":null,"adm3_name":null,"adm4_pcode":null,"adm4_name":null,"name_latin":"Badni"},"geometry":{"type":"Point","coordinates":[9.303709,9.5976843]}},
{"type":"Feature","properties":{"id":"node/501493214","name":"Dogon Ruwa","name_en":null,"name_yo":null,"place":"village","landuse":null,"population":null,"is_in":null,"source":null,"adm0_pcode":"NGA","adm0_name":"Nigeria","adm1_pcode":"NG032","adm1_name":"Plateau","adm2_pcode":"NG032007","adm2_name":"Kanam","adm3_pcode":null,"adm3_name":null,"adm4_pcode":null,"adm4_name":null,"name_latin":"Dogon Ruwa"},"geometry":{"type":"Point","coordinates":[10.0979804,9.5986651]}},
{"type":"Feature","properties":{"id":"node/501526633","name":"Dutsin Ruwa","name_en":null,"name_yo":null,"place":"village","landuse":null,"population":null,"is_in":null,"source":null,"adm0_pcode":"NGA","adm0_name":"Nigeria","adm1_pcode":"NG032","adm1_name":"Plateau","adm2_pcode":"NG032007","adm2_name":"Kanam","adm3_pcode":null,"adm3_name":null,"adm4_pcode":null,"adm4_name":null,"name_latin":"Dutsin Ruwa"},"geometry":{"type":"Point","coordinates":[10.0971468,9.5987975]}},
{"type":"Feature","properties":{"id":"node/501476687","name":"Nwarem","name_en":null,"name_yo":null,"place":"village","landuse":null,"population":null,"is_in":null,"source":null,"adm0_pcode":"NGA","adm0_name":"Nigeria","adm1_pcode":"NG011","adm1_name":"Ebonyi","adm2_pcode":"NG011001","adm2_name":"Abakaliki","adm3_pcode":null,"adm3_name":null,"adm4_pcode":null,"adm4_name":null,"name_latin":"Nwarem"},"geometry":{"type":"Point","coordinates":[8.240836,6.292895]}},
{"type":"Feature","properties":{"id":"node/501518645","name":"Amata","name_en":null,"name_yo":null,"place":"village","landuse":null,"population":null,"is_in":null,"source":null,"adm0_pcode":"NGA","adm0_name":"Nigeria","adm1_pcode":"NG011","adm1_name":"Ebonyi","adm2_pcode":"NG011001","adm2_name":"Abakaliki","adm3_pcode":null,"adm3_name":null,"adm4_pcode":null,"adm4_name":null,"name_latin":"Amata"},"geometry":{"type":"Point","coordinates":[8.3097,6.295755]}},
{"type":"Feature","properties":{"id":"node/501370813","name":"Egudenago","name_en":null,"name_yo":null,"place":"village","landuse":null,"population":null,"is_in":null,"source":null,"adm0_pcode":"NGA","adm0_name":"Nigeria","adm1_pcode":"NG011","adm1_name":"Ebonyi","adm2_pcode":"NG011001","adm2_name":"Abakaliki","adm3_pcode":null,"adm3_name":null,"adm4_pcode":null,"adm4_name":null,"name_latin":"Egudenago"},"geometry":{"type":"Point","coordinates":[8.266667,6.3]}},
{"type":"Feature","properties":{"id":"node/501476619","name":"Ijibollo","name_en":null,"name_yo":null,"place":"village","landuse":null,"population":null,"is_in":null,"source":null,"adm0_pcode":"NGA","adm0_name":"Nigeria","adm1_pcode":"NG011","adm1_name":"Ebonyi","adm2_pcode":"NG011010","adm2_name":"Izzi","adm3_pcode":null,"adm3_name":null,"adm4_pcode":null,"adm4_name":null,"name_latin":"Ijibollo"},"geometry":{"type":"Point","coordinates":[8.389462,6.303497]}},
{"type":"Feature","properties":{"id":"node/501484860","name":"Iheuokpara","name_en":null,"name_yo":null,"place":"village","landuse":null,"population":null,"is_in":null,"source":null,"adm0_pcode":"NGA","adm0_name":"Nigeria","adm1_pcode":"NG014","adm1_name":"Enugu","adm2_pcode":"NG014011","adm2_name":"Nkanu East","adm3_pcode":null,"adm3_name":null,"adm4_pcode":null,"adm4_name":null,"name_latin":"Iheuokpara"},"geometry":{"type":"Point","coordinates":[7.6777,6.3112]}},
{"type":"Feature","properties":{"id":"node/501518760","name":"Ofe-Iyiokwu","name_en":null,"name_yo":null,"place":"village","landuse":null,"population":null,"is_in":null,"source":null,"adm0_pcode":"NGA","adm0_name":"Nigeria","adm1_pcode":"NG011","adm1_name":"Ebonyi","adm2_pcode":"NG011001","adm2_name":"Abakaliki","adm3_pcode":null,"adm3_name":null,"adm4_pcode":null,"adm4_name":null,"name_latin":"Ofe-Iyiokwu"},"geometry":{"type":"Point","coordinates":[8.105334,6.311528]}},
{"type":"Feature","properties":{"id":"relation/19652451","name":"Abakaliki","name_en":null,"name_yo":null,"place":null,"landuse":"residential","population":null,"is_in":null,"source":null,"adm0_pcode":"NGA","adm0_name":"Nigeria","adm1_pcode":"NG011","adm1_name":"Ebonyi","adm2_pcode":"NG011001","adm2_name":"Abakaliki","adm3_pcode":null,"adm3_name":null,"adm4_pcode":null,"adm4_name":null,"name_latin":"Abakaliki"},"geometry":{"type":"Polygon","coordinates":[[[8.1050563,6.2714173],[8.0974005,6.270668],[8.0958323,6.2711504],[8.0935256,6.2728567],[8.0932842,6.2753629],[8.0958859,6.2768559],[8.0950276,6.2781623],[8.0929086,6.2805352],[8.0914603,6.2822415],[8.0925622,6.2860026],[8.0908455,6.2887487],[8.0884584,6.2901084],[8.0865004,6.2907482],[8.0834963,6.290455],[8.0813505,6.2905616],[8.0799826,6.2921079],[8.0793657,6.2938675],[8.0785074,6.2986664],[8.0767371,6.2997328],[8.0746718,6.3003459],[8.0745914,6.302772],[8.0738672,6.3057579],[8.0736526,6.3081306],[8.074645,6.3103434],[8.0779441,6.3114364],[8.0766567,6.3119963],[8.0748059,6.3126628],[8.0740281,6.315302],[8.0744304,6.3198341],[8.0750205,6.3214603],[8.0722134,6.322385],[8.0708521,6.3190013],[8.0675352,6.3174979],[8.0636008,6.3194042],[8.0652804,6.3211597],[8.063359,6.3210363],[8.0576976,6.3202628],[8.0565671,6.3222615],[8.0535354,6.328153],[8.0510338,6.3269258],[8.0463542,6.3292545],[8.0456187,6.3313562],[8.0459509,6.3351853],[8.0457614,6.3371815],[8.044547,6.33976],[8.0417421,6.3424332],[8.0415784,6.3450103],[8.0389871,6.3465317],[8.0407435,6.3495085],[8.0457398,6.3508946],[8.0491954,6.354445],[8.051052,6.3554441],[8.0537749,6.3584151],[8.0576881,6.3612821],[8.0599277,6.3639132],[8.0628431,6.3616766],[8.0704483,6.3612606],[8.0730019,6.3646918],[8.0791333,6.3651917],[8.0815551,6.3654894],[8.0820984,6.3597879],[8.0838109,6.3585576],[8.0897933,6.3612909],[8.0970322,6.36407],[8.0984331,6.3620602],[8.0950521,6.3555984],[8.1009884,6.3547852],[8.104017,6.3585026],[8.1079945,6.3594829],[8.1145417,6.3569919],[8.1120438,6.3529211],[8.1153101,6.3527828],[8.1189962,6.345099],[8.1239175,6.3434023],[8.1250588,6.3436643],[8.1270093,6.3452778],[8.1280382,6.344548],[8.1281656,6.341312],[8.1296723,6.3397961],[8.1321795,6.3388481],[8.131881,6.3372968],[8.1330442,6.3379164],[8.1361949,6.3382522],[8.1403289,6.3388841],[8.1386598,6.3322285],[8.1357141,6.3310296],[8.1349358,6.3256507],[8.136634,6.3193264],[8.1422615,6.31829],[8.1433076,6.3157441],[8.1452253,6.3151176],[8.146325,6.3132514],[8.1460166,6.309839],[8.146553,6.3080661],[8.1455204,6.30612],[8.1446621,6.3053735],[8.1408936,6.3054402],[8.1394318,6.304827],[8.1352475,6.3045204],[8.1356633,6.3031474],[8.1344965,6.3015078],[8.1325787,6.3008147],[8.131707,6.2998682],[8.1327128,6.2983086],[8.1339601,6.2990817],[8.1366557,6.2990817],[8.1386539,6.2991217],[8.1400755,6.299615],[8.1411484,6.3005747],[8.1426772,6.2992417],[8.1446487,6.2983753],[8.1453058,6.2966423],[8.1450644,6.2949227],[8.1459629,6.2920434],[8.1459629,6.2903771],[8.1450912,6.2892974],[8.1437367,6.291057],[8.1427711,6.2924033],[8.1409606,6.2931232],[8.1406924,6.29231],[8.1420201,6.2920834],[8.1424895,6.2908704],[8.1416982,6.2882843],[8.1395122,6.2875644],[8.1381577,6.287911],[8.1381577,6.2896573],[8.1376481,6.2900572],[8.1334236,6.289604],[8.1336382,6.29231],[8.1296296,6.2920493],[8.1285568,6.2907162],[8.1296565,6.2891699],[8.1296028,6.2853574],[8.1272425,6.2847709],[8.126706,6.2870904],[8.1248285,6.2859973],[8.1246676,6.2888767],[8.1238093,6.2895165],[8.12279,6.2889033],[8.1221195,6.2861039],[8.1208588,6.2854374],[8.1187935,6.2879169],[8.1169681,6.28928],[8.1117109,6.2892533],[8.1110404,6.2861873],[8.1058905,6.2871204],[8.1057564,6.2845077],[8.1038252,6.2847743],[8.1029133,6.2798153],[8.101894,6.2795754],[8.1026987,6.2754962],[8.1059978,6.276376],[8.1080095,6.2727768],[8.1050563,6.2714173]]]}},
{"type":"Feature","properties":{"id":"node/501540903","name":"Abakaliki","name_en":"Abakaliki","name_yo":null,"place":"city","landuse":null,"population":null,"is_in":null,"source":null,"adm0_pcode":"NGA","adm0_name":"Nigeria","adm1_pcode":"NG011","adm1_name":"Ebonyi","adm2_pcode":"NG011004","adm2_name":"Ebonyi","adm3_pcode":null,"adm3_name":null,"adm4_pcode":null,"adm4_name":null,"name_latin":"Abakaliki"},"geometry":{"type":"Point","coordinates":[8.1133202,6.3208897]}},
{"type":"Feature","properties":{"id":"node/501526946","name":"Nchoko","name_en":null,"name_yo":null,"place":"village","landuse":null,"population":null,"is_in":null,"source":null,"adm0_pcode":"NGA","adm0_name":"Nigeria","adm1_pcode":"NG011","adm1_name":"Ebonyi","adm2_pcode":"NG011010","adm2_name":"Izzi","adm3_pcode":null,"adm3_name":null,"adm4_pcode":null,"adm4_name":null,"name_latin":"Nchoko"},"geometry":{"type":"Point","coordinates":[8.197186,6.321629]}},
{"type":"Feature","properties":{"id":"node/501394975","name":"Amagunze","name_en":null,"name_yo":null,"place":"town","landuse":null,"population":null,"is_in":null,"source":null,"adm0_pcode":"NGA","adm0_name":"Nigeria","adm1_pcode":"NG014","adm1_name":"Enugu","adm2_pcode":"NG014011","adm2_name":"Nkanu East","adm3_pcode":null,"adm3_name":null,"adm4_pcode":null,"adm4_name":null,"name_latin":"Amagunze"},"geometry":{"type":"Point","coordinates":[7.651657,6.3303012]}},
{"type":"Feature","properties":{"id":"node/13731010280","name":"Akpugo","name_en":null,"name_yo":null,"place":"town","landuse":null,"population":null,"is_in":null,"source":null,"adm0_pcode":"NGA","adm0_name":"Nigeria","adm1_pcode":"NG014","adm1_name":"Enugu","adm2_pcode":"NG014012","adm2_name":"Nkanu West","adm3_pcode":null,"adm3_name":null,"adm4_pcode":null,"adm4_name":null,"name_latin":"Akpugo"},"geometry":{"type":"Point","coordinates":[7.5827334,6.3349377]}},
{"type":"Feature","properties":{"id":"node/501464655","name":"Osu","name_en":null,"name_yo":null,"place":"village","landuse":null,"population":null,"is_in":null,"source":null,"adm0_pcode":"NGA","adm0_name":"Nigeria","adm1_pcode":"NG014","adm1_name":"Enugu","adm2_pcode":"NG014011","adm2_name":"Nkanu East","adm3_pcode":null,"adm3_name":null,"adm4_pcode":null,"adm4_name":null,"name_latin":"Osu"},"geometry":{"type":"Point","coordinates":[7.6689,6.3372]}},
{"type":"Feature","properties":{"id":"node/501419182","name":"Ndubia","name_en":null,"name_yo":null,"place":"village","landuse":null,"population":null,"is_in":null,"source":null,"adm0_pcode":"NGA","adm0_name":"Nigeria","adm1_pcode":"NG011","adm1_name":"Ebonyi","adm2_pcode":"NG011010","adm2_name":"Izzi","adm3_pcode":null,"adm3_name":null,"adm4_pcode":null,"adm4_name":null,"name_latin":"Ndubia"},"geometry":{"type":"Point","coordinates":[8.305379,6.339707]}},
{"type":"Feature","properties":{"id":"node/501476311","name":"Benekaba","name_en":null,"name_yo":null,"place":"village","landuse":null,"population":null,"is_in":null,"source":null,"adm0_pcode":"NGA","adm0_name":"Nigeria","adm1_pcode":"NG011","adm1_name":"Ebonyi","adm2_pcode":"NG011010","adm2_name":"Izzi","adm3_pcode":null,"adm3_name":null,"adm4_pcode":null,"adm4_name":null,"name_latin":"Benekaba"},"geometry":{"type":"Point","coordinates":[8.388431,6.342586]}},
{"type":"Feature","properties":{"id":"node/501526910","name":"Amuzu-Igbagu","name_en":null,"name_yo":null,"place":"village","landuse":null,"population":null,"is_in":null,"source":null,"adm0_pcode":"NGA","adm0_name":"Nigeria","adm1_pcode":"NG011","adm1_name":"Ebonyi","adm2_pcode":"NG011010","adm2_name":"Izzi","adm3_pcode":null,"adm3_name":null,"adm4_pcode":null,"adm4_name":null,"name_latin":"Amuzu-Igbagu"},"geometry":{"type":"Point","coordinates":[8.206819,6.349926]}},
{"type":"Feature","properties":{"id":"node/501518712","name":"Okpoduma","name_en":null,"name_yo":null,"place":"village","landuse":null,"population":null,"is_in":null,"source":null,"adm0_pcode":"NGA","adm0_name":"Nigeria","adm1_pcode":"NG011","adm1_name":"Ebonyi","adm2_pcode":"NG011010","adm2_name":"Izzi","adm3_pcode":null,"adm3_name":null,"adm4_pcode":null,"adm4_name":null,"name_latin":"Okpoduma"},"geometry":{"type":"Point","coordinates":[8.364848,6.359417]}},
{"type":"Feature","properties":{"id":"node/501418892","name":"Abofifia","name_en":null,"name_yo":null,"place":"village","landuse":null,"population":null,"is_in":null,"source":null,"adm0_pcode":"NGA","adm0_name":"Nigeria","adm1_pcode":"NG011","adm1_name":"Ebonyi","adm2_pcode":"NG011004","adm2_name":"Ebonyi","adm3_pcode":null,"adm3_name":null,"adm4_pcode":null,"adm4_name":null,"name_latin":"Abofifia"},"geometry":{"type":"Point","coordinates":[8.1303,6.3601]}},
{"type":"Feature","properties":{"id":"node/501373265","name":"Ngbo","name_en":null,"name_yo":null,"place":"village","landuse":null,"population":null,"is_in":null,"source":null,"adm0_pcode":"NGA","adm0_name":"Nigeria","adm1_pcode":"NG011","adm1_name":"Ebonyi","adm2_pcode":"NG011010","adm2_name":"Izzi","adm3_pcode":null,"adm3_name":null,"adm4_pcode":null,"adm4_name":null,"name_latin":"Ngbo"},"geometry":{"type":"Point","coordinates":[8.152531,6.362741]}},
{"type":"Feature","properties":{"id":"node/2827958297","name":"Ndiaga-Akpugo","name_en":null,"name_yo":null,"place":"village","landuse":null,"population":null,"is_in":null,"source":null,"adm0_pcode":"NGA","adm0_name":"Nigeria","adm1_pcode":"NG014","adm1_name":"Enugu","adm2_pcode":"NG014012","adm2_name":"Nkanu West","adm3_pcode":null,"adm3_name":null,"adm4_pcode":null,"adm4_name":null,"name_latin":"Ndiaga-Akpugo"},"geometry":{"type":"Point","coordinates":[7.6001154,6.366647]}},
{"type":"Feature","properties":{"id":"node/501452666","name":"Ndenwenyi","name_en":null,"name_yo":null,"place":"village","landuse":null,"population":null,"is_in":null,"source":null,"adm0_pcode":"NGA","adm0_name":"Nigeria","adm1_pcode":"NG011","adm1_name":"Ebonyi","adm2_pcode":"NG011010","adm2_name":"Izzi","adm3_pcode":null,"adm3_name":null,"adm4_pcode":null,"adm4_name":null,"name_latin":"Ndenwenyi"},"geometry":{"type":"Point","coordinates":[8.3736,6.3679]}},
{"type":"Feature","properties":{"id":"node/501452731","name":"Idembia Izi","name_en":null,"name_yo":null,"place":"village","landuse":null,"population":null,"is_in":null,"source":null,"adm0_pcode":"NGA","adm0_name":"Nigeria","adm1_pcode":"NG011","adm1_name":"Ebonyi","adm2_pcode":"NG011012","adm2_name":"Ohaukwu","adm3_pcode":null,"adm3_name":null,"adm4_pcode":null,"adm4_name":null,"name_latin":"Idembia Izi"},"geometry":{"type":"Point","coordinates":[8.015746,6.368219]}},
{"type":"Feature","properties":{"id":"node/501372656","name":"Enyibichiri","name_en":null,"name_yo":null,"place":"village","landuse":null,"population":null,"is_in":null,"source":null,"adm0_pcode":"NGA","adm0_name":"Nigeria","adm1_pcode":"NG011","adm1_name":"Ebonyi","adm2_pcode":"NG011004","adm2_name":"Ebonyi","adm3_pcode":null,"adm3_name":null,"adm4_pcode":null,"adm4_name":null,"name_latin":"Enyibichiri"},"geometry":{"type":"Point","coordinates":[8.059528,6.36974]}},
{"type":"Feature","properties":{"id":"node/501526976","name":"Ndinkwoda","name_en":null,"name_yo":null,"place":"village","landuse":null,"population":null,"is_in":null,"source":null,"adm0_pcode":"NGA","adm0_name":"Nigeria","adm1_pcode":"NG011","adm1_name":"Ebonyi","adm2_pcode":"NG011010","adm2_name":"Izzi","adm3_pcode":null,"adm3_name":null,"adm4_pcode":null,"adm4_name":null,"name_latin":"Ndinkwoda"},"geometry":{"type":"Point","coordinates":[8.292,6.3713]}},
{"type":"Feature","properties":{"id":"node/501372728","name":"Ogbaga","name_en":null,"name_yo":null,"place":"village","landuse":null,"population":null,"is_in":null,"source":null,"adm0_pcode":"NGA","adm0_name":"Nigeria","adm1_pcode":"NG011","adm1_name":"Ebonyi","adm2_pcode":"NG011004","adm2_name":"Ebonyi","adm3_pcode":null,"adm3_name":null,"adm4_pcode":null,"adm4_name":null,"name_latin":"Ogbaga"},"geometry":{"type":"Point","coordinates":[8.129187,6.376204]}},
{"type":"Feature","properties":{"id":"node/501372825","name":"Ndiabongiji","name_en":null,"name_yo":null,"place":"village","landuse":null,"population":null,"is_in":null,"source":null,"adm0_pcode":"NGA","adm0_name":"Nigeria","adm1_pcode":"NG011","adm1_name":"Ebonyi","adm2_pcode":"NG011010","adm2_name":"Izzi","adm3_pcode":null,"adm3_name":null,"adm4_pcode":null,"adm4_name":null,"name_latin":"Ndiabongiji"},"geometry":{"type":"Point","coordinates":[8.353522,6.377534]}},
{"type":"Feature","properties":{"id":"node/2827958298","name":"Ukpulugu","name_en":null,"name_yo":null,"place":"village","landuse":null,"population":null,"is_in":null,"source":null,"adm0_pcode":"NGA","adm0_name":"Nigeria","adm1_pcode":"NG014","adm1_name":"Enugu","adm2_pcode":"NG014012","adm2_name":"Nkanu West","adm3_pcode":null,"adm3_name":null,"adm4_pcode":null,"adm4_name":null,"name_latin":"Ukpulugu"},"geometry":{"type":"Point","coordinates":[7.6052496,6.3777787]}},
{"type":"Feature","properties":{"id":"node/501505494","name":"Isieke","name_en":null,"name_yo":null,"place":"town","landuse":null,"population":null,"is_in":null,"source":null,"adm0_pcode":"NGA","adm0_name":"Nigeria","adm1_pcode":"NG011","adm1_name":"Ebonyi","adm2_pcode":"NG011004","adm2_name":"Ebonyi","adm3_pcode":null,"adm3_name":null,"adm4_pcode":null,"adm4_name":null,"name_latin":"Isieke"},"geometry":{"type":"Point","coordinates":[8.0361474,6.38008]}},
{"type":"Feature","properties":{"id":"node/501518639","name":"Okunyeonu","name_en":null,"name_yo":null,"place":"village","landuse":null,"population":null,"is_in":null,"source":null,"adm0_pcode":"NGA","adm0_name":"Nigeria","adm1_pcode":"NG011","adm1_name":"Ebonyi","adm2_pcode":"NG011010","adm2_name":"Izzi","adm3_pcode":null,"adm3_name":null,"adm4_pcode":null,"adm4_name":null,"name_latin":"Okunyeonu"},"geometry":{"type":"Point","coordinates":[8.383512,6.380712]}},
{"type":"Feature","properties":{"id":"node/501372688","name":"Ofunyeonu","name_en":null,"name_yo":null,"place":"village","landuse":null,"population":null,"is_in":null,"source":null,"adm0_pcode":"NGA","adm0_name":"Nigeria","adm1_pcode":"NG011","adm1_name":"Ebonyi","adm2_pcode":"NG011010","adm2_name":"Izzi","adm3_pcode":null,"adm3_name":null,"adm4_pcode":null,"adm4_name":null,"name_latin":"Ofunyeonu"},"geometry":{"type":"Point","coordinates":[8.383512,6.380712]}},
{"type":"Feature","properties":{"id":"node/501527018","name":"Akpatakpa","name_en":null,"name_yo":null,"place":"village","landuse":null,"population":null,"is_in":null,"source":null,"adm0_pcode":"NGA","adm0_name":"Nigeria","adm1_pcode":"NG011","adm1_name":"Ebonyi","adm2_pcode":"NG011010","adm2_name":"Izzi","adm3_pcode":null,"adm3_name":null,"adm4_pcode":null,"adm4_name":null,"name_latin":"Akpatakpa"},"geometry":{"type":"Point","coordinates":[8.185828,6.382845]}},
{"type":"Feature","properties":{"id":"node/501526991","name":"Ubeagu Ndikuda","name_en":null,"name_yo":null,"place":"village","landuse":null,"population":null,"is_in":null,"source":null,"adm0_pcode":"NGA","adm0_name":"Nigeria","adm1_pcode":"NG011","adm1_name":"Ebonyi","adm2_pcode":"NG011010","adm2_name":"Izzi","adm3_pcode":null,"adm3_name":null,"adm4_pcode":null,"adm4_name":null,"name_latin":"Ubeagu Ndikuda"},"geometry":{"type":"Point","coordinates":[8.363265,6.392538]}},
{"type":"Feature","properties":{"id":"node/10975210511","name":"Ezzamgbo","name_en":null,"name_yo":null,"place":"town","landuse":null,"population":null,"is_in":null,"source":null,"adm0_pcode":"NGA","adm0_name":"Nigeria","adm1_pcode":"NG011","adm1_name":"Ebonyi","adm2_pcode":"NG011012","adm2_name":"Ohaukwu","adm3_pcode":null,"adm3_name":null,"adm4_pcode":null,"adm4_name":null,"name_latin":"Ezzamgbo"},"geometry":{"type":"Point","coordinates":[7.9727206,6.3966118]}},
{"type":"Feature","properties":{"id":"node/501505633","name":"Odariko","name_en":null,"name_yo":null,"place":"village","landuse":null,"population":null,"is_in":null,"source":null,"adm0_pcode":"NGA","adm0_name":"Nigeria","adm1_pcode":"NG011","adm1_name":"Ebonyi","adm2_pcode":"NG011010","adm2_name":"Izzi","adm3_pcode":null,"adm3_name":null,"adm4_pcode":null,"adm4_name":null,"name_latin":"Odariko"},"geometry":{"type":"Point","coordinates":[8.398746,6.39814]}},
{"type":"Feature","properties":{"id":"node/501506160","name":"Nkpunia","name_en":null,"name_yo":null,"place":"village","landuse":null,"population":null,"is_in":null,"source":null,"adm0_pcode":"NGA","adm0_name":"Nigeria","adm1_pcode":"NG011","adm1_name":"Ebonyi","adm2_pcode":"NG011010","adm2_name":"Izzi","adm3_pcode":null,"adm3_name":null,"adm4_pcode":null,"adm4_name":null,"name_latin":"Nkpunia"},"geometry":{"type":"Point","coordinates":[8.1743,6.4001]}},
{"type":"Feature","properties":{"id":"node/10975216232","name":"Iboko","name_en":null,"name_yo":null,"place":"town","landuse":null,"population":null,"is_in":null,"source":null,"adm0_pcode":"NGA","adm0_name":"Nigeria","adm1_pcode":"NG011","adm1_name":"Ebonyi","adm2_pcode":"NG011010","adm2_name":"Izzi","adm3_pcode":null,"adm3_name":null,"adm4_pcode":null,"adm4_name":null,"name_latin":"Iboko"},"geometry":{"type":"Point","coordinates":[8.2272471,6.4055028]}},
{"type":"Feature","properties":{"id":"node/501453038","name":"Ododo Okpa","name_en":null,"name_yo":null,"place":"village","landuse":null,"population":null,"is_in":null,"source":null,"adm0_pcode":"NGA","adm0_name":"Nigeria","adm1_pcode":"NG011","adm1_name":"Ebonyi","adm2_pcode":"NG011010","adm2_name":"Izzi","adm3_pcode":null,"adm3_name":null,"adm4_pcode":null,"adm4_name":null,"name_latin":"Ododo Okpa"},"geometry":{"type":"Point","coordinates":[8.382083,6.412678]}},
{"type":"Feature","properties":{"id":"node/501476266","name":"Agbara Oza","name_en":null,"name_yo":null,"place":"village","landuse":null,"population":null,"is_in":null,"source":null,"adm0_pcode":"NGA","adm0_name":"Nigeria","adm1_pcode":"NG011","adm1_name":"Ebonyi","adm2_pcode":"NG011010","adm2_name":"Izzi","adm3_pcode":null,"adm3_name":null,"adm4_pcode":null,"adm4_name":null,"name_latin":"Agbara Oza"},"geometry":{"type":"Point","coordinates":[8.227785,6.42344]}},
{"type":"Feature","properties":{"id":"way/1486964450","name":"New Enugu Smart City","name_en":null,"name_yo":null,"place":"city","landuse":"construction","population":null,"is_in":null,"source":null,"adm0_pcode":"NGA","adm0_name":"Nigeria","adm1_pcode":"NG014","adm1_name":"Enugu","adm2_pcode":"NG014011","adm2_name":"Nkanu East","adm3_pcode":null,"adm3_name":null,"adm4_pcode":null,"adm4_name":null,"name_latin":"New Enugu Smart City"},"geometry":{"type":"Polygon","coordinates":[[[7.6831963,6.4526549],[7.6625447,6.452344],[7.6487637,6.428796],[7.6341741,6.4294392],[7.6244926,6.4324921],[7.6256576,6.4354485],[7.6148566,6.4424152],[7.603671,6.4422685],[7.5972782,6.4389116],[7.5943061,6.4372459],[7.5942417,6.4359666],[7.5937474,6.433691],[7.5929542,6.4316381],[7.5937696,6.4296551],[7.5951,6.4288449],[7.5956364,6.4263501],[7.5966235,6.4248148],[7.5976535,6.4241965],[7.5981899,6.4222134],[7.5978895,6.4204223],[7.5993486,6.4192922],[7.6005288,6.4195267],[7.6012154,6.4192282],[7.6023527,6.4193775],[7.6028677,6.4185459],[7.6022454,6.4179915],[7.6019879,6.4173304],[7.6022454,6.416179],[7.6043053,6.4152194],[7.6053568,6.4151768],[7.6074811,6.4130231],[7.6081043,6.4113005],[7.6096492,6.4093174],[7.6108294,6.4081873],[7.6142197,6.4093174],[7.6191121,6.4092748],[7.6251202,6.4070785],[7.6276951,6.4056924],[7.6307207,6.4051806],[7.6325446,6.4063108],[7.6334155,6.4074693],[7.6336174,6.4087417],[7.6344543,6.410341],[7.6384883,6.4114285],[7.6419216,6.4114498],[7.6462989,6.4125373],[7.6490455,6.4136674],[7.6504403,6.4152667],[7.6508909,6.4168659],[7.6524787,6.4178468],[7.6543241,6.4168019],[7.6553112,6.4155439],[7.6572005,6.4153282],[7.6595394,6.4143473],[7.6605908,6.4147738],[7.6615135,6.4154348],[7.6676504,6.424689],[7.686855,6.4466298],[7.6831963,6.4526549]]]}},
{"type":"Feature","properties":{"id":"node/10975218813","name":"Ezillo","name_en":null,"name_yo":null,"place":"town","landuse":null,"population":null,"is_in":null,"source":null,"adm0_pcode":"NGA","adm0_name":"Nigeria","adm1_pcode":"NG011","adm1_name":"Ebonyi","adm2_pcode":"NG011008","adm2_name":"Ishielu","adm3_pcode":null,"adm3_name":null,"adm4_pcode":null,"adm4_name":null,"name_latin":"Ezillo"},"geometry":{"type":"Point","coordinates":[7.8178812,6.4291846]}},
{"type":"Feature","properties":{"id":"node/501452567","name":"Ndialagu Akpu","name_en":null,"name_yo":null,"place":"village","landuse":null,"population":null,"is_in":null,"source":null,"adm0_pcode":"NGA","adm0_name":"Nigeria","adm1_pcode":"NG011","adm1_name":"Ebonyi","adm2_pcode":"NG011010","adm2_name":"Izzi","adm3_pcode":null,"adm3_name":null,"adm4_pcode":null,"adm4_name":null,"name_latin":"Ndialagu Akpu"},"geometry":{"type":"Point","coordinates":[8.237245,6.434272]}},
{"type":"Feature","properties":{"id":"node/501505645","name":"Mbamini","name_en":null,"name_yo":null,"place":"village","landuse":null,"population":null,"is_in":null,"source":null,"adm0_pcode":"NGA","adm0_name":"Nigeria","adm1_pcode":"NG011","adm1_name":"Ebonyi","adm2_pcode":"NG011010","adm2_name":"Izzi","adm3_pcode":null,"adm3_name":null,"adm4_pcode":null,"adm4_name":null,"name_latin":"Mbamini"},"geometry":{"type":"Point","coordinates":[8.366652,6.434758]}},
{"type":"Feature","properties":{"id":"node/3934025859","name":"Oruku","name_en":null,"name_yo":null,"place":"village","landuse":null,"population":null,"is_in":null,"source":null,"adm0_pcode":"NGA","adm0_name":"Nigeria","adm1_pcode":"NG014","adm1_name":"Enugu","adm2_pcode":"NG014011","adm2_name":"Nkanu East","adm3_pcode":null,"adm3_name":null,"adm4_pcode":null,"adm4_name":null,"name_latin":"Oruku"},"geometry":{"type":"Point","coordinates":[7.650602,6.435201]}},
{"type":"Feature","properties":{"id":"node/501452742","name":"Ugbongha","name_en":null,"name_yo":null,"place":"village","landuse":null,"population":null,"is_in":null,"source":null,"adm0_pcode":"NGA","adm0_name":"Nigeria","adm1_pcode":"NG011","adm1_name":"Ebonyi","adm2_pcode":"NG011012","adm2_name":"Ohaukwu","adm3_pcode":null,"adm3_name":null,"adm4_pcode":null,"adm4_name":null,"name_latin":"Ugbongha"},"geometry":{"type":"Point","coordinates":[8.0406,6.4353]}},
{"type":"Feature","properties":{"id":"node/501493545","name":"Ogbodo","name_en":null,"name_yo":null,"place":"village","landuse":null,"population":null,"is_in":null,"source":null,"adm0_pcode":"NGA","adm0_name":"Nigeria","adm1_pcode":"NG011","adm1_name":"Ebonyi","adm2_pcode":"NG011010","adm2_name":"Izzi","adm3_pcode":null,"adm3_name":null,"adm4_pcode":null,"adm4_name":null,"name_latin":"Ogbodo"},"geometry":{"type":"Point","coordinates":[8.3993,6.4367]}},
{"type":"Feature","properties":{"id":"node/501419337","name":"Akpafu","name_en":null,"name_yo":null,"place":"village","landuse":null,"population":null,"is_in":null,"source":null,"adm0_pcode":"NGA","adm0_name":"Nigeria","adm1_pcode":"NG011","adm1_name":"Ebonyi","adm2_pcode":"NG011010","adm2_name":"Izzi","adm3_pcode":null,"adm3_name":null,"adm4_pcode":null,"adm4_name":null,"name_latin":"Akpafu"},"geometry":{"type":"Point","coordinates":[8.385509,6.443574]}},
{"type":"Feature","properties":{"id":"node/501505617","name":"Ndeosibo","name_en":null,"name_yo":null,"place":"village","landuse":null,"population":null,"is_in":null,"source":null,"adm0_pcode":"NGA","adm0_name":"Nigeria","adm1_pcode":"NG011","adm1_name":"Ebonyi","adm2_pcode":"NG011010","adm2_name":"Izzi","adm3_pcode":null,"adm3_name":null,"adm4_pcode":null,"adm4_name":null,"name_latin":"Ndeosibo"},"geometry":{"type":"Point","coordinates":[8.363178,6.444705]}},
{"type":"Feature","properties":{"id":"node/501419037","name":"Ndiachi","name_en":null,"name_yo":null,"place":"village","landuse":null,"population":null,"is_in":null,"source":null,"adm0_pcode":"NGA","adm0_name":"Nigeria","adm1_pcode":"NG011","adm1_name":"Ebonyi","adm2_pcode":"NG011010","adm2_name":"Izzi","adm3_pcode":null,"adm3_name":null,"adm4_pcode":null,"adm4_name":null,"name_latin":"Ndiachi"},"geometry":{"type":"Point","coordinates":[8.1585,6.4559]}},
{"type":"Feature","properties":{"id":"node/13731018630","name":"Idodo","name_en":null,"name_yo":null,"place":"village","landuse":null,"population":null,"is_in":null,"source":null,"adm0_pcode":"NGA","adm0_name":"Nigeria","adm1_pcode":"NG014","adm1_name":"Enugu","adm2_pcode":"NG014011","adm2_name":"Nkanu East","adm3_pcode":null,"adm3_name":null,"adm4_pcode":null,"adm4_name":null,"name_latin":"Idodo"},"geometry":{"type":"Point","coordinates":[7.7142849,6.4584686]}},
{"type":"Feature","properties":{"id":"node/13731018631","name":"Owo","name_en":null,"name_yo":null,"place":"village","landuse":null,"population":null,"is_in":null,"source":null,"adm0_pcode":"NGA","adm0_name":"Nigeria","adm1_pcode":"NG014","adm1_name":"Enugu","adm2_pcode":"NG014011","adm2_name":"Nkanu East","adm3_pcode":null,"adm3_name":null,"adm4_pcode":null,"adm4_name":null,"name_latin":"Owo"},"geometry":{"type":"Point","coordinates":[7.6850595,6.4706315]}},
{"type":"Feature","properties":{"id":"node/501493463","name":"Akataka","name_en":null,"name_yo":null,"place":"village","landuse":null,"population":null,"is_in":null,"source":null,"adm0_pcode":"NGA","adm0_name":"Nigeria","adm1_pcode":"NG011","adm1_name":"Ebonyi","adm2_pcode":"NG011010","adm2_name":"Izzi","adm3_pcode":null,"adm3_name":null,"adm4_pcode":null,"adm4_name":null,"name_latin":"Akataka"},"geometry":{"type":"Point","coordinates":[8.341052,6.471874]}},
{"type":"Feature","properties":{"id":"node/501518638","name":"Okwaraka","name_en":null,"name_yo":null,"place":"village","landuse":null,"population":null,"is_in":null,"source":null,"adm0_pcode":"NGA","adm0_name":"Nigeria","adm1_pcode":"NG011","adm1_name":"Ebonyi","adm2_pcode":"NG011010","adm2_name":"Izzi","adm3_pcode":null,"adm3_name":null,"adm4_pcode":null,"adm4_name":null,"name_latin":"Okwaraka"},"geometry":{"type":"Point","coordinates":[8.2264,6.4727]}},
{"type":"Feature","properties":{"id":"node/501506090","name":"Ozi","name_en":null,"name_yo":null,"place":"village","landuse":null,"population":null,"is_in":null,"source":null,"adm0_pcode":"NGA","adm0_name":"Nigeria","adm1_pcode":"NG011","adm1_name":"Ebonyi","adm2_pcode":"NG011010","adm2_name":"Izzi","adm3_pcode":null,"adm3_name":null,"adm4_pcode":null,"adm4_name":null,"name_latin":"Ozi"},"geometry":{"type":"Point","coordinates":[8.399349,6.473314]}},
{"type":"Feature","properties":{"id":"node/501518701","name":"Ndibinaofia","name_en":null,"name_yo":null,"place":"village","landuse":null,"population":null,"is_in":null,"source":null,"adm0_pcode":"NGA","adm0_name":"Nigeria","adm1_pcode":"NG011","adm1_name":"Ebonyi","adm2_pcode":"NG011010","adm2_name":"Izzi","adm3_pcode":null,"adm3_name":null,"adm4_pcode":null,"adm4_name":null,"name_latin":"Ndibinaofia"},"geometry":{"type":"Point","coordinates":[8.33067,6.473809]}},
{"type":"Feature","properties":{"id":"node/501373105","name":"Ndibiofa","name_en":null,"name_yo":null,"place":"village","landuse":null,"population":null,"is_in":null,"source":null,"adm0_pcode":"NGA","adm0_name":"Nigeria","adm1_pcode":"NG011","adm1_name":"Ebonyi","adm2_pcode":"NG011010","adm2_name":"Izzi","adm3_pcode":null,"adm3_name":null,"adm4_pcode":null,"adm4_name":null,"name_latin":"Ndibiofa"},"geometry":{"type":"Point","coordinates":[8.33067,6.473809]}},
{"type":"Feature","properties":{"id":"node/501518714","name":"Ogbanyim","name_en":null,"name_yo":null,"place":"village","landuse":null,"population":null,"is_in":null,"source":null,"adm0_pcode":"NGA","adm0_name":"Nigeria","adm1_pcode":"NG011","adm1_name":"Ebonyi","adm2_pcode":"NG011010","adm2_name":"Izzi","adm3_pcode":null,"adm3_name":null,"adm4_pcode":null,"adm4_name":null,"name_latin":"Ogbanyim"},"geometry":{"type":"Point","coordinates":[8.3846,6.4749]}},
{"type":"Feature","properties":{"id":"node/501522141","name":"Nkalagu","name_en":null,"name_yo":null,"place":"village","landuse":null,"population":null,"is_in":null,"source":null,"adm0_pcode":"NGA","adm0_name":"Nigeria","adm1_pcode":"NG011","adm1_name":"Ebonyi","adm2_pcode":"NG011008","adm2_name":"Ishielu","adm3_pcode":null,"adm3_name":null,"adm4_pcode":null,"adm4_name":null,"name_latin":"Nkalagu"},"geometry":{"type":"Point","coordinates":[7.778901,6.479417]}},
{"type":"Feature","properties":{"id":"node/501518713","name":"Okpoduma","name_en":null,"name_yo":null,"place":"village","landuse":null,"population":null,"is_in":null,"source":null,"adm0_pcode":"NGA","adm0_name":"Nigeria","adm1_pcode":"NG011","adm1_name":"Ebonyi","adm2_pcode":"NG011010","adm2_name":"Izzi","adm3_pcode":null,"adm3_name":null,"adm4_pcode":null,"adm4_name":null,"name_latin":"Okpoduma"},"geometry":{"type":"Point","coordinates":[8.3534,6.4796]}},
{"type":"Feature","properties":{"id":"node/501476689","name":"Inyinba","name_en":null,"name_yo":null,"place":"village","landuse":null,"population":null,"is_in":null,"source":null,"adm0_pcode":"NGA","adm0_name":"Nigeria","adm1_pcode":"NG011","adm1_name":"Ebonyi","adm2_pcode":"NG011010","adm2_name":"Izzi","adm3_pcode":null,"adm3_name":null,"adm4_pcode":null,"adm4_name":null,"name_latin":"Inyinba"},"geometry":{"type":"Point","coordinates":[8.2819,6.4819]}},
{"type":"Feature","properties":{"id":"node/501505752","name":"Ndowu","name_en":null,"name_yo":null,"place":"village","landuse":null,"population":null,"is_in":null,"source":null,"adm0_pcode":"NGA","adm0_name":"Nigeria","adm1_pcode":"NG011","adm1_name":"Ebonyi","adm2_pcode":"NG011010","adm2_name":"Izzi","adm3_pcode":null,"adm3_name":null,"adm4_pcode":null,"adm4_name":null,"name_latin":"Ndowu"},"geometry":{"type":"Point","coordinates":[8.3924,6.4941]}},
{"type":"Feature","properties":{"id":"node/501419193","name":"Ndowa","name_en":null,"name_yo":null,"place":"village","landuse":null,"population":null,"is_in":null,"source":null,"adm0_pcode":"NGA","adm0_name":"Nigeria","adm1_pcode":"NG011","adm1_name":"Ebonyi","adm2_pcode":"NG011010","adm2_name":"Izzi","adm3_pcode":null,"adm3_name":null,"adm4_pcode":null,"adm4_name":null,"name_latin":"Ndowa"},"geometry":{"type":"Point","coordinates":[8.3924,6.4941]}},
{"type":"Feature","properties":{"id":"node/501518718","name":"Egwudinagu","name_en":null,"name_yo":null,"place":"village","landuse":null,"population":null,"is_in":null,"source":null,"adm0_pcode":"NGA","adm0_name":"Nigeria","adm1_pcode":"NG011","adm1_name":"Ebonyi","adm2_pcode":"NG011004","adm2_name":"Ebonyi","adm3_pcode":null,"adm3_name":null,"adm4_pcode":null,"adm4_name":null,"name_latin":"Egwudinagu"},"geometry":{"type":"Point","coordinates":[8.0869,6.4949]}},
{"type":"Feature","properties":{"id":"node/501431326","name":"Ndiagu - Owo","name_en":null,"name_yo":null,"place":"village","landuse":null,"population":null,"is_in":null,"source":null,"adm0_pcode":"NGA","adm0_name":"Nigeria","adm1_pcode":"NG014","adm1_name":"Enugu","adm2_pcode":"NG014011","adm2_name":"Nkanu East","adm3_pcode":null,"adm3_name":null,"adm4_pcode":null,"adm4_name":null,"name_latin":"Ndiagu - Owo"},"geometry":{"type":"Point","coordinates":[7.7036,6.4955]}},
{"type":"Feature","properties":{"id":"node/501476631","name":"Ojiegbe","name_en":null,"name_yo":null,"place":"village","landuse":null,"population":null,"is_in":null,"source":null,"adm0_pcode":"NGA","adm0_name":"Nigeria","adm1_pcode":"NG011","adm1_name":"Ebonyi","adm2_pcode":"NG011004","adm2_name":"Ebonyi","adm3_pcode":null,"adm3_name":null,"adm4_pcode":null,"adm4_name":null,"name_latin":"Ojiegbe"},"geometry":{"type":"Point","coordinates":[8.1336,6.4958]}},
{"type":"Feature","properties":{"id":"node/501518381","name":"Amaguanyim","name_en":null,"name_yo":null,"place":"village","landuse":null,"population":null,"is_in":null,"source":null,"adm0_pcode":"NGA","adm0_name":"Nigeria","adm1_pcode":"NG011","adm1_name":"Ebonyi","adm2_pcode":"NG011010","adm2_name":"Izzi","adm3_pcode":null,"adm3_name":null,"adm4_pcode":null,"adm4_name":null,"name_latin":"Amaguanyim"},"geometry":{"type":"Point","coordinates":[8.4,6.5]}},
{"type":"Feature","properties":{"id":"node/501419308","name":"Ominyi","name_en":null,"name_yo":null,"place":"village","landuse":null,"population":null,"is_in":null,"source":null,"adm0_pcode":"NGA","adm0_name":"Nigeria","adm1_pcode":"NG011","adm1_name":"Ebonyi","adm2_pcode":"NG011010","adm2_name":"Izzi","adm3_pcode":null,"adm3_name":null,"adm4_pcode":null,"adm4_name":null,"name_latin":"Ominyi"},"geometry":{"type":"Point","coordinates":[8.383961,6.500846]}},
{"type":"Feature","properties":{"id":"node/501419314","name":"Ominiyi","name_en":null,"name_yo":null,"place":"village","landuse":null,"population":null,"is_in":null,"source":null,"adm0_pcode":"NGA","adm0_name":"Nigeria","adm1_pcode":"NG011","adm1_name":"Ebonyi","adm2_pcode":"NG011010","adm2_name":"Izzi","adm3_pcode":null,"adm3_name":null,"adm4_pcode":null,"adm4_name":null,"name_latin":"Ominiyi"},"geometry":{"type":"Point","coordinates":[8.383961,6.500846]}},
{"type":"Feature","properties":{"id":"node/10975228878","name":"Ugbodo","name_en":null,"name_yo":null,"place":"town","landuse":null,"population":null,"is_in":null,"source":null,"adm0_pcode":"NGA","adm0_name":"Nigeria","adm1_pcode":"NG011","adm1_name":"Ebonyi","adm2_pcode":"NG011004","adm2_name":"Ebonyi","adm3_pcode":null,"adm3_name":null,"adm4_pcode":null,"adm4_name":null,"name_latin":"Ugbodo"},"geometry":{"type":"Point","coordinates":[8.1347288,6.5080372]}},
{"type":"Feature","properties":{"id":"node/501526986","name":"Ndi Buloffia","name_en":null,"name_yo":null,"place":"village","landuse":null,"population":null,"is_in":null,"source":null,"adm0_pcode":"NGA","adm0_name":"Nigeria","adm1_pcode":"NG011","adm1_name":"Ebonyi","adm2_pcode":"NG011010","adm2_name":"Izzi","adm3_pcode":null,"adm3_name":null,"adm4_pcode":null,"adm4_name":null,"name_latin":"Ndi Buloffia"},"geometry":{"type":"Point","coordinates":[8.194771,6.510469]}},
{"type":"Feature","properties":{"id":"node/501494665","name":"Indinwikwe","name_en":null,"name_yo":null,"place":"village","landuse":null,"population":null,"is_in":null,"source":null,"adm0_pcode":"NGA","adm0_name":"Nigeria","adm1_pcode":"NG011","adm1_name":"Ebonyi","adm2_pcode":"NG011010","adm2_name":"Izzi","adm3_pcode":null,"adm3_name":null,"adm4_pcode":null,"adm4_name":null,"name_latin":"Indinwikwe"},"geometry":{"type":"Point","coordinates":[8.316667,6.516667]}},
{"type":"Feature","properties":{"id":"node/2181376843","name":"Ndingele","name_en":null,"name_yo":null,"place":"village","landuse":null,"population":null,"is_in":null,"source":null,"adm0_pcode":"NGA","adm0_name":"Nigeria","adm1_pcode":"NG011","adm1_name":"Ebonyi","adm2_pcode":"NG011010","adm2_name":"Izzi","adm3_pcode":null,"adm3_name":null,"adm4_pcode":null,"adm4_name":null,"name_latin":"Ndingele"},"geometry":{"type":"Point","coordinates":[8.3475167,6.517603]}}
]}